source_file,course_code,course_name,section,extracted_text
Copy of FTK121 Aljabar Linear.pdf,FTK121,Aljabar Linear,course_description,"this course provides an understanding of applying mathematics on linier algebra and matrix. the topic is a broad topic covering many different subjects. the course of linier algebra and matrix offered ie, matrices and system of equation, determinants matrix, vector space, linear transformation, or thogonality, eigenvalues, and numerical linear algebra. this course give a basic or fundamental for student in theory and practice about liner algebra and matrix for information systems."
Copy of FTK121 Aljabar Linear.pdf,FTK121,Aljabar Linear,course_objectives,"upon completion of this course, the student should be able to (cid 136) demonstrate understanding of matrices and system linier of equation ; (cid 136) demonstrate understanding of determinants matrices ; (cid 136) demonstrate understanding of vector space ; (cid 136) demonstrate understanding of linear transformation ; (cid 136) demonstrate understanding of orthogonality and eigen value."
Copy of FTK121 Aljabar Linear.pdf,FTK121,Aljabar Linear,methods_instruction,"virtual classroom instruction consists of lectures and practical problem solving, supplemented by visual aids designed to assist the student to successfully meet the course’s learning objectives and the interactive discussions in virtual classroom through academic portal bakrie information gateway v it is imperative that students take an active interest in the course. to succeed in this course, students must read, think, and write in a critical and analytical manner and this takes time and practice. such practice can only be achieved by working exercises. when troubles arise, and they will, the student must ask questions which may be directed to the instructor or other students in a variety of ways. students are also encouraged to work together on problem sets as part of their exercises. however, individual must ultimately demonstrate the understanding of the material by writing up his/her own solutions without the help of other students or their written work. on average students need to spend, at least, 6 hours of study and preparation per week for this course. f ppkr1 syllabus ftk121 (rencana pembelajaran semester)"
Copy of FTK121 Aljabar Linear.pdf,FTK121,Aljabar Linear,course_outline,"session topics & sub topics methods references assignment system of linear equations and matrices (1) (a) systems of linear equations (b) gaussian elimination (c) matrices and matrix operations (d) inverses; algebraic properties of met 1 lecture, discussion (1) chapter 1 – rices (e) elementary matrices and method for −1 finding a (f) more on linear systems and invertible matrices system of linear equations and matrices (2) (a) diagonal, triangular, and symmetric matrices 2 lecture, discussion (1) chapter 1 – (b) matrix transformations (c) application for linear systems (d) leontief input output models determinant (1) 3 (a) determinants by cofactor expansion lecture, discussion (1) chapter 2 – (b) evaluating determinants by row re duction determinant (2) 4 lecture, discussion (1) chapter 2 – (a) properties of determinants; cramer’s rule vector and space (1) (a) vectors in 2 space, 3 space and n space 5 lecture, discussion (1) chapter 3 – (b) norm, dot product, and distance in n r (c) the geometry of linear systems (d) cross product f ppkr1 syllabus ftk121 (rencana pembelajaran semester) vector and space (2) (a) real vector spaces (b) subspaces (c) linear independence (d) coordinates and basis (e) dimension (f) change of basis 6 (g) row space, column space and null lecture, discussion (1) chapter 4 – space (h) rank, nullity, and the fundamental matrix spaces (i) basic matrix transformations in r2 and r3 (j) properties of matrix transformations (k) application geometry of matrix op erators on r2 review topics from session 1 to 7 (a) system of linear equations and ma trices (1) (b) system of linear equations and ma 7 trices (2) lecture, discussion (1) chapter 1 to 4 – (c) determinant (1) (d) determinant (2) (e) vector and spaces (1) (f) vector and spaces (2) mid semester test orthogonality (1) n (a) the scalar product in r 8 lecture, discussion (2) chapter 5 – (b) orthogonal subspaces (c) least square problems (d) inner product spaces orthogonality (2) (a) orthonormal sets 9 lecture, discussion (2) chapter 5 – (b) the gram schmidt orthogonalization process (c) orthogonal polynomials eigenvalues (1) (a) eigenvalues and eigenvectors 10 lecture, discussion (2) chapter 6 – (b) systems of linear differential equa tions (c) diagonalization eigenvalues (2) (a) hermitian matrices 11 lecture, discussion (2) chapter 6 – (b) the singular value decomposition (c) quadratic forms eigenvalues (3) (a) positive definite matrices 12 lecture, discussion (2) chapter 6 – (b) nonnegative matrices (c) applications differential equations numerical linear algebra (1) (a) floating point numbers (b) gaussian elimination 13 lecture, discussion (2) chapter 7 – (c) pivoting strategies (d) matrix norms and condition numbers (e) orthogonal transformations (f) the eigenvalue problem numerical linear algebra (2) and review topics from session 8 to 14 (a) least squares problems (b) orthogonality (1) quiz in virtual 14 lecture, discussion (2) chapter 5 to 7 (c) orthogonality (2) class (d) eigenvalues (1) (e) eigenvalues (2) (f) eigenvalues (3) (g) numerical linear algebra final semester test f ppkr1"
Copy of TIF101 Sirkuit Elektronik.pdf,TIF101,Sirkuit Elektronik,course_description,"this course provides a complete and straightforward coverage of the basics of electrical component and circuits. fundamental circuit laws and analysis methods are discussed in a variety of basic circuits. major topics included are ohm’s law, kirchhoff’s laws, magnetism and electromagnetism, reactance, impedance, resonance, and passive filters"
Copy of TIF101 Sirkuit Elektronik.pdf,TIF101,Sirkuit Elektronik,course_objectives,"show list of course objectives. the list usually consists of five or six statements, general but comprehensive. the list may include specific skills or techniques students are expected to master after completing the course."
Copy of TIF101 Sirkuit Elektronik.pdf,TIF101,Sirkuit Elektronik,methods_instruction,"understand the basic concepts of electric circuits, power and energy. apply the rules of parallel and series resistors and source superposition to simplify or solve resistive circuits.  solve resistive circuits using the nodal and mesh methods. understand the function of dependent sources and solve simple circuits with dependent sources. understand the physical laws governing capacitors and inductors. understand the meaning of the time constant; calculate the time constant of a rc or rl circuit.  obtain the circuit forced response to constant inputs. obtain the circuit solution to multiple switching operations. understand the natural response of rlc circuits and the distinction between over damped, critically damped and under damped responses.  understand the concept of sinusoidal steady state, phasor, and impedance. solve a circuit in the sinusoidal steady state and find the voltage and current phasors.  understand the passive filter use various combinations of resistors, capacitors, and inductors."
Copy of TIF101 Sirkuit Elektronik.pdf,TIF101,Sirkuit Elektronik,course_outline,"this section should show topics, sub topics, specific method of instruction/ delivery and material references. session topic & sub topics methods of delivery material references 1 voltage, current, and resistance [# chapter 2 page 20 ] [# chapter 2 page 20 ] 2 ohm’s law 3 energy and power [# chapter 4 page 100 ] series circuits [# chapter 5 page 122 ] 4 parallel circuits [# chapter 6 page 178 ] 5 series parallel circuits [# chapter 7 page 231 ] 6 magnetism and electromagnetism [# chapter 10 page 376 ] 7 middle semester test introduction to alternating current [#chapter 11 page 420 ] 8 and voltage capacitors [#chapter 12 page 484 ] 9 inductors [#chapter 13 page 544 ] 10 rc circuits [#chapter 15 page 623 ] 11 rl circuits [#chapter 16 page 701 ] 12 rlc circuits and resonance [#chapter 17 page 751 ] 13 passive filters [#chapter 18 page 803 ] 14 final semester test syllabus tif101 hal. 3/6 i. textbook and others required materials principles of electric circuit conventional current version, ninth edition. thomas l. floyd prentice hall, upper saddle river, new jersey. ii. objectives upon completion of the course the student should be able to  understand the basic concepts of electric circuits, power and energy. apply the rules of parallel and series resistors and source superposition to simplify or solve resistive circuits.  solve resistive circuits using the nodal and mesh methods. understand the function of dependent sources and solve simple circuits with dependent sources. understand the physical laws governing capacitors and inductors. understand the meaning of the time constant; calculate the time constant of a rc or rl circuit.  obtain the circuit forced response to constant inputs. obtain the circuit solution to multiple switching operations. understand the natural response of rlc circuits and the distinction between over damped, critically damped and under damped responses.  understand the concept of sinusoidal steady state, phasor, and impedance. solve a circuit in the sinusoidal steady state and find the voltage and current phasors.  understand the passive filter use various combinations of resistors, capacitors, and inductors. iii. methods of instructions classroom instruction consists of lectures and practical problem solving, supplemented by visual aids designed to assist the student to successfully meet the course’s learning objectives. iv. attendance procedure comply with academic rules. v. methods of evaluation mid test 30% final test 40% others 30% syllabus tif101 hal. 4/6 vi. course outline week topic voltage, current, and resistance i  atomic structure  electrical charge  voltage, current, and resistance  the electric circuit and measurement  electrical safety ohm’s law ii  the relationship of current, voltage, and resistance  current, voltage, and resistance calculations  introduction to troubleshooting energy and power iii  energy and power  power in an electric circuit  resistor power ratings  energy conversion and voltage drop in resistance  power supplies and batteries series circuits iv  resistors in series  total series resistance  current in a series circuit  application of ohm's law  voltage sources in series  kirchhoff's voltage law  voltage dividers  power in series circuits  voltage measurements  troubleshooting home work week topic ref. assignment problem 6, 7, voltage, current, and chapter 2 8, 9, 10, 14, i resistance page 20 19, 24, 35, 37 problem 5,7, chapter 3 8, 9, 11, 17, ii ohm’s law page 75 18, 27, 33, 38 iii energy and power chapter 4 problem 11, syllabus tif101 hal. 5/6 page 100 12, 13,14, 19, 23, 28, 30, 35, 37 problem 3, chapter 5 12, 16, 29, iv series circuits page 122 33, 35, 37, 44, 47, 51 problem 2, 7, chapter 6 12, 19, 25, v parallel circuits page 178 33, 35, 42, 43, 45 problem 3, 6, chapter 7 11, 15, 27, vi series parallel circuits page 231 30, 35, 41, 48, 51 problem 2, 4, magnetism and chapter 10 6, 8, 9, 11, vii electromagnetism page 376 15, 18, 25, 29 mid semester test problem 3, 7, introduction to alternating chapter 11 10, 15, 21, viii current and voltage page 420 24, 29, 33, 35, 39 problem 1, 5, chapter 12 10, 14, 21, ix capacitors page 484 26, 31, 38, 43, 44 problem 3, 4, chapter 13 6, 8, 11, 14, x inductors page 544 21, 22, 33, 34 problem 19, chapter 15 23, 26, 28, xi rc circuits page 623 37, 43, 45, 49, 53, 61 problem 1, 3, chapter 16 8, 9, 17, 21, xii rl circuits page 701 29, 34, 39, 43 problem 2, 5, chapter 17 8, 13, 17, 19, xiii rlc circuits and resonance page 751 25, 26, 32, 39 problem 1, 2, chapter 18 3, 4, 5, 14, xiv passive filters page 803 18, 19, 22, 27 final semester test syllabus tif101 hal. 6/6"
Copy of FTK111 Kalkulus 1.pdf,FTK111,Kalkulus 1,course_description,"mata kuliah ini dimaksudkan untuk memberi kemampuan pada mahasiswa tentang konsep – konsep matematika mengenai limit fungsi, kekontinuan turunan, fungsi transenden , integral tentu dan tak tentu, definisi, sifat sifat dan teorema terkait beserta aplikasinya serta mampu menerapkannya dalam penyelesaian soal. materi perkuliahan meliputi limit fungsi dan kekontinuan; definisi, sifat sifat dan rumus – rumus turunan beserta aplikasinya; definisi dan sifat – sifat fungsi transenden beserta aplikasinya; definisi, sifat sifat, rumus – rumus integral tak tentu dan integral tentu."
Copy of FTK111 Kalkulus 1.pdf,FTK111,Kalkulus 1,methods_instruction,"/metode pembelajaran instruksi kelas online terdiri dari ceramah dan pemecahan masalah praktis, dilengkapi dengan alat bantu visual yang dirancang untuk membantu siswa untuk berhasil memenuhi tujuan program pembelajaran."
Copy of FTK111 Kalkulus 1.pdf,FTK111,Kalkulus 1,course_outline,"targeted session topic & sub topics & duration material references assessment indicators competencies (sesi) (materi pembelajaran) (bentuk & durasi (sumber pembelajaran) (indikator penilaian) (kemampuan akhir) pembelajaran) william l. briggs, lyle cochran. calculus 3rd ed. pearson. 2011 george b. thomas, maurice d. weir, joel r. mahasiswa mampu hass; thomas’ calculus 12th memahami dan ed.; pearson education, mahasiswa mampu memahami memecahkan masalah topic introduction inc., 2010 dan memecahkan masalah pada pada materi materi specific sub topics materi – 100 menit b. h. anton, i. c. bivens, fungsi fungsi 1 fungsi diskusi kasus – 30 menit and s. davis. calculus late a. penjelasan  penjelasan fungsi a. penjelasan fungsi tugas 20 menit transcendentals. john fungsi  menggunakan fungsi b. menggunakan fungsi wiley & sons, inc., 8th ed., b. menggunakan  2010 fungsi schaums outline of theory and problems of differential and integral calculus third edition, frank ayres, jr, ph.d. and elliott mendelson, ph.d. james, stewart. single variable calculus early transcendentals. 2020 william l. briggs, lyle cochran. calculus 3rd ed. pearson. 2011 george b. thomas, maurice d. weir, joel r. hass; thomas’ calculus 12th mahasiswa mampu ed.; pearson education, memahami dan mahasiswa mampu memahami topic sight distance inc., 2010 memecahkan masalah dan memecahkan masalah pada specific sub topics b. h. anton, i. c. bivens, materi – 100 menit pada materi materi 2 fungsi diskusi kasus – 30 menit and s. davis. calculus late fungsi fungsi fungsi trigonometri tugas 20 menit transcendentals. john a. fungsi c. fungsi trigonometri review exercises wiley & sons, inc., 8th ed., trigonometri d. review exercises 2010 b. review exercises schaums outline of theory and problems of differential and integral calculus third edition, frank ayres, jr, ph.d. and elliott mendelson, ph.d. james, stewart. single variable calculus early transcendentals. 2020 william l. briggs, lyle cochran. calculus 3rd ed. pearson. 2011 george b. thomas, mahasiswa mampu maurice d. weir, joel r. memahami dan topic horizontal alignment mahasiswa mampu memahami memecahkan masalah hass; thomas’ calculus 12th specific sub topics dan memecahkan masalah pada pada materi ed.; pearson education, limit materi limit materi – 100 menit inc., 2010 limit a. gambaran tentang a. gambaran 3 diskusi kasus – 30 menit b. h. anton, i. c. bivens, d. gambaran tentang limit limit tentang limit tugas 20 menit and s. davis. calculus late e. definisi limit b. definisi limit b. definisi limit transcendentals. john f. teknik menghitung nilai c. teknik menghitung c. teknik wiley & sons, inc., 8th ed., limit nilai limit menghitung nilai 2010 limit schaums outline of theory and problems of differential and integral calculus third edition, frank ayres, jr, ph.d. and elliott mendelson, ph.d. james, stewart. single variable calculus early transcendentals. 2020 william l. briggs, lyle cochran. calculus 3rd ed. pearson. 2011 george b. thomas, maurice d. weir, joel r. mahasiswa mampu hass; thomas’ calculus 12th mahasiswa mampu memahami topic horizontal alignment memahami dan ed.; pearson education, dan memecahkan masalah pada memecahkan masalah specific sub topics materi inc., 2010 materi – 100 menit pada materi limit limit 4 diskusi kasus – 30 menit b. h. anton, i. c. bivens, limit a. ketidaktentuan pada c. ketidaktentuan pada tugas 20 menit and s. davis. calculus late a. ketidaktentuan limit limit transcendentals. john pada limit b. limit tak hingga d. limit tak hingga wiley & sons, inc., 8th ed., b. limit tak hingga 2010 schaums outline of theory and problems of differential and integral calculus third edition, frank ayres, jr, ph.d. and elliott mendelson, ph.d. james, stewart. single variable calculus early transcendentals. 2020 william l. briggs, lyle cochran. calculus 3rd ed. pearson. 2011 george b. thomas, mahasiswa mampu maurice d. weir, joel r. topic horizontal alignment memahami dan mahasiswa mampu memahami hass; thomas’ calculus 12th memecahkan masalah specific sub topics dan memecahkan masalah pada ed.; pearson education, pada materi materi inc., 2010 limit materi – 100 menit limit limit 5 a. kontinuitas diskusi kasus – 30 menit b. h. anton, i. c. bivens, d. kontinuitas a. kontinuitas tugas 20 menit and s. davis. calculus late b. precise e. precise definitions of b. precise definitions of transcendentals. john definitions of limits limits wiley & sons, inc., 8th ed., limits f. review exercises c. review exercises 2010 c. review exercises schaums outline of theory and problems of differential and integral calculus third edition, frank ayres, jr, ph.d. and elliott mendelson, ph.d. james, stewart. single variable calculus early transcendentals. 2020 william l. briggs, lyle cochran. calculus 3rd ed. pearson. 2011 mahasiswa mampu topic horizontal alignment george b. thomas, memahami dan mahasiswa mampu memahami memecahkan masalah specific sub topics maurice d. weir, joel r. dan memecahkan masalah pada pada materi turunan hass; thomas’ calculus 12th materi turunan turunan a. pengenalan terhadap ed.; pearson education, a. pengenalan d. pengenalan terhadap turunan inc., 2010 materi – 100 menit terhadap turunan 6 b. aturan aturan pada diskusi kasus – 30 menit b. h. anton, i. c. bivens, turunan e. aturan aturan pada turunan tugas 20 menit and s. davis. calculus late b. aturan aturan turunan c. peraturan hasil dan transcendentals. john pada turunan f. peraturan hasil dan pembagian wiley & sons, inc., 8th ed., c. peraturan hasil pembagian 2010 dan pembagian schaums outline of theory and problems of differential and integral calculus third edition, frank ayres, jr, ph.d. and elliott mendelson, ph.d. james, stewart. single variable calculus early transcendentals. 2020 william l. briggs, lyle cochran. calculus 3rd ed. pearson. 2011 george b. thomas, mahasiswa mampu topic horizontal alignment mahasiswa mampu memahami maurice d. weir, joel r. memahami dan specific sub topics dan memecahkan masalah pada memecahkan masalah hass; thomas’ calculus 12th turunan materi pada materi ed.; pearson education, turunan a. turunan fungsi turunan inc., 2010 materi – 100 menit d. turunan fungsi trigonometri a. turunan fungsi 7 diskusi kasus – 30 menit b. h. anton, i. c. bivens, trigonometri b. turunan sebagai nilai trigonometri tugas 20 menit and s. davis. calculus late e. turunan sebagai nilai peubah b. turunan sebagai transcendentals. john peubah c. aturan rantai nilai peubah wiley & sons, inc., 8th ed., f. aturan rantai c. aturan rantai 2010 schaums outline of theory and problems of differential and integral calculus third edition, frank ayres, jr, ph.d. and elliott mendelson, ph.d. james, stewart. single variable calculus early transcendentals. 2020 mid semester examination william l. briggs, lyle cochran. calculus 3rd ed. mahasiswa mampu pearson. 2011 memahami dan mahasiswa mampu memahami topic horizontal alignment george b. thomas, memecahkan masalah dan memecahkan masalah pada specific sub topics maurice d. weir, joel r. pada materi materi turunan hass; thomas’ calculus 12th materi – 100 menit turunan turunan 8 implicit differentiation diskusi kasus – 30 menit ed.; pearson education, a. implicit d. implicit differentiation related rates tugas 20 menit inc., 2010 differentiation e. related rates review exercises b. h. anton, i. c. bivens, b. related rates f. review exercises and s. davis. calculus late c. review exercises transcendentals. john wiley & sons, inc., 8th ed., 2010 schaums outline of theory and problems of differential and integral calculus third edition, frank ayres, jr, ph.d. and elliott mendelson, ph.d. james, stewart. single variable calculus early transcendentals. 2020 william l. briggs, lyle cochran. calculus 3rd ed. pearson. 2011 george b. thomas, mahasiswa mampu maurice d. weir, joel r. memahami dan hass; thomas’ calculus 12th memecahkan masalah topic vertical alignment mahasiswa mampu memahami ed.; pearson education, pada materi specific sub topics dan memecahkan masalah pada inc., 2010 penerapan fungsi penerapan fungsi turunan materi b. h. anton, i. c. bivens, turunan materi – 100 menit penerapan fungsi turunan nilai minimum dan 9 a. nilai minimum diskusi kasus – 30 menit and s. davis. calculus late a. nilai minimum dan maksimum tugas 20 menit transcendentals. john dan maksimum maksimum what derivatives tell wiley & sons, inc., 8th ed., b. what b. what derivatives tell us us 2010 derivatives tell c. fungsi grafis fungsi grafis schaums outline of us theory and problems of c. fungsi grafis differential and integral calculus third edition, frank ayres, jr, ph.d. and elliott mendelson, ph.d. james, stewart. single variable calculus early transcendentals. 2020 william l. briggs, lyle cochran. calculus 3rd ed. pearson. 2011 mahasiswa mampu george b. thomas, memahami dan maurice d. weir, joel r. memecahkan masalah hass; thomas’ calculus 12th mahasiswa mampu memahami pada materi topic vertical alignment ed.; pearson education, dan memecahkan masalah pada penerapan fungsi specific sub topics inc., 2010 materi penerapan fungsi turunan turunan materi – 100 menit b. h. anton, i. c. bivens, penerapan fungsi turunan 10 a. masalah masalah optimasi diskusi kasus – 30 menit and s. davis. calculus late a. masalah optimasi optimasi pendekatan linier dan tugas 20 menit transcendentals. john b. pendekatan linier dan diferensial wiley & sons, inc., 8th ed., b. pendekatan diferensial linier dan teori nilai mutlak 2010 c. teori nilai mutlak schaums outline of diferensial theory and problems of c. teori nilai differential and integral mutlak calculus third edition, frank ayres, jr, ph.d. and elliott mendelson, ph.d. james, stewart. single variable calculus early transcendentals. 2020 william l. briggs, lyle cochran. calculus 3rd ed. pearson. 2011 george b. thomas, maurice d. weir, joel r. mahasiswa mampu topic vertical alignment hass; thomas’ calculus 12th memahami dan specific sub topics mahasiswa mampu memahami memecahkan masalah ed.; pearson education, dan memecahkan masalah pada mahasiswa mampu memahami pada materi materi dan memecahkan masalah pada inc., 2010 materi – 100 menit penerapan fungsi penerapan fungsi turunan materi 11 diskusi kasus – 30 menit b. h. anton, i. c. bivens, turunan penerapan fungsi turunan a. dalil l’hopital’s tugas 20 menit and s. davis. calculus late a. dalil l’hopital’s a. dalil l’hopital’s b. anti derivatif transcendentals. john b. anti derivatif b. anti derivatif c. review exercises wiley & sons, inc., 8th ed., c. review exercises review exercises 2010 schaums outline of theory and problems of differential and integral calculus third edition, frank ayres, jr, ph.d. and elliott mendelson, ph.d. james, stewart. single variable calculus early transcendentals. 2020 william l. briggs, lyle cochran. calculus 3rd ed. pearson. 2011 george b. thomas, mahasiswa mampu maurice d. weir, joel r. memahami dan hass; thomas’ calculus 12th mahasiswa mampu memahami memecahkan masalah topic vertical alignment ed.; pearson education, dan memecahkan masalah pada pada materi specific sub topics materi inc., 2010 integrasi integrasi integrasi b. h. anton, i. c. bivens, a. menghitung materi – 100 menit a. menghitung luas area a. menghitung luas area 12 diskusi kasus – 30 menit and s. davis. calculus late luas area dibawah kurva dibawah kurva tugas 20 menit transcendentals. john dibawah kurva b. integral tertentu b. integral tertentu wiley & sons, inc., 8th ed., b. integral tertentu teorema fundamental c. teorema fundamental 2010 c. teorema kalkulus kalkulus schaums outline of fundamental theory and problems of kalkulus differential and integral calculus third edition, frank ayres, jr, ph.d. and elliott mendelson, ph.d. james, stewart. single variable calculus early transcendentals. 2020 william l. briggs, lyle cochran. calculus 3rd ed. pearson. 2011 george b. thomas, maurice d. weir, joel r. hass; thomas’ calculus 12th ed.; pearson education, inc., 2010 mahasiswa mampu b. h. anton, i. c. bivens, memahami dan mahasiswa mampu memahami memecahkan masalah and s. davis. calculus late dan memecahkan masalah pada integrasi pada materi materi materi – 100 menit transcendentals. john a. menggunakan integral integrasi integrasi 13 diskusi kasus – 30 menit wiley & sons, inc., 8th ed., a. menggunakan b. aturan subtitusi a. menggunakan integral tugas 20 menit 2010 review exercises integral b. aturan subtitusi schaums outline of b. aturan subtitusi c. review exercises theory and problems of c. review exercises differential and integral calculus third edition, frank ayres, jr, ph.d. and elliott mendelson, ph.d. james, stewart. single variable calculus early transcendentals. 2020 william l. briggs, lyle cochran. calculus 3rd ed. pearson. 2011 george b. thomas, maurice d. weir, joel r. hass; thomas’ calculus 12th ed.; pearson education, inc., 2010 b. h. anton, i. c. bivens, and s. davis. calculus late materi – 100 menit transcendentals. john 14 review all topics review diskusi kasus – 30 menit wiley & sons, inc., 8th ed., all indicators tugas 20 menit 2010 schaums outline of theory and problems of differential and integral calculus third edition, frank ayres, jr, ph.d. and elliott mendelson, ph.d. james, stewart. single variable calculus early transcendentals. 2020 final examination"
Copy of TIF107 Pengantar Teknologi Informasi.pdf,TIF107,Pengantar Teknologi Informasi,course_description,"this course is aimed to give students the fundamental understanding about information technology. the introduction started from the history of information technology developments, hardware, software, usage and implementations, related issues and trend & innovation in information technology."
Copy of TIF107 Pengantar Teknologi Informasi.pdf,TIF107,Pengantar Teknologi Informasi,course_objectives," demonstrate understanding of the fundamental aspect of hardware, software and how the systems formed.  demonstrate understanding the usage of computers and application programs to benefit of human being.  demonstrate competency in the fundamentals of algorithm, programming, and problem solving.  demonstrate competency in the usage of networks, internet, web and its security  demonstrate understanding of issues and future development related to information technology."
Copy of TIF107 Pengantar Teknologi Informasi.pdf,TIF107,Pengantar Teknologi Informasi,methods_instruction,class review questions to be completed in the class or as homework. class review questions. these include short answers (s.a.) and case study (c.s.) to provide feedback of the students’ understanding topic by topic. mid test and final test. these written tests will evaluate the students’ level of knowledge and skills on this course.
Copy of TIF107 Pengantar Teknologi Informasi.pdf,TIF107,Pengantar Teknologi Informasi,course_outline,"this section should show topics, sub topics, specific method of instruction/ delivery and material references. session topic & sub topics methods of delivery material references [1], chapter 1 1 introducing today’s technologies connecting and communicating [1], chapter 2 2 online [1], chapter 3 3 computer and mobile devices programs and apps [1], chapter 4 4 digital security, ethics, and privacy [1], chapter 5 5 computing components [1], chapter 6 6 input and output [1], chapter 7 7 middle semester test digital storage [1], chapter 8 8 operating systems [1], chapter 9 9 syllabus hal. 3/3 session topic & sub topics methods of delivery material references communicating digital content [1], chapter 10 10 building solutions database [1], chapter 11 11 building solutions system, and [1], chapter 11 12 application development tools working in the enterprise [1], chapter 12 13 review 14 final semester test dipersiapkan oleh (prepared by ) disahkan oleh (certified by) nama (name) nama (name) jabatan (position) iwan adhicandra jabatan (position) [ketua program studi] tanggal (date) tanggal (date)"
Copy of UNI104 English for Academic Purposes 1.pdf,UNI104,English for Academic Purposes 1,course_description,"english for academic purposes 1 is designed for university level, the guided practice necessary to develop sentence patterns of written english in their simple and expanded forms and in the major transformations of those forms. the approach of eap 1 course is practical, emphasizing that writing skills are essential for career advancement and that writing is a vital part of many jobs. each unit has various topics focusing to more academic writing styles. the topics introduced sequentially, moving from the fundamentals of writing (paragraphing, sentence structure) to shorter assignments (business letter) to more complex forms of academic writing (quotations, paraphrasing, summarizing, and journalism)."
Copy of UNI104 English for Academic Purposes 1.pdf,UNI104,English for Academic Purposes 1,methods_instruction,/metode pembelajaran this courses will be conducted by general teaching (gt) that combine with a “student centered learning” (scl) method and case study. class will be started with a speaking activity. the course will give more attention on the student learning process by using many discussions on the topic that we provide.
Copy of UNI104 English for Academic Purposes 1.pdf,UNI104,English for Academic Purposes 1,course_outline,"this section should show the targeted competencies, topics, sub topics, specific method of instruction/ delivery, material references, and assessment indicators for each session. session targeted competencies topic & sub topics forms of instruction & material references assessment cpl duration indicators (sesi) (kemampuan akhir) (materi (sumber pembelajaran) (bentuk & durasi pembelajaran) (indikator pembelajaran) penilaian)  able to understand chapter 1 p.1s9 the skills to be p5 achieved through this paragraph structure course personality  able to talking about talking about discussion (in group) 1 personality personality individual work  able to write paragraph paragrafraphs in vocabulary check english  able to check vocabulary able to do skimming skimming and chapter 2 p.10s9 scanning  ku27 and scanning related to discussion (in pair) social problems kk54 current issues individual work 2 school problems role play improving your case study reading skill vocabulary check able to make paragraph chapter 3 p.20s9 development paragraphs with the p5 discussion (in group) 3 the best of correct arrangement individual work ku27 everything islands session targeted competencies topic & sub topics forms of instruction & material references assessment cpl duration indicators (sesi) (kemampuan akhir) (materi (sumber pembelajaran) (bentuk & durasi pembelajaran) (indikator pembelajaran) penilaian) paragraph development vocabulary check 4 able to make writing writing an discussion (in pair) chapter 4 p.28s9 argument  individual work arguments in english p5 gender roles ku27 agree or disagree writing an argument vocabulary check 5 able to quote an article quotations  chapter 5 p.35s9 discussion (in group) success individual work p5 computer ku27 quotations vocabulary check 6 able to identify documenting discussion (in group) chapter 6 p.45s9 sources  individual work document sources p5 travelling ku27 label the map documenting sources vocabulary check 7 presentation s9 p5 ku27 mid semester examination s9 p5 session targeted competencies topic & sub topics forms of instruction & material references assessment cpl duration indicators (sesi) (kemampuan akhir) (materi (sumber pembelajaran) (bentuk & durasi pembelajaran) (indikator pembelajaran) penilaian) ku27 kk54 8 able to paraphrase an paraphrase  discussion (in pair) chapter 9 p.60s9 challenge and individual work article p5 accomplishment ku27 music 103 paraphrasing vocabulary check 9 able to understand summarizing  discussion (in group) chapter 10 p.70s9 excuses and lies individual work summary properly kk54 model of tourism role play ku27 vocabulary check case study 10 able toa make resume, resumes, cvs, cover discussion (in pair) chapter 11 p.81s9 letter individual work cvs, and cover letter p5 employment issues role play kk54 interview letter resumes, cvs, cover letter vocabulary check 11 able to understand the composition  discussion (in pair) chapter 12 p.91s9 government individual work composition of writing p5 spending ku27 examiner & candidate writing a composition vocabulary check 12 able to understand business letter  discussion (in pair) chapter 13 p.99s9 stress individual work session targeted competencies topic & sub topics forms of instruction & material references assessment cpl duration indicators (sesi) (kemampuan akhir) (materi (sumber pembelajaran) (bentuk & durasi pembelajaran) (indikator pembelajaran) penilaian) business letter bali role play p5 business letter case study ku27 vocabulary check 13 able to understand academic and discussion (in group) chapter 14 p.112s9 journalistic writing  individual work academic dan p5 tv program journalistic writing ku27 sinclair electrical services journalism vocabulary check 14 presentation s9 p5 ku27 final examination s9 p5 ku27 kk54 form rancangan tugas mahasiswa (rtm) f ehb 02 universitas bakrie no form f ehb 02 fakultas ftik tgl form 23 feb 2022 program studi information system revform  periode 22231"
Copy of FTK101 Algoritma & Pemrograman.pdf,FTK101,Algoritma & Pemrograman,course_description,this course is aimed to give students knowledge and skills on how to design the logic of computer programming within structural conventions by using algorithms and their practical implementation in the forms of flowcharts
Copy of FTK101 Algoritma & Pemrograman.pdf,FTK101,Algoritma & Pemrograman,course_objectives,"upon completion of the course the student should be able to  this course uses a language independent approach to teach programming concepts and problem solving skills, without assuming any previous programming experience. apply flowcharts to demonstrate competency of problem – solving skills. understand the fundamental topics such as data types, variables, input, output, control structures, modules, functions, arrays, and files are covered as well as object oriented concepts, gui development, and event driven programming."
Copy of FTK101 Algoritma & Pemrograman.pdf,FTK101,Algoritma & Pemrograman,methods_instruction,"classroom instruction consists of lectures and practical problem solving, supplemented by visual aids designed to assist the student to successfully meet the course’s learning objectives."
Copy of FTK101 Algoritma & Pemrograman.pdf,FTK101,Algoritma & Pemrograman,course_outline,"this section should show the targeted competencies, topics, sub topics, specific method of instruction/ delivery, material references, and assessment indicators for each session. session targeted competencies topic & sub topics forms of instruction & duration material references assessment indicators (sesi) (kemampuan akhir) (materi pembelajaran) (bentuk & waktu pembelajaran) (sumber pembelajaran) (indikator penilaian) (a) introduction introduction syllabus and (b) hardware introduction, chapter 1, pp. 1 sap introduction to (c) how computer store 1 lecture, computers and data discussion programming (d) how program works (e) type of software (a) designing a program (b) output, input, and variables (c) variable assignment and calculations lecture, chapter 2, pp. 27 programming (d) variable declarations hands on lab, exercise no. 3, 4 2 input, processing, output and data types discussion, (e) named constants exercise (f) hand tracing a program (g) documenting a program (h) designing your first program (a) introduction to modules (b) defining and calling a lecture, module hands on lab, chapter 3, pp. 103 programming 3 modules (c) local variables discussion, exercise no. 5, 6 exercise (d) passing arguments to modules f ppkr1 syllabus (rencana pembelajaran semester) [kode mata kuliah] pg. 4/6 session targeted competencies topic & sub topics forms of instruction & duration material references assessment indicators (sesi) (kemampuan akhir) (materi pembelajaran) (bentuk & waktu pembelajaran) (sumber pembelajaran) (indikator penilaian) (e) global variables and global constants (a) introduction to decision structures (b) dual alternative decision structures lecture, decision structures, (c) comparing strings 4 hands on lab, chapter 4, pp. 157 programming boolean logic (d) nested decision discussion, exercise no. 1, 3 structures assignment (e) the case structure (f) logical operators (g) boolean variables (h) boolean variables (a) introduction to repetition structures (b) condition controlled loops while, do lecture, repetition structures while, and do until 5 hands on lab, programming (c) count controlled loops discussion, chapter 5, pp. 217 exercise no. 6, 7 and the for statement exercise (d) calculating a running total (e) sentinels (f) nested loops (a) introduction to lecture, functions generating functions random numbers hands on lab, 6 chapter 6, pp. 283 programming (b) writing your own discussion, exercise no. 4, 5 functions assignment (c) more library functions (a) garbage in, garbage out lecture, input validation (b) the input validation 7 hands on lab chapter 7, pp. 333 programming f ppkr1 syllabus (rencana pembelajaran semester) [kode mata kuliah] pg. 5/6 session targeted competencies topic & sub topics forms of instruction & duration material references assessment indicators (sesi) (kemampuan akhir) (materi pembelajaran) (bentuk & waktu pembelajaran) (sumber pembelajaran) (indikator penilaian) loop discussion, review exercise no. 3, 4 (c) defensive programming mid semester examination (a) array basics (b) sequentially searching an array lecture, (c) processing the contents arrays of an array hands on lab, 8 chapter 8, pp. 351 programming (d) parallel arrays discussion, exercise no. 3, 4 (e) two dimensional exercise arrays (f) arrays of three or more dimensions (a) 1 the bubble sort algorithm lecture, (b) the selection sort sorting and searching algorithm hands on lab, 9 chapter 9, pp. 419 programming arrays (c) the insertion sort discussion, exercise no. 1, 2 algorithm exercise (d) the binary search algorithm (a) 1 introduction to file input and output lecture, files (b) using loops to process 10 hands on lab, files chapter 10, pp. 469 programming discussion, (c) using files and arrays exercise no. 3, 4 assignment (d) processing records (e) control break logic (a) 1 introduction to lecture, menu driven programs hands on lab, chapter 11, pp. 543 programming menu driven programs (b) modularizing a menu 11 discussion, exercise no. 2, 3 driven program exercise f ppkr1 syllabus (rencana pembelajaran semester) [kode mata kuliah] pg. 6/6 session targeted competencies topic & sub topics forms of instruction & duration material references assessment indicators (sesi) (kemampuan akhir) (materi pembelajaran) (bentuk & waktu pembelajaran) (sumber pembelajaran) (indikator penilaian) (c) using a loop to repeat the menu (d) multiple level menus (a) introduction lecture, programming 12 text processing (b) character by character hands on lab, chapter 12, pp. 595 exercise no. 3, 4 text processing discussion, assignment (a) procedural and object oriented programming (b) classes (c) using the unified lecture, object oriented modeling language to 13 hands on lab, chapter 14, pp. 649 programming programming design classes discussion, exercise no. 1, 2 (d) finding the classes and assignment their responsibilities in a problem (e) inheritance (f) polymorphism (a) graphical user interfaces lecture, (b) designing the user gui application interface for a gui hands on lab, 14 chapter 15, pp. 715 programming program discussion, exercise no. 2 (c) writing event handlers review (d) designing apps for mobile devices final examination f ppkr1"
Copy of TIF106 Konsep Sistem Informasi.pdf,TIF106,Konsep Sistem Informasi,course_description,"information systems and the strategies for managing them change quickly, but the concepts that guide both often remain timeless. these principles form the backbone of this comprehensive survey of the field, designed for a student’s first course in information systems. by presenting the details and the big picture, this course puts the lessons of managing information systems into an understandable context. the overall principle is that the right information, if it is delivered to the right person, in the right fashion, and at the right time, can improve and ensure organizational effectiveness and efficiency."
Copy of TIF106 Konsep Sistem Informasi.pdf,TIF106,Konsep Sistem Informasi,course_objectives,"this course is aimed to give students the fundamental concepts information systems. the introduction started from the essential of information systems, is infrastructures, is and globalizations, is investments and strategy, e commerce, web 0, business intelligence, enterprise is, is development and acquisition, security and controls, and ethics & crime in is. by the end of this course, students should be able to  demonstrate understanding of the essential concepts of information systems.  demonstrate understanding the benefit of information systems.  demonstrate competency in the applying information systems in organization.  demonstrate competency in the applying information systems in business  demonstrate understanding of issues, development acquisition of information systems.  demonstrate understanding of security and controls in information systems."
Copy of TIF106 Konsep Sistem Informasi.pdf,TIF106,Konsep Sistem Informasi,methods_instruction,"classroom instruction consists of lectures and problem solving, supplemented by visual aids designed to assist the student to successfully meet the course’s learning objectives. syllabus [tif 106] hal. 2/5"
Copy of TIF106 Konsep Sistem Informasi.pdf,TIF106,Konsep Sistem Informasi,course_outline,"syllabus [tif 106] hal. 3/5 session topic & sub topics methods of material assignment delivery references defining information systems a. is defined b. terminology data, [1], facebook.com, information, knowledge, is chapter 1, online map c. is today p.28 services. d. the dual nature of is e. cases is infrastructres a. is hardware infrastructure b. is software infrastructure [2], amazon c. communication and chapter 2, simpledb, collaboration infrastructure p.64 119 wifi in the sky d. data and knowledge infrastructure e. application software is and globalization a. evolution of globalization b. opportunities for operating in the digital world [1], flickr, c. challenges of operating in chapter 3, global payment the digital world p.120 at paypal d. going global international business strategies in the digital world is investments and strategic advantage a. valuing is b. making the business case for [1], netflix, an is chapter 4, linkedin c. valuing innovations p.164 211 d. freeconomics why free products are the future of the digital world electronic commerce [1], a. e commerce defined chapter 5, b. b2b e commerce extranets p.212 crowdsourcing, c. b2e e commerce intranets [2], youtube, d. b2c e commerce chapter 5, . e. c2c e commerce p.198 223 f. emerging topics in e commerce web 0 technologies and google’s [1], business models opensocial api, chapter 6, a. defining web 0 wikipedia. p.258 293 b. empowering individual with syllabus [tif 106] hal. 4/5 session topic & sub topics methods of material assignment delivery references web 0 c. enhancing collaboration with web 0 organizational is and business the netflix intelligence [1], prize, a. business intelligence chapter 7, applications to b. business intelligence p.294 341 make you components smarter. c. information visualization mid semester test enterprise is crm, erp, scm a. enterprise systems b. enterprise resource planning [1], dashboard, c. customer relationship chapter 8, real or fake? management p. 342 389 tech may tell. d. supply chain management e. the formula for enterprise system success. is development and acquisition a. customized versus off the shelf software b. the need for structured systems development open source c. steps in the systems [1], software, development process chapter 9, fbi database to d. other approaches to p. 390 435 expand designing and building systems e. need alternatives to building systems yourself f. common alternatives to in house systems development is security and controls a. is security [1], under attack, b. safeguarding is resources chapter china’s great c. managing is security 10, p. 436 (fire)wall. d. is controls, auditing and the 477 sarbanes oxley act is ethics and computer crime [1], bridging the a. is ethics chapter digital divide, b. computer crime 11, p.478 terrorist invade c. cyber war and cyber 523 gaming. terrorism information and decision [2], enterprise rent support systems chapter 6, a car, syllabus [tif 106] hal. 5/5 session topic & sub topics methods of material assignment delivery references a. decision making and p. 244 289 keiper watch problem solving production. b. overview of mis c. functional aspects of mis d. overview of dss e. components of a dss f. group support systems g. executive support systems knowledge management and specialized information systems a. knowledge management [2], bird & bird systems chapter 7, lawfirm, b. overview of artificial p.292 332, virtual worlds intelligence c. virtual reality d. other specialized systems advanced topics and trends in managing the is infrastructure a. advanced topics in is hardware b. advanced topics in is [1], p.524 software 583 c. advanced topics in networking and collaboration d. advanced topics in database management final semester test ."
Copy of UNI204 English AP2.pdf,UNI204,English AP2,course_description,"english for academic purposes 2 is designed for university level, guided practice needed to develop english sentence patterns. this educational approach is practical, emphasizing that writing skills are essential for career advancement and that writing is an essential part of many jobs."
Copy of UNI204 English AP2.pdf,UNI204,English AP2,methods_instruction,/metode pembelajaran this courses will be conducted by the general teaching (gt) that combine with a “student centered learning” (scl) method. the course will give more attention on the student learning process by using many discussions on the topic and skills that we provide.
Copy of UNI204 English AP2.pdf,UNI204,English AP2,course_outline,"this section should show the targeted competencies, topics, sub topics, specific method of instruction/ delivery, material references, and assessment indicators for each session. teaching session topics skills activity aids individual skill 1 focus on the second line work cd skill 2 choose answers with synonyms pair work handouts students' skill 3 avoid similar sounds pro.check module skill 4 draw conclusions about who, 1 listening what, where skill 5 listen for who and what in passives skill 6 listen for who and what with multiple noun individual skill 1 be sure the sentence has a subject work handouts students' and a verb pair work module skill 2 be sucareful of objects of prepositions pro.check skill 3 be careful od appositives skill 4 be careful of present participles skill 5 be careful of past participles 2 grammar skill 6 use coordinate connectors correctly skill 7 use adverb time and cause connectors correctly skill 8 use other adverb connectors skill 9 use noun clause connectors correctly skill 10 use noun clause connectors/subjects individual skill 1 answer main idea questions work handouts students' correctly pair work module skill 2 recognize the organization of pro.check 3 reading ideas individual skill 3 answer stated detail questions work handouts students' correctly pair work module skill 4 find ""unstated"" details pro.check skill 5 find pronoun referents individual skill 6 answer implied detail questions work handouts students' correctly pair work module skill 7 answer the transition questions pro.check correctly skill 8 find definitions from structural clues skill 9 determine meanings from words parts individual skill 7 listen for negative expressions work cd skill 8 listen for double negative pair work handouts students' expressions pro.check module 4 listening skill 9 listen for almost negative expressions skill 10 listen for negatives with comparatives individual skill 11 use adjective clause connectors work handouts students' correctly pair work module skill 12 use adjective clause pro.check connectors/subjects correctly skill 13 use reduced adjective clause correctly skill 14 use reduced adverb clause correctly 5 grammar skill 15 invert the subject and verb with question words skill 16 invert the subject and verb with place expressions skill 17 invert the subject and verb with negatives skill 18 invert the subject and verb with conditionals individual 6 reading skill 10 use context to determine work handouts students' meanings of difficult words pair work module skill 11 use context to determine pro.check meanings of simple words skill 12 determine where specific information is found skill 13 determine the tone, purpose, or course review exercise (skills 1 13) individual skill 11 listen for expressions of work cd agreement pair work handouts students' skill 12 listen for expresions of pro.checck module 7 listening uncertainty skill 13 listen for emphatic expressions of surprise 8 uts individual skill 19 invert the subject and verb with work handouts students' comparisons pair work module skill 20 make verbs agree after prepositional pro.check phrase skill 21 make verbs agree after expression of quantity 9 grammar skill 22 make inverted verbs agree skill 23 make verb agree after certain words skill 24 use parallel structure with coordinate conjunctions skill 25 use parallel structure with paired conjunctions skill 26 use parallel structure with comparison individual skill 14 listen for wishes work cd 10 listening skill 15 listen for untrue conditions pair work handouts students' skill 16 listen for two and three part pro.check module verbs skill 17 listen for idioms individual skill 27 form comparatives and superlatives work handouts students' correctly pair work module skill 28 use comparatives and superlatives pro.check correctly skill 29 use the irregular er, er structure 11 grammar correctly skill 30 after have, use the past participle skill 31 after be, use the presnt participle or the past participle skill 32 after will, would, or other modals, use the base form of verb skill 33 know when to use the past with present individual skill 18 anticipate the topics work cd skill 19 anticipate the questions pair work handouts students' skill 20 determine the topic pro.check module 12 listening skill 21 draw conclusions about who, what, when, where skill 22 listen for answers in order skill 23 anticipate the topics skill 24 anticipate the questions individual skill 34 use have and had correctly work handouts skill 35 use the correct tense with time students' expressions pair work module skill 36 use the correct tense with will and would pro.check skill 37 use the correct form of the passive 13 grammar skill 38 recognize active and passive meanings skill 39 use the correct singular or plural noun skill 40 distinguish countable and uncountable nouns skill 41 recognize irregular plural of nouns skill 42 distinguish the person from the thing individual skill 43 distinguish subject and object pronouns work handouts 14 grammar skill 44 distinguish possessive adjectives and students' pronouns pair work module skill 45 check pronoun reference and agreement pro.check skill 46 use basic adjectives and adverbs correctly skill 47 use adjectives after linking verbs skill 48 position adjectives and adverbs correctly skill 49 recognize ly adjectives skill 50 use predicate adjectives correctly skill 51 use ed and ing adjectives correctly individual skill 52 use articles with singular nouns work handouts students' skill 53 distinguish a and an pair work module skill 54 make articles agree with nouns pro.check skill 55 distinguish specific and general ideas 15 grammar skill 56 recognize incorrect preposition skill 57 recognize when prepositions have been omitted skill 58 distinguish make and do skill 59 distinguish like, alike, unlike and dislike skill 60 distinguish other, another, and others 16 uas form rancangan tugas mahasiswa (rtm) f ehb 02 universitas bakrie no form f ehb 02 fakultas ftik tgl form 23 feb 2022 program studi information system revform  periode 20211"
Copy of FTK211 Kalkulus 2.pdf,FTK211,Kalkulus 2,course_description,"mata kuliah ini akan mencakup kalkulus variabel tunggal konsep aplikasi integrasi; fungsi logaritma dan eksponensial; teknik integrasi; urutan dan seri tak terbatas, dan seri power."
Copy of FTK211 Kalkulus 2.pdf,FTK211,Kalkulus 2,methods_instruction,"/metode pembelajaran instruksi kelas online terdiri dari ceramah dan pemecahan masalah praktis, dilengkapi dengan alat bantu visual yang dirancang untuk membantu siswa untuk berhasil memenuhi tujuan program pembelajaran."
Copy of FTK211 Kalkulus 2.pdf,FTK211,Kalkulus 2,course_outline,"targeted session topic & sub topics & duration material references assessment indicators competencies (sesi) (materi pembelajaran) (bentuk & durasi (sumber pembelajaran) (indikator penilaian) (kemampuan akhir) pembelajaran) william l. briggs, lyle cochran. calculus 3rd ed. pearson. 2011 george b. thomas, mahasiswa mampu maurice d. weir, joel r. memahami dan memecahkan masalah hass; thomas’ calculus 12th topic introduction pada materi ed.; pearson education, mahasiswa mampu memahami specific sub topics applications of dan memecahkan masalah pada inc., 2010 applications of integrations integrations materi a. velocity and net materi – 100 menit b. h. anton, i. c. bivens, applications of integrations a. velocity and net 1 diskusi kasus – 30 menit and s. davis. calculus late change a. velocity and net change change tugas 20 menit transcendentals. john b. regions between b. regions between curves b. regions between wiley & sons, inc., 8th ed., curves c. volume by slicing 2010 curves c. volume by slicing schaums outline of c. volume by theory and problems of slicing differential and integral calculus third edition, frank ayres, jr, ph.d. and elliott mendelson, ph.d. james, stewart. single variable calculus early transcendentals. 2020 william l. briggs, lyle cochran. calculus 3rd ed. pearson. 2011 george b. thomas, maurice d. weir, joel r. mahasiswa mampu hass; thomas’ calculus 12th memahami dan ed.; pearson education, mahasiswa mampu memahami memecahkan masalah topic sight distance dan memecahkan masalah pada inc., 2010 pada materi specific sub topics materi applications of b. h. anton, i. c. bivens, materi – 100 menit applications of integrations applications of integrations 2 integrations diskusi kasus – 30 menit and s. davis. calculus late volume by shells a. volume by shells a. volume by shells tugas 20 menit transcendentals. john length of curves b. length of curves wiley & sons, inc., 8th ed., b. length of curves physical applications 2010 c. physical applications c. physical schaums outline of applications theory and problems of differential and integral calculus third edition, frank ayres, jr, ph.d. and elliott mendelson, ph.d. james, stewart. single variable calculus early transcendentals. 2020 william l. briggs, lyle cochran. calculus 3rd ed. pearson. 2011 mahasiswa mampu memahami dan george b. thomas, memecahkan masalah maurice d. weir, joel r. mahasiswa mampu memahami topic horizontal alignment pada materi hass; thomas’ calculus 12th dan memecahkan masalah pada specific sub topics logarithmic and materi ed.; pearson education, logarithmic and exponential exponential logarithmic and exponential materi – 100 menit inc., 2010 functions functions functions 3 diskusi kasus – 30 menit b. h. anton, i. c. bivens, a. inverse functions a. inverse a. inverse functions tugas 20 menit and s. davis. calculus late b. the natural functions b. the natural logarithmic transcendentals. john logarithmic and b. the natural and exponential wiley & sons, inc., 8th ed., exponential functions logarithmic and functions 2010 exponential schaums outline of functions theory and problems of differential and integral calculus third edition, frank ayres, jr, ph.d. and elliott mendelson, ph.d. james, stewart. single variable calculus early transcendentals. 2020 william l. briggs, lyle cochran. calculus 3rd ed. mahasiswa mampu pearson. 2011 memahami dan george b. thomas, memecahkan masalah maurice d. weir, joel r. mahasiswa mampu memahami topic horizontal alignment pada materi dan memecahkan masalah pada hass; thomas’ calculus 12th specific sub topics logarithmic and materi ed.; pearson education, logarithmic and exponential exponential logarithmic and exponential inc., 2010 materi – 100 menit functions functions functions 4 diskusi kasus – 30 menit b. h. anton, i. c. bivens, a. logarithmic and a. logarithmic and c. logarithmic and tugas 20 menit and s. davis. calculus late exponential functions exponential exponential functions transcendentals. john with other bases functions with with other bases wiley & sons, inc., 8th ed., b. exponential models other bases 2010 d. exponential models b. exponential schaums outline of theory and problems of models differential and integral calculus third edition, frank ayres, jr, ph.d. and elliott mendelson, ph.d. james, stewart. single variable calculus early transcendentals. 2020 william l. briggs, lyle cochran. calculus 3rd ed. mahasiswa mampu pearson. 2011 memahami dan george b. thomas, topic horizontal alignment memecahkan masalah maurice d. weir, joel r. mahasiswa mampu memahami specific sub topics pada materi dan memecahkan masalah pada hass; thomas’ calculus 12th logarithmic and exponential logarithmic and materi ed.; pearson education, functions exponential logarithmic and exponential inc., 2010 a. inverse materi – 100 menit functions functions 5 diskusi kasus – 30 menit b. h. anton, i. c. bivens, a. inverse trigonometric a. inverse trigonometric tugas 20 menit and s. davis. calculus late trigonometric functions functions transcendentals. john functions b. l’hospital’s rule and wiley & sons, inc., 8th ed., b. l’hospital’s rule and growth rates of b. l’hospital’s rule 2010 growth rates of functions functions and growth rates schaums outline of of functions theory and problems of differential and integral calculus third edition, frank ayres, jr, ph.d. and elliott mendelson, ph.d. james, stewart. single variable calculus early transcendentals. 2020 william l. briggs, lyle cochran. calculus 3rd ed. pearson. 2011 george b. thomas, mahasiswa mampu maurice d. weir, joel r. memahami dan hass; thomas’ calculus 12th memecahkan masalah topic horizontal alignment mahasiswa mampu memahami pada materi ed.; pearson education, specific sub topics dan memecahkan masalah pada integration inc., 2010 materi – 100 menit integration techniques materi techniques 6 diskusi kasus – 30 menit b. h. anton, i. c. bivens, integration techniques a. integration by parts a. integration by tugas 20 menit and s. davis. calculus late c. integration by parts b. trigonometric integrals parts transcendentals. john d. trigonometric integrals wiley & sons, inc., 8th ed., b. trigonometric 2010 integrals schaums outline of theory and problems of differential and integral calculus third edition, frank ayres, jr, ph.d. and elliott mendelson, ph.d. james, stewart. single variable calculus early transcendentals. 2020 william l. briggs, lyle cochran. calculus 3rd ed. pearson. 2011 mahasiswa mampu george b. thomas, memahami dan memecahkan masalah maurice d. weir, joel r. topic horizontal alignment mahasiswa mampu memahami pada materi hass; thomas’ calculus 12th specific sub topics dan memecahkan masalah pada integration ed.; pearson education, integration techniques materi techniques inc., 2010 integration techniques a. partial fractions materi – 100 menit a. partial fractions 7 diskusi kasus – 30 menit b. h. anton, i. c. bivens, a. partial fractions b. other integration b. other tugas 20 menit and s. davis. calculus late b. other integration strategies integration transcendentals. john strategies c. numerical integration wiley & sons, inc., 8th ed., strategies c. numerical integration 2010 c. numerical schaums outline of integration theory and problems of differential and integral calculus third edition, frank ayres, jr, ph.d. and elliott mendelson, ph.d. james, stewart. single variable calculus early transcendentals. 2020 mid semester examination william l. briggs, lyle mahasiswa mampu cochran. calculus 3rd ed. memahami dan pearson. 2011 memecahkan masalah george b. thomas, mahasiswa mampu memahami topic horizontal alignment pada materi dan memecahkan masalah pada maurice d. weir, joel r. integration specific sub topics materi hass; thomas’ calculus 12th materi – 100 menit integration techniques techniques integration techniques 8 diskusi kasus – 30 menit ed.; pearson education, a. improper a. improper integrals a. improper integrals tugas 20 menit inc., 2010 b. introducing to differential integrals b. introducing to differential b. h. anton, i. c. bivens, b. introducing to equations and s. davis. calculus late equations differential transcendentals. john equations wiley & sons, inc., 8th ed., 2010 schaums outline of theory and problems of differential and integral calculus third edition, frank ayres, jr, ph.d. and elliott mendelson, ph.d. james, stewart. single variable calculus early transcendentals. 2020 william l. briggs, lyle cochran. calculus 3rd ed. pearson. 2011 george b. thomas, maurice d. weir, joel r. hass; thomas’ calculus 12th mahasiswa mampu ed.; pearson education, topic vertical alignment memahami dan mahasiswa mampu memahami inc., 2010 memecahkan masalah specific sub topics dan memecahkan masalah pada b. h. anton, i. c. bivens, materi – 100 menit pada materi sequences and infinite materi 9 sequences and diskusi kasus – 30 menit and s. davis. calculus late sequences and infinite series series infinite series tugas 20 menit transcendentals. john a. an overview an overview wiley & sons, inc., 8th ed., a. an overview b. sequences sequences 2010 b. sequences schaums outline of theory and problems of differential and integral calculus third edition, frank ayres, jr, ph.d. and elliott mendelson, ph.d. james, stewart. single variable calculus early transcendentals. 2020 william l. briggs, lyle cochran. calculus 3rd ed. pearson. 2011 george b. thomas, maurice d. weir, joel r. mahasiswa mampu hass; thomas’ calculus 12th memahami dan mahasiswa mampu memahami memecahkan masalah topic vertical alignment ed.; pearson education, dan memecahkan masalah pada pada materi specific sub topics inc., 2010 materi sequences and infinite b. h. anton, i. c. bivens, materi – 100 menit sequences and series 10 diskusi kasus – 30 menit and s. davis. calculus late sequences and infinite series infinite series infinite series tugas 20 menit transcendentals. john a. infinite series a. infinite series the divergence and wiley & sons, inc., 8th ed., b. the divergence and b. the divergence 2010 integral tests integral tests and integral schaums outline of tests theory and problems of differential and integral calculus third edition, frank ayres, jr, ph.d. and elliott mendelson, ph.d. james, stewart. single variable calculus early transcendentals. 2020 william l. briggs, lyle cochran. calculus 3rd ed. pearson. 2011 mahasiswa mampu george b. thomas, memahami dan maurice d. weir, joel r. memecahkan masalah topic vertical alignment hass; thomas’ calculus 12th mahasiswa mampu memahami pada materi specific sub topics dan memecahkan masalah pada ed.; pearson education, sequences and sequences and infinite materi inc., 2010 materi – 100 menit infinite series sequences and infinite series series 11 diskusi kasus – 30 menit b. h. anton, i. c. bivens, a. the ratio, root a. the ratio, root and a. the ratio, root and tugas 20 menit and s. davis. calculus late and comparison comparison tests comparison tests transcendentals. john tests b. alternating series wiley & sons, inc., 8th ed., b. alternating series b. alternating 2010 series schaums outline of theory and problems of differential and integral calculus third edition, frank ayres, jr, ph.d. and elliott mendelson, ph.d. james, stewart. single variable calculus early transcendentals. 2020 william l. briggs, lyle cochran. calculus 3rd ed. pearson. 2011 george b. thomas, maurice d. weir, joel r. mahasiswa mampu hass; thomas’ calculus 12th mahasiswa mampu memahami topic vertical alignment memahami dan dan memecahkan masalah pada ed.; pearson education, specific sub topics memecahkan masalah materi pada materi power series inc., 2010 power series power series a. approximating materi – 100 menit b. h. anton, i. c. bivens, a. approximating 12 a. approximating diskusi kasus – 30 menit and s. davis. calculus late functions with functions with functions with tugas 20 menit transcendentals. john polynomials polynomials wiley & sons, inc., 8th ed., polynomials b. properties of power 2010 b. properties of power b. properties of series schaums outline of series power series theory and problems of differential and integral calculus third edition, frank ayres, jr, ph.d. and elliott mendelson, ph.d. james, stewart. single variable calculus early transcendentals. 2020 william l. briggs, lyle cochran. calculus 3rd ed. pearson. 2011 george b. thomas, maurice d. weir, joel r. hass; thomas’ calculus 12th ed.; pearson education, inc., 2010 mahasiswa mampu topic vertical alignment b. h. anton, i. c. bivens, memahami dan mahasiswa mampu memahami specific sub topics and s. davis. calculus late memecahkan masalah dan memecahkan masalah pada materi – 100 menit transcendentals. john pada materi materi power series 13 power series diskusi kasus – 30 menit wiley & sons, inc., 8th ed., power series a. taylor series a. taylor series tugas 20 menit 2010 a. taylor series b. working with taylor schaums outline of b. working with b. working with taylor series series theory and problems of taylor series differential and integral calculus third edition, frank ayres, jr, ph.d. and elliott mendelson, ph.d. james, stewart. single variable calculus early transcendentals. 2020 william l. briggs, lyle cochran. calculus 3rd ed. pearson. 2011 george b. thomas, maurice d. weir, joel r. hass; thomas’ calculus 12th ed.; pearson education, inc., 2010 b. h. anton, i. c. bivens, and s. davis. calculus late materi – 100 menit transcendentals. john 14 review all topics review diskusi kasus – 30 menit wiley & sons, inc., 8th ed., all indicators tugas 20 menit 2010 schaums outline of theory and problems of differential and integral calculus third edition, frank ayres, jr, ph.d. and elliott mendelson, ph.d. james, stewart. single variable calculus early transcendentals. 2020 final examination"
Copy of FTK103 Pemrograman Visual.pdf,FTK103,Pemrograman Visual,course_description,"this course is intended to use in an introductory programming course. it is designed for student to understand the visual basic 2010 programming language. major topics are included problem solving and control statements, arrays, files, windows forms gui, and graphics."
Copy of FTK103 Pemrograman Visual.pdf,FTK103,Pemrograman Visual,course_objectives,"upon completion of the course the student should be able to  understand the basic concepts of the visual studio integrated development environment (ide) that assist student in writing, running and debugging visual basic programs. create and demonstrate how programs can display information on the screen and obtain informa tion from the user at the keyboard for processing. understand the graphical user interface (gui) to allow users to interact visually with the programs. understand both single dimension and multi dimensional variable arrays. starting with creating and accessing arrays, then perform more complex array manipulations, including summing the elements of array, using arrays to summarize survey results, searching arrays for specific values and sorting arrays so their elements are in ascending order. become familiar with sequential access file processing, write to and read from files. to use file processing to implement a business application and to use classes streamwriter and streamreader to write text to and read text from files."
Copy of FTK103 Pemrograman Visual.pdf,FTK103,Pemrograman Visual,methods_instruction,"classroom instruction consists of lectures and practical problem solving, supplemented by visual aids designed to assist the student to successfully meet the course’s learning objectives."
Copy of FTK103 Pemrograman Visual.pdf,FTK103,Pemrograman Visual,course_outline,"this section should show the targeted competencies, topics, sub topics, specific method of instruction/ delivery, material references, and assessment indicators for each session. session targeted competencies topics & sub topics methods references assignment (a) hardware (b) data hierarchy introduction to computers, the internet and visual introduction, 1 chapter 1, pp. 33 – (c) object technology basic lecture, discussion (d) internet and world wide web (a) overview the visual basic 2012 ide (b) menu and toolbar lecture, 2 dive into visual basic 2010 express (c) navigating the visual studio discussion, chapter 2, pp. 56 exercise 9 (d) using viual app development to create exercise a simple app (a) introduction lecture, chapter 1 4, (b) displaying text an a label 3 introduction to visual basic programming 1 discussion, exercise 8 pp. 92 (c) addition program exercise (a) memory concepts lecture, chapter 5 8, (b) arithmetics 4 introduction to visual basic programming 2 discussion, exercise 12 pp. 111 (c) equality and relational operators assignment (a) algorithm (b) control structure lecture, (c) if...then selection introduction to problem solving and control 5 discussion, chapter 4, pp. 135 exercise 11 (d) nested if...then selection statements exercise (e) repetition structure (f) compound assignment operators (a) introduction lecture, (b) for ... next repetition chapter 1 4, 6 problem solving and control statements part 2 discussion, exercise 5 (c) using for...next repetition pp. 181 assignment (d) interest calculator (a) nested repetition (b) multiple selection statements problem solving and control statements part 2 lecture, chapter 5 12, (c) repetition statements 7 exercise 7 continue discussion, review pp. 187 (d) using exit and terminate in repetition (e) logical operators mid semester test f ppkr1 (rencana pembelajaran semester) page 4/4 syllabus ftk103 / tif21 (a) classes and methods (b) subroutine and functions lecture, (c) argument conversion chapter 1 8, 8 methods 1 discussion, exercise 8 (d) passing argument by value and by ref pp. 223 exercise erence (e) scope of declaration (a) generating random numbers lecture, (b) method overloading chapter 9 14, 9 methods 2 discussion, exercise 19 (c) parameters pp. 241 exercise (d) debuging commands (a) arrays lecture, (b) delaring and allocating arrays chapter 1 8, 10 arrays 1 discussion, exercise 5 (c) initializing the values in array pp. 273 assigment (d) summing the elements of an array (a) passing array to methods (b) sorting arrays lecture, chapter 9 17, (c) searching arrays 11 arrays 2 discussion, exercise 15 pp. 287 (d) rectangular arrays ecercise (e) reasizing an array (a) data hierarchy (b) files and stream lecture, 12 files (c) writing data sequentially to a text file discussion, chapter 8, pp. 321 exercise 5 (d) building menus with windows forms assigment designer (a) drawing classes and coordiante system (b) graphics context and graphics object lecture, (c) colors, fonts chapter 15, pp. 13 graphics and multimedia discussion, exercise 5 (d) drawing lines, rectangle and ovals 583 assignment (e) loading, displaying, and scaling im ages (a) control and components (b) event handlers (c) mpuse event handling lecture, chapter 14, pp. 14 windows form gui a deeper look exercise 3 (d) keyboard event handling discussion, review 527 (e) multiple document interface windows (f) animation with timer component final semester test f ppkr1"
Copy of TIF103 Matematika Diskrit.pdf,TIF103,Matematika Diskrit,course_description,"this course will cover the fundamental tools of discrete mathematics logic, sets, proofs, number theory, recursion, induction, combinatorics, recurrence relations and graph theory, trees, and boolean algebra."
Copy of TIF103 Matematika Diskrit.pdf,TIF103,Matematika Diskrit,course_objectives,"upon completion of this course, the student should be able to  understand the foundation of discrete mathematics sets, logic, sequences. understand the concept of mathematical proofs and induction understand the concept of number theory and its applications euclidian algorithm, rsa encryp tion understand the concept of combinatorics permutations, combinations, elementary finite probabil ity, recurrence relations understand the basic concept of graph theory and its applications isomorphism, planarity, circuits, trees, directed graphs, shortest path algorithm understand the basic concept of trees and its applications, tree transversal, spanning trees, and minimum spanning trees understand the basic concept of boolean algebra, boolean functions, and its applications the above mentioned objectives should be aligned into the following competences a. knowledge (information plus understanding) a.understanding of propositional logics a.knowledge and understanding of mathematical proofs and induction a.representation of sets, functions, and relations a.knowledge on algorithms a.understanding of number theory, including its operations and application in cryptography a.knowledge and understanding of counting principles a.understanding of basic discrete probability a.knowledge on graph theory and trees a.understanding of boolean algebra b. skills (application of knowledge) b.be able to apply mathematical thinking in various different ways to solve real life situation and problems f ppkr1 syllabus tif103 (rencana pembelajaran semester) b.numerical analysis b.apply and make proof of various mathematical statement and problems b.design and implement digital filters for specific applications c. values and attitudes c.appreciate the value of applied mathematical thinking in problem solving c.develop an understanding and application of mathematical analysis c.see advanced applications of discrete mathematics"
Copy of TIF103 Matematika Diskrit.pdf,TIF103,Matematika Diskrit,methods_instruction,"classroom instruction consists of lectures and practical problem solving, supplemented by visual aids designed to assist the student to successfully meet the course’s learning objectives. it is imperative that students take an active interest in the course. to succeed in this course, students must read, think, and write in a critical and analytical manner and this takes time and practice. such practice can only be achieved by working exercises. when troubles arise, and they will, the student must ask questions which may be directed to the instructor or other students in a variety of ways. students are also encouraged to work together on problem sets as part of their exercises. however, individual must ultimately demonstrate the understanding of the material by writing up his/her own solutions without the help of other students or their written work. on average students need to spend roughly, at least, 9 hours of study and preparation per week for this course."
Copy of TIF103 Matematika Diskrit.pdf,TIF103,Matematika Diskrit,course_outline,"this section should show the targeted competencies, topics, sub topics, specific method of instruction/ delivery, material references, and assessment indicators for each session. the targeted competencies refer to the list of competencies given in the course objectives section. ses targeted topics & sub topics methods references assignment sion compe tencies [1] sec 2 (pp. 20) no 2, 5, 11, 13, 14, 18, 19, 20, 23, 26, 29, 32, 35, 38, 40, 42, 44, 46, introduction, logic 48, (a) propositions [1] sec 3 (pp. 30) no. 1, 3, 5, 10, 13, 15, 16, 18, 20, 21, 22, 25, 27, 32, 34,37,38, 40, 42, lecture, c., (b) conditional propositions [1] ch. 2 6, 44, 49, 50, 52, 55, 57, 59, 62, 63, 66, 67, 69, 71, 73, 74, 1 discussion, b.(c) logical equivalence [2] ch. 1 4 [1] sec 4 (pp. 35) no. 3,4,6,7,10, 13,14,15, 18,20, 21,22,25,26 assignment (d) predicates and quantifiers [1] sec 5 (pp. 50) no. 1, 3, 5, 8, 10, 12, 14, 16, 18, 21, 23, 25, 27, 28, 30, 31, 33, 36, 38, (e) nested quantifiers 40, 42, 44, 46, 49, 51, 53, 54, 55, 57, 58, 60, 62, 72 [1] sec 6 (pp. 58) no. 2 18 (even), 19 41 (odd), 42 70 (even) proof a., [1] ch. 1, 2, [1] sec 1 (pp. 75) no. 1, 6, 11, 17, 20, 25, 34, 41, 46, 52, 55, 56 (a) introduction to proofs lecture, 2 a., 3 (optional), [1] sec 2 (pp. 86) no. 2, 6, 12, 16, 21, 22, 24, 29, 34, 38, 40, 45, 48 (b) direct proofs discussion c.[2] ch. 6, 7 optional [1] sec 3 (pp. 86) no. 2, 4, 5, 7, 8 (c) proof methods and strategy (d) resolution proofs (optional) induction a., lecture, [1] ch. 4, 5, [1] sec 4 (pp. 102) no. 2, 4, 6, 11, 17, 23, 29, 36, 67, 71 3 a., (a) mathematical induction discussion, [2] ch. 1, 2 [1] sec 5 (pp. 113) no. 2, 5, 8, 9, 13, 14, 17, 19, 21, 25 (b) strong form of induction a.quiz (c) well ordering sets and functions [1] sec 1 (pp. 12) no. 2, 6, 9, 15, 22, 23, 27, 28, 30, 32, 35, 38, 43, 46, 49, 51, 53, 58, a., 60, 62, 64, 66, 68, 72, 75, 79, 82, 88, 90, 91, 92 [1] ch. 1, 1, (a) sets a., lecture, [1] sec 1 (pp. 132) no. 2, 5, 8, 12, 15, 18, 21, 25, 33, 37, 40, 46, 47, 53, 62, 75, 79, 89, 4 2, (b) functions a., discussion 102 [2] ch. 1 4 (c) sequences and strings b.[1] sec 2 (pp. 145) no. 3, 11, 20, 26, 32, 38, 42, 46, 53, 54, 68, 74, 87, 90, 100, 112, 126, (d) summations 131 relations [1] sec 3 (pp. 157) no. 2, 4, 6, 11, 22, 29, 36, 46, 52, 57 lecture, [1] ch. 3 5, 5 b.(a) relations [1] sec 4 (pp. 164) no. 2, 5, 11, 17, 23, 30, 37, 47, 51, 61 discussion [2] ch. 1 5 (b) equivalence relations [1] sec 5 (pp. 172) no. 2, 7, 13, 17, 23, 27 (c) matrices of relations (optional) algorithms [1] sec 1 (pp. 185) no. 2, 4, 7, 13, 21, 24 (a) introduction to algorithms lecture, [1] ch. 1 4, [1] sec 2 (pp. 192) no. 3, 5, 9, 13, 19, 22 6 b.(b) examples of algorithms discussion [2] ch. 1 3 [1] sec 3 (pp. 207) no. 2, 5, 9, 12, 15, 17, 21, 26, 34, 38, 40, 48, 51, 58, 65, 76, 79, 84 (c) analysis of algorithms [1] sec 4 (pp. 219) no. 3, 6, 10, 14, 20, 26, 34 (d) recursive algorithms number theory [1] sec 1 (pp. 219) no. 2, 5, 8, 12, 15, 18, 21, 25, 34 (a) integers, its representations and algorithms review, [1] ch. 1 4, [1] sec 2 (pp. 247) no 2, 5, 11, 14, 19, 23, 26, 34, 39, 44, 52, 56 7 b.(b) divisions discussion, [2] ch. 4 7 [1] sec 3 (pp. 258) no. 5, 10, 15, 20, 22, 25, 27, 32, 37, 38 (c) primes and greatest common divisors quiz [1] sec 4 (pp. 262) no. 3,4,6,7,10, 13,14,16 (d) euclidean algorithm (e) rsa public key cryptosystems mid semester test counting [1] sec 1 (pp. 274) no 2, 10, 22, 26, 29, 36, 40, 41, 46, 52, 69, 75, 86, 90 a., (a) basic principles of counting [1] ch. 1 4, review, [1] sec 2 (pp. 288) no. 2, 15, 14, 26, 30, 41, 51, 61, 66, 74, 80, 87, 90 8 a., (b) permutations and combinations 7, 8, discussion [1] sec 3 (pp. 298) no. 3, 8, 12, 16, 20, 26, 28, 40, 45, 50 (c) generalized permutations and combinations a.[2] 1 4 [1] sec 4 (pp. 304) no. 1, 3, 5, 10, 13, 15, 16, 18, 20, 21, 22 (d) binomial coefficients (e) pigeonhole principle discrete probability a., (a) introduction to discrete probability lecture, [1] ch. 5, 6, [1] sec 5 (pp. 307) no. 2, 10, 16, 18, 26, 28, 34, 38, 42, 50 9 a., (b) discrete probability theory discussion [2] ch. 1 4 [1] sec 6 (pp. 307) no. 2, 4, 6, 11, 17, 23, 29, 36 a.(c) bayes’ theorem (d) expected value and variance f ppkr1 (rencana pembelajaran semester) page 4/4 syllabus tif103 relations a., lecture, [1] ch. 7, 10 a., (a) introduction [1] ch. 7 problems 2, 4, 7, 8, 9, 12 discussion [2] ch. 7 (b) solving recurrence relations a.(c) divide and conquer algorithms graph theory – 1 [1] sec 1 (pp. 385) no. 1, 6, 11, 18, 20, 25, 34, 41, 46, 52 (a) introduction to graph lecture, [1] ch. 1 4, a., [1] sec 2 (pp. 396) no. 2, 6, 12, 16, 21, 22, 29, 34, 38, 40, 46, 48, 56, 60, 66, 70, 76 11 (b) paths and cycles discussion, [2] ch. 1, 2, a.[1] sec 3 (pp. 406) no. 2, 5, 8, 9, 13, 14, 17, 19, 21, 25, 30, 36 (c) hamiltonian cycles quiz 5, 6 [1] sec 4 (pp. 412) no. 2, 4, 6, 10, 11 (d) tsp (e) shortest path algorithm graph theory – 2 [1] sec 5 (pp. 416) no. 1, 3, 5, 10, 13, 15, 18, 21, 25, 27, 32 [1] ch. 5 8, b., lecture, [1] sec 6 (pp. 422) no. 3, 7, 11, 13, 14, 18, 24, 32, 39, 42 12 (a) representation of graph [2] ch. 3, 4, c.discussion [1] sec 7 (pp. 429) no 2, 5, 11, 13, 14, 18, 19, 20, 23, 26, 29 (b) isomorphism 7 [1] sec 8 (pp. 434) no. 2, 5, 8, 13, 17, 19, 21 (c) planar graph trees (a) introduction c., (b) applications of trees lecture, [1] ch. 9, 13 [1] ch. 9 (pp. 506) problems 1, 6, 11, 13, 17, 22, 25, 29, 34 (c) tree traversals c.discussion [2] ch. 10 (d) spanning trees (e) minimum spanning trees (f) binary trees boolean algebra lecture, a., review, [1] ch. 11, 14 b., (a) boolean algebras [1] ch. 11 (pp. 571) problems 2, 5, 11, 13, 17 discussion, [2] ch. 11 (b) boolean functions c.quiz (c) applications final semester test f ppkr1"
Copy of UNI102 Agama.pdf,UNI102,Agama,course_description,"the islamic studies course, which is part of the religion (religion) course, is included in the personality development course (character building). as a personality development course, islamic studies is not only oriented towards enriching islamic knowledge which includes various aspects, such as aspects of teaching sources, history, theology, philosophy, morals, rituals, law, economics, and the contact of islam with modernity, but also encourages students to to live and practice the practical aspects of the teachings of islam. this course will lead students to have an inclusive, open, and tolerant religious attitude towards differences of opinion that exist within the muslim community as well as respect and cooperate with followers of other religions to build a more peaceful, harmonious, just, and prosperous world. .."
Copy of UNI102 Agama.pdf,UNI102,Agama,course_objectives,"studi islam 1 kompetensi yang diharapkan kontrak belajar penjelasan singkat pokok pokok bahasan studi islam. topic manusia dan agama  ceramah interaktif  robertson, roland. interpretasi  diskusi sosial atas agama. jakarta sub topics rajawali, pengertian agama dan tujuan  nasution, harun. islam ditinjau beragama dari berbagai aspeknya, jakarta mengapa manusia membutuhkan ui press, agama  nottingham, elizabeth k. agama 2 dimensi dimensi agama dan masyarakat, jakarta fungsi agama bagi masyarakat rajawali, modern  puspito, hendro. sosiologi agama. jakarta kanisius,  smart, ninian. the world’s religions. cambridge university press. topic islam sebagai agama dunia  ceramah interaktif  al faruqi, ismail r dan al faruqi, 3  diskusi lois lamya, atlas budaya sub topics  aktif debat menjelajah khazanah dan session targeted competencies topic & sub topics forms of instruction & material references assessment indicators duration (sesi) (kemampuan akhir) (materi pembelajaran) (sumber pembelajaran) (indikator penilaian) (bentuk & waktu pembelajaran) pengertian islam  role play peradaban gemilang. bandung aqidah, syari’ah, dan akhlaq mizan, prinsip prinsip universalisme islam  dahlan, azis, “akidah,” dalam taufik abdullah, ensiklopedi tematis dunia islam, jakarta ichtiar baru van hoeve,  nasution, harun. islam ditinjau dari berbagai aspeknya, jakarta ui press,  rakhmat, jalaluddin, islam dan pluralisme, jakarta serambi,  _____, dahulukan akhlak di atas fiqih, bandung mizan,  syarifuddin, amir, ushul fiqh, jil. i, jakarta logos wacana ilmu, 4 topic sumber ajaran islam al qur’an  ceramah interaktif  taufik adnan amal, “al qur’an,” dan hadits  diskusi dalam ensiklopedi tematis dunia sub topics  role play islam akar dan awal, jilid 1, pengertian, sejarah, fungsi, dan jakarta ichtiar baru van hoeve,  reading assignment kedudukan al qur’an tema tema pokok dan tafsir al  muhammad quraish shihab, qur’an membumikan al qur’an fungsi pengertian, sejarah, fungsi, dan dan peran wahyu dalam kedudukan al hadis kehidupan masyarakat. signifikansi al qur’an dan al hadis  abuddin nata, al qur’an dan dalam kehidupan modern hadits dirasah islamiyah i.  harun nasution, islam ditinjau dari berbagai aspeknya, jilid session targeted competencies topic & sub topics forms of instruction & material references assessment indicators duration (sesi) (kemampuan akhir) (materi pembelajaran) (sumber pembelajaran) (indikator penilaian) (bentuk & waktu pembelajaran)  ismail raji al faruqi, cultural atlas of islam (atlas budaya islam), bandung mizan,  azyumardi azra, historiografi islam kontemporer, jakarta gramedia,  ahmad qodri abdillah azizy, “hadis dan sunah,” dalam ensiklopedi tematis dunia islam akar dan awal, jilid  m.m. abu syuhbah, kutubus sittah, surabaya pustaka progressif, 5 topic aspek hukum dalam islam  ceramah interaktif  abdillah, masykuri, “ pertum sub topics  diskusi buhan ilmu fiqh, ushul fiqh, dan pengertian syari’ah dan fiqh.  role play qawaid fiqhiyyah,” dalam sumber sumber hukum islam al mimbar agama & budaya, vol. qur’an, al sunnah, dan ijtihad. xvii, no. 3, madzhab madzhab hukum dalam  ashshiddieqy, t.m. hasbi, islam. pengantar ilmu fiqh. jakarta cv hukum islam dan masalah mulya, kontemporer.  ahmad, zainal abidin, ushul fiqh. jakarta bulan bintang, 1974  zein, satria effendi muh., “usul fikih,” dalam ensiklopedi tematis dunia islam ajaran. jakarta ikhtiar baru van houve, 2002 session targeted competencies topic & sub topics forms of instruction & material references assessment indicators duration (sesi) (kemampuan akhir) (materi pembelajaran) (sumber pembelajaran) (indikator penilaian) (bentuk & waktu pembelajaran) 6 topic aspek ibadah dalam islam  ceramah interaktif  hasanuddin af, “fikih ibadah,” sub topics  diskusi dalam ensiklopedi tematik dunia pengertian dan fungsi ritual/ibadah. islam ajaran (jakarta ichtiar shalat, zakat, puasa, dan haji. baru van houve, 2002). praktek tilawah dan ibadah.  ahmad azharudin latif dkk., pengantar fiqh (jakarta psw uin jakarta, 2005).  harun nasution, islam ditinjau dari berbagai aspeknya, jilid i (jakarta ui press, 1985).  t.m. hasbi ashshiddieqy, pengantar ilmu fiqh (jakarta cv mulya, 1967) mid semester examination 7 topic sejarah peradaban islam  seminar/diskusi  philip k. hitti, history of the sub topics  aktif debat arabs, london macmillan press, sejarah peradaban islam masa nabi  role play 1970 muhammad dan khulafa al rasyidin  badri yatim, sejarah peradaban masa kejayaan dan kemunduran daulah islam, jakarta rajagrafindo islamiyah masa klasik persada, 2006 peradaban islam masa turki usmani,  mukti ali, islam dan sekularisme mughal dan shafawi di turki usmani, jakarta kolonialisme barat di dunia islam dan djambatan, 1994 munculnya negara islam modern  binnaz toprak, islam and political development in turkey, leiden e.j.brill, 1981  ismail r. al faruqi dan lois lamya al faruqi, atlas budaya menjelajah khazanah dan peradaban gemilang, bandung session targeted competencies topic & sub topics forms of instruction & material references assessment indicators duration (sesi) (kemampuan akhir) (materi pembelajaran) (sumber pembelajaran) (indikator penilaian) (bentuk & waktu pembelajaran) mizan,8 topic aspek teologi/kalam  seminar/diskusi  nasution, harun, islam ditinjau sub topic  aktif debat dari berbagai aspeknya, jilid i pengertian teologi/kalam  role play dan ii, ui press, jakarta, tema tema pokok dalam teologi  nurdin, m. amin dan fauzi, afifi islam (eds.), sejarah pemikiran islam signifikansi teologi islam dalam teologi/i. kalam, jilid i dan ii, masyarakat muslim modern jakarta pustaka antara, isu isu teologi islam kontemporer  faruqi, ismail dan faruki, l. lois, lingkungan atlas budaya islam, bandung  kemiskinan mizan, jakarta, gender, dll  nasr, seyyed hossein, dan oliver leaman, ensiklopedi tematis filsafat islam, bandung mizan,  dahlan, abdul azis, “falsafat”, dalam ensiklopedi dunia islam, jakarta ichtiar baru.  tim penulis iain syarif hidayatullah, ensiklopedi islam indonesia, jakarta djambatan, 9 topic aspek politik  seminar/diskusi  antony black, pemikiran politik sub topic  aktif debat islam, dari masa nabi hingga masa kini, serambi, 2001 “good governance” dalam islam reading assignment  john l esposito, islam and politic dinamika politik islam (revised, second edition), kompabilitas islam atas demokrasi syracuse university press dan isu isu kontemporer  pulungan ,ma dan dr.j.suyuthi.fiqh session targeted competencies topic & sub topics forms of instruction & material references assessment indicators duration (sesi) (kemampuan akhir) (materi pembelajaran) (sumber pembelajaran) (indikator penilaian) (bentuk & waktu pembelajaran) siyasah ajaran sejarah dan pemikiran.jakarta pt.raja grafindo persada.  saiful mujani. muslim demokrat islam, budaya demokrasi, dan partisipasi politik di indonesia pasca orde baru. jakarta pt. gramedia pustaka utama 10 topic akhlak dan tasawuf dalam islam  seminar/diskusi  affandi mukhtar, akhlak, dalam sub topic  aktif debat ensiklopedi tematik dunia islam, pengertian etika, akhlak dan tasawuf jakarta ichtiar baru van houve, aspek akhlak dalam al qur’an dan hadis  asmaraman, pengantar studi ajaran ajaran dalam tasawuf akhlak, jakarta rajagrafindo problem moralitas dan praktek persada, 1994 tasawuf dalam kehidupan modern  harun nasution, falsafat dan mistisisme dalam islam, jakarta bulan bintang, 1978  kautsar azhari noer, tasawuf, dalam ensiklopedi tematik dunia islam, jakarta ichtiar baru van houve, 2002  k. bertens, etika, jakarta gramedia pustaka utama, 1997  yunahar ilyas, kuliah akhlak, yogyakarta pustaka pelajar, 2001 11 topic science dalam islam  seminar/diskusi  al attas, syed muhammad sub topic  aktif debat naquib, islam dan filsafat session targeted competencies topic & sub topics forms of instruction & material references assessment indicators duration (sesi) (kemampuan akhir) (materi pembelajaran) (sumber pembelajaran) (indikator penilaian) (bentuk & waktu pembelajaran) wacana al qur’an tentang sains sains. terjemahan oleh saiful pembagian ilmu pengetahuan dalam muzani dari islam and the islam philosophy of science. kontribusi intelektual muslim dalam bandung mizan, pengembangan sains  baiquni, ahmad, al qur'an, ilmu pengetahuan` dan teknologi. jakarta dana bhaktu wakaf,  bucaille, maurice, bibel, quran, dan sains modern. terjemahan oleh h.m. rasyidi dari la bible la coran et la science (1976). jakarta bulan bintang,  harun yahya, pustaka sains populer islami, tatacipta dirgantara, trjm. bandung dzikra,  zar, sirajuddin, konsep penciptaan alam dalam pemikiran islam, sains, dan al quran. jakarta pt rajagrafindo persada, 12 topic aspek ekonomi dan enterpreneurship  seminar/diskusi  tim pusat pengkajian dan  aktif debat pengembangan ekonomi uii dan sub topic  reading assignment bank indonesia, ekonomi islam, pengertian, sejarah, dan prinsip jakarta rajawali, 2008 ekonomi islam  adiwarman azwar karim, lembaga lembaga ekonomi islam sejarah pemikiran ekonomi etos kerja dan enterpreneurship islam, cet. ketiga, jakarta raja dalam islam grafindo persada, 2004 session targeted competencies topic & sub topics forms of instruction & material references assessment indicators duration (sesi) (kemampuan akhir) (materi pembelajaran) (sumber pembelajaran) (indikator penilaian) (bentuk & waktu pembelajaran) etika bisnis dalam islam  adiwarman karim, ekonomi penerapan ekonomi islam di makro islami, jakarta the indonesia peluang dan tantangan international institute of islamic thught, 2002  irfan abu bakar, bunga bank sama dengan riba? masalah tentang riba dalam al qur’an dan al sunnah, jakarta pusat bahasa dan budaya (pbb) uin dan konrad adenaur sifftung (kas), 2003  ahmad muhammad al assal dan fathi ahmad abdul karim, sistem, prinsip dan tujuan ekonomi islam, terj. imam saefudin, bandung pustaka setia, 13 topic islam di indonesia  seminar/diskusi  nurcholish madjid, islam sub topic  aktif debat doktrin dan peradaban. kedatangan islam di indonesia  role play  fachry ali dan bahtiar effendy, kerajaan islam nusantara merambah jalan baru islam. gerakan gerakan islam abad 19 dan  m. abdul mannan, ekonomi 20 di indonesia islam teori dan praktek. gerakan gerakan islam kontemporer  badri yatim, sejarah peradaban islam.  hasan asari, menyingkap zaman keemasan islam  azyumardi azra, jaringan ulama, timur tengah dan kepulauan nusantara abad xvii dan xviii, session targeted competencies topic & sub topics forms of instruction & material references assessment indicators duration (sesi) (kemampuan akhir) (materi pembelajaran) (sumber pembelajaran) (indikator penilaian) (bentuk & waktu pembelajaran) bandung mizan, 1998  muhammad hasan al aydrus, penyebaran islam di asia tenggara, jakarta lentera basritama,  hasjmi, sejarah masuk dan berkembangnya islam di indonesia, bandung al ma’arif, 1989 musyrifah sunanto, sejarah peradaban islam indonesia. 14 topic realitas masyarakat muslim di  seminar/diskusi  ahmad muhammad al assal indonesia  aktif debat dan fathi ahmad abdul karim, sub topic  role play sistem, prinsip dan tujuan realitas sosial budaya ekonomi islam, terj. imam realitas ekonomi saefudin, bandung pustaka realitas politik setia, solusi bagi problem sosial politik  john l esposito, islam and ekonomi dan budaya umat islam di politic (revised, second indonesia edition), syracuse university press  madjid, nurcholish, . islam doktrin dan peradaban. jakarta paramadina, .  noer, deliar, gerakan modern islam di indonesia 1900 1942, jakarta, lp3es,  samuel p huntington, the clash of the civilization and the remaking of world order, the session targeted competencies topic & sub topics forms of instruction & material references assessment indicators duration (sesi) (kemampuan akhir) (materi pembelajaran) (sumber pembelajaran) (indikator penilaian) (bentuk & waktu pembelajaran) free press,final examination form rancangan tugas mahasiswa (rtm) f ehb 02 universitas bakrie no form f ehb 02 fakultas ftik tgl form 23 feb 2022 program studi information system revform  periode 20211"
Copy of UNI102 Agama.pdf,UNI102,Agama,methods_instruction,/metode pembelajaran  interactive lectures  case study  seminar/discussion  active debate  role play  reading assignments  film critique  others
Copy of UNI102 Agama.pdf,UNI102,Agama,course_outline,"this section should show the targeted competencies, topics, sub topics, specific method of instruction/ delivery, material references, and assessment indicators for each session. session targeted competencies topic & sub topics forms of instruction & material references assessment indicators duration (sesi) (kemampuan akhir) (materi pembelajaran) (sumber pembelajaran) (indikator penilaian) (bentuk & waktu pembelajaran) topic pengantar perkuliahan  ceramah interaktif sub topics tanya jawab deskripsi mata kuliah tujuan pembelajaran studi islam 1 kompetensi yang diharapkan kontrak belajar penjelasan singkat pokok pokok bahasan studi islam. topic manusia dan agama  ceramah interaktif  robertson, roland. interpretasi  diskusi sosial atas agama. jakarta sub topics rajawali, pengertian agama dan tujuan  nasution, harun. islam ditinjau beragama dari berbagai aspeknya, jakarta mengapa manusia membutuhkan ui press, agama  nottingham, elizabeth k. agama 2 dimensi dimensi agama dan masyarakat, jakarta fungsi agama bagi masyarakat rajawali, modern  puspito, hendro. sosiologi agama. jakarta kanisius,  smart, ninian. the world’s religions. cambridge university press. topic islam sebagai agama dunia  ceramah interaktif  al faruqi, ismail r dan al faruqi, 3  diskusi lois lamya, atlas budaya sub topics  aktif debat menjelajah khazanah dan session targeted competencies topic & sub topics forms of instruction & material references assessment indicators duration (sesi) (kemampuan akhir) (materi pembelajaran) (sumber pembelajaran) (indikator penilaian) (bentuk & waktu pembelajaran) pengertian islam  role play peradaban gemilang. bandung aqidah, syari’ah, dan akhlaq mizan, prinsip prinsip universalisme islam  dahlan, azis, “akidah,” dalam taufik abdullah, ensiklopedi tematis dunia islam, jakarta ichtiar baru van hoeve,  nasution, harun. islam ditinjau dari berbagai aspeknya, jakarta ui press,  rakhmat, jalaluddin, islam dan pluralisme, jakarta serambi,  _____, dahulukan akhlak di atas fiqih, bandung mizan,  syarifuddin, amir, ushul fiqh, jil. i, jakarta logos wacana ilmu, 4 topic sumber ajaran islam al qur’an  ceramah interaktif  taufik adnan amal, “al qur’an,” dan hadits  diskusi dalam ensiklopedi tematis dunia sub topics  role play islam akar dan awal, jilid 1, pengertian, sejarah, fungsi, dan jakarta ichtiar baru van hoeve,  reading assignment kedudukan al qur’an tema tema pokok dan tafsir al  muhammad quraish shihab, qur’an membumikan al qur’an fungsi pengertian, sejarah, fungsi, dan dan peran wahyu dalam kedudukan al hadis kehidupan masyarakat. signifikansi al qur’an dan al hadis  abuddin nata, al qur’an dan dalam kehidupan modern hadits dirasah islamiyah i.  harun nasution, islam ditinjau dari berbagai aspeknya, jilid session targeted competencies topic & sub topics forms of instruction & material references assessment indicators duration (sesi) (kemampuan akhir) (materi pembelajaran) (sumber pembelajaran) (indikator penilaian) (bentuk & waktu pembelajaran)  ismail raji al faruqi, cultural atlas of islam (atlas budaya islam), bandung mizan,  azyumardi azra, historiografi islam kontemporer, jakarta gramedia,  ahmad qodri abdillah azizy, “hadis dan sunah,” dalam ensiklopedi tematis dunia islam akar dan awal, jilid  m.m. abu syuhbah, kutubus sittah, surabaya pustaka progressif, 5 topic aspek hukum dalam islam  ceramah interaktif  abdillah, masykuri, “ pertum sub topics  diskusi buhan ilmu fiqh, ushul fiqh, dan pengertian syari’ah dan fiqh.  role play qawaid fiqhiyyah,” dalam sumber sumber hukum islam al mimbar agama & budaya, vol. qur’an, al sunnah, dan ijtihad. xvii, no. 3, madzhab madzhab hukum dalam  ashshiddieqy, t.m. hasbi, islam. pengantar ilmu fiqh. jakarta cv hukum islam dan masalah mulya, kontemporer.  ahmad, zainal abidin, ushul fiqh. jakarta bulan bintang, 1974  zein, satria effendi muh., “usul fikih,” dalam ensiklopedi tematis dunia islam ajaran. jakarta ikhtiar baru van houve, 2002 session targeted competencies topic & sub topics forms of instruction & material references assessment indicators duration (sesi) (kemampuan akhir) (materi pembelajaran) (sumber pembelajaran) (indikator penilaian) (bentuk & waktu pembelajaran) 6 topic aspek ibadah dalam islam  ceramah interaktif  hasanuddin af, “fikih ibadah,” sub topics  diskusi dalam ensiklopedi tematik dunia pengertian dan fungsi ritual/ibadah. islam ajaran (jakarta ichtiar shalat, zakat, puasa, dan haji. baru van houve, 2002). praktek tilawah dan ibadah.  ahmad azharudin latif dkk., pengantar fiqh (jakarta psw uin jakarta, 2005).  harun nasution, islam ditinjau dari berbagai aspeknya, jilid i (jakarta ui press, 1985).  t.m. hasbi ashshiddieqy, pengantar ilmu fiqh (jakarta cv mulya, 1967) mid semester examination 7 topic sejarah peradaban islam  seminar/diskusi  philip k. hitti, history of the sub topics  aktif debat arabs, london macmillan press, sejarah peradaban islam masa nabi  role play 1970 muhammad dan khulafa al rasyidin  badri yatim, sejarah peradaban masa kejayaan dan kemunduran daulah islam, jakarta rajagrafindo islamiyah masa klasik persada, 2006 peradaban islam masa turki usmani,  mukti ali, islam dan sekularisme mughal dan shafawi di turki usmani, jakarta kolonialisme barat di dunia islam dan djambatan, 1994 munculnya negara islam modern  binnaz toprak, islam and political development in turkey, leiden e.j.brill, 1981  ismail r. al faruqi dan lois lamya al faruqi, atlas budaya menjelajah khazanah dan peradaban gemilang, bandung session targeted competencies topic & sub topics forms of instruction & material references assessment indicators duration (sesi) (kemampuan akhir) (materi pembelajaran) (sumber pembelajaran) (indikator penilaian) (bentuk & waktu pembelajaran) mizan,8 topic aspek teologi/kalam  seminar/diskusi  nasution, harun, islam ditinjau sub topic  aktif debat dari berbagai aspeknya, jilid i pengertian teologi/kalam  role play dan ii, ui press, jakarta, tema tema pokok dalam teologi  nurdin, m. amin dan fauzi, afifi islam (eds.), sejarah pemikiran islam signifikansi teologi islam dalam teologi/i. kalam, jilid i dan ii, masyarakat muslim modern jakarta pustaka antara, isu isu teologi islam kontemporer  faruqi, ismail dan faruki, l. lois, lingkungan atlas budaya islam, bandung  kemiskinan mizan, jakarta, gender, dll  nasr, seyyed hossein, dan oliver leaman, ensiklopedi tematis filsafat islam, bandung mizan,  dahlan, abdul azis, “falsafat”, dalam ensiklopedi dunia islam, jakarta ichtiar baru.  tim penulis iain syarif hidayatullah, ensiklopedi islam indonesia, jakarta djambatan, 9 topic aspek politik  seminar/diskusi  antony black, pemikiran politik sub topic  aktif debat islam, dari masa nabi hingga masa kini, serambi, 2001 “good governance” dalam islam reading assignment  john l esposito, islam and politic dinamika politik islam (revised, second edition), kompabilitas islam atas demokrasi syracuse university press dan isu isu kontemporer  pulungan ,ma dan dr.j.suyuthi.fiqh session targeted competencies topic & sub topics forms of instruction & material references assessment indicators duration (sesi) (kemampuan akhir) (materi pembelajaran) (sumber pembelajaran) (indikator penilaian) (bentuk & waktu pembelajaran) siyasah ajaran sejarah dan pemikiran.jakarta pt.raja grafindo persada.  saiful mujani. muslim demokrat islam, budaya demokrasi, dan partisipasi politik di indonesia pasca orde baru. jakarta pt. gramedia pustaka utama 10 topic akhlak dan tasawuf dalam islam  seminar/diskusi  affandi mukhtar, akhlak, dalam sub topic  aktif debat ensiklopedi tematik dunia islam, pengertian etika, akhlak dan tasawuf jakarta ichtiar baru van houve, aspek akhlak dalam al qur’an dan hadis  asmaraman, pengantar studi ajaran ajaran dalam tasawuf akhlak, jakarta rajagrafindo problem moralitas dan praktek persada, 1994 tasawuf dalam kehidupan modern  harun nasution, falsafat dan mistisisme dalam islam, jakarta bulan bintang, 1978  kautsar azhari noer, tasawuf, dalam ensiklopedi tematik dunia islam, jakarta ichtiar baru van houve, 2002  k. bertens, etika, jakarta gramedia pustaka utama, 1997  yunahar ilyas, kuliah akhlak, yogyakarta pustaka pelajar, 2001 11 topic science dalam islam  seminar/diskusi  al attas, syed muhammad sub topic  aktif debat naquib, islam dan filsafat session targeted competencies topic & sub topics forms of instruction & material references assessment indicators duration (sesi) (kemampuan akhir) (materi pembelajaran) (sumber pembelajaran) (indikator penilaian) (bentuk & waktu pembelajaran) wacana al qur’an tentang sains sains. terjemahan oleh saiful pembagian ilmu pengetahuan dalam muzani dari islam and the islam philosophy of science. kontribusi intelektual muslim dalam bandung mizan, pengembangan sains  baiquni, ahmad, al qur'an, ilmu pengetahuan` dan teknologi. jakarta dana bhaktu wakaf,  bucaille, maurice, bibel, quran, dan sains modern. terjemahan oleh h.m. rasyidi dari la bible la coran et la science (1976). jakarta bulan bintang,  harun yahya, pustaka sains populer islami, tatacipta dirgantara, trjm. bandung dzikra,  zar, sirajuddin, konsep penciptaan alam dalam pemikiran islam, sains, dan al quran. jakarta pt rajagrafindo persada, 12 topic aspek ekonomi dan enterpreneurship  seminar/diskusi  tim pusat pengkajian dan  aktif debat pengembangan ekonomi uii dan sub topic  reading assignment bank indonesia, ekonomi islam, pengertian, sejarah, dan prinsip jakarta rajawali, 2008 ekonomi islam  adiwarman azwar karim, lembaga lembaga ekonomi islam sejarah pemikiran ekonomi etos kerja dan enterpreneurship islam, cet. ketiga, jakarta raja dalam islam grafindo persada, 2004 session targeted competencies topic & sub topics forms of instruction & material references assessment indicators duration (sesi) (kemampuan akhir) (materi pembelajaran) (sumber pembelajaran) (indikator penilaian) (bentuk & waktu pembelajaran) etika bisnis dalam islam  adiwarman karim, ekonomi penerapan ekonomi islam di makro islami, jakarta the indonesia peluang dan tantangan international institute of islamic thught, 2002  irfan abu bakar, bunga bank sama dengan riba? masalah tentang riba dalam al qur’an dan al sunnah, jakarta pusat bahasa dan budaya (pbb) uin dan konrad adenaur sifftung (kas), 2003  ahmad muhammad al assal dan fathi ahmad abdul karim, sistem, prinsip dan tujuan ekonomi islam, terj. imam saefudin, bandung pustaka setia, 13 topic islam di indonesia  seminar/diskusi  nurcholish madjid, islam sub topic  aktif debat doktrin dan peradaban. kedatangan islam di indonesia  role play  fachry ali dan bahtiar effendy, kerajaan islam nusantara merambah jalan baru islam. gerakan gerakan islam abad 19 dan  m. abdul mannan, ekonomi 20 di indonesia islam teori dan praktek. gerakan gerakan islam kontemporer  badri yatim, sejarah peradaban islam.  hasan asari, menyingkap zaman keemasan islam  azyumardi azra, jaringan ulama, timur tengah dan kepulauan nusantara abad xvii dan xviii, session targeted competencies topic & sub topics forms of instruction & material references assessment indicators duration (sesi) (kemampuan akhir) (materi pembelajaran) (sumber pembelajaran) (indikator penilaian) (bentuk & waktu pembelajaran) bandung mizan, 1998  muhammad hasan al aydrus, penyebaran islam di asia tenggara, jakarta lentera basritama,  hasjmi, sejarah masuk dan berkembangnya islam di indonesia, bandung al ma’arif, 1989 musyrifah sunanto, sejarah peradaban islam indonesia. 14 topic realitas masyarakat muslim di  seminar/diskusi  ahmad muhammad al assal indonesia  aktif debat dan fathi ahmad abdul karim, sub topic  role play sistem, prinsip dan tujuan realitas sosial budaya ekonomi islam, terj. imam realitas ekonomi saefudin, bandung pustaka realitas politik setia, solusi bagi problem sosial politik  john l esposito, islam and ekonomi dan budaya umat islam di politic (revised, second indonesia edition), syracuse university press  madjid, nurcholish, . islam doktrin dan peradaban. jakarta paramadina, .  noer, deliar, gerakan modern islam di indonesia 1900 1942, jakarta, lp3es,  samuel p huntington, the clash of the civilization and the remaking of world order, the session targeted competencies topic & sub topics forms of instruction & material references assessment indicators duration (sesi) (kemampuan akhir) (materi pembelajaran) (sumber pembelajaran) (indikator penilaian) (bentuk & waktu pembelajaran) free press,final examination form rancangan tugas mahasiswa (rtm) f ehb 02 universitas bakrie no form f ehb 02 fakultas ftik tgl form 23 feb 2022 program studi information system revform  periode 20211"
Copy of TIF109 Struktur Data.pdf,TIF109,Struktur Data,course_description,"this course is aimed to give students knowledge and skills on how to generate data structure using java as well as to use ood to solve a particular problem. data structure consists of linked list, stacks, queues, binary trees, stack, queue and graph"
Copy of TIF109 Struktur Data.pdf,TIF109,Struktur Data,course_objectives,"upon completion of the course the student should be able to  understand the object oriented programming, inheritance, and class hierarchies including inter faces and abstract classes.. understand the java collections framework as the foundation for the traditional data structures.. understand the concept of stacks, queues, and deques understand the concept of recursive data structure. understand the concept of binary trees, including binary search trees, heaps, priority queues, and huffman trees understand the concept of set and map interfaces understand the concept of stack and queue. understand the concept of various sorting algorithms including mergesort, heapsort, quicksort and timsort. understand the concept of self balancing search trees, focusing on algorithms for manipulating them. included are avl and red black trees, 2 3 trees, 24 trees, b trees, and skip lists. understand the concept of graphs."
Copy of TIF109 Struktur Data.pdf,TIF109,Struktur Data,methods_instruction,"classroom instruction consists of lectures and practical problem solving, supplemented by visual aids designed to assist the student to successfully meet the course’s learning objectives."
Copy of TIF109 Struktur Data.pdf,TIF109,Struktur Data,course_outline,"this section should show the targeted competencies, topics, sub topics, specific method of instruction/ delivery, material references, and assessment indicators for each session. session targeted competencies topics & sub topics methods references assignment (a) introduction to java introduction to java and object oriented introduction, 1 (b) introduction to object oriented pro chapter 1, pp. 1 – programming lecture, discussion gramming (a) big notation o (b) list and arraylist lecture, exercise sec. 4, 2 list and collections framework 1 (c) single linked lists discussion, chapter 2, pp. 53 pp. 75 (d) implementation arraylist and single exercise linked lists (a) double linked lists lecture, programming (b) circular lists 3 list and collections framework 2 discussion, chapter 2, pp. 84 project no.2, pp. (c) implementation double and circular exercise 117 lists (a) types of testing lecture, exercise sec. 7, (b) stubs and driver 4 testing and debugging discussion, chapter 3, pp. 121 pp. 142 (c) test driven development assignment (a) stack adt (b) stack application and implementation lecture, (c) queue adt 5 stack and queues discussion, chapter 4, pp. 147 exercise 11 (d) queue application and implementa exercise tion (e) deque interface (a) recursive thinking lecture, (b) recursive array search 6 recursion discussion, chapter 5, pp. 211 exercise 5 (c) recursive data structure assignment (a) tree terminology and applications (b) tree traversals lecture, 7 trees 1 chapter 6, pp. 257 exercise 7 (c) binary search tree discussion, review (d) review mid semester test f ppkr1 (rencana pembelajaran semester) page 4/4 syllabus tif109 lecture, (a) heap and priority queues 8 trees 2 discussion, chapter 6, pp. 297 exercise 8 (b) huffman trees exercise (a) sets and sets interface lecture, (b) maps and maps interface 9 set and maps 1 discussion, chapter 7, pp. 323 exercise 19 (c) hash tables and implementation exercise lecture, (a) maps and sets consideration 10 set and maps 2 discussion, chapter 7, pp. 354 exercise 5 (b) navigable maps and sets assigment (a) java sorting methods lecture, (b) selecction, insertion sort 11 sorting 1 discussion, chapter 8, pp. 375 exercise 5 (c) shell sort ecercise (d) merge sort (a) timsort lecture, (b) heapsort 12 sorting 2 discussion, chapter 8, pp. 397 exercise 15 (c) quicksort assigment (a) tree balance and rotation lecture, (b) avl tree 13 self balancing search trees discussion, chapter 9, pp. 427 exercise 5 (c) red black tree assignment (d) b tree and 24 tree (a) graph terminology (b) graph adt and edge class lecture, chapter 10, pp. 14 graphs exercise 3 (c) traversals of graphs discussion, review 489 (d) review final semester test f ppkr1"
Copy of UNI106 Pendidikan Pancasila dan Kewarganegaraan.pdf,UNI106,Pendidikan Pancasila dan Kewarganegaraan,course_description,"the pancasila and citizenship education (ppkn) course is one of the courses that will lead students to strengthen their personality and be able to consistently apply pancasila values in everyday life so that they become citizens with strong national character and vision, polite and personal personality. moral, able to think critically and analytically, and able to be proactive in responding and being a solution to a number of challenges and problems faced by the indonesian nation in the future, especially at the global level. through this course, it is hoped that students can build a strong knowledge base regarding the important role of pancasila in the life of the state, the basics of citizenship (civic knowledge), citizenship skills (civic skills), citizenship attitudes (civic disposition) and citizenship ethics (civic ethics) in respect the diversity of indonesia, be democratic and maintain the building of national unity and integrity. by obtaining well structured materials and discussions, it is hoped that students will be able to strengthen students' understanding of the country's historical, juridical, and national territorial insights, as well as provide geopolitical and geostrategic insights in efforts to develop all fields in an effort to encourage indonesia's role and excellence in participating. and realizing world peace on the basis of independence."
Copy of UNI106 Pendidikan Pancasila dan Kewarganegaraan.pdf,UNI106,Pendidikan Pancasila dan Kewarganegaraan,methods_instruction,"/metode pembelajaran teaching in the classroom uses a combination of lecture methods, case studies, class interaction through discussion, personal learning processes, and activities outside the classroom carried out by students in groups. to build a dynamic and interactive learning atmosphere in the classroom, multimedia facilities and internet networks are also used. in personal learning, the focus of activity is carried out through the method of individual reflection on lecture material associated with group activities in completing individual/group projects together. individual/group projects are presented alternately according to the time and schedule specified. students with interactive f ppkr1 learning are directed to be able to build direct interactions between them, express their personal opinions and discuss in class in reviewing real realities that occur from national problems that are relevant to lecture material every week. at the end of the lecture process, each student has the task of expressing his thoughts and ideas on the future of the nation as a reflection of the knowledge he has gained during lectures.."
Copy of UNI106 Pendidikan Pancasila dan Kewarganegaraan.pdf,UNI106,Pendidikan Pancasila dan Kewarganegaraan,course_outline,"this section should show the targeted competencies, topics, sub topics, specific method of instruction/ delivery, material references, and assessment indicators for each session. session targeted competencies topic & sub topics forms of instruction & material references assessment indicators duration (sesi) (kemampuan akhir) (materi pembelajaran) (sumber pembelajaran) (indikator penilaian) (bentuk & waktu pembelajaran) urgency and development of ppkn education  explain the educational background of ppkn in indonesia  explain the basic concepts of ppkn  t1 students are able to know in strengthening the implementation  presence  t2 the basic concepts and  introduction 10% of pancasila values and citizenship  ability to undersatand 1 frameworks of approaches  material exposure 60%  t8 orientation menjelaskan peran dan the basic concept of and theoretical deepening  30% discussion  t3 kontribusi mahasiswa dalam ppkn in citizenship courses  t5 merespon tantangan dan permasalahan bangsa melalui perspektif ppkn  state the outline and scope of ppkn lectures students are able to pancasila and the constitution understand the idea of the  the idea of the birth and birth and development of development of pancasila  t1 pancasila; the function of  review and discuss the existence of  presence  t2 pancasila as the basis of pancasila (ontological,  review of previous  understanding  t3 the state and a shield in epistemological and axiological). material 10% pancasila and the 2  t5 maintaining the integrity of  understand the position of pancasila  material exposure 60% constitution as the  t6 the nation; basic as an ethical system.  30% discussion social contract of the  t7 conception of the  the function of pancasila as the indonesian people constitution; the basis of the state and the shield can development of the maintain the integrity of the nation. indonesian constitution  the development of the idea of session targeted competencies topic & sub topics forms of instruction & material references assessment indicators duration (sesi) (kemampuan akhir) (materi pembelajaran) (sumber pembelajaran) (indikator penilaian) (bentuk & waktu pembelajaran) from time to time; and the constitutionalism. basic principles of state  explain and describe the administration contained in development of the indonesian the constitution. constitution from time to time  understand the basic principles of state administration contained in the constitution students are able to create and analyze projects, and  presence then be able to present the  understanding  case studies and project project presentation results of their projects as books, scientific articles, and other problem  national identity groups exposure 50% 3 well as discuss them with the news sources on national identity  presentation materials  kelompok wawasan  discussion 40% audience and national insight  analyzing problems kebangsaan.national insight group  10% project review  project presentations  active discussion 4 national identity and national insight students are able to  understand and have insight into the understand the concept of state/ nation state  t1 national insight (rights and  understand and have insight into  review of previous  t2  presence obligations, being a nationality and diversity material 10%  t6  understanding of citizen); national identity;  understanding and loving indonesian  material exposure 60%  t8 national identity and definition of human rights national identity  30% discussion  t3 national insight and its relation to the rule  can reflect the important role that  t5 of law; describing the must be taken in building the nation history of human rights at the global level 5 students are able to create  case studies and project and analyze projects, and project presentation books, scientific articles, and other  presence exposure 50% then be able to present the indonesian political system group news sources on national identity  understanding  discussion 40% results of their projects as goverment system group and national insight problem  10% project review well as discuss them with  presentation materials session targeted competencies topic & sub topics forms of instruction & material references assessment indicators duration (sesi) (kemampuan akhir) (materi pembelajaran) (sumber pembelajaran) (indikator penilaian) (bentuk & waktu pembelajaran) the audience  analyzing problems  project presentations  active discussion 6 indonesian political system & goverment system  understanding the political system, the mechanism of the political system process, political role, political structure, political culture, characteristics of the political system, directions, and targets of students are able to system support understand understanding  describe the dynamics in the and conception of political implementation of the political systems (political system in indonesia  t2.  presence  review of previous infrastructure and  explain and describe the definition of  t7  understanding of the material 10% superstructure); government/government in a narrow  t8 indonesian political  material exposure 60% conception of government and broad sense, systems and  t3 system and  30% discussion system in indonesia; processes of government systems,  t5 government conception of the regional especially according to the government system and its indonesian constitution. practice in indonesia  understand the local command system,  the concept of regional autonomy.  the principle of decentralization,  deconcentration, assistance tasks, local government structures,  election of regional heads, establishment of special areas, division of central and regional session targeted competencies topic & sub topics forms of instruction & material references assessment indicators duration (sesi) (kemampuan akhir) (materi pembelajaran) (sumber pembelajaran) (indikator penilaian) (bentuk & waktu pembelajaran) affairs, principles of governance 7  presence students are able to create  understanding and analyze projects, and  case studies and project project presentation books, scientific articles, and other problem then be able to present the exposure 50%  citizen groups news sources on national identity  presentation materials results of their projects as  discussion 40%  analyzing problems  human rights groups. and national insight well as discuss them with  10% project review  project presentations the audience  active discussion mid semester examination 8 citizen and human rights  definition of wn, the principle of students are able to indonesian citizenship, the special understand the concept of principle of citizenship citizenship insights (rights  explain and describe the rights and and obligations, being a obligations of citizens  t1 citizen); definition of  citizens' tax obligations.  t8  presence human rights and its  understanding of human rights and  review of previous  t3  understanding of rights relation to the rule of law; its relationship with the rule of law. material 10%  t5 and obligations as describe the history of  describe the history of human rights  material exposure 60%  t2 citizens and human human rights journey; and journey.  30% discussion  t9 rights explaining indonesian  describe the periodization of un  t6 perspective on human human rights. rights according to the  classify the types and nature of 1945 constitution and human rights, other regulations  explaining indonesian perspective on human rights according to the 1945 constitution and other regulations 9 students are able to create  presence project presentation  case studies and project books, scientific articles, and other and analyze projects, and  understanding problem  democracy group exposure 50% news sources on national identity then be able to present the  presentation materials  civil society groups  discussion 40% and national insight results of their projects as  analyzing problems session targeted competencies topic & sub topics forms of instruction & material references assessment indicators duration (sesi) (kemampuan akhir) (materi pembelajaran) (sumber pembelajaran) (indikator penilaian) (bentuk & waktu pembelajaran) well as discuss them with  10% project review  project presentations the audience  active discussion 10 democracy and civil society students are able to  definition and principles of understand the basic democracy, as weel as democratic concept of democracy; values implementation and  indonesian democracy paradigm,  t1 culture of indonesian  implementation of democracy,  review of previous  t2  presence democracy; the role and  culture of democracy and civil material 10%  t6  understanding of contribution of civil society / society. civil  material exposure 60%  t8 democracy and civil society for indonesian  democracy education  30% discussion  t3 society democracy; and the understanding, the role of the  t5 dynamics of the political infrastructure and relationship between the superstructure, state, and the pillars of  have a democratic attitude and democracy behavior 11 students are able to create  presence and analyze projects, and  understanding problem presentasi project  case studies 50% books, scientific articles, and other then be able to present the  presentation materials  country region groups  diskusi 40% news sources on national identity results of their projects as  analyzing problems  geopol/geostrategy group..  review project 10% and national insight well as discuss them with  project presentations the audience  active discussion 12 students are able to state territory and geopolitics understand the dynamics geostrategy and archipelago insight  presence of the territorial  the synamics of regional  review of previous  understanding of the development of the development in indonesia material 10%  t1 country's territory, indonesian state;  explaining the conception and  material exposure 60%  t2 geopol, geostra and territorial conception territorial integrity based on the  30% discussion wanus based on juanda 1957 djuanda declaration, the declaration, archipelagic principle of an archipelagic state, and session targeted competencies topic & sub topics forms of instruction & material references assessment indicators duration (sesi) (kemampuan akhir) (materi pembelajaran) (sumber pembelajaran) (indikator penilaian) (bentuk & waktu pembelajaran) state, and zee; state the zee sovereignty in a territorial  state sovereignty in a territorial perspective; basic perspective, conception of geopolitics  understanding and background of and geostrategy; indonesian geopolitics and application of geopolitical geostrategy, and geostrategic concepts  describe the application of for the indonesian people; geopolitics and geostrategy in and the basic conception of development wanus  national insight of a nation, wanus philosophical background  the nature, principle, direction of view, position, function, purpose and implementation of the wanus 13 students are able to create  presence and analyze projects, and  case studies and project  understanding problem project presentations books, scientific articles, and other then be able to present the exposure 50%  presentation materials  archipelago insights group; news sources on national identity results of their projects as  discussion 40%  analyzing problems  national defense group. and national insight well as discuss them with  project presentations  10% project review the audience  active discussion 14 national defense awareness specific sub topics  presence students are able to  the importance of the relationship of  knowledge of taxes and  t1 analyze the role of taxes citizens with the obligation to defend  review all previous anti corruption as part  t2 for development and anti the state material 10% of defending the  t10 corruption behavior, and  anti corruption and state defense  material exposure 60% country  t9  contribution to defend other roles, as a form of  tax and state defense  discussion 40%  t5 the country state defense  describe the role of citizens to contribute in defending the country.  review the material as a whole session targeted competencies topic & sub topics forms of instruction & material references assessment indicators duration (sesi) (kemampuan akhir) (materi pembelajaran) (sumber pembelajaran) (indikator penilaian) (bentuk & waktu pembelajaran) final examination form rancangan tugas mahasiswa (rtm) f ehb 02 universitas bakrie no form f ehb 02 fakultas ftik tgl form 23 feb 2022 program studi information system revform  periode 20211 pendidikan kewarganegaraan dan pancasila/ pancasila"
Copy of FTK161 Statistika.pdf,FTK161,Statistika,course_description,"deskripsi matakuliah describe subject matter, approach, breadth, and applicability of the course. [penjelasan ini biasanya merujuk pada garis garis besar program pengajaran yang terkait dengan kurikulum]"
Copy of FTK161 Statistika.pdf,FTK161,Statistika,course_objectives,"sasaran kompetensi lulusan yang dibebankan pada matakuliah upon completion of this course the student should be able to  collect, organize, present, analyze and interpret data using numerical measures and graphical presentation  students are expected to be able to understand probability  students are expected to be able to understand discrete random variables  students are expected to be able to understand discrete random variables (cont) and continuous random variables"
Copy of FTK161 Statistika.pdf,FTK161,Statistika,methods_instruction,"metode pembelajaran cooperative learning, problem based learning, model contextual learning, metode quantum teaching, tutorials, discussions, lectures, case studies. students are expected to have read the material before class."
Copy of FTK161 Statistika.pdf,FTK161,Statistika,course_outline,"this section should show the targeted competencies, topics, sub topics, specific method of instruction/ delivery, material references, and assessment session targeted competencies topic & sub topics forms of instruction & duration material references assessment indicators (sesi) (kemampuan akhir) (materi pembelajaran) (bentuk & waktu pembelajaran) (sumber pembelajaran) (indikator penilaian) students are expected topic statistics, data, and cooperative learning, problem chapter 1  planning a learning program statistical thinking to be able to based learning, model page 2 25  perform the specific sub topics understand statistics, contextual learning, metode assessment of the science of data, and statistical quantum teaching, tutorials, learning outcomes statistics thinking  discussions, lectures, case complete the 1 types of statistical teaching program studies application on schedule fundamentals  able to manage elements of statistics teaching and types of data learning collecting data interactions students are expected chapter 2  planning a topic methods for learning program page 24 50 to be able to describing sets of  perform the cooperative learning, understand methods assessment of data problem based learning, learning outcomes for describing sets of specific sub topics model contextual learning,  complete the 2 data describing metode quantum teaching, teaching program qualitative data on schedule tutorials, discussions, graphical methods  able to manage lectures, case studies for describing teaching and quantitative data learning interactions students are expected to topic methods for chapter 2  planning a cooperative learning, learning program be able to understand describing sets of page 51 67 problem based learning, 3  perform the methods for describing data (cont) model contextual learning, assessment of sets of data (cont) specific sub topics f ppkr1 syllabus (rencana pembelajaran semester) [kode mata kuliah] pg. 4/9 session targeted competencies topic & sub topics forms of instruction & duration material references assessment indicators (sesi) (kemampuan akhir) (materi pembelajaran) (bentuk & waktu pembelajaran) (sumber pembelajaran) (indikator penilaian) numerical measures metode quantum teaching, learning outcomes  of central tendency complete the tutorials, discussions, teaching program numerical measures lectures, case studies on schedule of variability  able to manage teaching and learning interactions 4 students are expected to topic methods for cooperative learning, chapter 2  planning a learning program be able to understand describing sets of problem based learning, page 68 111  perform the methods for describing data (cont) model contextual learning, assessment of sets of data (cont) specific sub topics metode quantum teaching, learning outcomes interpreting the tutorials, discussions,  complete the strandard deviation) lectures, case studies teaching program numerical measures on schedule of relative standing  able to manage methods for teaching and detecting outliers learning graphing bivariate interactions relationship distorting the thruth with descriptive techniques 5 students are expected to topic probability cooperative learning, chapter 3  planning a learning program be able to understand specific sub topics problem based learning, page 112 131  perform the probability events, sample model contextual learning, assessment of spaces and metode quantum teaching, learning outcomes probability tutorials, discussions,  complete the unions and lectures, case studies teaching program f ppkr1 syllabus (rencana pembelajaran semester) [kode mata kuliah] pg. 5/9 session targeted competencies topic & sub topics forms of instruction & duration material references assessment indicators (sesi) (kemampuan akhir) (materi pembelajaran) (bentuk & waktu pembelajaran) (sumber pembelajaran) (indikator penilaian) intersections on schedule  complementary able to manage teaching and events learning interactions 6 students are expected to topic probability (cont) cooperative learning, chapter 3  planning a learning program be able to understand specific sub topics problem based learning, page 132 153  perform the probability (cont) the additive rule model contextual learning, assessment of and mutually metode quantum teaching, learning outcomes exclusive events tutorials, discussions,  complete the conditional lectures, case studies teaching program probability on schedule the multiplicative  able to manage rule and teaching and independent events learning interactions 7 students are expected to topic probability (cont) cooperative learning, chapter 3  planning a learning program be able to understand specific sub topics problem based learning, page 154 179  perform the probability (cont) random sampling model contextual learning, assessment of some countries rule metode quantum teaching, learning outcomes baye’s rule tutorials, discussions,  complete the lectures, case studies teaching program on schedule  able to manage teaching and learning interactions mid semester examination f ppkr1 syllabus (rencana pembelajaran semester) [kode mata kuliah] pg. 6/9 session targeted competencies topic & sub topics forms of instruction & duration material references assessment indicators (sesi) (kemampuan akhir) (materi pembelajaran) (bentuk & waktu pembelajaran) (sumber pembelajaran) (indikator penilaian) 8 students are expected to topic discrete random cooperative learning,  planning a learning program be able to understand variables problem based learning,  perform the discrete random variables specific sub topics model contextual learning, assessment of two types of metode quantum teaching, learning outcomes random variables tutorials, discussions,  complete the probability lectures, case studies teaching program distribbutions for on schedule discrete random  able to manage variablesx teaching and expected values of learning interactions discrete random variables 9 students are expected to topic discrete random cooperative learning, chapter 4  planning a learning program be able to understand variables (cont) problem based learning, page 196 216  perform the discrete random variables specific sub topics model contextual learning, assessment of (cont) events, sample metode quantum teaching, learning outcomes spaces and tutorials, discussions,  complete the probability lectures, case studies teaching program unions and on schedule intersections  able to manage complementary teaching and events learning interactions specific sub topics events, sample spaces and probability f ppkr1 syllabus (rencana pembelajaran semester) [kode mata kuliah] pg. 7/9 session targeted competencies topic & sub topics forms of instruction & duration material references assessment indicators (sesi) (kemampuan akhir) (materi pembelajaran) (bentuk & waktu pembelajaran) (sumber pembelajaran) (indikator penilaian) unions and intersections complementary events 10 students are expected to topic discrete random cooperative learning, chapter 4  planning a learning program be able to understand variables (cont) and problem based learning, page 216 225  perform the discrete random variables continuous random model contextual learning, chapter 5 assessment of (cont) and continuous variables metode quantum teaching, page 226 233 learning outcomes random variables specific sub topics tutorials, discussions,  complete the the hypergeometric lectures, case studies teaching program random variable on schedule conyinuos  able to manage probability teaching and distribution learning the uniform interactions distribution 11 students are expected to topic continuous cooperative learning, chapter 5  planning a learning program be able to understand random variables problem based learning, page 233 249  perform the continuous random (cont) model contextual learning, assessment of variables specific sub topics metode quantum teaching, learning outcomes the normal tutorials, discussions,  complete the distribution lectures, case studies teaching program descriptive methods on schedule for assessing  able to manage normality teaching and learning interactions f ppkr1 syllabus (rencana pembelajaran semester) [kode mata kuliah] pg. 8/9 session targeted competencies topic & sub topics forms of instruction & duration material references assessment indicators (sesi) (kemampuan akhir) (materi pembelajaran) (bentuk & waktu pembelajaran) (sumber pembelajaran) (indikator penilaian) 12 students are expected to topic sampling cooperative learning, chapter 6  planning a learning program be able to understand distribution problem based learning, page 276 284  perform the sampling distribution specific sub topics model contextual learning, assessment of the concept of metode quantum teaching, learning outcomes sampling tutorials, discussions,  complete the distribution lectures, case studies teaching program on schedule  able to manage teaching and learning interactions 13 students are expected to topic sampling chapter 6  planning a learning program be able to understand distribution (cont) cooperative learning, page 284 288  perform the sampling distribution specific sub topics problem based learning, assessment of (cont) properties of model contextual learning, learning outcomes sampling metode quantum teaching,  complete the distribution tutorials, discussions, teaching program unbiasedness and lectures, case studies on schedule minimum variance able to manage teaching and learning interactions 14 students are expected to topic sampling cooperative learning, chapter 6  planning a learning program be able to understand distribution (cont) problem based learning, page 288  perform the sampling distribution specific sub topics model contextual learning, assessment of (cont)  the sampling metode quantum teaching, learning outcomes distribution of x and tutorials, discussions,  complete the the central limit lectures, case studies teaching program theorem on schedule  able to manage f ppkr1 syllabus (rencana pembelajaran semester) [kode mata kuliah] pg. 9/9 session targeted competencies topic & sub topics forms of instruction & duration material references assessment indicators (sesi) (kemampuan akhir) (materi pembelajaran) (bentuk & waktu pembelajaran) (sumber pembelajaran) (indikator penilaian) teaching and learning interactions final examination f ppkr1"
Copy of TIF207 Data Communication.pdf,TIF207,Data Communication,course_description,"this course presents a comprehensive overview of data communications. it is based on the bottom up approach to data communications. the course emphasizes data communications concepts as outlined by the 7 layer open system interconnection (osi). this course introduces the architecture, structure, func tions, components, and models of data communication network including computer network, internet, and mobile. the principles and structure of ip addressing and the fundamentals of ethernet concepts, media, and operations are introduced to provide a foundation for the curriculum."
Copy of TIF207 Data Communication.pdf,TIF207,Data Communication,course_objectives,"upon completion of this course, the student should be able to  understand the fundamentals of data communications. evaluate and apply formulae to practical communication problems concerning bandwidth, noise and symbols. understand the different media available to support data communications. understand the role of the various protocols in facilitating the transfer of data across a communi cation network. appreciate the role of the iso seven layer model which attempts to standardise communication the above mentioned objectives should be aligned into the following competences a. knowledge (information plus understanding) a.historical and general knowledge on data communications a.fundamentals of data communications reference model, standardisation, network topologies, network technologies and methods a.understand the physical layer aspects of data communications a.understand the data link layer aspects of data communications a.understand the network layer aspects of data communications a.understand the transport layer aspects of data communications a.understand the application layer aspects of data communications a.performance issues of data networking f ppkr1 rps tif207 (rencana pembelajaran semester) a.security issues of computer/data networking b. skills (application of knowledge) b.recognize and apply various networking technologies for different purposes b.identify different medium for computer networking b.detect and correct bit error in data communications b.identify different methods of addressing in data communications and use it for various purposes including routing b.identify quality of service aspect and performance issues b.identify and use different application services over data communications b.identify and use different methods of security protocol in data communications c. values and attitudes c.appreciate the value of fundamental data communications and its usage c.develop an understanding of various methods and techniques used in data communication and networking c.develop basic skill of analysis and problem solving through the application of data communi cation"
Copy of TIF207 Data Communication.pdf,TIF207,Data Communication,methods_instruction,"the course is delivered as a class based course. classroom instruction consists of lectures and practical problem solving, supplemented by visual aids designed to assist the student to successfully meet the course’s learning objectives. it is imperative that students take an active interest in the course. to succeed in this course, students must read, think, and write in a critical and analytical manner and this takes time and practice. such practice can only be achieved by working theoretical and practical exercises. when troubles arise, and they will, the student must ask questions which may be directed to the instructor or other students in a variety of ways. students are also encouraged to work together on problem sets as part of their exercises. however, individual must ultimately demonstrate the understanding of the material by writing up his/her own solutions without the help of other students or their written work. on average students need to spend, at least, 6 hours of study and preparation per week for this course."
Copy of TIF207 Data Communication.pdf,TIF207,Data Communication,course_outline,"this section should show the targeted competencies, topics, sub topics, specific method of instruction/ delivery, material references, and assessment indicators for each session. the targeted competencies refer to the list of competencies given in the course objectives section. targeted topics & sub topics methods references assignment ses compe sion tencies introduction to data communications (a) introduction to data communications [1] ch.1, (b) historical review of computer net a.,b., lecture, [2] ch.1, probs 1, 1, 2, working 1 c.discussion [2] ch.2, 3, 4, 5 (c) computer networking hardware [2] ch.3 (d) computer networking software (e) network architecture fundamental of communication (a) reference model [2] ch.1 [2] ch.4, [1] ch. 2 (b) standardisation [2] ch.6, [1] ch.1 (c) network topologies [1] ch.1 a.,a., probs 1, 2, lecture, [2] ch.1 (d) data communication basics 2 b.,b., 3, 4, 5, 6, [2] ch.1 discussion c.(e) packet based data communication [1] ch.1 7, 8, 9 [2] ch.1,3, (f) circuit switched vs packet switched 4 (g) message switching datagram, virtual [2] ch.3,4 circuit (h) connection vs connectionless oriented wired/wireless communication network a.,a., (a) wired based communications lecture, [1] ch.1 3 probs 1, 2, 3 b.,c.discussion [1] ch.2 (b) wireless communication (c) examples of communication networks data link layer basics [2] ch.3 (a) data link layer basics [1] ch.1, 2, [2] a.,b., lecture, ch.2 probs 1, 2, (b) encoding, framing 4 c.,c.discussion [2] ch.2, [1] ch.10, 3, 4 (c) error detection, error correction, reli 2 able transmission [2] ch.4 (d) sliding windows channel allocation [2] ch.2, [1] same as (a) channel allocation lecture, 5 ch.1 probs 1, 2, 3 above discussion (b) multiple access protocols [2] ch.3 (c) ethernet network layer [1] ch.19, 20, 21, 22 [2] ch.2, [1] (a) network layer a.,b., lecture, ch.1, 2, 1 probs 1, 2, 6 (b) network layer addressing [2] ch.1,2 [1] c.,c.discussion 3, 4 ch.1, ch.2 (c) ipv4 and ipv6 [2] ch.1, [1] (d) routing algorithm ch.3, 22,4 spanning tree and intra/interdomain routing protocols [2] ch.7 same as discussion, 7 [1] ch.3 probs 1, 2, 3 (a) spanning tree above quiz [2] ch.2 (b) intra/inter domain routing protocols (c) cidr mid semester test f ppkr1 rps tif207 (rencana pembelajaran semester) internet protocol and quality of services same as (a) internet protocol (ip) lecture, [2] ch.4 [1] 8 probs 1, 2, 3 above discussion ch.5, 6, 9 (b) quality of services (c) congestion control end to end protocol, data presentation [1] ch.1, 1 a.,b., (a) end to end protocol lecture, 9 [2] ch.2 [1] probs 1, 2, 3 c.,c.discussion (b) data presentation ch.2 (c) compresion transport services and protocol same as 10 discussion [2] ch.6 , [1] ch.23 probs 1, 2 (a) transport services above (b) transport protocol udp, tcp and performance issues [2] ch. 4, [1] same as ch.2 (a) udp probs 1, 2, 11 above discussion [2] ch.5, [1] 3 (b) tcp + a.ch.2, 4 (c) performance issues [2] ch.6 application services (dns, e mail, www) [2] ch.1, [1] ch.25 (a) dns [2] ch.2, [1] ch.2 a.,b., (b) email lecture, [2] ch.3 [1] ch.1, probs 1, 2, 12 2 c.,c.discussion 3, 4, 5 (c) www [2] ch.4, [1] ch.1 [2] ch.3, [1] (d) multimedia ch.3, 4 (e) streaming wireless and wimax a.,a., (a) wireless networking lecture, [2] ch.4 probs 1, 2, 13 b., discussion, [2] ch.4 (b) security 3, 4 c.,c.quiz [2] ch.5 (c) wireless broadband (d) wimax network and internet security (a) network security basic [2] ch.8, [1] ch.31 (b) cryptography [2] ch.1, [1] ch.30 (c) symmetric key algorithm [2] ch.2, [1] ch.2 probs 1, 2, a.,b., discussion, [2] ch.3, [1] ch.7 14 3, 4, 5, (d) public key infrastructure c.,c.quiz [1] ch. 32 6, 7, 8 (e) internet security [1] ch.1 [1] ch.3 (f) ipsec [1] ch.4 (g) pgp (h) firewalls final semester test f ppkr1"
Copy of TIF203 Sistem Digital.pdf,TIF203,Sistem Digital,course_description,"this course will cover the fundamental digital design digital system and binary numbers, boolean algebra and logic gates, gate level minimization, combinational logic, synchronous sequential logic, reg ister and counters, memory and programmable logic, design at the register transfer level, asynchronous sequential logic, digital integrated circuit, and standar graphic symbols."
Copy of TIF203 Sistem Digital.pdf,TIF203,Sistem Digital,course_objectives,"the objective of the course is to explain how digital circuit of large complexity can be built in a method ological way, starting from boolean logic and applying a set of rigorous techniques. numerous examples and case studies will be used to illustrate how the concepts presented in the lectures are applied in prac tice, and how the need to accommodate di↵erent practically motivated trade o↵s can lead to alternative implementations. the students will apply their knowledge in the theory and labs by building increasingly more complex digital logic circuits. the specific course outcomes supporting the program outcomes are students should be able to solve basic binary math operations using the logic gates. students should be able to demonstrate programming proficiency using the various logical elements to design practically motivated logical units. students should be able to design di↵erent units that are elements of typical computer’s lab. students should be able to apply knowledge of the logic design course to solve problems of designing of control units of di↵erent input/output devices. students should be able to wiring di↵erent logical elements, to analyze and demonstrate timing diagrams of the units modeled. students should be able to design electrical circuitry using logical elements realized on the base of di↵erent technologies."
Copy of TIF203 Sistem Digital.pdf,TIF203,Sistem Digital,methods_instruction,"classroom instruction consists of lectures and practical problem solving, supplemented by visual aids designed to assist the student to successfully meet the course’s learning objectives. f ppkr1 syllabus tif203 / tif31 (rencana pembelajaran semester)"
Copy of TIF203 Sistem Digital.pdf,TIF203,Sistem Digital,course_outline,"this section should show the targeted competencies, topics, sub topics, specific method of instruction/ delivery, material references, and assessment indicators for each session. session targeted competencies topics & sub topics methods references assignment (a) digital systems (b) binary numbers introduction, exercise 3 & 9, 1 introduction digital design chapter 1, p. 1 (c) number base conversions lecture, discussion p. 32 (d) octal and hexadecimal numbers (a) complements (b) signed binary numbers lecture, exercise 14 (c) binary codes 2 digital systems and binary numbers discussion, chapter 1, p. 9 16, p. 32 (d) binary storage and registers exercise (e) binary logic (a) introduction (b) basic definition (c) axiomatic definition of boolean alge lecture, exercise 2 3, bra 3 boolean algebra and logic gates 1 discussion, chapter 2, p. 36 p. 66 (d) basic theorems and properties of exercise boolean algebra (e) boolean functions (a) canonical and standard forms lecture, (b) other logic operations exercise 17 4 boolean algebra and logic gates 2 discussion, chapter 2, p. 48 (c) digital logic gates 18, p. 67 assignment (d) integrated circuit (a) introductions (b) the map method lecture, exercise 1 2, (c) four variable map 5 gate level minimization 1 discussion, chapter 3, p. 70 p. 116 (d) five variable map exercise (e) product of sums simplification (a) don’t care conditions (b) nand and nor implementation lecture, exercise 10 (c) other two level implementations 6 gate level minimization 2 discussion, chapter 3, p. 86 11, p. 117 (d) exclusive or function 101 assignment (e) hardware description language f ppkr1 (rencana pembelajaran semester) page 4/5 syllabus tif203 / tif31 (a) introduction (b) combinational circuit (c) analysis procedure (d) design procedure (e) binary adder subtractor (f) decimal adder lecture, exercise 1 2, 7 combinational logic (g) binary multiplier chapter 4, p. 122 discussion, review p. 175 (h) magnitude comparator (i) decoders (j) encoders (k) multiplexers (l) hdl models of combinational cir cuits mid semester test (a) introduction (b) sequential circuits (c) storage elements latches (d) storage elements flip flops lecture, (e) analysis of clocked sequential cir exercise 6, p. 8 synchronous sequential logic discussion, chapter 5, p. 182 cuits 235 exercise (f) synthesizable hdl models of sequen tial circuits (g) state reduction and assignment (h) design procedure (a) registers (b) shift registers lecture, (c) ripple counters exercise 2, p. 9 registers and counters discussion, chapter 6, p. 242 (d) synchronous counters 278 exercise (e) other counters (f) hdl for registers and counters (a) introduction (b) random access memory (c) memory decoding lecture, (d) error detection and correction exercise 1, p. 10 memory and programmable logic discussion, chapter 7, p. 284 (e) read only memory 329 assigment (f) programmable logic array (g) programmable array logic (h) sequential programmable devices f ppkr1 (rencana pembelajaran semester) page 5/5 syllabus tif203 / tif31 (a) introduction (b) register transfer level (rtl) nota tion (c) register transfer level in hdl (d) algorithmic state machines (asms) (e) design example (f) hdl description of design example lecture, exercise 1, p. 11 design at the register transfer level discussion, chapter 8, p. 334 (g) sequential binary multiplier 405 ecercise (h) control logic (i) hdl description of binary multiplier (j) design with multiplexers (k) race free design (l) latch free design (m) other language features (a) introduction (b) analysis procedure (c) circuits with latches lecture, (d) design procedure exercise 2, p. 12 asynchronous sequential logic discussion, chapter 9, p. 415 (e) reduction of state and flow tables 463 assigment (f) race free state assignment (g) hazards (h) design example (a) introduction (b) special characteristic (c) bipolar transistor characteristic (d) rtl and dtl circuits lecture, (e) transistor transistor logic exercise 1, p. 13 digital integrated circuits discussion, chapter 10, p. 471 (f) emitter coupled logic 508 assignment (g) metal oxide semiconductor (h) complementary mos (i) cmos transmission gate circuits (j) switch level modeling with hdl (a) rectangular shape symbols (b) qualifying symbols (c) dependency notation lecture, exercise 2, p. 14 standard graphic symbols (d) symbols for combinational elements chapter 12, p. 559 discussion, review 576 (e) symbols for flip flops (f) symbols for registers 7 symbols for counters 8 symbol for ram final semester test f ppkr1"
Copy of TIF206 Sistem Operasi.pdf,TIF206,Sistem Operasi,course_description,"this lecture will discuss the concepts, structure and mechanisms of operating systems. it also presents, as clearly and completely as possible, the nature and characteristics of modern day operating systems. the topics will cover the overview of computer and operating systems, processes, memory, scheduling, input/output and files, embedded systems, computer security and distributed systems."
Copy of TIF206 Sistem Operasi.pdf,TIF206,Sistem Operasi,course_objectives,"upon completion of this course, the student should be able to (cid 136) understand the concepts, structure, and mechanisms of operating systems. (cid 136) present, as clearly as possible, the nature and characteristics of modern day operating systems. (cid 136) have knowledge on processes. (cid 136) have knowledge on memory. (cid 136) have knowledge on scheduling. (cid 136) have knowledge on input/output and files. (cid 136) have knowledge on embedded systems. (cid 136) have knowledge on computer security. (cid 136) have knowledge on distributed systems."
Copy of TIF206 Sistem Operasi.pdf,TIF206,Sistem Operasi,methods_instruction,"classroom instruction consists of lectures and practical problem solving, supplemented by visual aids designed to assist the student to successfully meet the course’s learning objectives. it is imperative that students take an active interest in the course. to succeed in this course, students must read, think, and write in a critical and analytical manner and this takes time and practice. such practice can only be achieved by working exercises. when troubles arise, and they will, the student must ask questions which may be directed to the instructor or other students in a variety of ways. students are also encouraged to work together on problem sets as part of their exercises. however, individual must ultimately demonstrate the understanding of the material by writing up his/her own solutions without the help of other students or their written work. on average students need to spend, at least, 6 hours of study and preparation per week for this course. f ppkr1 syllabus tif206 (rencana pembelajaran semester)"
Copy of TIF206 Sistem Operasi.pdf,TIF206,Sistem Operasi,course_outline,"session topics & sub topics methods references assignment introduction (a) what is an operating systems (b) history of operating systems (1) chapter 1, (c) computer hardware and system pp. 1 80 overview (2) chapter 1, (d) the operating systems zoo pp. 7 39 lecture, working group 1 (e) operating system concepts, ob (2) chapter 2, discussion forming jectives and functions pp.46 48 (f) system calls (4) chapter 1, pp.1 19 (g) operating system structure (6) chapter 1 (h) the world according to c (i) getting started with redhat en terprise linux f ppkr1 syllabus tif206 (rencana pembelajaran semester) processes and threads (a) processes (1) chapter 2, (b) threads, multicore and multi pp. 85 173 threading (2) chapter 4, (c) interprocess communication pp. 171 175 (d) scheduling 1st working lecture, (2) chapter 9 & 2 group (e) uniprocessor scheduling discussion 10, pp. 395 469 presentation (f) multiprocessor and realtime (3) chapter 4 & scheduling 4, pp. 50 52, (g) classical ipc problems 117 175 (6) chapter 2 (h) concurrency mutual exclusion and synchronization (i) accessing the command line memory management (1)chapter 3, pp. (a) no memory abstraction 181 253 (b) a memory abstraction address (2) chapter 7, spaces pp. 305 391 (c) virtual memory lecture, (3) chapter 6 & 3 1st lab session (d) page replacement algorithms discussion 6, pp. 60 63, (e) design issues for paging systems 266 355 (f) implementation issues (4) chapter 5, pp. 81 229 (g) segmentation (6) chapter 3 (h) managing files from the command line file systems (1) chapter 4, (a) files pp. 263 332 (2) chapter 12, (b) directories 2nd working pp. 520 571 (c) file system implementation lecture, group 4 (3) chapter 9 & (d) file system management and op discussion presentation, 2nd 10, pp. 506 641 timization lab session (4) chapter 17, (e) example file systems pp. 399 419 (f) getting help in redhat enterprise (6) chapter 4 linux input/output (a) principles of i/o hardware (1) chapter 5, (b) principles of i/o software pp. 337 428 (c) i/o software layers (2) chapter 11, 3rd working (d) disks pp. 474 517 lecture, group 5 (e) clocks (3) chapter 7, discussion presentation, 3rd (f) user interfaces keyboard, mouse, pp. 372 414 lab session monitor (4) chapter 13, pp. 307 331 (g) thin client (6) chapter 5 (h) power management (i) creating, viewing and editing text files deadlocks (1) chapter 6, (a) resources pp. 435 464 (b) introduction to deadlocks (2) chapter 6, 4th working (c) the ostrich algorithm pp. 258 298 lecture, group 6 (3) chapter 4, (d) deadlock detection and recovery discussion presentation, 4th pp. 142 143 (e) deadlock avoidance lab session (4) chapter 5, (f) deadlock prevention pp. 111 112 (g) other issues (6) chapter 6 (h) managing local users and groups virtualization and the cloud (a) history (b) requirement for virtualization (c) type 1 and type 2 hypervisors (d) techniques for efficient virtualiza tion (e) are hypervisors microkernels done right ? (1) chapter 7, lecture, quiz in class, 7 pp. 471 512 (f) memory virtualization discussion 5th lab session (6) chapter 7 (g) i/o virtualization (h) virtual appliances (i) virtual machines on multicore cpus (j) licensing issues (k) clouds (l) case study vmware (m) controlling access to files mid semester test multiple processor systems 5th working (a) multiprocessors (1) chapter 8, lecture, group (b) multicomputers 8 pp. 517 588 discussion presentation, 6th (c) distributed systems (6) chapter 8 lab session (d) monitoring and managing linux processes f ppkr1 syllabus tif206 (rencana pembelajaran semester) security (a) the security environment (1) chapter 9, (b) operating systems security pp. 593 704 (c) controlling access to resources (2) chapter 14 & (d) formal models of secure systems 6th working 15, pp. 607 674 (e) basics of cryptography lecture, group 9 (3) chapter 5, discussion presentation, 7th (f) authentication pp. 183 265 lab session (g) exploiting software (4) chapter 21, (h) insider attacks pp. 511 520 (6) chapter 9 (i) malware and threats (j) defenses and security techniques (k) controlling services and daemons case study 1 unix, linux and android (a) history of unix and linux (1) chapter 10, (b) overview of linux pp. 713 848 (c) processes in linux (3) chapter 2, 7th working (d) memory management in linux lecture, pp. 44 79 group 10 (e) input/output in linux discussion (5) chapter 2, presentation, 8th (f) the linux file system pp. 44 46 lab session (g) security in linux (6) chapter 10, (h) android 15 (i) configuring and securing ssh (j) accessing linux file systems case study 2 microsoftfi windows(cid 151)8 (a) history of windows through win dows 1 (b) programming windows (c) system structure 8th working (d) processes and threads in windows (1) chapter 11, lecture, group 11 pp. 857 975 (e) memory management discussion presentation, 9th (6) chapter 11 (f) caching in windows lab session (g) input/output in windows (h) the windows nt file system (i) windows power management (j) security in windows 8 (k) analyzing and storing logs operating system design (a) the nature of the design problem (b) interface design 9th working (1) chapter 12, (c) implementation lecture, group 12 pp. 981 1027 (d) performance discussion presentation, (6) chapter 12 (e) project management 10th lab session (f) trends in operating system de sign (g) managing networking embedded systems (2) chapter 13, (a) embedded operating systems pp. 573 604 (b) raspbian lecture, (1) chapter 13 11th lab session (c) arduino discussion6, pp. 1026 (d) archiving and transferring files (6) chapter 13, (e) installing and updating software 14 packages distributed systems (a) distributed processing (2) chapter 16, (b) client/server in distributed sys pp. 677 708 tems lecture, (4) chapter 22, quiz in class, 14 discussion pp. 537 550 12th lab session (c) clusters in distributed systems (6) chapter 16, (d) analyzing servers and getting 17 support (e) comprehensive review final semester test f ppkr1"
Copy of FTK203 Sistem Basis Data.pdf,FTK203,Sistem Basis Data,course_description,general description this course covers the basic concepts involved in database design and implementa tion. requirements having a working knowledge of computer concepts and terminology is required. it is helpful that the student have knowledge of at least on data structure
Copy of FTK203 Sistem Basis Data.pdf,FTK203,Sistem Basis Data,course_objectives,"upon completion of this course, the students are expected  to explain the basic concept of database system; to explain the basic concept of database architecture system and its applications; to explain the main concept of transaction and concurrency control in database system to design conceptual, logical and physical database system based on the given case using two difference approaches; to apply the concept of relational model to the structure query language (sql) ; to apply the concept of relational model to the advanced structure query language (sql); to create a relational database system using relational database management system (rdbms);"
Copy of FTK203 Sistem Basis Data.pdf,FTK203,Sistem Basis Data,methods_instruction,"classroom instruction consists of lectures and practical problem solving, supplemented by visual aids designed to assist the student to successfully meet the courses learning objectives. it is imperative that students take an active interest in the course. to succeed in this course, students must read, think, and write in a critical and analytical manner and this takes time and practice. such practice can only be achieved by working exercises. when troubles arise, and they will, the student must ask questions which may be directed to the instructor or other students in a variety of ways. students are also encouraged to work individually as well together on problem sets as part of their exercises. however, individual must ultimately demonstrate the understanding of the substantial by writing up his/her own solutions. moreover, there will be a workshop/ class assignment and presentation both in written and oral manner in order to evaluate the students level of knowledge and skills on this course. mid test is conducted in order to evaluate the students level of knowledge and skills on this course. and, the final test is conducted by students as a group project. the teaching method used is student centered learning. by implementing this method, the students are engaged to solve the given problems or questions in a small group discussion. the student can also retrieve the lecture notes through on line course management system. f ppkr1 syllabus ftk203 (rencana pembelajaran semester)"
Copy of FTK203 Sistem Basis Data.pdf,FTK203,Sistem Basis Data,course_outline,"this section should show the targeted competencies, topics, sub topics, specific method of instruction/ delivery, material references, and assessment indicators for each session. session targeted competencies topics & sub topics methods references assignment course introduction and introduction to dbms (a) students are able to understand the need for databases (b) students are able to understand the concept of data models understanding, analytical thinking and (c) students are able to understand the lecture and exercise [1] 1 [1] chapter 1 programming for session 1 concept of relational databases discussion chapter 1 (d) students are able to understand the purpose of database design (e) students are able to understand the core component of database systems storage manager, query processing and transaction manager the database system conceptual design enhanced entity relationship modeling part 1 (a) students are able to understand the database design process understanding, analytical thinking and lecture and exercise [1] 2 [1] chapter 6 (b) students are able to understand the programming for session 2 discussion chapter 6 main concept of db modeling (c) students are able to understand the constraints in designing process (d) students are able to create the concep tual database model e r diagram the database system conceptual design enhanced entity relationship modeling part 2 (a) students are able to understand the database design process exercise [1] understanding, analytical thinking and lecture, discussion [1] chapter 6; [3] 3 chapter 6; [3] (b) students are able to understand the programming for session 3 and lab activities chapter 1 chapter 1 main concept of db modeling (c) students are able to understand the constraints in designing process (d) students are able to create the concep tual database model e r diagram the database system physical design and normalization (a) students are able to understand the ecercise [1] understanding, analytical thinking and main concept of normalization. lecture, discussion [1] chapter 7; [3] 4 chapter 7; [3] programming for session 4 and lab activities chapter 2 (b) students are able to understand the chapter 2 design process of normalization. (c) students are able to create a physical database from a database design. f ppkr1 (rencana pembelajaran semester) page 4/5 syllabus ftk203 relational algebra and relational calculus (a) students are able to understand the main concept of relational algebra exercise [1] (ra) understanding, analytical thinking and lecture, discussion [1] chapter 5; [3] 5 chapter 5; [3] (b) students are able to understand the programming for session 5 and lab activities chapter 3 chapter 3 main concept of relational calculus (rc) (c) students are able to demonstrate writ ing a query of ra and rc intro to structured query language (sql) data manipulation language (dml) part 1 (a) students are able to understand the exercise [1] understanding, analytical thinking and lecture, discussion [1] chapter 3 and main concept of structured query lan 6 chapter 3 and 4; programming for session 6 and lab activities 4; [3] chapter 4 guage (sql) [3] chapter 4 (b) students are able to demonstrate writ ing sql queries (ddl data defini tion language) intro to structured query language (sql) data manipulation language (dml) part 2 (a) students are able to understand the exercise [1] understanding, analytical thinking and lecture, discussion [1] chapter 3 and main concept of structured query lan 7 chapter 3 and 4; programming for session 7 and lab activities 4; [3] chapter 5 guage (sql) [3] chapter 5 (b) students are able to demonstrate writ ing sql queries (ddl data defini tion language) mid semester test advanced structured query language (sql) data manipulation language (dml) part 1 (a) students are able to understand the understanding, analytical thinking and lecture and [1] chapter 11 and exercise [1] main concept of structured query lan 8 programming for session 8 discussion 12 chapter 11 and 12 guage (sql) (b) students are able to demonstrate writ ing sql queries (join, view and transaction) advanced structured query language (sql) data manipulation language (dml) part 2 (a) students are able to understand the exercise [1] understanding, analytical thinking and lecture, discussion [1] chapter 11 and main concept of structured query lan 9 chapter 11 and 12; programming for session 9 and lab activities 12; [3] chapter 6 guage (sql) [3] chapter 6 (b) students are able to demonstrate writ ing sql queries (function, procedure and trigger) database system architectures (a) students are able to understand the exercise [1] understanding, analytical thinking and lecture, discussion [1] chapter 17; [3] main concept of db architecture 10 chapter 17; [3] programming for session 10 and lab activities chapter 7 (b) students are able to demonstrate cre chapter 7 ating an architecture of database sys tem for a modern application f ppkr1 (rencana pembelajaran semester) page 5/5 syllabus ftk203 application design and development (a) students are able to understand the exercise [1] understanding, analytical thinking and lecture, discussion [1] chapter 9; [3] main concept of db design and devel 11 chapter 9; [3] programming for session 11 and lab activities chapter 8 opment chapter 8 (b) students are able to demonstrate cre ating a database for an application application design and development (a) students are able to understand the exercise [1] understanding, analytical thinking and lecture, discussion [1] chapter 25; [3] main concept of db design and devel 12 chapter 25; [3] programming for session 12 and lab activities chapter 9 opment (advanced issues) chapter 9 (b) students are able to demonstrate cre ating a database for an application transaction management acid and concur rency management control concurrency (a) students are able to understand and demonstrate the main concept of transaction management (b) students are able to understand and demonstrate the main feature of atom icity in transaction management (c) students are able to understand and demonstrate the main feature of con sistency in transaction management exercise [1] understanding, analytical thinking and lecture, discussion [1] chapter 15 and (d) students are able to understand and 13 chapter 15 and 20; programming for session 13 and lab activities 20; [3] chapter 10 demonstrate the main feature of isola [3] chapter 10 tion in transaction management (e) students are able to understand and demonstrate the main feature of dura bility in transaction management (f) students are able to understand and demonstrate the main concept of con currency management (cm) (g) students are able to understand and demonstrate the main feature of cm such as lock based protocols and time stamp protocols project presentation and discussion understanding, analytical thinking and presentation and exercise [1] 14 [1] chapter 16 (a) presentation programming for session 14 discussion chapter 16 (b) questions and answers final semester test f ppkr1"
Copy of F-PPK-09 Form SYLLABUS - RPS TIF211 - Leadership and Management for IT Engineer.doc.pdf,TIF211,Leadership and Management for IT Engineer,course_description,"deskripsi matakuliah the leadership and management challenge is to design contexts (jobs, organizational cultures, structures, processes) that enable individuals and groups to thrive. the personal challenge is how to find and/or create a context in which student thrive and lead at their best in the future. the course maintains this dual focus (1) on student (next) role as leader and manager, designing and enabling contexts where others can thrive; but at the same time (2) on student personal quest to find and create contexts where you flourish and perform at your best. much of the course draws from a paradigm for managerial practice called positive organizational scholarship (pos), a newly domain in organizational study, as well as the basic management skills that required to be a good manager leader. the core premise of this paradigm is that leadership and personal excellence are fundamentally tied to creating/enabling organizational contexts that build human strengths as well as unlock the positive and generative dynamics of vibrant human communities as well as achieve the business goal."
Copy of F-PPK-09 Form SYLLABUS - RPS TIF211 - Leadership and Management for IT Engineer.doc.pdf,TIF211,Leadership and Management for IT Engineer,course_objectives,"sasaran kompetensi lulusan yang dibebankan pada matakuliah upon successful completion of this course, students should have a thorough understanding of leadership and basic management both from theoretical perspective and practical reality. especially for most known classical to basic modern management theory with emphasize for leadership new emerging perspective called positive leadership. to be able to assess their own leadership potential and management style so that they can improve their ability to lead and able to interact with the dynamics environment. energizing people surrounding through the principle of positive leadership in whatever positions and roles they have in their future career. f ppkr1 syllabus (rencana pembelajaran semester) [sif 106] pg. 2/9 to be able to improve their managerial decisions in their workplace so that the decision will bring a good impact to them, the people who are implementing the decision and also for the greater good."
Copy of F-PPK-09 Form SYLLABUS - RPS TIF211 - Leadership and Management for IT Engineer.doc.pdf,TIF211,Leadership and Management for IT Engineer,methods_instruction,"metode pembelajaran with the guidance through lecturing, facilitating and mentoring from the faculty, the students should go through the lecture based and discussion based learning methods in order to generate it project business models."
Copy of F-PPK-09 Form SYLLABUS - RPS TIF211 - Leadership and Management for IT Engineer.doc.pdf,TIF211,Leadership and Management for IT Engineer,course_outline,"this section should show the targeted competencies, topics, sub topics, specific method of instruction/ delivery, material references, and assessment indicators for each session. session targeted competencies topic & sub topics forms of instruction & material assessment indicators duration references (sesi) (kemampuan akhir) (materi pembelajaran) (indikator penilaian) (bentuk & waktu (sumber pembelajaran) pembelajaran) 1 the students should topic [1] ch 1& 2 challenge the students with study understand the aim of the overview and introduction to lecture (50 minutes) case and questions course, what are expected basic management from the students in specific sub topics self study and finishing the course the evolution of assignment (60 minutes) successfully and to have a management clear understanding about (management time discussion and basic management and its line), from classic to conclution (40 minutes) role in real world. modern approaches the importance of management in the professional and business world functions & principle of management theory x and y hierarchy of needs 2 the students should topic lecture (50 minutes) [2] ch 1&2 discussing short article and give understand the meaning of overview and introduction to self study and short assignment leadership, reason to leadership principle assignment (60 minutes) practicing leadership and specific sub topics able to describe all about f ppkr1 syllabus (rencana pembelajaran semester) [sif 106] pg. 4/9 session targeted competencies topic & sub topics forms of instruction & material assessment indicators duration references (sesi) (kemampuan akhir) (materi pembelajaran) (indikator penilaian) (bentuk & waktu (sumber pembelajaran) pembelajaran) leadership and management approaches to the discussion and as well as the difference modern study of conclution (40 minutes) between both of it leadership the evolution of leadership theory from classical to modern approach 3 the students should topic lecture (50 minutes) [3] ch 3, [4] ch study case and short quiz 1, [4] ch 2 understand the concept of becoming a manager leader integrated leading and in and an organization self study and assignment managing process in the manager vs leader (60 minutes) organization to achieve the integrated leading maximum result and managing process discussion and conclution what skills required to (40 minutes) do it levels of management and its role f ppkr1 syllabus (rencana pembelajaran semester) [sif 106] pg. 5/9 session targeted competencies topic & sub topics forms of instruction & material assessment indicators duration references (sesi) (kemampuan akhir) (materi pembelajaran) (indikator penilaian) (bentuk & waktu (sumber pembelajaran) pembelajaran) 4 the students should topic lecture (50 minutes) challenge the students with the understand the concept of positive leadership an self study and assignment concepts, ideas and assignment. positive leadership and the introduction (60 minutes) [5] ch.1, [6] impact of it specific sub topics discussion and conclution ch.1 introducing the pos (40 minutes) approach in leadership understanding positive deviance at work why practicing positive leadership elaborating pos assumptions 5 the students should be able topic lecture (50 minutes) [7] ch.4 challenge the students with the to purpose centered purpose centered propelling self study and assignment concepts, ideas and groups response. influencing others, for extraordinary results (60 minutes) understanding the specific sub topics discussion and conclution purpose centered and how (40 minutes) propelling for extraordinary purpose centered results and able to apply this influencing others in several case think pair share challenging goals understanding the purpose centered drag and lift analogy video jessica watson video f ppkr1 syllabus (rencana pembelajaran semester) [sif 106] pg. 6/9 session targeted competencies topic & sub topics forms of instruction & material assessment indicators duration references (sesi) (kemampuan akhir) (materi pembelajaran) (indikator penilaian) (bentuk & waktu (sumber pembelajaran) pembelajaran) exercise smart goals 6 the students should be able topic lecture (50 minutes) [8] ch. 1, 2 challenge the students with the to describe the role of understanding the role of self study and assignment concepts, ideas and groups response. emotion in leadership, how emotion in leadership (60 minutes) mood impact result in specific sub topics discussion and conclution leadership area and able to primal leadership (40 minutes) apply this in several case how mood impact results emotional hijacking good mood good works resonant leadership the varieties of dissonance leadership and the brain design 7 review of targeted lecture (50 minutes) special challenge the students with the review topics from hands out competencies from session 1 concepts and ideas session 1 until until session 6 group presentations (100 group presentations minutes) mid semester examination 8 the students should be able topic [8] ch.3 challenge the students with the lecture (50 minutes) to describe the power of the power of emotional concepts, ideas and groups response. self study and assignment emotional intelligent as a intelligent (60 minutes) good leader in leadership specific sub topic f ppkr1 syllabus (rencana pembelajaran semester) [sif 106] pg. 7/9 session targeted competencies topic & sub topics forms of instruction & material assessment indicators duration references (sesi) (kemampuan akhir) (materi pembelajaran) (indikator penilaian) (bentuk & waktu (sumber pembelajaran) pembelajaran) and able to apply this in self awareness discussion and conclution several case self management (40 minutes) social awareness relationship management 9 the students should be able topic [8] ch.4 challenge the students with the lecture (50 minutes) to describe the leadership leadership style concepts, ideas and groups response. self study and assignment style, a leader character and specific sub topics (60 minutes) able to apply this in several visionary discussion and conclution case coaching (40 minutes) affiliation democrating pacesetting commands 10 the students should be able topic [9] ch.3, [6] challenge the students with the lecture (50 minutes) to describe the fostering fostering relationship ch.3 concepts, ideas and groups response. self study and assignment relationship with other and specific sub topic (60 minutes) able to apply this in develop and manage discussion and conclution leadership positive energy at work (40 minutes) reinforcing strength of other type of energy energy and motivation bubble chart 11 the students should be able topic [8] ch.4, [5] challenge the students with the lecture (50 minutes) to describe the advantages positive communication ch.4, [6] ch.4 concepts, ideas and groups response. self study and assignment of positive communication specific sub topic (60 minutes) f ppkr1 syllabus (rencana pembelajaran semester) [sif 106] pg. 8/9 session targeted competencies topic & sub topics forms of instruction & material assessment indicators duration references (sesi) (kemampuan akhir) (materi pembelajaran) (indikator penilaian) (bentuk & waktu (sumber pembelajaran) pembelajaran) and able to apply this in the problem with the discussion and conclution several case negative message (40 minutes) attribute of supportive communication congruent, descriptive, problem oriented, and validates activity earn the right to reply 12 the students should be able topic lecture (50 minutes) challenge the students with the to describe how to create creating and leading high self study and assignment concepts, ideas and groups response. [8] ch.9 and lead high performance performance team (60 minutes) team with many advantages specific sub topic discussion and conclution and able to apply this in build high performance (40 minutes) leadership and management team the advantage of team effective team membership behavioral guidelines exercise team diagnosis and development 13 the students should be able topic lecture (50 minutes) [6] ch.2 challenge the students with the to describe culture of creating a culture of self study and assignment concepts, ideas and groups response. abundance and how to abundance (60 minutes) create it, and able to apply specific sub topics discussion and conclution (40 minutes) f ppkr1 syllabus (rencana pembelajaran semester) [sif 106] pg. 9/9 session targeted competencies topic & sub topics forms of instruction & material assessment indicators duration references (sesi) (kemampuan akhir) (materi pembelajaran) (indikator penilaian) (bentuk & waktu (sumber pembelajaran) pembelajaran) this in leadership and creating the readiness management for culture change overcoming resistance articulating a vision of abundance generating commitment fostering sustainability challenge the students with the 14 review of targeted review topics from session 8 [9] special lecture (50 minutes) concepts and ideas competencies from session 8 hands out until 13 & group presentations until session 13 group presentations (100 minutes) final examination f ppkr1"
Copy of FTK205 LAN and Wireless.pdf,FTK205,LAN and Wireless,course_description,"this course introduces the architecture, structure, functions, components, and models of the internet and other computer networks. students achieve a basic understanding of how networks operate and how to build simple local area networks (lan), perform basic configurations for routers and switches, and implement internet protocol (ip). additionally, packet tracer (pt) activities reinforce new concepts, and allow students to model and analyze routing processes that may be difficult to visualize or understand."
Copy of FTK205 LAN and Wireless.pdf,FTK205,LAN and Wireless,course_objectives,"this curriculum provides students with the skills needed to succeed in networking related degree pro grams and helps them prepare for ccna certification. it also helps students develop the skills necessary to fulfill the job responsibilities of network technicians, network administrators, and network engineers. it provides a theoretically rich, hands on introduction to networking and the internet. the goal of this course is to introduce the students fundamental networking concepts and technologies. the course will assist students in developing the skills necessary to plan and implement small network across a range of applications. by the end of the course, students will be able to build simple local area networks (lan), perform basic configurations for routers and switches, and implement ip addressing schemes. upon completion of this course, the student should be able to (cid 136) configure switches and end devices to provide access to local and remote network resources. (cid 136) explain how physical and data link layer protocols support the operation of ethernet in a switched network. (cid 136) configure routers to enable end to end connectivity between remote devices. (cid 136) create ipv4 and ipv6 addressing schemes and verify network connectivity between devices. (cid 136) explain how the upper layers of the osi model support network applications. (cid 136) configure a small network with security best practices. (cid 136) troubleshoot connectivity in a small network."
Copy of FTK205 LAN and Wireless.pdf,FTK205,LAN and Wireless,methods_instruction,"classroom instruction consists of lectures and practical problem solving, supplemented by visual aids designed to assist the student to successfully meet the course’s learning objectives. f ppkr1 syllabus ftk205 tif41 w (rencana pembelajaran semester) the course is delivered in a combination of class based and practical based. practical would be done in several different modes including packet tracer network simulator and direct practice using routers, switches and access points on laboratory environment. it is imperative that students take an active interest in the course. to succeed in this course, students must read, think, and write in a critical and analytical manner and this takes time and practice. such practice can only be achieved by working exercises. when troubles arise, and they will, the student must ask questions which may be directed to the instructor or other students in a variety of ways. students are also encouraged to work together on problem sets as part of their exercises. however, individual must ultimately demonstrate the understanding of the material by writing up his/her own solutions without the help of other students or their written work. on average students need to spend, at least, 6 hours of study and preparation per week for this course."
Copy of FTK205 LAN and Wireless.pdf,FTK205,LAN and Wireless,course_outline,"session topics & sub topics methods references assignment f ppkr1 syllabus ftk205 tif41 w (rencana pembelajaran semester) networking today & basic switch and end device configuration (a) introduction to networking today (b) networks affect our lives (c) network components (d) network representation and topolo gies (e) common types of networks (f) internet connections (g) reliable networks (h) network trends exam chapter 1 (i) network security 1 lecture, discussion (1) chapter 1 to 2 and 2 assignment (j) the it professional (k) introduction of basic switch and end device configuration (l) cisco ios access (m) ios navigation (n) the command structure (o) basic device configuration (p) save configurations (q) ports and addresses (r) configure ip addressing (s) verify connectivity protocols and models & physical layer (a) introduction of protocols and models (b) the rules (c) protocols (d) protocol suite (e) standards organizations (f) reference models exam chapter 3 (g) data encapsulation 2 lecture, discussion (1) chapter 3 to 4 and 4 assignment (h) data access (i) introduction to physical layer (j) purpose of the physical layer (k) physical layer characteristics (l) copper cabling (m) utp cabling (n) fiber optic cabling (o) wireless media number systems & data link layer (a) introduction to number systems (b) binary number system exam chapter 5 (c) hexadecimal number system 3 lecture, discussion (1) chapter 5 to 6 and 6 assignment, (d) introduction to data link layer 1st lab session (e) purpose of the data link layer (f) topologies (g) data link frame ethernet switching (a) introduction to ethernet switching exam chapter 7 (b) ethernet frame 4 lecture, discussion (1) chapter 7 assignment, 2nd (c) ethernet mac address lab session (d) the mac address table (e) switch speeds and forwarding meth ods network layer (a) introduction to network layer (b) network layer characteristics exam chapter 8 5 lecture, discussion (1) chapter 8 assignment, 3rd (c) ipv4 packet lab session (d) ipv6 packet (e) how a host routes (f) router routing tables address resolution (a) introduction to address resolution exam chapter 9 6 lecture, discussion (1) chapter 9 assignment, 4th (b) mac and ip lab session (c) arp (d) ipv6 neighbor discovery basic router configuration and quiz before midterm examination exam chapter 10 (a) introduction to basic router configu (1) chapter 10, 1 assignment, quiz 7 ration lecture, discussion to 9 in class, 5th lab (b) configure initial router settings session (c) configure interfaces (d) configure the default gateway mid semester test f ppkr1 syllabus ftk205 tif41 w (rencana pembelajaran semester) ipv4 addressing (a) introduction to ipv4 addressing (b) ipv4 address structure (c) ipv4 unicast, broadcast and multicast (d) types of ipv4 addresses exam chapter 11 8 lecture, discussion (1) chapter 11 assignment, 6th (e) network segmentation lab session (f) subnet an ipv4 network (g) subnetting a /16 and a /8 prefix (h) subnetting to meet requirements (i) variable length subnet mask (vlsm) (j) structured design ipv6 addressing (a) introduction to ipv6 addressing (b) ipv4 issues (c) ipv6 address representation exam chapter 12 (d) ipv6 address types 9 lecture, discussion (1) chapter 12 assignment, 7th (e) gua and lla static configuration lab session (f) dynamic addressing for ipv6 guas (g) dynamic addressing for ipv6 llas (h) ipv6 multicast addresses (i) subnet in ipv6 network icmp exam chapter 13 (a) introduction to icmp 10 lecture, discussion (1) chapter 13 assignment, 8th (b) icmp messages lab session (c) ping and traceroute tests transport layer (a) introduction to transport layer (b) transportation of data (c) tcp overview exam chapter 14 11 lecture, discussion (1) chapter 14 assignment, 9th (d) udp overview lab session (e) port numbers (f) tcp communication process (g) reliability and flow control (h) udp communication application layer (a) introduction to application layer (b) application, presentation and session exam chapter 15 12 lecture, discussion (1) chapter 15 assignment, 10th (c) peer to peer lab session (d) web and email protocols (e) ip addressing services (f) file sharing services network security fundamentals (a) introduction to network security fun damentals exam chapter 16 13 (b) security threats and vulnerabilities lecture, discussion (1) chapter 16 assignment, 11th lab session (c) network attacks (d) network attacks mitigation (e) device security build a small network & quiz in class before final examination (a) introduction to build a small network (b) devices in a small network exam chapter 17 (c) small network applications and pro (1) chapter 17, 11 assignment, quiz 14 tocols lecture, discussion to 17 in class, 12th lab (d) scale to larger networks session (e) verify connectivity (f) host and ios commands (g) troubleshooting methodologies (h) troubleshooting scenarios final semester test f ppkr1"
Copy of TIF209 Arsitektur dan Organisasi Komputer.pdf,TIF209,Arsitektur dan Organisasi Komputer,course_description,"this course provides an introduction to main role of computer organization and architecture. discusses current issue such as modern central processing unit/ processor architecture design; hardware/software interfaces; instruction set architecture of modern processor, pipelining; assembly language; architectures; storage and i/o systems; and modern memory and network systems."
Copy of TIF209 Arsitektur dan Organisasi Komputer.pdf,TIF209,Arsitektur dan Organisasi Komputer,course_objectives,"upon completion of this course, the students are expected to describe the general organization and architecture of computers. identify the computers major components and study their functions. introduce hardware design issues of modern computer architectures. learn assembly language programming. build the required skills to read and research the current literature in computer architecture."
Copy of TIF209 Arsitektur dan Organisasi Komputer.pdf,TIF209,Arsitektur dan Organisasi Komputer,methods_instruction,"classroom instruction consists of lectures and practical problem solving, supplemented by visual aids designed to assist the student to successfully meet the courses learning objectives. it is imperative that students take an active interest in the course. to succeed in this course, students must read, think, and write in a critical and analytical manner and this takes time and practice. such practice can only be achieved by working exercises. when troubles arise, and they will, the student must ask questions which may be directed to the instructor or other students in a variety of ways. students are also encouraged to work individually as well together on problem sets as part of their exercises. however, individual must ultimately demonstrate the understanding of the substantial by writing up his/her own solutions. moreover, there will be a workshop/ class assignment and presentation both in written and oral manner in order to evaluate the students level of knowledge and skills on this course. mid test is conducted in written tests to evaluate the students level of knowledge and skills on this course. and, the final test is conducted by students as a group project. the student must submit a complete design of computer organization and architecture in order to solve particular given cases. on average students need to spend, at least, 6 hours of study and preparation per week for this course. f ppkr1 syllabus tif209 (rencana pembelajaran semester)"
Copy of TIF209 Arsitektur dan Organisasi Komputer.pdf,TIF209,Arsitektur dan Organisasi Komputer,course_outline,"this section should show the targeted competencies, topics, sub topics, specific method of instruction/ delivery, material references, and assessment indicators for each session. session targeted competencies topics & sub topics methods references assignment exercise [1] introduction to computer organization chapter 1; page (a) historical background understanding and analytical thinking for session lecture and [1] chapter 1, [2] 1 12 & exercise [2] 1 (b) basic concept and computer evolution discussion chapter 1, 2 chapter 1, 2; page (c) performance issue 42 & 75 exercise [1] introduction to computer architecture chapter 1; page understanding and analytical thinking for session lecture and [1] chapter 1, [2] 2 (a) architectural development and styles 12 & exercise [2] 2 discussion chapter 3 chapter 3; page (b) top level view of computer 117 electronics and circuit design exercise [1] lecture, chapter 4; page understanding and analytical thinking for session (a) digital logic [1] chapter 4, [2] 3 discussion, and 79 & exercise [2] 3 chapter 9 11 (b) circuit design quiz chapter 9 11; (c) number system page 327 & 410 central processing unit (cpu) exercise [1] chapter 6 7; page (a) cpu basic understanding and analytical thinking for session lecture and [1] chapter 6 7, [2] 131 & 158 & 4 (b) data path 4 discussion chapter 20 exercise [2] (c) basic cpu instruction cycle chapter 20; page (d) control path 728 central processing unit (cpu) continued exercise [1] and memory chapter 5 & 9; understanding and analytical thinking for session (a) fetch and execute cycle lecture and [1] chapter 5 & 9, page 104 & 213 & 5 5 discussion [2] chapter 12 14 exercise [2] (b) pipelining chapter 12 14; (c) basic memory concepts page 446 & 531 (d) internal and external memory instruction set architecture (isa) exercise [1] (a) an overview of isa chapter 2; page understanding and analytical thinking for session lecture and [1] chapter 2, [2] (b) memory locations and operations 6 34 & exercise [2] 6 discussion chapter 15 (c) addressing modes and instruction chapter 15; page type 571 (d) an example of x86 architecture f ppkr1 (rencana pembelajaran semester) page 4/5 syllabus tif209 instruction set architecture (isa) contin exercise [1] ued chapter 3 & 10; lecture, understanding and analytical thinking for session [1] chapter 3 &10, page 56 & 233 & (a) reduced instruction set computer 7 discussion, and 7 [2] chapter 16 exercise [2] (risc) quiz chapter 16; page (b) complex instruction set computer 608 (cisc) mid semester test input/ output exercise [1] (a) input/ output module chapter 8; page understanding and analytical thinking for session lecture and [1] chapter 8, [2] 8 183 & exercise [2] (b) direct memory access 8 discussion chapter 7 chapter 7; page (c) interrupt driven i/o 271 (d) buses operating system and libraries exercise [1] chapter 3; page understanding and analytical thinking for session (a) operating system overview lecture and [1] chapter 3, [2] 9 56 & exercise [2] 9 discussion chapter 8 (b) scheduling chapter 8; page (c) memory management 315 trend of mobile device computer organiza tion perspective (a) an overview of arm from computer exercise [2] understanding and analytical thinking for session organization perspective lecture and [2] chapter 8 & 10 chapter 8; page 10 discussion arm architecture (b) arm memory management part 1 315 memory system organization (c) arm memory management part 1 virtual memory address translation trend of mobile device computer architec ture perspective (a) an overview of arm from computer lecture, exercise [2] understanding and analytical thinking for session architecture perspective [2] chapter 8 & 11 discussion, and chapter 8; page 11 arm architecture (b) arm memory management part 2 quiz 315 access control (c) arm memory management part 2 memory management format workshop of introduction to assembly lan guage mips mars part 1 understanding, analytical thinking and lecture, and exercise [3] 12 [3] chapter 1 programming skills for session 12 workshop chapter 1 (a) an overview of mips mars (b) basic mips mars use workshop of mips mars part 2 understanding, analytical thinking and lecture, and exercise [3] 13 [3] chapter 2 (a) mips mars tools programming skills for session 13 workshop chapter 2 (b) cache simulator f ppkr1 (rencana pembelajaran semester) page 5/5 syllabus tif209 workshop of mips mars part 3 understanding, analytical thinking and lecture, and exercise [3] (a) the memory reference visualization 14 [3] chapter 3 programming skills for session 14 workshop chapter 3 tool (b) syscall final semester test f ppkr1"
Copy of TIF204 Sistem Basis Data Lanjut.pdf,TIF204,Sistem Basis Data Lanjut,course_description,"demonstrate a competency to create a conceptual and physical object oriented database system, per form qbe and soda query over object oriented database system. in addition, students are able to demonstrate a competency to design and implement nosql such as graphdb and documentdb, and also advanced topic such ontology web language"
Copy of TIF204 Sistem Basis Data Lanjut.pdf,TIF204,Sistem Basis Data Lanjut,course_objectives,"upon completion of this course, the students are expected to understand the concepts of advanced database system including database life cycle methods, object oriented database (oodb) system, nosql and advanced topic of ontology web language (owl). apply the concept of advanced database system in order to perform data model for particular type of database system such oodb, nosql or owl. able to analysis the requirements in order to provide clear guidance for database requirement and specification. design a modern database systems oodb, nosql or owl for a particular case. create and deploy a modern database systems oodb, nosql or owl based on the database requirement and design according to the selected database life cycle methods."
Copy of TIF204 Sistem Basis Data Lanjut.pdf,TIF204,Sistem Basis Data Lanjut,methods_instruction,"classroom instruction consists of lectures and practical problem solving, supplemented by visual aids designed to assist the student to successfully meet the courses learning objectives. it is imperative that students take an active interest in the course. to succeed in this course, students must read, think, and write in a critical and analytical manner and this takes time and practice. such practice can only be achieved by working exercises. when troubles arise, and they will, the student must ask questions which may be directed to the instructor or other students in a variety of ways. students are also encouraged to work together on problem sets as part of their exercises. however, individual must ultimately demonstrate the understanding of the material by writing up his/her own solutions without the help of other students or their written work. moreover, there will be a workshop/ class assignment and presentation both in written and oral manner in order to evaluate the students level of knowledge and skills on this course. mid test is conducted in written/ project based tests to f ppkr1 syllabus tif204 (rencana pembelajaran semester) evaluate the students level of knowledge and skills on this course. and, the final test is conducted by students as a group project. the students must submit a complete design of software using particular software design methodologies and must comply to software life cycle development. on average students need to spend, at least, 6 hours of study and preparation per week for this course."
Copy of TIF204 Sistem Basis Data Lanjut.pdf,TIF204,Sistem Basis Data Lanjut,course_outline,"this section should show the targeted competencies, topics, sub topics, specific method of instruction/ delivery, material references, and assessment indicators for each session. session targeted competencies topics & sub topics methods references assignment course introduction & introduction to object oriented database (a) an overview of object oriented database system lecture, exercise [1] [1] chapter 28 & 1 understanding for session 1 (b) a review of entity relationship model assignment, and chapter 28 & [4] [4] chapter 13 14 (c) visiting a data modeling standard of discussion chapter 13 14 oodb uml 0 (d) application of advanced database sys tem object oriented data modeling, odmg and representing classes (a) object oriented data modeling lecture, [1] chapter 27 & exercise [1] class diagram 2 understanding for session 2 assignment, and [4] chapter 1 4 & chapter 27 & [4] (b) object oriented data modeling ob discussion 15 chapter 1 4 & 15 ject diagram (c) the standard of oodbms odmg (d) representing classes on oodb object oriented data modeling part 1 (a) describe the activities in the di↵erent phases of the object oriented develop ment life cycle. (b) state the advantages of object oriented modeling structured ap proaches. (c) compare and contrast the object oriented model with the e r and eer lecture, exercise & lab [2] models. understanding and conceptual thinking for [2] chapter 14 & 3 discussion, chapter 14 & [4] (d) model a real world application by us session 3 [4] chapter 5 assignment, lab chapter 5 ing a uml class diagram. (e) provide a snapshot of the detailed state of a system at a point in time using a uml (unified modeling lan guage) object diagram. (f) recognize when to use generalization, aggregation, and composition relation ships. (g) specify di↵erent types of business rules in a class diagram. f ppkr1 (rencana pembelajaran semester) page 4/7 syllabus tif204 object oriented data modeling part 2 (a) concisely define each of the follow ing key terms class, object, state, behavior, object class, class diagram, object diagram, operation, encapsula tion, constructor operation, query op eration, update operation, scope op eration, association, association role, multiplicity, association class, abstract class, concrete class, class scope at tribute, abstract operation, method, polymorphism, overriding, multiple classification, aggregation, and compo sition. (b) describe the activities in the di↵erent phases of the object oriented develop lecture, exercise & lab [2] understanding and conceptual thinking for ment life cycle. [2] chapter 14 & 4 discussion, chapter 14 & [4] session 4 (c) state the advantages of object [4] chapter 6 assignment, lab chapter 6 oriented modeling structured ap proaches. (d) compare and contrast the object oriented model with the e r and eer models. (e) model a real world application by us ing a uml class diagram. (f) provide a snapshot of the detailed state of a system at a point in time using a uml (unified modeling lan guage) object diagram. (g) recognize when to use generalization, aggregation, and composition relation ships. (h) specify di↵erent types of business rules in a class diagram. object oriented query languages part 1 (a) concisely define each of the following key terms atomic literal, collection literal, set, bag, list, array, dictionary, structured literal, and extent. (b) create logical object oriented database schemas using the object definition language (odl). lecture, exercise & lab [3] understanding, analytical thinking and (c) transform conceptual uml class di [3] chapter 15 & 5 discussion, chapter 15 & [4] programming skills for session 5 agrams to logical odl schemas by [4] chapter 7 assignment, lab chapter 7 mapping classes (abstract and con crete), attributes, operations (abstract and concrete), association relation ships (one to one, one to many, and many to many), and generalization re lationships. (d) identify the type specifications for at tributes, operation arguments, and op eration returns. f ppkr1 (rencana pembelajaran semester) page 5/7 syllabus tif204 object oriented query languages part 2 (a) create objects and specify attribute values for those objects. (b) understand the steps involved in im plementing object oriented databases. lecture, exercise & lab [3] understanding, analytical thinking and [3] chapter 15 & (c) understand the syntax and semantics 6 discussion, chapter 15 & [4] programming skills for session 6 [4] chapter 8 of the object query language (oql). assignment, lab chapter 8 (d) use oql commands to formulate var ious types of queries. (e) gain an understanding of the types of applications to which object oriented databases have been applied. review on object oriented database man agement systems exercise & lab [1] (a) an approach of object oriented lecture, [1] chapter 27 28, understanding, analytical thinking and chapter 27 28, [2] database management system 7 discussion, [2] chapter 14 & programming skills for session 7 chapter 14 & [3] (b) object oriented data modeling assignment, lab [3] chapter 15 chapter 15 (odl) (c) object oriented query language (oql) mid semester test semi structured data xml (a) introduction to semi structured data lecture, understanding and analytical thinking for session exercise [1] 8 assignment, and [1] chapter 30 (b) extensible markup language (xml) 8 chapter 30 discussion (c) xml data model approach (d) document type definition (dtd) query over semi structured data xml xpath & xquery (a) review on xml data model/ dtd lecture, understanding, analytical thinking and exercise & lab [1] (b) query over xml document using 9 discussion, [1] chapter 30 programming skills for session 9 chapter 30 xpath assignment, lab (c) query over xml document using xquery (d) comparison xpath vs xquery f ppkr1 (rencana pembelajaran semester) page 6/7 syllabus tif204 nosql document based database part 1 mongodb (a) introduction to document database, hu(mongo)us (b) feature of document database con sistency, transactions, availability, and scaling lecture, exercise & lab [5] understanding and analytical thinking for session [5] chapter 9, [6] 10 discussion, chapter 9, [6] & (c) query data over document db mon 10 & chapter 5 assignment, lab chapter 5 godb (d) suitable use case for document database (e) crud, nesting, indexing and mapre duce (f) when not to use this particular db technology nosql graph based database neo4j part 2 (a) introduction to document database (b) feature of document database con sistency, transactions, availability, and scaling lecture, exercise & lab [5] understanding and conceptual thinking for [5] chapter 11, [6] 11 discussion, chapter 11, [6] & (c) query data over document db neo4j session 11 & chapter 7 assignment, lab chapter 7 (d) suitable use case for document database (e) when not to use this particular db technology (f) graph, groovy, indexes, and dis tributed high availability resource description frameworks (rdf) and ontology web langauge (owl) (a) introduction to semantic web exercise & lab [7] lecture, [7] chapter 1 5, [8] (b) underlying intuition of resource de understanding and analytical thinking for session chapter 1 5, [8] 12 discussion, chapter 1 6 & [9] scription frameworks (rdf) 12 chapter 1 6 & [9] assignment, lab chapter 2 3 (c) resource description frameworks chapter 2 3 (rdf) schema (d) underlying intuition of ontology web language (owl) rdf query language (sparql) exercise & lab [7] lecture, [7] chapter 6 7, [8] understanding, analytical thinking and chapter 6 7, [8] (a) reasoning on the semantic web 13 discussion, chapter 8 9 & [9] programming skills for session 13 chapter 8 9 & [9] (b) query language for semantic web assignment, lab chapter 4 10 chapter 4 10 sparql f ppkr1 (rencana pembelajaran semester) page 7/7 syllabus tif204 presentation & discussion based [1] chapter 27 28, on selected themes [2] chapter 14, [3] [1] chapter 27 28, chapter 15, [4] project presentation [2] chapter 14, [3] chapter 1 8, [5] understanding, analytical thinking and presentation and chapter 15, [4] 14 chapter 9 & 11, [6] (a) presentation final project programming skills for session 14 discussion chapter 1 8, [5] chapter 5 & 11, [7] (b) discussion chapter 9 & 11, [6] chapter 1 7, [8] chapter 5 & 11, [7] chapter 1 9, & [9] chapter 1 7, [8] chapter 2 10 chapter 1 9, & [9] chapter 2 10 final semester test f ppkr1"
Copy of TIF208 Proses Sinyal Dijital.pdf,TIF208,Proses Sinyal Dijital,course_description,"this course provides a fundamental understanding of signal processing in a discrete time system (digital) domain that can be done in the time (by performing various operations on the signal including convolution and correlation) or in the frequency domain, as well as providing knowledge of discrete time systems analysis, synthesis and implementation including digital filter design through various methods."
Copy of TIF208 Proses Sinyal Dijital.pdf,TIF208,Proses Sinyal Dijital,course_objectives,"upon completion of this course, the student should be able to  understand the concepts of discrete time signals and systems apply transform method and their inverse to signals have knowledge on digital filters and their realisation understand and recognize issues in sampling and reconstruction know about dft and its fast computation apply frequency domain analysis using dft understand the fundamental algorithms and structures used in dsp computation design and code dsp applications in a high level language review state of the art dsp r&d the above mentioned objectives should be aligned into the following competences a. knowledge (information plus understanding) a.representation of continuous time signals and systems in time domain a.representation of continuous time signals and systems in frequency domain a.representation of discrete time signals and systems in time domain a.representation of discrete time signals and systems in frequency domain a.transformation method for signals/systems analysis discrete time fourier transform (dft) a.transformation method for signals/systems analysis z transforms a.introductory knowledge on other transforms method; e.g., wavelet and other joint time frequency transforms, and their applications a.how to convert between continuous time and discrete time domains a.using digital signal processing for filtering applications b. skills (application of knowledge) f ppkr1 syllabus tif208 (rencana pembelajaran semester) b.be able to calculate responses (in various different ways) of discrete time systems to given signals b.classify discrete time systems according to their properties b.convert between different but equivalent representations of linear time invariant systems b.design and implement digital filters for specific applications c. values and attitudes c.appreciate the value of fundamental mathematical sciences to the procedural design of com plex digital signal processing c.develop an understanding and application of the design/synthesis procedure c.see advanced applications of digital signal processing and transform theory"
Copy of TIF208 Proses Sinyal Dijital.pdf,TIF208,Proses Sinyal Dijital,methods_instruction,"classroom instruction consists of lectures and practical problem solving, supplemented by visual aids designed to assist the student to successfully meet the course’s learning objectives. it is imperative that students take an active interest in the course. to succeed in this course, students must read, think, and write in a critical and analytical manner and this takes time and practice. such practice can only be achieved by working exercises. when troubles arise, and they will, the student must ask questions which may be directed to the instructor or other students in a variety of ways. students are also encouraged to work together on problem sets as part of their exercises. however, individual must ultimately demonstrate the understanding of the material by writing up his/her own solutions without the help of other students or their written work. on average students need to spend roughly, at least, 9 hours of study and preparation per week for this course."
Copy of TIF208 Proses Sinyal Dijital.pdf,TIF208,Proses Sinyal Dijital,course_outline,"this section should show the targeted competencies, topics, sub topics, specific method of instruction/ delivery, material references, and assessment indicators for each session. the targeted competencies refer to the list of competencies given in the course objectives section. targeted topics & sub topics methods references assignment ses compe sion tencies introduction to dsp (a) course manifest (b) syllabus explanation lecture, [1] problems c., 1 (c) overview to dsp discussion, [1] chapter 14,4,2, b.assignment4,6 (d) review complex numbers (e) general introduction to signals & sys tems signal representations [1] probs 2, a., (a) signal plotting lecture,3,5,7 2 a., [1] chapter 1 5 (b) signal functions discussion (for sinc function c.(c) odd and even functions only),3 (d) operations on signals discrete time signals introduction a., lecture, [1] probs 2, 3 a., discussion, continued (a) review continuous time signals 1 a.quiz (b) discrete time signals basic signals a., (a) impulse signals [1] probs 6, a., (b) unit step lecture, [1] chapter 6, 43,4,4, a., discussion 7, 8 (c) exponential signals 2 b.(d) complex sinusoidal (e) discrete periodic signals systems (a) systems classifications (b) static v dynamic lecture, [1] problems1, 5 b.[1] ch. 1, 2, 4 discussion1,3,6 (c) causal v non causal (d) linear v non linear (e) time invariance v time varying system (cont’d) (a) block diagram lecture, [1] problems 6 b.[1] ch. 3 discussion1,7 (b) graph theory (c) lti system convolution sum (a) basic concept review, 7 b.discussion, [1] chapter 1, 2, 6 – (b) array algorithm quiz (c) polynomial multiplication method (d) use of convolution in lti system f ppkr1 syllabus tif208 (rencana pembelajaran semester) mid semester test a., [1] probs 2, review, 8 a., fourier transform [1] ch. 1 3, 63,2,3, discussion a.1 [1] probs 1, a., lecture, [1] ch. 7, 17,5,1, 9 a., dft, fft algorithm discussion 1 23,1, a.2,3 a., [1] probs 1, lecture, 10 a., z transform [1] ch. 10 113,2, discussion a.5 lecture, [1] probs 3, a., 11 transfer function, pole zero plot discussion, [1] ch. 14, 65,5,7, a.quiz9 filters (a) ma filters [1] probs 1, b., lecture, [1] ch. 7, 125,2,3, (b) arma filters c.discussion 9 10, 1 5,3 (c) filters specification (d) design [1] probs 2, c., lecture, 13 systems identification [1] ch. 12, 133,4, c.discussion 5 applications lecture, a., [1] ch. 3, 4, review, see chapter (a) digital communications 14 b., 17, 18 , 1, 6, discussion, problems (b) speech applications c.8 quiz (c) compression final semester test f ppkr1"
Copy of TIF210 Informatika Sosial.pdf,TIF210,Informatika Sosial,course_description,"this course provides an introduction to key social research perspectives and literature on the use of information and communication technologies. discusses current topics such as information ethics, rele vant legal frameworks, popular and controversial uses of technology e.g. peer to peer file sharing, digital divides, etc."
Copy of TIF210 Informatika Sosial.pdf,TIF210,Informatika Sosial,course_objectives,"upon completion of this course, the students are expected to  understand the social informatics concepts and social networks understand the core value of ethical and legal issues in social informatics explain the key role of social informatics and information technologies analyze the impact of social networks on individual and social identities explain some of the social and computational issues in social informatics"
Copy of TIF210 Informatika Sosial.pdf,TIF210,Informatika Sosial,methods_instruction,"classroom instruction consists of lectures and practical problem solving, supplemented by visual aids designed to assist the student to successfully meet the courses learning objectives. it is imperative that students take an active interest in the course. to succeed in this course, students must read, think, and write in a critical and analytical manner and this takes time and practice. such practice can only be achieved by working exercises. when troubles arise, and they will, the student must ask questions which may be directed to the instructor or other students in a variety of ways. students are also encouraged to work individually and together with the class mates on problem sets as part of their exercises. however, individual must ultimately demonstrate the understanding of the substantial by writing up his/her own solutions. moreover, there will be a workshop/ discussion/ class assignment and presentation both in written and oral manner in order to evaluate the students level of knowledge and skills on this course. mid test is conducted in written essay tests to evaluate the students level of knowledge on this course. and, the final test is conducted by students in written essay tests or presentation. on average students need to spend, at least, 6 hours of study and preparation per week for this course. f ppkr1 syllabus tif210 tif41w (rencana pembelajaran semester)"
Copy of TIF210 Informatika Sosial.pdf,TIF210,Informatika Sosial,course_outline,"this section should show the targeted competencies, topics, sub topics, specific method of instruction/ delivery, material references, and assessment indicators for each session. session targeted competencies topics & sub topics methods references assignment introduction to social informatics (a) an overview of social informatics (b) social informatics as a scientific exercise [1] (c) social informatics as a social move [1] chapter 1 & understanding and analytical thinking for session lecture and chapter 1; page 1 ment alice robbin’s 1 discussion 40 & reading alice article (d) reading an article of alice robbin and robbin’s article ron day, entitled on rob kling the theoretical, the methodological, and the critical. a gift of fire (a) rapid pace of change exercise [1] understanding and analytical thinking for session lecture and (b) new developments and dramatic im 2 [1] chapter 1 chapter 1; page 2 discussion pacts 40 (c) issues and themes (d) ethics privacy (a) privacy and computer technology lecture, exercise [1] understanding, analytical thinking and oral 3 (b) privacy topics discussion, and [1] chapter 2 chapter 2; page presentation skills for session 3 presentation 119 (c) protecting privacy (d) communications freedom of speech (a) changing communication paradigms (b) controlling offensive speech exercise [1] (c) censorship on the global net understanding and analytical thinking for session lecture and 4 [1] chapter 3 chapter 3; page (d) political campaign regulations in cy 4 discussion 171 berspace (e) anonymity (f) protecting access and innovation net neutrality or de regulation? intellectual property (a) intellectual property and changing technology (b) copyright law and significant cases lecture, exercise [1] understanding, analytical thinking and oral 5 (c) copying and sharing discussion, and [1] chapter 4 chapter 4; page presentation skills for session 5 presentation 220 (d) search engines and online libraries (e) free speech issues (f) free software (g) issues for software developers f ppkr1 (rencana pembelajaran semester) page 4/5 syllabus tif210 tif41w cyber crime exercise [1] understanding and analytical thinking for session (a) hacking lecture and 6 [1] chapter 5 chapter 5; page 6 discussion (b) identity theft and credit card fraud 267 (c) scams and forgery case study and writing an academic essay on current affair lecture, case study on case study on (a) case study of scam on social media understanding, analytical thinking and writing 7 discussion, and selected current selected current (b) case study of privacy (heat detec skills for session 7 writing affair affair tion/ face recognition on human ac tivities during pandemic corona virus using cctv and its applications) mid semester test cyber crime (continued) (a) crime fighting versus privacy and exercise [1] civil liberties chapter 6; page steve sawyer and understanding and analytical thinking for session workshop and 304 & steve (b) laws that rule the web 8 michael tyworth’s 8 presentation sawyer and (c) reading an article of steve sawyer article michael tyworth’s and michael tyworth’s article, enti article tled social informatics principles, theory, and practice. work (a) fears and questions exercise [1] understanding and analytical thinking for session (b) the impact on employment workshop and 9 [1] chapter 6 chapter 6; page 9 presentation (c) the work environment 304 (d) employee crime (e) employee monitoring evaluating and controlling technology lecture, exercise [1] understanding, analytical thinking and oral (a) the digital divide 10 discussion, and [1] chapter 7 chapter 7; page presentation skills for session 10 (b) evaluations of the impact of computer presentation 350 technology evaluating and controlling technology (con tinued) exercise [1] understanding and analytical thinking for session workshop and 11 [1] chapter 7 chapter 7; page 11 presentation (a) the digital divide 350 (b) making decisions about technology errors, failures, and risks lecture, exercise [1] understanding and analytical thinking for session (a) failures and errors in computer sys 12 discussion, and [1] chapter 8 chapter 8; page 12 tems, increasing reliability and safety presentation 395 (b) dependence, risk, and progress f ppkr1 (rencana pembelajaran semester) page 5/5 syllabus tif210 tif41w professional ethics and responsibilities exercise [1] understanding, analytical thinking and oral workshop and (a) what is professional ethics? 13 [1] chapter 9 chapter 9; page presentation skills for session 13 presentation (b) ethical guidelines for computer pro 430 fessionals case study and writing an academic essay on current affair lecture, case study on case study on understanding, analytical thinking and writing (a) case study of local government 14 discussion, and selected current selected current skills for session 14 surveillance monitoring system writing affair affair (b) case study of work ethics and em ployees performance appraisal system final semester test f ppkr1"
Copy of FTK206 Pemrograman Berorientasi Objek.pdf,FTK206,Pemrograman Berorientasi Objek,course_description,"the course aims at giving the students a broad foundation in the fundamental concepts of object oriented programming accompanied by specific labs to develop the basic skills in object oriented programming with java. it introduces the basic concepts and principles of the object oriented approach such as abstraction and encapsulation principles, classes, objects and the constructor concepts, information hiding principle and the accessors concept. methods, the message passing and the overloading principles"
Copy of FTK206 Pemrograman Berorientasi Objek.pdf,FTK206,Pemrograman Berorientasi Objek,course_objectives,"upon completion of the course the student should be able to  use an object oriented approach to decompose a problem and produce an object oriented program as a solution to the problem. use classes and instances to develop programs as a collection of communicating components. describe and use uml notation to develop class diagrams. collaborates the concepts of abstraction and encapsulation principles concentrating on inheritance and polymorphism. solve problems recursively. understand and use basic concepts of high level language procedural programming; main pro gram, declarations, assignment statements, i/o statements, selection statements, loop state ments, method call statements, statements vs. expressions. handle program exceptions properly. define, use and reconstruct files. identify and use basic data structures (linked lists, stacks, queues). analize, design and implement oo programs. use simple generic methods and classes. use simple gui components."
Copy of FTK206 Pemrograman Berorientasi Objek.pdf,FTK206,Pemrograman Berorientasi Objek,methods_instruction,"classroom instruction consists of lectures and practical problem solving, supplemented by visual aids designed to assist the student to successfully meet the course’s learning objectives. f ppkr1 syllabus ftk206/tif41 (rencana pembelajaran semester)"
Copy of FTK206 Pemrograman Berorientasi Objek.pdf,FTK206,Pemrograman Berorientasi Objek,course_outline,"this section should show the targeted competencies, topics, sub topics, specific method of instruction/ delivery, material references, and assessment indicators for each session. session targeted competencies topics & sub topics methods references assignment (a) computer system hardware and software introduction syllabus and sap topic introduction introduction, [t1]chapter 1, (b) programming language 1 – to computer and java lecture, discussion p.23 51 (c) the programming process (d) object oriented programming (a) the parts of a java program (b) variables and literals (c) primitive data types lecture, (d) arithmetic operators [t1]chapter 2, 2 java fundamentals discussion, exercise 3 (e) combined assignment operators p.53 149 exercise (f) conversion between primitive data types (g) the string class (a) classes (b) instance fields and methods (c) constructors lecture, [t1]chapter 3, 3 a first look at classes and objects (d) classes, variables and scopes discussion, exercise 2 p.153 213 (e) package and import statements exercise (f) finding the classes and their responsi bilities (a) the if else if statement (b) nested if statement lecture, (c) logical operators [t1]chapter 4, 4 decision structures discussion, exercise 2 (d) the conditional operators p.215 300 assignment (e) the switch statement (f) the random class (a) the increment and decrement opera tors. (b) the while, do while and for lecture, [t1]chapter 5, loop. 5 loops and files discussion, exercise 7 p.301 377 (c) nested loop, break and continue exercise statement. (d) introducing to file input and output. (a) statics class members. (b) overloaded methods and construc tors. lecture, (c) passing and returning object as argu [t1]chapter 6, 6 a second look at classes and objects discussion, exercise 1 ments to methods. p.379 469 assignment (d) aggregation, inner classes, enumer ated types and garbage collection. (e) class collaboration. f ppkr1 (rencana pembelajaran semester) page 4/5 syllabus ftk206/tif41 (a) introduction to array (b) processing array contents (c) passing and returning arrays as argu ment to methods (d) arrays of objects lecture, [t1]chapter 7, 7 arrays and the arraylist class exercise 2 (e) search and sort algorithm discussion, review p.471 568 (f) two, three and more dimensional ar rays (g) the arraylist class (h) review material for mid exam mid semester test (a) introduction to wrapper classes. (b) character testing and conversion lecture, (c) the stringbuilder class [t1]chapter 8, 8 text processing and wrapper classes discussion, exercise 1 (d) tokenizing strings p.569 625 exercise (e) wrapper classes for the numeric data types (a) inheritance concept (b) supeclass constructors, overriding methods (c) protected members lecture, [t1]chapter 9, 9 inheritance discussion, exercise 1 (d) class that inherit from subclasses p.627 7011 exercise (e) the object class (f) polymorphism (g) abstract classes and methods (a) handling exceptions (b) throwing exceptions lecture, [t1]chapter 10, (c) binary file 10 exception and advanced file i/o discussion, exercise 5 p.703 759 (d) random access file assigment (e) object serialization (a) introduction (b) dialog boxes (c) creating window lecture, [t1]chapter 11, 11 gui application part 1 (d) equipping gui classes discussion, exercise 3 p.761 861 (e) layout managers ecercise (f) radio button, checkboxes, border, splash screen (a) read only text fields (b) lists (c) combo boxes lecture, (d) displaying images [t1]chapter 12, 12 gui application part 2 discussion, exercise 9 (e) mnemonics and tool tips p.863–929 assigment (f) file and color chooser (g) menus, text areas, sliders, look and feel lecture, (a) solving problem with recursion [t1]chapter 15, 13 recursion discussion, exercise 1 (b) a recursive binary search method p.1061 1087 assignment f ppkr1 (rencana pembelajaran semester) page 5/5 syllabus ftk206/tif41 (a) introduction to dbms and jdbc lecture, [t1]chapter 16, (b) sql update, creating and delete table 14 database exercise 5 discussion, review p.1089 1183 (c) review material for final exam. final semester test f ppkr1"
Copy of TIF310 Interpersonal Skill.pdf,TIF310,Interpersonal Skill,course_description,"deskripsi matakuliah interpersonal skill merupakan bagian dari soft skills dalam pengembangan karakter yang merupakan tuntutan dari perkembangan zaman seperti media sosial, pasar bebas, teknologi, informasi dan tantangan kebutuhan global. tuntutan dari perkembangan paham inklusi sosial, budaya, ekonomi dan perkembangan politik agar bijak dan cakap dalam membangun relasi sosial antar sesama manusia didalam pekerjaaan, komunitas dan hidup sehari hari, di masyarakat, di kantor, di media sosial, di jalan, di dalam organisasi, di dunia bisnis dan lain lain."
Copy of TIF310 Interpersonal Skill.pdf,TIF310,Interpersonal Skill,course_objectives,"sasaran kompetensi lulusan yang dibebankan pada matakuliah mengaktualisasi diri secara baik, berani dan benar ( citra diri yang baik ). menjaga keharmonisan dalam hubungan pergaulan hidup sehari hari dimana saja dan kapan saja. mengkomunikasikan informasi yang benar, cepat dan tepat. membangun komunitas atau team yang solid, harmonis dan bersinergi secara baik dan optimal. menempatkan diri secara benar dan tepat pada bidangnya menjadi pemecah masalah bukan sumber masalah. menjadi pribadi yang menyenangkan dan yang bermanfaat bagi dunia dan kemuliaan tuhan menjadi negosiator, persuasitor dan pemimpin yang bijak, cakap dan berhasil"
Copy of TIF310 Interpersonal Skill.pdf,TIF310,Interpersonal Skill,methods_instruction,"metode pembelajaran class instruction includes introduction, concept, group discussion, real world example, case study, problem base learning and writing and presenting paper. students are expected to have read the material of course in the power point or text book before in class"
Copy of TIF310 Interpersonal Skill.pdf,TIF310,Interpersonal Skill,course_outline,"this section should show the targeted competencies, topics, sub topics, specific method of instruction/ delivery, material references, and assessment indicators for each session. session targeted competencies topic & sub topics forms of instruction & material references assessment indicators duration (sesi) (kemampuan akhir) (materi pembelajaran) (sumber pembelajaran) (indikator penilaian) (bentuk & waktu pembelajaran)  mampu memahami pendahuluan ceramah penjelasan silabus, tujuan power point (ppt) mengikuti dan merespon pengertian a. pendahuluan mata kuliah, materi kuliah dan tugas chapter 1 perkuliahan dengan sikap page 2 8 interpersonal skills b. pentingnya 80 menit, tanya jawab 10 menit dan baik buku referensi, internet interpersonal skill lain lain 10 menit memahami pengertian 1 dan lain lain c. interpersonal skill interpersonal skill secara  mampu menjelaskan sebagai soft skill benar pentingnya d. interpersonal skill di interpersonal skills lingkungan ubakrie mengerjakan tugas mingguan ppt menjawab pertanyaan  mampu memahami awarenes of ceramah 40 menit, latihan soal 25 dengan benar, jujur dan chapter 2 dan menerima menit, bahas soal 25 menit dan lain others tepat waktu page 9 18 keberadaan orang lain 10 menit menempatkan diri secara a. pendahuluan buku referensi, internet dan lain baik ditengan pergaulan dan lain lain b. siapakah sesamaku pekerjaaan 2 c. semangat pancasila  mampu bertolensi menerima dan dalam membangun memperlakukan orang lain dengan orang lain hubungan etis dengan secara bermartabat orang lain d. kesimpulan menggerjakan tugas mingguan ceramah 30 menit, diskusi 30 menit, 3  mampu menjelaskan ppt berdiskusi dengan disiplin, jaringan sosial case study 30 menit dan lain lain 10 f ppkr1 syllabus (rencana pembelajaran semester) [kode mata kuliah] pg. 4/10 session targeted competencies topic & sub topics forms of instruction & material references assessment indicators duration (sesi) (kemampuan akhir) (materi pembelajaran) (sumber pembelajaran) (indikator penilaian) (bentuk & waktu pembelajaran) penting nya jaringan a. pendahuluan menit chapter 3 dan tanggungjawab sosial bagi b. pengertian jaringan dapat menjelaskan page 19 27 kehidupan dan sosial pentingnya jaringan sosial kesuksesan. c. jaringan sosial sebagai bagi kesuksesan buku referensi, modal memiliki jaringan sosial internet dan lain lain  mampu membentuk d. bagimana jaringan yang solid dan membangun jaringan sosial yang sosial dibentuk baik dan membangun e. sifat jaringan sosial mengerjakan tugas mingguan tepat waktu 4  mampu menjelaskan diskusi kelompokl 35 menit. ppt berdiskusi dengan disiplin, nilai dan norma berbagai norma sosial presentasi hasil diskusi dan tanya chapter 4 dan menghormati pendapat sosial yang perlu jawab 45 menit, kesimpulan 10 menit page 28 42 orang a. nilai diperhatikan dan dan lain lain 10 menit buku referensi, internet dan mentaati norma norma b. norma ditaati lain lain yang berlaku dengan setia c. hubungan antara menjalankan kehidupan norma dan nilai seauai norma yang berlaku.  mampu mewujudkan hubungan sosial yang d. sikap terhadap norma mengerjakan tugas dengan harmonis dan dan nilai tepat waktu bersinergi untuk pembangunan dan kebaikan 5  mampu menerima ceramah 40 menit, diskusi kasus 25 ppt mengikuti perkuliahan relasi lintas realita bahwa kita menit, bahas 25 menit dan lain lain chapter 5 dengan baik dan tepat waktu budaya dan berbeda dan beragam, 10 menit page 43berdiskusi dengan tertib keberagaman suku, agama, bahasa, buku referensi, internet dan dan kritis a. pendahuluan budaya, selera, hobi, lain lain menerima perbedaan dan b. relasi lintas budaya kekuatan dan keragaman dengan tulus kelemahan c. keberagaman sebagai anugerah tuhan d. beberapa tantangan f ppkr1 syllabus (rencana pembelajaran semester) [kode mata kuliah] pg. 5/10 session targeted competencies topic & sub topics forms of instruction & material references assessment indicators duration (sesi) (kemampuan akhir) (materi pembelajaran) (sumber pembelajaran) (indikator penilaian) (bentuk & waktu pembelajaran)  mampu menjaga untuk menerima memelihara perdamaian kedamaian dan dalam lingkungan keluarga, keanekaragaman kebersamaan tempat kerja, komunitas, e. mengelola perbedaan ditengah perbedaan tetangga dan hidup sehari f. wawasan nusantara dan dan keberagaman hari dimana saja dan kapan bhinneka tunggal ika saja mengelola perbedaan  mampu mengelola menjadi positif perbedaan menjadi positif bukan negatif mengerjakan untuk membangun. tugasmingguan tepat waktu 6  mampu menemukan diskusi kelompok 35 menit. ppt berdiskusi dengan tertib mengelola sumber penyebab presentasi hasil diskusi dan tanya chapter 6 dan semangat. konflik konplik dengan tepat. jawab 45 menit, menyimpulkan 10 page 57menemukan sumber a. pendahuluan . menit dan lain lain 10 menit buku referensi, internet dan konplik secara cepat dan b. pengertian konflik lain lain tepat  mampu c. strategi managemen menyelesaikan konflik menyelesaikan konplik konplik secara baik dan adil ( win win d. tehnik mencegah dengan segera dan secara adil solution ) konflik f ppkr1 syllabus (rencana pembelajaran semester) [kode mata kuliah] pg. 6/10 session targeted competencies topic & sub topics forms of instruction & material references assessment indicators duration (sesi) (kemampuan akhir) (materi pembelajaran) (sumber pembelajaran) (indikator penilaian) (bentuk & waktu pembelajaran) 7  mampu menjelaskan metode pemecahan masalah ppt dapat menganalisi komunikasi kelengkapan ( problem based learning / pbl ) 35 chapter 7 masalah, berpikir kritis dan interpersonal komponen komponen menit. presentasi hasil diskusi dan page 72 82 menemukan jawaban terbaik a. pendahuluan komunikasi secara tanya jawab 45 menit, menyimpulkan buku referensi, internet dan mempresentasikan hasil b. pengertian komunikasi tepat 10 menit dan lain lain 10 menit lain lain diskusi secara tepat dan c. komunikasi jelas interpersonal berbicara dengan dengan  mampuberdialog/ berkomunikasi d. komponen komponen jujur, sopan dan membangun verbal dan non verbal komunikasi dapat berkomunikasi dengan ramah, lancar e. komunikasi verbal verbal dan non verbal secara dan tepat. penunjang profesi baik,lancar dan jelas f. komunikasi nonverbal menjadi pendengar yang  mampu menjadi g. kemampuan penuh perhatian dan ramah pendengar yang baik mendengar dalam dan ramah mengerjakan tugas komunikasi mingguantepat waktu h. tantangan komunikasi i. komunikasi asertif mid semester examination 8  mampu membuat dan presentasi makalah 80 menit dan lain material from ppt menyelesaikan tugas paper mempresentasikan lain 10 menit chapter 6,7 dengan benar dan tepat presentation makalah secara baik buku referensi, internet dan waktu a. discussion (question/ dan tepat waktu. lain lain bersikap profesional dalam answer) mempresentasikan tugas b. conclusion menjawab pertanyaan  mampu menjawab dengan sopan dan tepat pertanyaan secara sopan dan tepat. mengerjakan tugs mingguan tepat waktu f ppkr1 syllabus (rencana pembelajaran semester) [kode mata kuliah] pg. 7/10 session targeted competencies topic & sub topics forms of instruction & material references assessment indicators duration (sesi) (kemampuan akhir) (materi pembelajaran) (sumber pembelajaran) (indikator penilaian) (bentuk & waktu pembelajaran) 9 metode pemecahan masalah ppt mampu menganalisi membangun tim  mampu bekerjasama ( problem based learning / pbl ) 35 chapter 8 masalah secara tepat dan dan kerjasama didalam tim secara menit. presentasi hasil diskusi dan buku referensi, internet dan kritis dalam tim baik dan bersinergi tanya jawab 45 menit, menyimpulkan lain lain a. pendahuluan 10 menit, dan lain lain 10 menit memberikan contoh tim b. pengertian tim kerja yang kompak dan bermutu.  mampu mewujudkan dan kelompok kerja sebuah tim yang kompak, kuat dan c. jenis jenis tim dapat memenuhi syarat syarat yang diperlukan bermutu tinggi d. keuntungan tim dalam membangun sebuah (profesional ) e. potensi keterbatasan tim yang kuat, kompak dan tim berkualitas f. tahapan tahapan pengembangan mengerjakan tugas kelompok mingguantepat waktu g. karakteristik dari performance tim yang baik h. tips tips untuk tim tim yang efektif 10  mampu persuasi ceramah 40 menit, latihan soal 30 ppt menjelaskan persuasi mendefinisikan a. pendahuluan menit dan tanya jawab 30 menit dan chapter 9 secara tepat. pengertian persuasi b. pengertian persuasi lain lain 10 menit secara tepat dan c. pentingnya persuasi buku referensi, internet dan menjelaskan pentingnya benar d. strategi persuasi lain lain persuasi dalam komunikasi e. bbeberapa tips dan marketing persuasi  mampu menjelaskan f. mengembangkan menunjukkan contoh pentingnya persuasi f ppkr1 syllabus (rencana pembelajaran semester) [kode mata kuliah] pg. 8/10 session targeted competencies topic & sub topics forms of instruction & material references assessment indicators duration (sesi) (kemampuan akhir) (materi pembelajaran) (sumber pembelajaran) (indikator penilaian) (bentuk & waktu pembelajaran) dalam komunikasi kemampuan persuasi persuasi yang baik dan marketing g. presentasi yang efektif untuk mempengaruhi mengerjakan tugas  mampu membuat orang lain mingguantepat waktu persuasi yang efektif dalam meyakinkan orang lain 11  mampu negosiasi problem based learning / pbl 35 ppt menganalisi masalah mendefinisikan a. pendahuluan menit. presentasi hasil diskusi dan chapter 10 dengan tepat dan kritis pengertian negosiasi b. pengertian negosiasi tanya jawab 45 menit, menyimpulkan dengan benar c. pentingnya negosiasi 10 menit, lain lain 10 menit buku referensi, internet dan menghargai dan d. strategi negosiasi lain lain menghormati pendapat e. tahapan negosiasi orang lain secara tulus  mampu menjelaskan f. beberapa pedoman pentingnya negosiasi negosiasi dapat bernegoisasi dengan dalam komunikasi baik dan jelas sosial, ekonomi dan bisnis mengerjakan tugas mingguantepat waktu  mampu menegosiasikan keinginan atau harapan secara tepat 12  mampu ceramah 40 menit, latihan soal 30 ppt dapat menjelaskan peran mendefinisikan arti menit dan tanya jawab 30 menit dan chapter 11 kepemimpinan secara tepat kepemimpinan kepemimpinan secara lain lain 10 menit a. pendahuluan benar. buku referensi, internet dan mau belajar b. pengertian lain lain menjadiseorang pemimpin kepemimpinan yang baik dan hebat.  mampu memimpin c. karakteristik secara baik dan f ppkr1 syllabus (rencana pembelajaran semester) [kode mata kuliah] pg. 9/10 session targeted competencies topic & sub topics forms of instruction & material references assessment indicators duration (sesi) (kemampuan akhir) (materi pembelajaran) (sumber pembelajaran) (indikator penilaian) (bentuk & waktu pembelajaran) bertanggungjawab pemimpinyang efektif memiliki integritas dan prinsip hidup baik. d. mengembangkan  mampu kepemimpinan mengembangkan menjawab soal dengan e. gaya kepemimpinan kepemimpinan secara benra dan tepat waktu f. kepemimpinan berkesinambungan pancasila menuju pemimpin mengerjakan tugas yang handal dan g. integritas seorang mingguantepat waktu sukses pemimpin 13  mampu mnjelaskan ceramah 40 menit, diskusil 25 menit, ppt berdiskusi dengan pemberdayaan arti pemberdayaan bahas 25 menit dan lain lain 10 menit chapter 12 semangat dan tertib. dan dan pendelegasian memahami arti pendelegasian secara benar. buku referensi, internet dan pemberdayaan dan wewenang lain lain pendelegasian secara benar a. pendahuluan bersedia memberdayakan  mampu b. pemberdayaan dan mendelegasikan tugas memberdayakan dan mendelegasikan (empowerment) kepada orang lain wewenang secara c. pendelegasian mengerjakan tugas tepat dan wewenang dan mingguan tepat waktu membangun pemberdayaan karyawan dapat menjelaskan arti 14  mampu menjelaskan cermah 50 menit, ulasan bahan kuliah ppt motivasi secara benar memotivasi arti motivasi secara 40 menit dan lain lain 10 menit chapter 13 termotivasi untuk orang lain benar. terussemangat dalam belajar a. pendahuluan buku referensi, internet dan b. pengertian motivasi lain lain mau memotivasi orang lain  mampu memotivasi c. memotivasi orang lain mengerjakan tugas diri dan orang lain mingguan tepat waktu secara tepat dan f ppkr1 syllabus (rencana pembelajaran semester) [kode mata kuliah] pg. 10/10 session targeted competencies topic & sub topics forms of instruction & material references assessment indicators duration (sesi) (kemampuan akhir) (materi pembelajaran) (sumber pembelajaran) (indikator penilaian) (bentuk & waktu pembelajaran) berkesinambungan material review for uas final examination f ppkr1"
Copy of FTK301 E Business dan Pemrograman Berbasis Web.pdf,FTK301,E Business dan Pemrograman Berbasis Web,course_description,"general description this course covers the basic concepts involved in e business and demonstrate a competency to create a web based application to support business activities. requirements having a working knowledge of computer concepts and terminology is required. it is helpful that the student have knowledge of at least on algorithm, basic programming and also data structure"
Copy of FTK301 E Business dan Pemrograman Berbasis Web.pdf,FTK301,E Business dan Pemrograman Berbasis Web,course_objectives,"upon completion of this course, the students are expected  explain an understanding the driving forces behind e business and e commercetechnology change, business development, and social issues. apply demonstrate a competency of implementing some of the web applications such as database, server side and client side scripting language to the final projects. analyze demonstrate a competency to analyze and attribute the students perspective of what suitable tools to use to their own projects. evaluate demonstrate a competency in evaluating the students own e business web application project against particular criteria. create demonstrate a competency to create a web based application in order to support business activities."
Copy of FTK301 E Business dan Pemrograman Berbasis Web.pdf,FTK301,E Business dan Pemrograman Berbasis Web,methods_instruction,"classroom instruction consists of lectures and practical problem solving, supplemented by visual aids designed to assist the student to successfully meet the courses learning objectives. it is imperative that students take an active interest in the course. to succeed in this course, students must read, think, and write in a critical and analytical manner and this takes time and practice. such practice can only be achieved by working exercises. when troubles arise, and they will, the student must ask questions which may be directed to the instructor or other students in a variety of ways. students are also encouraged to work individually as well together on problem sets as part of their exercises. however, individual must ultimately demonstrate the understanding of the substantial by writing up his/her own solutions. moreover, there will be a workshop/ class assignment and presentation both in written and oral manner in order to evaluate the students level of knowledge and skills on this course. mid test is conducted in order to evaluate the students level of knowledge and skills on this course. and, the final test is conducted by students as a group project. the teaching method used is student centered learning. by f ppkr1 syllabus ftk301 (rencana pembelajaran semester) implementing this method, the students are engaged to solve the given problems or questions in a small group discussion. the student can also retrieve the lecture notes through on line course management system."
Copy of FTK301 E Business dan Pemrograman Berbasis Web.pdf,FTK301,E Business dan Pemrograman Berbasis Web,course_outline,"this section should show the targeted competencies, topics, sub topics, specific method of instruction/ delivery, material references, and assessment indicators for each session. session targeted competencies topics & sub topics methods references assignment internet technology, e business and e commerce understanding, analytical thinking and (a) introduction to the internet technol lecture and exercise on 1 textbook [1] programming for session 1 ogy discussion textbook [1] (b) e business (c) e commerce comparing the web the technology server side vs client side technologies understanding, analytical thinking and lecture and exercise on 2 textbook [1] (a) technology behind the internet programming for session 2 discussion textbook [1] (b) server side technologies (c) client sine technologies designing the e business’s process and data model. exercise on (a) translating business process into e understanding, analytical thinking and lecture, discussion textbook [1] and 3 textbook [1] business programming for session 3 and lab activities lab module (b) designing and creating business canvas chapter 1 (c) designing and creating data model to support e business web client side programming languages part 1 (html, xhtml, and html5) (a) hypertext markup language exercise on understanding, analytical thinking and lecture, discussion textbook [2] and (b) xml hypertext markup language 4 textbook [2] programming for session 4 and lab activities lab module (xhtml) chapter 2 (c) (d) hypertext markup language ver 5 (html5) web client side programming languages part exercise on 2 (css and css3) understanding, analytical thinking and lecture, discussion textbook [2] and 5 textbook [2] programming for session 5 and lab activities lab module (a) cascading style sheets (css) chapter 3 (b) cascading style sheets ver 3 (css3) web client side programming languages part 3 (responsive web) exercise on understanding, analytical thinking and (a) introduction to responsive web de lecture, discussion textbook [2] and 6 textbook [2] programming for session 6 sign (rwd) and lab activities lab module chapter 4 (b) rwd’s workflows (c) media queries and fluid grid and layout f ppkr1 (rencana pembelajaran semester) page 4/5 syllabus ftk301 web client side programming languages part 4 (javascript, ajax and xml) exercise on understanding, analytical thinking and lecture, discussion textbook [2] and 7 textbook [2] (a) javascript programming for session 7 and lab activities lab module (b) asynchronous javascript and xml chapter 5 (c) extensible markup language (xml) mid semester test web services understanding, analytical thinking and lecture and exercise on (a) introduction to web services 8 textbook [3] programming for session 8 discussion textbook [3] (b) application of web service on the mod ern internet application. web server side programming languages part 1 exercise on understanding, analytical thinking and lecture, discussion textbook [3] and 9 textbook [3] (a) introduction to asynchronous pro programming for session 9 and lab activities lab module gramming chapter 6 (b) writing basic applications web server side programming languages part 2 exercise on understanding, analytical thinking and lecture, discussion textbook [3] and (a) connecting the application (nodejs) to 10 textbook [4] programming for session 10 and lab activities lab module the database via api (web service) chapter 7 (b) writing applications in order to con nect an app to db via api advanced web server side programming lan guages part 1 exercise on understanding, analytical thinking and lecture, discussion textbook [4] and 11 textbook [4] (a) basic coding standard on php programming for session 11 and lab activities lab module (b) connecting to the database using php chapter 8 (functional) advanced web server side programming lan exercise on guages part 2 understanding, analytical thinking and lecture, discussion textbook [4] and 12 textbook [4] (a) basic object oriented php programming for session 12 and lab activities lab module (b) creating class library for connecting chapter 9 apps to database server planning framework model view controller design pattern, deploying, seo, and secu rity (a) introduction to framework model, exercise on understanding, analytical thinking and view and controller lecture, discussion textbook [4] and 13 textbook [4] programming for session 13 (b) design pattern and lab activities lab module chapter 10 (c) designing a basic server side frame work using php (d) seo and security (e) deploy the application f ppkr1 (rencana pembelajaran semester) page 5/5 syllabus ftk301 project presentation and discussion understanding, analytical thinking and presentation and textbook [1,2, 3 14 (a) presentation programming for session 14 discussion and 4] (b) questions and answers final semester test f ppkr1"
Copy of TIF302 Pengantar Intelejensi Artifisial.pdf,TIF302,Pengantar Intelejensi Artifisial,course_description,"general description; this course discusses the basic concepts of artificial intelligence and its development, the basic concept of knowledge along with the method of representing knowledges, problem solving tech niques with the search method, and applications of intelligent systems in the field of artificial intelligence."
Copy of TIF302 Pengantar Intelejensi Artifisial.pdf,TIF302,Pengantar Intelejensi Artifisial,course_objectives,"upon completion of this course, the students are expected to  have knowledge of basic concepts of artificial intelligence, development of intelligent system appli cations, intelligent system components, and intelligent system applications. having knowledge of the basic concepts of knowledges and various methods of representing knowl edge able to represent knowledge related to the real world has the knowledge and ability to solve problems by applying various search methods. has knowledge of applications of artificial intelligence field."
Copy of TIF302 Pengantar Intelejensi Artifisial.pdf,TIF302,Pengantar Intelejensi Artifisial,methods_instruction,"classroom instruction consists of lectures and practical problem solving, supplemented by visual aids designed to assist the student to successfully meet the courses learning objectives. it is imperative that students take an active interest in the course. to succeed in this course, students must read, think, and write in a critical and analytical manner and this takes time and practice. such practice can only be achieved by working exercises. when troubles arise, and they will, the student must ask questions which may be directed to the instructor or other students in a variety of ways. students are also encouraged to work individually as well together on problem sets as part of their exercises. however, individual must ultimately demonstrate the understanding of the substantial by writing up his/her own solutions. moreover, there will be a workshop/ class assignment and presentation both in written and oral manner in order to evaluate the students level of knowledge and skills on this course. mid test is conducted in order to evaluate the students level of knowledge and skills on this course. and, the final test is conducted by students as a group project. the teaching method used is student centered learning. by implementing this method, the students are engaged to solve the given problems or questions in a small group discussion. the student can also retrieve the lecture notes through on line course management system. f ppkr1 syllabus tif302 (rencana pembelajaran semester)"
Copy of TIF302 Pengantar Intelejensi Artifisial.pdf,TIF302,Pengantar Intelejensi Artifisial,course_outline,"this section should show the targeted competencies, topics, sub topics, specific method of instruction/ delivery, material references, and assessment indicators for each session. session targeted competencies topics & sub topics methods references assignment introduction to artificial intelligence (a) what is ai? (b) the foundations of artificial intelli understanding, analytical thinking and lecture and chapter 1, pp. gence 1 exercise pp 28 programming skills for session 1 discussion 1 28 (c) the history of artificial intelligence (d) the state of the art (e) risks and benefits of ai representation and reasoning system and presenting an agent understanding, analytical thinking and lecture and chapter 2, pp. 2 exercise pp 50 (a) agents and environments programming skills for session 2 discussion 31 38 (b) good behavior the concept of ra tionality further representational dimensions of agent system understanding, analytical thinking and lecture and chapter 2, pp. 3 exercise pp 50 programming skills for session 3 discussion 39 50 (a) the nature of environments (b) the structure of agents group presentation of ai’s application (a) each group must present at least one understanding, analytical thinking and presentation and chapter 1,2 and 3 4 case that shows current affair of ai’s programming skills for session 4 discussion pp. 1 50 and its applications. (b) discussion question and answers problem solving uninformed search understanding, analytical thinking and (a) problem solving agents lecture and chapter 3, pp. 5 exercise pp 87 programming skills for session 5 discussion 53 87 (b) uninformed search strategies (c) various search algorithm problem solving informed search understanding, analytical thinking and (a) informed (heuristic) search strategies lecture and chapter 4, pp. 6 exercise pp 118 programming skills for session 6 discussion 92 118 (b) heuristic functions (c) various search algorithm review and quiz understanding, analytical thinking and chapter 1, 2, 3 and 7 quiz (a) review programming skills for session 7 4, pp. 1 118 (b) quiz f ppkr1 (rencana pembelajaran semester) page 4/4 syllabus tif302 mid semester test planning introduction to planning (a) definition of classical planning (b) algorithms for classical planning chapter 9 and 11, understanding, analytical thinking and lecture and exercise pp 294 (c) heuristics and hierarchical for plan 8 pp. 265 294 and programming skills for session 8 discussion and 364 ning 337 364 (d) syntax and semantics of first order logic (e) using first order logic knowledge and reasoning (a) ontological engineering understanding, analytical thinking and (b) categories and objects lecture and chapter 8, pp 9 exercise pp 261 programming skills for session 9 discussion 218 261 (c) events (d) mental objects and modal logic (e) reasoning systems for categories knowledge and reasoning (a) propositional vs. first order inference understanding, analytical thinking and lecture and chapter 14, pp. 10 exercise pp 433 (b) unification and first order inference programming skills for session 10 discussion 413 433 (c) forward chaining (d) backward chaining learning supervised learning methods (a) supervised learning understanding, analytical thinking and (b) learning decision trees lecture and chapter 18, pp. 11 exercise pp 560 programming skills for session 11 discussion 523 560 (c) model selection and optimization (d) the theory of learning (e) linear regression and classification learning unsupervised learning methods (a) unsupervised, semi supervised and understanding, analytical thinking and transfer learning lecture and chapter 19 and 20, 12 exercise pp 623 programming skills for session 12 discussion pp. 563 623 (b) learning from rewards (c) passive reinforcement learning (d) active reinforcement learning mini project presentation and discussion part 1 understanding, analytical thinking and presentation and chapter 1, 2, 3, 4, 13 programming skills for session 13 discussion 8, 9, 14, 18, and 19 (a) presentation (b) discussion mini project presentation and discussion part 2 understanding, analytical thinking and presentation and chapter 1, 2, 3, 4, 14 programming skills for session 14 discussion 8, 9, 14, 18, and 19 (a) presentation (b) discussion final semester test f ppkr1"
Copy of TIF311 Multimedia Systems.pdf,TIF311,Multimedia Systems,course_description,"this course introduces the students the followings  broad grounding in issue surrounding multimedia, – role of multimedia systems – design of multimedia systems – multimedia data — digital audio, graphics and video, etc underlying concepts and representations of sound, pictures and video, data compression and transmission, integration of media, delivery of multimedia. applications"
Copy of TIF311 Multimedia Systems.pdf,TIF311,Multimedia Systems,course_objectives,"upon completion of this course, the student should be able to  understand the relevance and underlying infrastructure of the multimedia systems. understand core multimedia technologies and standards (digital audio, graphics, video, vr, data transmission/compression) be aware of factors involved in multimedia systems performance, integration and evaluation topics in the module include the following  introduction multimedia applications and requirements (e.g., overview of multimedia systems, video on demand, interactive television, video conferencing, hypermedia courseware, groupware, world wide web, and digital libraries). audio/video fundamentals including analog and digital representations, human perception, and audio/video equipment, applications. audio and video compression f ppkr1 rps tif311 (rencana pembelajaran semester) – perceptual transform coders for images/video (e.g., jpeg, mpeg, h.263, etc.), – scalable coders (e.g., pyramid coders), – perceptual audio encoders. – image and video processing applications and algorithms. multimedia hardware and software including computer architecture and devices, os support, net work protocols, multicast networks (mbone), continuous media system services and toolkits, and digital media servers and storage systems. advanced multimedia virtual reality, augmented reality, multimedia databases/digital libraries multimedia systems case studies (e.g., paper, research, simulated environments, documents, etc.). the above mentioned objectives should be aligned into the following competences a. knowledge (information plus understanding) a.historical and general knowledge on multimedia systems a.fundamentals of multimedia representation, human perception, equipment, applications a.understand how human perceive sound a.understand audio processing and compression a.understand how human perceive visual stimuli a.understand data compression methods and techniques a.understand digital image/video representation and compression a.performance issues of multimedia systems a.advanced multimedia issues b. skills (application of knowledge) b.recognize and apply various multimedia systems and technologies for different purposes b.identify different medium for multimedia data b.calculate quality measurement of multimedia data b.identify and use different formats of multimedia data b.identify multimedia data redundancy and apply methods of data compression b.identify advanced techniques in multimedia coding b.identify and use different methods of multimedia networking c. values and attitudes c.appreciate the value of fundamental multimedia systems and its usage c.develop an understanding of various methods and techniques used in multimedia systems c.develop basic skill of analysis and problem solving through the application of multimedia systems"
Copy of TIF311 Multimedia Systems.pdf,TIF311,Multimedia Systems,methods_instruction,"classroom instruction consists of lectures and practical problem solving, supplemented by visual aids designed to assist the student to successfully meet the course’s learning objectives. it is imperative that students take an active interest in the course. to succeed in this course, students must read, think, and write in a critical and analytical manner and this takes time and practice. such practice can only be achieved by working theoretical and practical exercises. when troubles arise, and they will, the student must ask questions which may be directed to the instructor or other students in a variety of ways. students are also encouraged to work together on problem sets as part of their exercises. however, individual must ultimately demonstrate the understanding of the material by writing up his/her own solutions without the help of other students or their written work. on average students need to spend, at least, 6 hours of study and preparation per week for this course."
Copy of TIF311 Multimedia Systems.pdf,TIF311,Multimedia Systems,course_outline,"this section should show the targeted competencies, topics, sub topics, specific method of instruction/ delivery, material references, and assessment indicators for each session. the targeted competencies refer to the list of competencies given in the course objectives section. targeted topics & sub topics methods references assignment ses compe sion tencies introduction (a) introduction to the terminology and description of informatics and multi media a.,a., lecture, 1 (b) components of multimedia [1] chapter 1 probs 3, 4, 5, 6 b., c.discussion (c) hypermedia (d) www (e) research topics in multimedia infor matics audio processing a.,a., (a) human auditory system lecture, 2 b.,b., [1] chapter 6 probs 1, 6, 9, 10 (b) sampling discussion c.,c.(c) digitization of sound (d) quality measurement of audio signals audio compression (a) cd audio same as (b) basic pcm (pulse code modulation) lecture, [1] chapter 6, 13, probs 13 14, 3 above discussion and 14 5, 4, 8 (c) adaptive pcm (d) perceptual coding (e) mpeg audio fundamental mechanism of human visual system (a) structure of the human eye (b) image formation in the eye lecture, 4 a.[1] chapter 1 probs 1, 2, 5, 6, 7 discussion (c) brightness adaptation and discrimina tion (d) contrast (e) masking image/video data representations (a) image data types a.,a., probs 1, 3, (b) file formats to represent images lecture, [1] chapter 1 2, 5 b.,b., 1, 3, 4, 6, discussion 1 3 (c) various types of video signals c.,c.10 (d) analog video (e) digital video f ppkr1 rps tif311 (rencana pembelajaran semester) basic data compression (a) lossless compression algorithm (b) rlc, vlc a.,a., (c) huffman coding, arithmetic coding lecture, [1] chapter 1 4, probs 1 3, 5 6, 6 a.,b., discussion 6, 1 5 4 7 (d) lossy compression algorithms c.,c.(e) rate distortion theory (f) quantization (g) transform coding image compression standards a.,a., (a) image compression basic lecture, [1 ]chapter 1 2, 7 b.,b., discussion, probs 1 2, 4 6 (b) jpeg standard paper articles c.,c.quiz (c) jpeg2000 standard (d) other image compression standards mid semester test basic video compression standards (a) video compression techniques probs (b) motion compensation same as lecture, [1] chapter 1 5, {1/3/4/7/8/9}, (c) methods for searching motion vectors 8 above discussion 2 3, 1 4 {1/3/4/5}, + a.(d) video coding standards mpeg 1/2/4 {1/3} (e) object based video coding in mpeg4 (f) video coding standards h.261, h.263, h.264 advanced topics in video coding (a) avc a.,b., (b) hevc lecture, practical problems 9 paper articles c.,c.discussion / projects (c) watermarking (d) segmentation (e) streaming error control (a) error resilience techniques data par same as practical problems 10 titioning, fec discussion paper articles above / projects (b) error concealment methods (c) congestion control network layer support (a) network function to support multime dia system same as probs (b) analyzing network traffic in multime 11 above discussion chapter 15 {1/5/6/8/10} dia systems + b.(c) qos (d) access and core broadband network (e) content delivery network multimedia networking (a) internet protocols to support multime same as dia networking lecture, probs 12 above chapter 16 (b) multimedia applications over the net discussion {1/4/5/7/9} + a.work (c) rtp, rtcp (d) audio and video streaming review (a) review material for the finals lecture, materials after students’ 13 c.,c.discussion, (b) project presentation mid test presentation quiz (c) discussion (d) quiz review (a) review material for the finals same as discussion, materials after student’ 14 (b) project presentation above quiz mid test presentation (c) discussion (d) quiz final semester test f ppkr1"
Copy of TIF305 Pemodelan dan Simulasi Jaringan.pdf,TIF305,Pemodelan dan Simulasi Jaringan,course_description,"this lecture will discuss the concepts, structure and mechanisms of network modeling and computer sim ulation. it also presents, as clearly and completely as possible, the nature and characteristics of computer simulation and network modeling. the topics will cover the overview of computer and network simu lation, building conceptual model and network modeling, simulating probabilities, simulating random variables, and stochastic processes, discrete event simulation, event graphs, building simulation program from simulation to deployment, queueing theory, simulating queue processes, to network layering models."
Copy of TIF305 Pemodelan dan Simulasi Jaringan.pdf,TIF305,Pemodelan dan Simulasi Jaringan,course_objectives,"upon completion of this course, the student should be able to  understand the concepts, structure, and mechanisms of computer simulation and network model ing. present, as clearly as possible, the nature and characteristics of conceptual model and network modeling. have knowledge on simulating probabilities. have knowledge on simulating random variables. have knowledge on stochastic processes. have knowledge on discrete event simulation and event graphs. have knowledge on building simulation program from simulation to deployment. have knowledge on queueing theory. have knowldege on input modeling and output analysis. have knowledge on tools and modeling approaches for simulating hardware and system. have knowledge on random variate generation and random number generation. have knowledge on network layering models. f ppkr1 syllabus tif305 (rencana pembelajaran semester)"
Copy of TIF305 Pemodelan dan Simulasi Jaringan.pdf,TIF305,Pemodelan dan Simulasi Jaringan,methods_instruction,"classroom instruction consists of lectures and practical problem solving, supplemented by visual aids designed to assist the student to successfully meet the courses learning objectives. it is imperative that students take an active interest in the course. to succeed in this course, students must read, think, and write in a critical and analytical manner and this takes time and practice. such practice can only be achieved by working exercises. when troubles arise, and they will, the student must ask questions which may be directed to the instructor or other students in a variety of ways. students are also encouraged to work together on problem sets as part of their exercises. however, individual must ultimately demonstrate the understanding of the material by writing up his/her own solutions without the help of other students or their written work. on average students need to spend, at least, 6 hours of study and preparation per week for this course."
Copy of TIF305 Pemodelan dan Simulasi Jaringan.pdf,TIF305,Pemodelan dan Simulasi Jaringan,course_outline,"session topics & sub topics methods references assignment overview of computer simulation and net work simulation (a) why is simulation important ? (b) what is simulation ? (1) chapter 1, pp. (c) what is a model ? 1 lecture, discussion 1 23 & (2) chapter – (d) performance evaluation techniques 1, pp. 6 9 (e) development of systems simulation (f) lifecycle of a simulation study (g) advantages and limitations of simu lation f ppkr1 syllabus tif305 (rencana pembelajaran semester) building conceptual model and network modeling (a) what is a conceptual model ? (b) elements of conceptual model (c) the single server queueing system (2) chapter 2, pp. (d) actual time versus simulated time 13 24 & (1) ieee papers 2 lecture, discussion (e) simulation of networks chapter 5, pp. reconstruction (f) the network modeling and simulation 97 110 process (g) developing models (h) network simulation packages (i) opnet a network simulation pack age simulating probabilities, simulating random variables and stochastic processes (a) random experiments and events (b) what is probability (2) chapter 3, pp. (c) computing probability 27 235 & (2) ieee papers 3 lecture, discussion (d) probability as a sample mean chapter 4, pp. discussion (e) what are random variables ? 39 66 (f) some useful random variables (g) stochastic processes (h) dynamic system evolution (i) simulating queueing processes discrete event simulation framework includ ing case study, parallel discrete event sim ulation and event graphs (a) the scheduler (1) chapter 2, pp. (b) the simulation entities 25 44 & (1) (c) the events chapter 3, pp. (d) honeypot communities a case study 45 68 & (3) acm papers 4 lecture, discussion with the discrete event simulation chapter 8, pp. reconstruction framework 121 131 & (2) chapter 7, pp. (e) parallel simulation architecture 109 120 (f) parallelization in practice (g) what is event graphs ? (h) event graphs examples (i) translating event graphs into code building simulation program, from simula tions to deployments (a) time driven simulation (b) event driven simulation (2) chapter 8, pp. (c) writing event driven simulation pro135 & (3) acm papers 5 lecture, discussion gram chapter 6, pp. discussion 83 97 (d) programming issues (e) design concepts (f) integration frameworks (g) use case examples queueing theory, simulating queueing pro cesses (a) introduction to stochastic processes (b) discrete time markov chains (c) continuous time markov chains (d) basic properties of markov chains (1) chapter 9, pp. (e) chapman kolmogorov equation 197 233 & (2) ieee papers 6 lecture, discussion (f) birth death process chapter 4, pp. reconstruction (g) little’s theorem 60 66 (h) delay on a link (i) standard queueing notation (j) the m/m/1 queue (k) the m/m/m queue (l) the m/m/1/b queue (m) the m/m/m/m queue f ppkr1 syllabus tif305 (rencana pembelajaran semester) simulating the single server queueing sys tem, tools and modeling approaches for sim ulating hardware and systems (a) simulation model (b) collecting simulated data (c) performance laws (2) chapter 5, pp. (d) independent simulation runs 69 91 & (3) ieee papers 7 lecture, discussion chapter 7, pp. discussion (e) transient and steady phases 99 119 (f) approaches for system modeling next to simulation (g) instruction set simulation (iss) based techniques (h) time based annotations (i) comparison mid semester test input modeling and output analysis, statis tical analysis of simulated data (a) data collection (b) identifying the distribution (c) estimation of parameters for univari ate distributions (1) chapter 10, pp. (d) goodness of fit tests 235 257 & (2) acm papers 8 lecture, discussion (e) multivariate distributions chapter 6, pp. reconstruction (f) selecting distribution without data 93 105 (g) output analysis (h) populations and samples (i) probability distribution of the sample mean (j) confidence intervals (k) comparing two system designs monte carlo method and simulation (a) estimating the value of π (b) numerical integration (c) estimating a probability (1) chapter 4, pp. (d) variance reduction techniques 69 95 & (2) acm papers 9 lecture, discussion (e) characteristics of monte carlo simu chapter 9, pp. discussion lation 139 161 (f) the monte carlo algorithm (g) merits and drawbacks (h) monte carlo simulation for the elec tric car charging simulation random variate generation and random number generation (a) the inversion method (b) the rejection method (c) the composition method (d) the convolution method (e) specialized method (f) importance sampling method (g) pseudo random numbers (2) chapter 10, pp. (h) characteristics of a good generator 165 186 & (2) ieee papers 10 lecture, discussion (i) just enough number theory chapter 11, pp. reconstruction (j) the linear congruential method 187 205 (k) the multiplicative congruential method (l) linear feedback shift registers (m) statistical testing of random number generations (rng) (n) generate random numbers using the normal distribution (o) generate random numbers using the rayleigh distribution f ppkr1 syllabus tif305 (rencana pembelajaran semester) modeling network traffic, physical layer modeling and link layer modeling (a) introduction (b) network traffic models (c) traffic models for mobile networks (d) global optimization techniques (1) chapter 11, pp. (e) particle swarm optimization 259 270 & (3) (f) optimization in mathematics chapter 9, pp. ieee papers 11 lecture, discussion (g) overview of phy layer 135 172 & (3) discussion (h) description of the main components chapter 10, pp. of the phy layer 173 190 (i) accurate simulation of physical lay ers (j) physical layer modeling for network simulations (k) an example packet domain physical layer simulation model channel modeling, selected system models, wireless networking use case, modeling mo bility (a) the physics of radiation (b) classification of propagation models (c) deterministic approaches by classical field theory (d) deterministic geometric optical ap (3) chapter 11, pp. proaches 191 234 & chapter (e) empirical path loss approaches 12, pp. 235 304 & acm papers 12 (f) stochastic shadowing models lecture, discussion chapter 13, pp. reconstruction (g) stochastic fading models 305 326 & chapter (h) mimo channel models 14, pp. 327 340 (i) hybrid approaches (j) noise and interference (k) implementation of wireless channels (l) ieee 11 (wlan) (m) ieee 16 (wman) (n) ieee4 (near field and ) (o) use case coexistence (p) ieee4 performance analysis modeling the network layer and routing protocols, modeling transport layer proto cols and modeling application traffic (a) introduction (b) routing (c) internet mobility (d) existing simulation model (3) chapter 16, pp. (e) using real implementation in simula384 & chapter acm papers 13 tors lecture, discussion 17, pp. 385 396 & discussion (f) transport layer traces chapter 18, pp. 397 426 (g) analytical performance modeling (h) fluid models and integration with packet level simulation (i) modeling http traffic (j) modeling ftp traffic (k) modeling voice traffic (l) modeling video traffic f ppkr1 syllabus tif305 (rencana pembelajaran semester) modeling the internet delay space and user behavior in p2p systems, modeling security aspects of network and modeling the net work topology (a) introduction (b) end to end delay and its phenomena (c) existing models in literature (d) data from two internet measurement projects (e) model (f) evaluation (3) chapter 19, pp. (g) system model 427 446 & chapter (h) modeling churn 20, pp. 447 462 14 lecture, discussion quiz in class chapter 21, pp. (i) workload model 463 469 & chapter (j) user properties model 22, pp. 470 486 (k) use case kademlia (l) evaluation (m) role of modeling and simulation in se curity research (n) evaluation metrics (o) discussion (p) abstraction of network topologies by graphs (q) characterizing graphs (r) common technology models (s) modeling the internet final semester test f ppkr1"
Copy of FTK221 Kewirausahaan Berbasis Teknologi.pdf,FTK221,Kewirausahaan Berbasis Teknologi,course_description,"this course contains procedures and integrated basic of the creative process, creative thinking and design thinking"
Copy of FTK221 Kewirausahaan Berbasis Teknologi.pdf,FTK221,Kewirausahaan Berbasis Teknologi,methods_instruction,"/metode pembelajaran this course will be conducted by lecture, case study and group discussion. lecturer, most of the time as facilitator rather than giving a lecturing"
Copy of FTK221 Kewirausahaan Berbasis Teknologi.pdf,FTK221,Kewirausahaan Berbasis Teknologi,course_outline,"this section should show the targeted competencies, topics, sub topics, specific method of instruction/ delivery, material references, and assessment indicators for each session. session targeted competencies topic & sub topics forms of instruction & duration material references assessment indicators (sesi) (kemampuan akhir) (materi pembelajaran) (bentuk & durasi pembelajaran) (sumber pembelajaran) (indikator penilaian) introduction of 5 entrepreneurship 1 lecturing an overview of entrepreneurship group development and 5 2 affinity diagram and lecturing & group discussion brainstorming 3 creativity process lecturing 5 4 creativity thinking lecturing & group discusion 1,2,3,5 techniques mind mapping 5 introduction of design lecturing & group discussion 1,2,3 thinking in a different approach 5 steps standford school 6 using a software tool for lecturing & group discussion 4 design thinking (i.e sprintbase miro (realtime board), mural, shape by ideo, smaply, digsite, batterii, stormboard, (google docs, sheets, & slides), conceptboard 7 understanding (the problem) lecturing 1,2,3 and observe mid semester examination session targeted competencies topic & sub topics forms of instruction & duration material references assessment indicators (sesi) (kemampuan akhir) (materi pembelajaran) (bentuk & durasi pembelajaran) (sumber pembelajaran) (indikator penilaian) 8 empathize. 1,2,3 lecturing empathy map 9 point of view (define the 1,2,3 lecturing & group discussion problem) 10 ideate (finding and selecting 1,2,3 lecturing & the idea) group discussion problem clarification 11 the solution to the problem lecturing & presentasi 1,2,3 (product to market fit) 12 prototype (develop) lecturing & presentasi 1,2,3 13 test lecturing & group discussion 1,2,3 14 group presentation (business lecturing & presentasi plan) final examination form rancangan tugas mahasiswa (rtm) f ehb 02 universitas bakrie no form f ehb 02 fakultas ftik tgl form 23 feb 2022 program studi information system revform  periode 22231"
Copy of TIF301 Routing Protocols and Concepts.pdf,TIF301,Routing Protocols and Concepts,course_description,"this course describes the architecture, components, and operations of routers and switches in a larger and more complex network. switching, routing, and wireless essentials (srwe) advances the student’s knowledge of the operation of routers and switches in small networks. srwe will introduce the student to wireless local area networks (wlans) and network security concepts. each chapter walks the student through basic configuration, implementation, and troubleshooting principles. additionally, packet tracer (pt) activities reinforce new concepts, and allow students to model and analyze routing processes that may be difficult to visualize or understand."
Copy of TIF301 Routing Protocols and Concepts.pdf,TIF301,Routing Protocols and Concepts,methods_instruction,"/ metode pembelajaran classroom instruction consists of lectures and practical problem solving, supplemented by visual aids designed to assist the student to successfully meet the course’s learning objectives. the course is delivered in a combination of class activity based and practical based. practical would be done in several different modes including packet tracer network simulator and direct practice using routers and switches on laboratory environment. it is imperative that students take an active interest in the course. to succeed in this course, students must read, think, and write in a critical and analytical manner and this takes time and practice. such practice can only be achieved by working exercises. when troubles arise, and they will, the student must ask questions which may be directed to the instructor or other students in a variety of ways. students are also encouraged to work together on problem sets as part of their exercises. however, individual must ultimately demonstrate the understanding of the material by writing up his/her own solutions without the help of other students or their written work. on average students need to spend, at least, 6 hours of study and preparation per week for this course."
Copy of TIF301 Routing Protocols and Concepts.pdf,TIF301,Routing Protocols and Concepts,course_outline,"targeted session topic & sub topics & duration material references assessment indicators competencies (sesi) (materi pembelajaran) (bentuk & durasi (sumber pembelajaran) (indikator penilaian) (kemampuan akhir) pembelajaran) topic basic device configuration and switching concepts specific sub topics introduction to basic device configuration the students have basic ccna version 02, configure switch with the students will be able to knowledge regarding classroom course module 2, “switching initial settings explain basic knowledge basic device material including routing and wireless configure switch ports 1 regarding basic device configuration and discussion – 5 hours. essentials v.02 (srwe)”, secure remote access configuration and switching https //contenthub.netacad.c switching concepts basic router configuration concepts. om/srwe (chapter 1 and 2). (slo 1 and slo 2) verify directly connected networks introduction to switching concepts frame forwarding collision and broadcast domains forms of instruction targeted session topic & sub topics & duration material references assessment indicators competencies (sesi) (materi pembelajaran) (bentuk & durasi (sumber pembelajaran) (indikator penilaian) (kemampuan akhir) pembelajaran) topic single area ospfv2 configuration specific sub topics introduction to vlan overview of vlans vlans in multi switched environment ccna version 02, the students have basic vlan configuration the students will be able to module 2, “switching knowledge regarding vlan trunks classroom course explain basic knowledge routing and wireless dynamic trunking protocol 2 vlan and inter vlan material including essentials v.02 (srwe)”, regarding vlan and inter introduction to inter vlan routing (slo 1 and slo discussion – 5 hours. https //contenthub.netacad.c routing vlan routing. 2) inter vlan routing om/srwe (chapter 3 and 4). operation router on a stick inter vlan routing inter vlan routing using layer 3 switches troubleshoot inter vlan routing forms of instruction targeted session topic & sub topics & duration material references assessment indicators competencies (sesi) (materi pembelajaran) (bentuk & durasi (sumber pembelajaran) (indikator penilaian) (kemampuan akhir) pembelajaran) topic spanning tree protocol ccna version 02, module the students have basic (stp) concepts 2, “switching routing and classroom course the students will be able to knowledge regarding specific sub topics material including wireless essentials v.02 explain basic knowledge 3 spanning tree protocol introduction to stp discussion – 5 hours. (srwe)”, spanning tree protocol (stp) (stp) concepts (slo 1 purpose of stp concepts. lab activity – 5 hours https //contenthub.netacad.com/ and slo 2) stp operations srwe (chapter 5) evolution of stp topic etherchannel specific sub topics  ccna version 02, introduction to classroom course the students have basic module 2, “ switching the students will be able to etherchannel knowledge regarding material including routing and wireless explain regarding 4 etherchannel (slo 1 etherchannel operation discussion – 5 hours. essentials v.02 (srwe)”, etherchannel and its important and slo 2) configure etherchannel https //contenthub.netacad.c role in networking. lab activity – 5 hours om/srwe (chapter 6) verify and troubleshoot etherchannel forms of instruction targeted session topic & sub topics & duration material references assessment indicators competencies (sesi) (materi pembelajaran) (bentuk & durasi (sumber pembelajaran) (indikator penilaian) (kemampuan akhir) pembelajaran) topic dhcpv4 ccna version 02, specific sub topics module 2, “switching the students will be able to classroom course the students have basic introduction to dhcpv4 routing and wireless explain regarding dhcpv4 knowledge regarding material including 5 dhcpv4 concepts essentials v.02 and its configuration for dhcpv4 (slo 1 and discussion – 5 hours. configure a cisco isp (srwe)”, assigning dynamic ipv4 slo 2) lab activity – 5 hours https //contenthub.netacad.c addresses to subnetwork. dhcpv4 server om/srwe (chapter 7) configure a dhcpv4 client topic slaac and dhcpv6 ccna version 02, specific sub topics module 2, “switching introduction to slaac and classroom course the students have basic the students will be able to routing and wireless knowledge regarding dhcpv6 material including explain regarding slaac 6 essentials v.02 slaac and dhcpv6 ipv6 gua assignment discussion – 5 hours. and dhcpv6 including its (srwe)”, (slo 1 and slo 2) slaac lab activity – 5 hours important role in the network. https //contenthub.netacad.c dhcpv6 om/srwe (chapter 8) configure dhcpv6 server forms of instruction targeted session topic & sub topics & duration material references assessment indicators competencies (sesi) (materi pembelajaran) (bentuk & durasi (sumber pembelajaran) (indikator penilaian) (kemampuan akhir) pembelajaran) topic fhrp concepts and quiz before mid term examination specific sub topics introduction to fhrp concepts first hop redundancy protocols ccna version 02, the students have basic hsrp classroom course module 2, “switching knowledge regarding subnetting the network material, discussion – fhrp concepts and routing and wireless the students will be able to problem set 7 doing the classroom 5 hours essentials v.02 have knowledge of fhrp link state dynamic quiz before midterm (srwe)”, concepts. quiz in class – 1 hour routing problem set examination (slo 1 and https //contenthub.netacad.c lab activity – 5 hours distance vector dynamic slo 2) om/srwe (chapter 9) routing problem set etherchannel and hsrp problem set designing the network topology problem set techniques to fulfill network requirement problem set mid semester examination forms of instruction targeted session topic & sub topics & duration material references assessment indicators competencies (sesi) (materi pembelajaran) (bentuk & durasi (sumber pembelajaran) (indikator penilaian) (kemampuan akhir) pembelajaran) topic lan security concepts ccna version 02, specific sub topics module 2, “switching introduction to lan classroom course the students have basic routing and wireless the students will be able to security concepts skill regarding lan material including 8 endpoint security essentials v.02 explain regarding lan security concepts (slo discussion – 5 hours. access control (srwe)”, security concepts. 1 and slo 2) lab activity – 5 hours layer 2 security threats https //contenthub.netacad.c mac address table attack om/srwe (chapter 10) lan attack topic switch security configuration ccna version 02, specific sub topics module 2, “switching the students have basic classroom course introduction to switch knowledge regarding routing and wireless the students will be able to material including security configuration 9 switch security essentials v.02 explain regarding switch implement port security discussion – 5 hours. configuration (slo 1 (srwe)”, security configuration. mitigate vlan attacks lab activity – 5 hours and slo 2) https //contenthub.netacad.c mitigate dhcp attacks om/srwe (chapter 11) mitigate arp attacks mitigate stp attacks forms of instruction targeted session topic & sub topics & duration material references assessment indicators competencies (sesi) (materi pembelajaran) (bentuk & durasi (sumber pembelajaran) (indikator penilaian) (kemampuan akhir) pembelajaran) topic wlan concepts ccna version 02, specific sub topics module 2, “switching introduction to wireless classroom course the students have basic wlan components routing and wireless the students will have basic knowledge regarding material including 10 wlan operation essentials v.02 knowledge regarding wlan wlan concepts (slo 1 discussion – 5 hours. capwap operation (srwe)”, concepts. and slo 2) lab activity – 5 hours channel management https //contenthub.netacad.c wlan threats om/srwe (chapter 12) secure wlans topic wlan configuration specific sub topics introduction ccna version 02, remote site wlan module 2, “switching classroom course the students have basic configuration routing and wireless the students will have basic knowledge regarding configure a basic wlan material including 11 essentials v.02 knowledge regarding wlan wlan configuration on the wlc discussion – 5 hours. (srwe)”, configuration. (slo 1 and slo 2) configure a lab activity – 5 hours https //contenthub.netacad.c wpa2/enterprise wlan om/srwe (chapter 13) on the wlc troubleshoot wlan issues classroom course the students have basic topic routing concepts ccna version 02, the students will have basic knowledge regarding specific sub topics material including module 2, “switching 12 knowledge regarding routing routing concepts (slo introduction to routing discussion – 5 hours. routing and wireless concepts. 1 and slo 2) concepts essentials v.02 lab activity – 5 hours forms of instruction targeted session topic & sub topics & duration material references assessment indicators competencies (sesi) (materi pembelajaran) (bentuk & durasi (sumber pembelajaran) (indikator penilaian) (kemampuan akhir) pembelajaran) path determination (srwe)”, packet forwarding https //contenthub.netacad.c basic router configuration om/srwe (chapter 14) review ip routing table static and dynamic routing topic ip static routing specific sub topics introduction to ip static ccna version 02, routing module 2, “switching classroom course the students have basic static routes routing and wireless the students will have basic knowledge regarding configure ip static routes material including 13 essentials v.02 knowledge regarding ip static ip static routing (slo 1 configure ip default static discussion – 5 hours. (srwe)”, routing. and slo 2) routes lab activity – 5 hours https //contenthub.netacad.c configure floating static om/srwe (chapter 15) routes configure static host routes topic static and default routes ccna version 02, the students will have the specific sub topics the students have the classroom course module 2, “switching knowledge regarding static knowledge regarding introduction material, discussion – routing and wireless and default routes. static and default packet processing with 14 5 hours essentials v.02 (srwe)”, the students will train their routes & doing quiz in static routes https //contenthub.netacad.c skill and knowledge in quiz in class – 1 hour class before final troubleshoot ipv4 static om/srwe (chapter 16 and answering the given problem lab activity – 5 hours examination and default routes 10 to 16) set in quiz. configuration lan security problem set forms of instruction targeted session topic & sub topics & duration material references assessment indicators competencies (sesi) (materi pembelajaran) (bentuk & durasi (sumber pembelajaran) (indikator penilaian) (kemampuan akhir) pembelajaran) switch security problem set wlan problem set ip static routing problem set final examination"
Copy of TIF401 IT Security.pdf,TIF401,IT Security,course_description,"this course will cover the topic of fundamentals of computer and information security. topics in this class can be divided into six main parts computer security technology and principles(with a focus on user authentication, access control, database, denial of service attack, intrusion detection, intrusion prevention and firewall), software security and trusted systems(with a focus on buffer overflow, operating system, trusted computing and multilevel security) , management issues related to computer security(with a focus on security management, controls, infrastructure, human resource, auditing and legal aspects), information related security (with a focus on information security governance, information risk management and compliance, information security program development and management, information security incident management), cryptographic algorithms(with a focus on symmetric encryption, public key, authentication and message confidentiality), network security (with a focus on internet security protocol, standards, authentication application and wireless security)."
Copy of TIF401 IT Security.pdf,TIF401,IT Security,methods_instruction,"/ metode pembelajaran classroom instruction consists of lectures and practical problem solving, supplemented by visual aids designed to assist the student to successfully meet the course’s learning objectives. the course is delivered in a combination of class activity based and case study based. case study based would be done in several different case studies including system vulnerability attacks and social engineering attacks in virtual machine lab. it is imperative that students take an active interest in the course. to succeed in this course, students must read, think, and write in a critical and analytical manner and this takes time and practice. such practice can only be achieved by working exercises. when troubles arise, and they will, the student must ask questions which may be directed to the instructor or other students in a variety of ways. students are also encouraged to work together on problem sets as part of their exercises. however, individual must ultimately demonstrate the understanding of the material by writing up his/her own solutions without the help of other students or their written work. on average students need to spend, at least, 6 hours of study and preparation per week for this course."
Copy of TIF401 IT Security.pdf,TIF401,IT Security,course_outline,"targeted session topic & sub topics & duration material references assessment indicators competencies (sesi) (materi pembelajaran) (bentuk & durasi (sumber pembelajaran) (indikator penilaian) (kemampuan akhir) pembelajaran) topic overview specific sub topics overview of computer security concepts william stallings, lawrie threats, attacks and assets brown; computer security functional the students have basic security principles and requirements practice 2nd ed.; pearson knowledge regarding a security architecture for education, limited., overview of computer open systems virtual classroom the students will be able to (chapter 1 & 2). computer security trends security technology course material explain basic knowledge william stallings, computer security strategy 1 and principles, including discussion – regarding overview of confidentiality with cryptography and cryptographic tools & 5 hours. computer security technology symmetric encryption network security, threat, vulnerability and principles. message authentication principles and practice landscape (slo 1 and and hash functions 5th edition ; pearson slo 2) public key encryption education inc., 2011 digital signatures and key (chapter 1). management random and pseudorandom numbers practical application encryption of stored data forms of instruction targeted session topic & sub topics & duration material references assessment indicators competencies (sesi) (materi pembelajaran) (bentuk & durasi (sumber pembelajaran) (indikator penilaian) (kemampuan akhir) pembelajaran) what is privacy, anonymity and pseudonymity security, vulnerabilities, threats and adversaries threat modeling and risk assessments security vs privacy vs anonymity can we have it all ? defense in depth the zero trust model topic user authentication & william stallings, lawrie access control & database brown; computer security security principles and specific sub topics practice 2nd ed.; pearson means of authentication the students have basic education, limited., password based the students will be able to knowledge regarding virtual classroom (chapter 3, 4, 5). authentication explain basic knowledge user authentication & course material william stallings, token based 2 regarding user authentication access control & including discussion – cryptography and authentication & access control & database database security(slo 1 biometric authentication 5 hours. network security, security . and slo 2) remote user principles and practice 5th edition ; pearson authentication security issues for user education inc., 2011 authentication (chapter 15). practical application an iris biometric system forms of instruction targeted session topic & sub topics & duration material references assessment indicators competencies (sesi) (materi pembelajaran) (bentuk & durasi (sumber pembelajaran) (indikator penilaian) (kemampuan akhir) pembelajaran) case study security problems for atm systems access control principles subjects, objects and access rights discretionary access control example unix file access control role based access control (rbac) case study rbac system for a bank the need for database security database management systems relational databases database access control inference statistical database database encryption cloud security forms of instruction targeted session topic & sub topics & duration material references assessment indicators competencies (sesi) (materi pembelajaran) (bentuk & durasi (sumber pembelajaran) (indikator penilaian) (kemampuan akhir) pembelajaran) topic malicious software & denial of service attacks specific sub topics types of malicious software propagation infected content viruses propagation vulnerability exploit worms propagation social william stallings, lawrie engineering spam e mail brown; computer the students have basic trojans security principles and knowledge regarding payload system corruption virtual classroom practice 2nd ed.; pearson the students will be able to payload attack agent malicious software & course material education, limited., 2012 explain basic knowledge 3 zombie, bots denial of service including discussion – (chapter 6, 7). regarding malicious software payload information theft  nathan house; the & denial of service attacks . attacks (slo 1 and 5 hours. keyloggers, phishing, complete cyber security slo 2) spyware course, volume 1 ; payload stealthing stationx, 2016 (chapter 3) backdoors, rootkits countermeasures malware, viruses, rootkits and rats security bugs and vulnerabilities the vulnerability landscape spyware, adware, scareware, pups and browser hijacking forms of instruction targeted session topic & sub topics & duration material references assessment indicators competencies (sesi) (materi pembelajaran) (bentuk & durasi (sumber pembelajaran) (indikator penilaian) (kemampuan akhir) pembelajaran) what is phishing, vishing and smshing spamming and doxing denial of service attacks flooding attacks distributed denial of service attacks application based bandwidth attacks reflector and amplifier attacks defenses against denial of service attack responding to a denial of service attack topic intrusion detection & firewalls and intrusion prevention systems william stallings, lawrie specific sub topics the students have basic brown; computer intruders virtual classroom knowledge regarding the students will be able to security principles and intrusion detection course material intrusion detection & explain regarding intrusion 4 practice 2nd ed.; pearson firewalls and intrusion host based intrusion including discussion – detection & firewalls and education, limited., 2012 prevention systems intrusion prevention systems. detection 5 hours. (chapter 8, 9). (slo 1 and slo 2) distribution host based intrusion detection network based intrusion detection forms of instruction targeted session topic & sub topics & duration material references assessment indicators competencies (sesi) (materi pembelajaran) (bentuk & durasi (sumber pembelajaran) (indikator penilaian) (kemampuan akhir) pembelajaran) distributed adaptive intrusion detection intrusion detection exchange format honeypots example system snort the need for firewalls firewall characteristics types of firewalls firewall basing firewall location and configuration intrusion prevention systems example unified threat management products forms of instruction targeted session topic & sub topics & duration material references assessment indicators competencies (sesi) (materi pembelajaran) (bentuk & durasi (sumber pembelajaran) (indikator penilaian) (kemampuan akhir) pembelajaran) topic buffer overflow & software security and operating system security specific sub topics stack overflow defending against buffer overflow other forms of overflow attacks software security issues william stallings, lawrie the students have basic handling program input knowledge regarding brown; computer the students will be able to virtual classroom writing safe program code buffer overflow & security principles and explain regarding buffer course material 5 software security and interacting with the practice 2nd ed.; pearson overflow & software security including discussion – operating system operating system and education, limited., 2012 and operating system 5 hours. security (slo 1 and security. (chapter 10, 11, 12, 13). other program slo 2) handling program output introduction to operating system security system security planning operating system hardening application security security maintenance linux/unix security windows security forms of instruction targeted session topic & sub topics & duration material references assessment indicators competencies (sesi) (materi pembelajaran) (bentuk & durasi (sumber pembelajaran) (indikator penilaian) (kemampuan akhir) pembelajaran) virtualization security the bell lapadula model for computer security other formal models for computer security the concept of trusted systems application of multilevel security trusted computing and the trusted platform module common criteria for information technology security evaluation assurance and evaluation forms of instruction targeted session topic & sub topics & duration material references assessment indicators competencies (sesi) (materi pembelajaran) (bentuk & durasi (sumber pembelajaran) (indikator penilaian) (kemampuan akhir) pembelajaran) topic it security management & risk assessment, & it security controls, plans & procedures, & physical & infrastructure security & information security governance specific sub topics  william stallings, lawrie the students have basic it security management brown; computer knowledge regarding organizational context and security principles and the students will be able to it security management practice 2nd ed.; pearson explain regarding it security security policy & risk assessment, & it virtual classroom education, limited., 2012 management & risk security risk assessment security controls, plans course material (chapter 14, 15). assessment, & it security 6 & procedures, & detailed security risk including discussion – isaca, certified controls, plans & procedures, physical & analysis 5 hours. information security & physical & infrastructure infrastructure security case study silver star security & information manager (cism ®) & information security mines security governance. review manual 2018 ; governance(slo 1 and it security management isaca press, 2018 slo 2) implementation (chapter 1) security controls or safeguard it security plan implementation of controls implementation follow up overview of infrastructure security forms of instruction targeted session topic & sub topics & duration material references assessment indicators competencies (sesi) (materi pembelajaran) (bentuk & durasi (sumber pembelajaran) (indikator penilaian) (kemampuan akhir) pembelajaran) physical security threats physical security prevention and mitigation measures recovery from physical security breaches example a corporate physical security policy integration of physical and logical security effective information security governance information security governance metric developing an information security strategy action plan to implement information security strategy forms of instruction targeted session topic & sub topics & duration material references assessment indicators competencies (sesi) (materi pembelajaran) (bentuk & durasi (sumber pembelajaran) (indikator penilaian) (kemampuan akhir) pembelajaran) topic human resources security, & security auditing, & legal & ethical aspects & information risk management and compliance specific sub topics security awareness, training and education william stallings, lawrie employment practices and brown; computer the students have basic security principles and knowledge regarding policies practice 2nd ed.; pearson human resources e mail and internet use the students will be able to virtual classroom education, limited., 2012 security, & security have knowledge of human policies auditing, & legal & course material, (chapter 17, 18, 19). resources security, & security 7 computer security incident ethical aspects & discussion – 5 hours isaca, certified auditing, & legal & ethical response teams information risk aspects & information risk information security security auditing management and management and compliance. manager (cism ®) architecture compliance(slo 1 and review manual 2018 ; slo 2) the security audit trail isaca press, 2018 implementing the logging (chapter 2) function audit trail analysis example an integrated approach cybercrime and computer crime intellectual property forms of instruction targeted session topic & sub topics & duration material references assessment indicators competencies (sesi) (materi pembelajaran) (bentuk & durasi (sumber pembelajaran) (indikator penilaian) (kemampuan akhir) pembelajaran) privacy ethical issues information risk management strategy information risk assessment information resource valuation recovery time objectives integration with life cycle processes information risk monitoring and communication information security training, awareness and documentation mid semester examination william stallings, lawrie the students have basic the students will be able to topic information security brown; computer knowledge regarding explain regarding program development and virtual classroom security principles and information security information security program management & information course material program development practice 2nd ed.; pearson development and 8 and management & security incident management including discussion – education, limited., 2012 management & information information security (chapter 20). security incident management & symmetric encryption and 5 hours. incident management & william stallings, & symmetric encryption and message confidentiality & symmetric encryption message confidentiality & cryptography and forms of instruction targeted session topic & sub topics & duration material references assessment indicators competencies (sesi) (materi pembelajaran) (bentuk & durasi (sumber pembelajaran) (indikator penilaian) (kemampuan akhir) pembelajaran) and message classical encryption network security, classical encryption confidentiality & principles and practice techniques. techniques classical encryption 5th edition ; pearson specific sub topics techniques (slo 1 and education inc., 2011 information security slo 2) (chapter 2). program management isaca, certified overview, objectives, concepts and scope information security information security manager (cism ®) management framework review manual 2018 ; and its components isaca press, 2018 defining an information (chapter 3, 4). security program road nathan house; the map complete cyber security information security course, volume 1 ; infrastructure and stationx, 2016 (chapter architecture 4). security program management, services, operational and administrative activities. information security program controls and countermeasures information security program metrics, monitoring and its common challenges forms of instruction targeted session topic & sub topics & duration material references assessment indicators competencies (sesi) (materi pembelajaran) (bentuk & durasi (sumber pembelajaran) (indikator penilaian) (kemampuan akhir) pembelajaran) information security incident response procedures human resource related to information security information security incident management resources developing an incident response plan business continuity and disaster recovery procedures post incident activities and investigation symmetric encryption and principles asymmetric encryption data encryption standard (des), examples & its strength advanced encryption standard stream ciphers and rc4 cipher block modes of operation location of symmetric encryption devices key distribution forms of instruction targeted session topic & sub topics & duration material references assessment indicators competencies (sesi) (materi pembelajaran) (bentuk & durasi (sumber pembelajaran) (indikator penilaian) (kemampuan akhir) pembelajaran) symmetric cipher model substitution techniques transposition techniques rotor machines steganography topic block ciphers and the data encryption standard & basic concepts in number theory and finite fields & advanced encryption standard specific sub topics the students have basic block cipher principles knowledge regarding differential and linear william stallings, the students will be able to block ciphers and the cryptanalysis. cryptography and explain regarding block virtual classroom data encryption block cipher design network security, ciphers and the data course material standard & basic 9 principles principles and practice encryption standard & basic concepts in number including discussion – divisibility and the 5th edition ; pearson concepts in number theory theory and finite fields 5 hours. division algorithm and finite fields & advanced education inc., 2011 & advanced encryption the euclidean algorithm encryption standard. (chapter 3, 4, 5). standard (slo 1 and modular arithmetic slo 2) groups, rings and fields finite fields of the form gf(p) polynomial arithmetic finite fields of the form gf(2”) aes structure forms of instruction targeted session topic & sub topics & duration material references assessment indicators competencies (sesi) (materi pembelajaran) (bentuk & durasi (sumber pembelajaran) (indikator penilaian) (kemampuan akhir) pembelajaran) aes transformation functions aes key expansion, example and implementation topic public key william stallings, lawrie cryptography and message brown; computer authentication & public key security principles and cryptography and rsa & other practice 2nd ed.; pearson public key cryptosystems education, limited., the students have basic specific sub topics (chapter 21). knowledge regarding the students will have basic public key secure hash functions william stallings, knowledge regarding public virtual classroom cryptography and hmac cryptography and key cryptography and message authentication the rsa public key course material network security, 10 message authentication & & public key encryption algorithm including discussion – principles and practice public key cryptography and cryptography and rsa diffie hellman and other 5th edition ; pearson 5 hours. rsa & other public key & other public key asymmetric algorithms education inc., 2011 cryptosystems. cryptosystems (slo 1 principles of public key (chapter 9, 10). and slo 2) cryptosystems nathan house; the the rsa algorithm complete cyber security diffie hellman key course, volume 1 ; exchange stationx, 2016 (chapter el gamal cryptographic 4). systems forms of instruction targeted session topic & sub topics & duration material references assessment indicators competencies (sesi) (materi pembelajaran) (bentuk & durasi (sumber pembelajaran) (indikator penilaian) (kemampuan akhir) pembelajaran) elliptic curve arithmetic elliptic curve cryptography pseudorandom number generation based on an asymmetric cipher digital signature topic cryptographic hash functions & message authentication codes specific sub topics  william stallings, application of cryptography and the students have basic cryptographic hash virtual classroom the students will have basic knowledge regarding network security, functions course material knowledge regarding cryptographic hash principles and practice two simple hash 11 including discussion – cryptographic hash functions & message 5th edition ; pearson functions functions & message 5 hours. authentication codes education inc., 2011 requirements and authentication codes. (slo 1 and slo 2) (chapter 11, 12). security hash functions based on cipher block chaining secure hash algorithm (sha) forms of instruction targeted session topic & sub topics & duration material references assessment indicators competencies (sesi) (materi pembelajaran) (bentuk & durasi (sumber pembelajaran) (indikator penilaian) (kemampuan akhir) pembelajaran) sha 3 message authentication requirements message authentication functions requirements for message authentication codes security of macs macs based on hash functions hmac macs based on block ciphers daa and cmac authenticated encryption ccm and gcm pseudorandom number generation using hash functions and macs william stallings, lawrie the students have basic topic internet security brown; computer knowledge regarding the students will have basic virtual classroom protocols and standards & security principles and internet security knowledge regarding internet course material transport level security & protocols and standards practice 2nd ed.; pearson security protocols and 12 including discussion – electronic mail security & transport level education, limited., standards & transport level specific sub topics 5 hours. security & electronic (chapter 22). security & electronic mail secure e mail and s/mime mail security (slo 1 william stallings, security. domainkeys identified mail and slo 2) cryptography and forms of instruction targeted session topic & sub topics & duration material references assessment indicators competencies (sesi) (materi pembelajaran) (bentuk & durasi (sumber pembelajaran) (indikator penilaian) (kemampuan akhir) pembelajaran) secure sockets layer (ssl) network security, and transport layer principles and practice security (tls) 5th edition ; pearson https education inc., 2011 ipv4 and ipv6 security (chapter 16, 18). web security cosiderations secure shell (ssh) pretty good privacy topic internet authentication william stallings, lawrie applications & ip security brown; computer specific sub topics security principles and kerberos practice 2nd ed.; pearson x.509 education, limited., the students have basic public key infrastructure virtual classroom knowledge regarding (chapter 23). the students will have basic federated identity course material internet authentication william stallings, knowledge regarding internet management 13 including discussion – applications & ip cryptography and authentication applications & ip security overview 5 hours. security (slo 1 and ip security policy network security, ip security. slo 2) encapsulating security principles and practice payload 5th edition ; pearson combining security education inc., 2011 association (chapter 19). internet key exchange cryptographic suites virtual classroom the students have the topic wireless network william stallings, lawrie the students will have the course material knowledge regarding security brown; computer knowledge regarding wireless 14 wireless network specific sub topics including discussion – security principles and network security. security. wireless security overview 5 hours practice 2nd ed.; pearson forms of instruction targeted session topic & sub topics & duration material references assessment indicators competencies (sesi) (materi pembelajaran) (bentuk & durasi (sumber pembelajaran) (indikator penilaian) (kemampuan akhir) pembelajaran) ieee 11 wireless lan education, limited., overview (chapter 24). ieee 11i wireless lan william stallings, security cryptography and wireless application network security, protocol overview principles and practice wireless transport layer 5th edition ; pearson security education inc., 2011 wap end to end security (chapter 17). final examination"
Copy of FTK303 Rekayasa Perangkat Lunak.pdf,FTK303,Rekayasa Perangkat Lunak,course_description,"demonstrate a competency to create a system requirements, to design a software using one of the software design methodologies using particular tool and also to create a software design documentation."
Copy of FTK303 Rekayasa Perangkat Lunak.pdf,FTK303,Rekayasa Perangkat Lunak,course_objectives,"upon completion of this course, the students are expected to understand the concepts of software engineering life cycle (sdlc) methodology as a method to develop softwares. also understand the main concept of software process, maintenance dan change for request. apply the concept sdlc in order to perform requirement elicitation for creating a complete system requirements that consist of functional and non functional requirements. able to analysis the requirements in order to provide clear guidance for software designers design software and estimate e↵ort for develop a particular softwares. create and deploy software based on the software requirement and design according to the selected sdlc methods."
Copy of FTK303 Rekayasa Perangkat Lunak.pdf,FTK303,Rekayasa Perangkat Lunak,methods_instruction,"classroom instruction consists of lectures and practical problem solving, supplemented by visual aids designed to assist the student to successfully meet the courses learning objectives. it is imperative that students take an active interest in the course. to succeed in this course, students must read, think, and write in a critical and analytical manner and this takes time and practice. such practice can only be achieved by working exercises. when troubles arise, and they will, the student must ask questions which may be directed to the instructor or other students in a variety of ways. students are also encouraged to work together on problem sets as part of their exercises. however, individual must ultimately demonstrate the understanding of the material by writing up his/her own solutions without the help of other students or their written work. moreover, there will be a workshop/ class assignment and presentation both in written and oral manner in order to evaluate the students level of knowledge and skills on this course. mid test is conducted in written/ project based tests to evaluate the students level of knowledge and skills on this course. and, the final test is conducted by students as a group project. the students must submit a complete design of software using particular software design methodologies and must comply to software life cycle development. f ppkr1 syllabus ftk303 (rencana pembelajaran semester) on average students need to spend, at least, 6 hours of study and preparation per week for this course."
Copy of FTK303 Rekayasa Perangkat Lunak.pdf,FTK303,Rekayasa Perangkat Lunak,course_outline,"this section should show the targeted competencies, topics, sub topics, specific method of instruction/ delivery, material references, and assessment indicators for each session. session targeted competencies topics & sub topics methods references assignment introduction to software engineering [1] chapter 1, [2] (a) an overview of software engineering exercise [1] chapter 1 and (b) introduction to software engineering lecture and chapter; page 25 1 understanding for session 1 guide to body of knowledge discussion & exercise [2] swebok ver 0 (c) software engineering and management chapter; page 41 part 1 4 (d) application of systems engineering requirement engineering (a) software requirements fundamentals exercise [1] [1] chapter 8 11, (b) requirements process chapter 8 11; lecture and [2] chapter 4 and 2 understanding for session 2 (c) requirements elicitation page 183& [2] discussion swebok ver 0 chapter 4; page (d) requirements analysis chapter 1 136 (e) requirements specification (f) requirements validation analysis and design software (a) software design fundamentals and key issues exercise [1] [1] chapter 12 18, lecture, chapter 12 18; (b) software structure and architecture [2] chapter 5 7 3 understanding for session 3 discussion, and page 274, [2] (c) user interface design and swebok ver quiz chapter 5 7; page (d) software design quality analysis and 0 chapter 2 223 evaluation (e) software design strategies, methods and its notations software engineering methodology (a) introduction to software engineering methods [1] chapter 2 5, [2] exercise [1] (b) plan driven software methodology lecture and chapter 2 3 and chapter 2 5; page (c) modern software methodology 4 understanding for session 4 discussion swebok ver 0 62 & [2] chapter (d) software life cycle model chapter 7 & 9 2 3; page 99 (e) analysis of models and modeling (f) software management software project planning, software project enactment and evaluation software construction and testing (a) software construction fundamentals and management exercise [1] (b) construction technologies [1] chapter 22 26, chapter 22 26; (c) practical considerations in software lecture and [2] chapter 7 8 5 understanding for session 5 page 611 & 642 & construction discussion and swebok ver [2] chapter 7 8; 0 chapter 3 & 4 (d) software testing fundamentals page 253 (e) software testing level (f) test techniques and its measurement (g) test process f ppkr1 (rencana pembelajaran semester) page 4/5 syllabus ftk303 software maintenance and configuration management (a) software maintenance fundamentals and its key issues [1] chapter 36, [2] exercise [1] (b) maintenance process lecture and chapter 9 and chapter 30; page 6 understanding for session 6 discussion swebok ver 0 806 & [2] chapter (c) techniques for maintenance chapter 5 & 6 9; page 281 (d) software configuration control (e) software configuration auditing (f) software release management and de livery software process and quality exercise [1] (a) software process definition [1] chapter 19 21 chapter 19 2; (b) software process assessment and im lecture, & 30 32, [2] page 1 & 30 32; provement 7 understanding for session 7 discussion, and chapter 22 25 and page 806 , [2] (c) software measurement quiz swebok ver 0 chapter 22 25; (d) software quality fundamentals chapter 8 & 10 page 754 (e) software quality management pro cesses mid semester test requirement engineering (a) software requirements fundamentals [1] chapter 1, [2] case study and (b) requirements process chapter 1 and understanding and analytical thinking for session workshop and problem solving 8 (c) requirements elicitation guide to 8 presentation requirement swebok ver 0 (d) requirements analysis specification part 1 4 (e) requirements specification (f) requirements validation analysis software [1] chapter 8 11, case study and understanding and analytical thinking for session workshop and [2] chapter 4 and (a) software design fundamentals and 9 problem solving 9 presentation swebok ver 0 key issues systems analysis chapter 1 (b) software structure and architecture design software [1] chapter 12 18, (a) user interface design case study and understanding and analytical thinking for session workshop and [2] chapter 5 7 10 (b) software design quality analysis and problem solving 10 presentation and swebok ver evaluation systems design 0 chapter 2 (c) software design strategies, methods and its notations software engineering methodology (a) introduction to software engineering methods [1] chapter 2 5, [2] case study and (b) plan driven software methodology understanding, analytical thinking and workshop and chapter 2 3 and problem solving (c) modern software methodology 11 programming skills for session 11 presentation swebok ver 0 architecture design (d) software life cycle model chapter 7 & 9 and building (e) analysis of models and modeling (f) software management software project planning, software project enactment and evaluation f ppkr1 (rencana pembelajaran semester) page 5/5 syllabus ftk303 software construction and testing (a) software construction fundamentals and management (b) construction technologies [1] chapter 22 26, case study and understanding, analytical thinking and (c) practical considerations in software workshop and [2] chapter 7 8 12 problem solving programming skills for session 12 construction presentation and swebok ver software testing 0 chapter 3 & 4 (d) software testing fundamentals (e) software testing level (f) test techniques and its measurement (g) test process software maintenance and configuration management (a) software maintenance fundamentals and its key issues [1] chapter 30, [2] case study and understanding, analytical thinking and (b) maintenance process workshop and chapter 9 and problem solving 13 programming skills for session 13 presentation swebok ver 0 software (c) techniques for maintenance chapter 5 & 6 maintenance (d) software configuration control (e) software configuration auditing (f) software release management and de livery software process and quality (a) software process definition [1] chapter 19 21 case study and (b) software process assessment and im & 30 32, [2] understanding, analytical thinking and workshop and problem solving provement 14 chapter 22 25 and programming skills for session 14 presentation software quality (c) software measurement swebok ver 0 metrics (d) software quality fundamentals chapter 8 & 10 (e) software quality management pro cesses final semester test f ppkr1"
Copy of TIF356 Pengolahan Citra.pdf,TIF356,Pengolahan Citra,course_description,"this course introduces the students the followings  broad grounding in issue surrounding image processing – role of image processing systems – design of image processing systems – basic operations underlying concepts and representations of image, spatial image processing convolution and frequency domain processingt image compression and transmission, image segmentation, steganography. fidelity"
Copy of TIF356 Pengolahan Citra.pdf,TIF356,Pengolahan Citra,course_objectives,"upon completion of this course, the student should be able to  understand the relevance and underlying infrastructure of the image processing systems. understand core image processing technologies be aware of factors involved in image processing systems performance, integration and evaluation topics in the module include the following  introduction image processing applications and requirements image fundamentals representations, human perception, equipment, and applications. image compression – perceptual transform coders for images/video (e.g., jpeg, mpeg, h.263, etc.), – scalable coders (e.g., pyramid coders), f ppkr1 syllabus tif356 (rencana pembelajaran semester) – image and video processing applications and algorithms. image segmentation edge, colour, object. data hiding pixel domain vs transform domain fidelity criteria subjective, objective the above mentioned objectives should be aligned into the following competences a. knowledge (information plus understanding) a.general knowledge on image processing systems a.fundamentals of image representation, perception, equipment, applications a.basic operations on image a.histogram processing on image a.image convolution and transformed domain processing a.understand fundamentals of image enhancement a.image segmentation by edges, colour, and object a.image compression a.applications of image processing including data hiding and fidelity b. skills (application of knowledge) b.recognise and apply various image processing algorithms and technologies for different pur poses b.identify different formats for image data b.calculate quality measurement of multimedia data b.identify and use different operations on image data b.identify multimedia data redundancy and apply methods of data compression b.identify advanced techniques transformed domain b.identify and use different methods quality assessment c. values and attitudes c.appreciate the value of fundamental image processing systems and its usage c.develop an understanding of various methods and techniques used in image processing systems c.develop basic skill of analysis and problem solving through the application of image processing systems"
Copy of TIF356 Pengolahan Citra.pdf,TIF356,Pengolahan Citra,methods_instruction,"classroom instruction consists of lectures and practical problem solving, supplemented by visual aids designed to assist the student to successfully meet the course’s learning objectives. it is imperative that students take an active interest in the course. to succeed in this course, students must read, think, and write in a critical and analytical manner and this takes time and practice. such practice can only be achieved by working theoretical and practical exercises. when troubles arise, and they will, the student must ask questions which may be directed to the instructor or other students in a variety of ways. students are also encouraged to work together on problem sets as part of their exercises. however, individual must ultimately demonstrate the understanding of the material by writing up his/her own solutions without the help of other students or their written work. on average students need to spend, at least, 6 hours of study and preparation per week for this course."
Copy of TIF356 Pengolahan Citra.pdf,TIF356,Pengolahan Citra,course_outline,"this section should show the targeted competencies, topics, sub topics, specific method of instruction/ delivery, material references, and assessment indicators for each session. the targeted competencies refer to the list of competencies given in the course objectives section. targeted topics & sub topics methods references assignment ses compe sion tencies introduction (a) introduction to digital image process ing (b) components of image processing sys a.,a., lecture, 1 [1] chapter 1 paper, e learning tems b., c.discussion (c) fundamental steps in image processing (d) application fields (e) research topics in image processing digital image fundamentals (a) visual perceptions a.,a., lecture, (b) image sensing, acquisition, sampling, 2 b.,b., [1] chapter 2 chapter problems discussion quantization c.,c.(c) pixels and their basic relationships (d) tools used in image processing spatial domain processing (a) basic intensity transform same as (b) histogram processing lecture, 3 [1] chapter 3 simulation project above discussion (c) fundamentals of spatial filtering (d) lowpass vs highpass spatial filters (e) spatial enhancement methods frequency domain filtering (a) fourier transform (b) discrete fourier transform (dft) lecture, 4 a.[1] chapter 4 simulation project (c) properties of 2 d dft and idft discussion (d) filtering vs smoothing in frequency domain (e) fft (fast fourier transform) image restoration and reconstruction (a) image degradation model, noise mod a.,a., els lecture, 5 b.,b., [1] chapter 5 simulation project (b) restoration in spatial domain discussion c.,c.(c) noise reduction in frequency domain (d) inverse filtering (e) minimum mean square error filtering color image processing (a) color fundamentals (b) basic color image processing a.,a., (c) color transformation lecture, simulation project, 6 a.,b., [1] chapter 6 discussion chapter problems (d) color image smoothing c.,c.(e) color image segmentation (f) colored noise (g) color image compression f ppkr1 syllabus tif356 (rencana pembelajaran semester) image transforms a.,a., (a) matrix based transforms, correlation lecture, 7 b.,b., discussion, [1 ]chapter 7 chapter problems (b) basis images c.,c.quiz (c) fourier related transform (d) haar and wavelet transforms mid semester test image compression basics (a) fundamentals same as (b) huffman coding lecture, chapter problems, 8 above [1] chapter 8 (c) arithmetic coding discussion simulation + a.(d) lzw coding (e) block transform coding (f) wavelet coding morphological image processing (a) erotion and dilation a.,b., (b) opening and closing lecture, 9 [1] chapter 9 simulation project c.,c.discussion (c) basic mophological algorithhm (d) morphological reconstruction (e) grayscale morphology image segmentation (a) point, line and edge detection same as (b) thresholding simulation project, 10 discussion [1] chapter 10 above essay (c) superpixels (d) watershed transform (e) motion in segmentation feature extraction (a) boundary preprocessing (b) feature descriptos same as simulation project, (c) principal components as feature de 11 above discussion [1] chapter 11 chapter problem scriptors + b.(d) whole image featurew (e) scale invariant feature transform (sift) pattern classification same as (a) patterns and pattern classes lecture, 12 above [1] chapter 12 papers, discussions (b) classification by prototype mathcing discussion + a.(c) optimum statistical classifiers (d) neural networks and deep learning applications (a) steganography lecture, 13 c.,c.discussion, papers simulation projects (b) fidelity quiz (c) discussion (d) quiz review (a) review material for the finals same as discussion, materials after student’ 14 (b) project presentation above quiz mid test presentation (c) discussion (d) quiz final semester test f ppkr1"
Copy of TIF312 IT Project Management.pdf,TIF312,IT Project Management,course_description,"deskripsi matakuliah this course focuses on information technology project management. it introduces fundamentals of it project management using both concept and application. a generic information technology project methodology (itpm) is used. the nine areas of the project management institute’s project management body of knowledge (pmbok) are incorporated. this course aims on introducing the theory and practice of project management through an integrated view of the concepts, skills, tools, and techniques involved in the management of projects that emphasis on information technology."
Copy of TIF312 IT Project Management.pdf,TIF312,IT Project Management,course_objectives,"sasaran kompetensi lulusan yang dibebankan pada matakuliah goals of the course are divided into employability and entrepreneurial skills about it project management and study program specific outcomes about it project management, in which students need to have demonstrated by the time they complete their course. employability and entrepreneurial skills consist of planning and organizing, problem solving and decision making, self management, teamwork, communication, and initiative and enterprise in it project management. however, this course specifically focuses on the achievement of the following employability and entrepreneurial skills and study program specific outcomes in it project management. f ppkr1 syllabus (rencana pembelajaran semester) tif312 pg. 2/3"
Copy of TIF312 IT Project Management.pdf,TIF312,IT Project Management,methods_instruction,"metode pembelajaran classroom instruction consists of lectures and practical problem solving, discussion, and field visit to assist the student to successfully meet the course’s learning objectives."
Copy of TIF312 IT Project Management.pdf,TIF312,IT Project Management,course_outline,"this section should show the targeted competencies, topics, sub topics, specific method of instruction/ delivery, material references, and assessment indicators for each session. session targeted competencies topic & sub topics forms of instruction material assessment & duration references indicators (sesi) (kemampuan akhir) (materi pembelajaran) (bentuk & waktu (sumber (indikator penilaian) pembelajaran) pembelajaran) understanding for session introduction to project management lecture, 5 hours [1] chapter 1 1 understanding for session the project management and [1] chapter 2 2 lecture, 5 hours information technology context understanding for session the project management process groups lecture, 5 hours [1] chapter 3 3 4 understanding for session project integration management lecture, 5 hours [1] chapter 4 5 understanding for session project scope management lecture, 5 hours [1] chapter 5 6 understanding for session project time management lecture, 5 hours [1] chapter 6 7 understanding for session project cost management lecture, 5 hours [1] chapter 7 homework 1 (5%) mid semester examination 8 understanding for session project quality management lecture, 5 hours [1] chapter 8 9 understanding for session project human resource management lecture, 5 hours [1] chapter 9 10 understanding for session project communications management lecture, 5 hours [1] chapter 10 11 understanding for session project risk management lecture, 5 hours [1] chapter 11 12 understanding for session project procurement management lecture, 5 hours [1] chapter 12 13 understanding for session project stakeholder management lecture, 5 hours [1] chapter 13 14 project presentation presentation (5%), project report (15%), homework 2 (5%) final examination f ppkr1"
Copy of TIF313 Wide Area Network (WAN).pdf,TIF313,Wide Area Network (WAN),course_description,"this course focuses on the wan technologies and network services required by converged ap plications in a complex network. describes different wan technologies and their benefits, the operations and benefits of virtual private network (vpn) and tunneling and also network ar chitectures. the students learn to configure, troubleshoot serial and broadband connections, extended acls operations. finally, the students learn how to detect, troubleshoot and correct common enterprise network implementation issues. each chapter walks the student through basic configuration, implementation, and troubleshooting principles. additionally, packet tracer (pt) activities reinforce new concepts, and allow students to model and analyze routing processes that may be difficult to visualize or understand."
Copy of TIF313 Wide Area Network (WAN).pdf,TIF313,Wide Area Network (WAN),course_objectives,"this curriculum provides students with the skills needed to succeed in networking related degree programs and helps them prepare for ccna certification. it also helps students develop the skills necessary to fulfill the job responsibilities of network technicians, network administrators, and network engineers. it provides a theoretically rich, hands on introduction to networking and the internet. the goal of this course is to introduce the students fundamental networking concepts and technologies. the course will assist students in developing the skills necessary to plan and implement small network across a range of applications. upon completion of this course, the student should be able to  learn the fundamentals enterprise wans, the technologies available to implement them and the technical terminology. describe today’s increasing network security threats and explain the need to implement a comprehensive security policy to mitigate the threats. learn the serial point to point communications and the point to point protocol (ppp). learn the importance of security to find a balance between the need to open networks and the need to protect business information, and learn the security threats and mitigation techniques. learn how to securing site to site connectivity. learn the broadband technologies from telecommuter’s perspective, such as cable, dsl, wireless broadband and vpns. learn to identify teleworker requirements and it architectures, and introduction to ipv6. learn to monitor the network using network monitoring tools. learn how to establish a network baseline and learn to develop network documentation to help in network troubleshooting."
Copy of TIF313 Wide Area Network (WAN).pdf,TIF313,Wide Area Network (WAN),methods_instruction,"classroom instruction consists of lectures and practical problem solving, supplemented by visual aids designed to assist the student to successfully meet the course’s learning objectives. the course is delivered in a combination of class based and practical based. practical would be done in several different modes including packet tracer network simulator and direct practice using routers and switches on laboratory environment it is imperative that students take an active interest in the course. to succeed in this course, students must read, think, and write in a critical and analytical manner and this takes time and tif306 syllabus – wide area networks practice. such practice can only be achieved by working exercises. when troubles arise, and they will, the student must ask questions which may be directed to the instructor or other students in a variety of ways. students are also encouraged to work together on problem sets as part of their exercises. however, individual must ultimately demonstrate the understanding of the material by writing up his/her own solutions without the help of other students or their written work. on average students need to spend, at least, 6 hours of study and preparation per week for this course."
Copy of TIF313 Wide Area Network (WAN).pdf,TIF313,Wide Area Network (WAN),course_outline,"session topics & sub topics methods references assignment course introduction and wan concepts (a) connecting networks (b) wan technologies overview (a) purpose of wan (b) wan operation (c) selecting a wan technology pretest, exam lecture, 1 (1) chapter 1 chapter 1 (a) wan services discussion assignment (b) private wan infrastruc tures (c) public wan infrastructures (d) selecting wan services (d) summary & conclusion point to point connections (a) introduction & welcome (b) serial point to point overview (a) serial communication (b) hdlc encapsulation (c) ppp operation (a) benefits of ppp lecture, exam chapter 2 (b) lcp and ncp 2 (1) chapter 2 discussion assignment (c) ppp sessions (d) ppp implementation (a) configure ppp (b) configure ppp authentica tion (e) troubleshoot wan connectivity (a) troubleshoot ppp (f) summary & conclusion tif306 syllabus – wide area networks branch connections (a) introduction & welcome (b) remote access connections (a) broadband connections (b) select a broadband connec tions (c) pppoe (a) pppoe overview (b) implement pppoe exam chapter 3 (d) vpn lecture, 3 (1) chapter 3 assignment, 1st (a) fundamentals of vpns discussion lab session (b) types of vpns (e) gre (a) gre overview (b) implement gre (f) ebgp (a) bgp overview (b) bgp design considerations (c) ebgp branch configuration (g) summary & conclusion access control lists (a) introduction & welcome (b) standard acl operation and con figuration review (a) acl operation overview (b) types of ipv4 acls (c) standard ipv4 acl imple mentation (c) extended ipv4 acls (a) structure of an extended exam chapter 4 lecture, 4 ipv4 acls (1) chapter 4 assignment, 2nd discussion lab session (b) configure extended ipv4 acls (d) ipv6 acls (a) ipv6 acl operation (b) configuring ipv6 acls (e) troubleshoot acls (a) processing packets with acls (b) common acls errors (f) summary & conclusions network security & monitoring (a) introduction & welcome (b) lan security (a) lan security attacks (b) lan security best practices (c) snmp exam chapter 5 (a) snmp operation lecture, 5 (1) chapter 5 assignment, 3rd discussion (b) configuring snmp lab session (d) cisco switch port analyzer (a) span overview (b) span configuration (c) span as a troubleshooting tool (e) summary & conclusion quality of services (a) introduction & welcome (b) qos overview (a) network transmission qual ity exam chapter 6 (b) traffic characteristics lecture, 6 (1) chapter 6 assignment, 4th discussion (c) queueing algorithm lab session (c) qos mechanisms (a) qos models (b) qos implementation tech niques (d) summary & conclusion tif306 syllabus – wide area networks quiz preparation before midterm exami nation (a) subnetting the network (b) point to point connections (c) branch connections (d) access control lists lecture, (1) chapter 1 to quiz in class, 7 (e) network security and monitoring discussion 6 5th lab session (f) quality of services (g) etherchannel and hsrp problem set (h) designing the network topology (i) techniques to fulfill network re quirement mid semester test network evolution (a) introduction & welcome (b) internet of things (a) iot elements (b) iot pillars (c) cloud & virtualization (a) cloud computing exam chapter 7 lecture, 8 (1) chapter 7 assignment, 6th (b) virtualization discussion lab session (c) virtual network infrastruc ture (d) network programming (a) software defined network ing (b) controllers (e) summary & conclusion network troubleshooting (a) introduction & welcome (b) troubleshooting methodology (a) network documentation (b) troubleshooting process (c) isolating the issue using layered models exam chapter 8 lecture, 9 (c) troubleshooting scenarios (1) chapter 8 assignment, 7th discussion lab session (a) using ip sla (b) troubleshooting tools (c) symptoms & causes of net work troubleshooting (d) troubleshooting ip connec tivity (d) summary & conclusion quiz in class before final examination 1attempt lecture, (1) chapter 1 to quiz in class, 10 (a) introduction to multiarea ospf discussion 2 8th lab session (b) multiarea ospf operation (c) configuring multiarea ospf quiz in class before final examination 2attempt (a) introduction of ospf tuning and troubleshooting lecture, (1) chapter 3 to quiz in class, 11 discussion 4 9th lab session (b) advanced single area ospf con figuration (c) troubleshooting single area ospf implementation quiz in class before final examination 3attempt (a) stp operation lecture, (1) chapter 5 to quiz in class, 12 (b) etherchannel configuration discussion 6 10lab session (c) hsrp configuration (d) single area ospfv2 configuration quiz in class before final examination 4attempt (a) link aggregation configuration lecture, (1) chapter 7 to quiz in class, 13 discussion 8 11lab session (b) stp operation (c) eigrp tuning and troubleshoot ing tif306 syllabus – wide area networks quiz in class before final examination 5attempt (a) the quiz covers  link state dynamic routing lecture, (1) chapter 1 to quiz in class, 14 distance vector dynamic discussion 8 12lab session routing nat, acl configuration multi area eigrp and ospf configuration final semester test prepared by certified by name berkah i. santoso, st, mti name prof. hoga saragih position lecturer position head of department date february 26, 2020 date"
Copy of TIF354 Data Warehouse dan Mining.pdf,TIF354,Data Warehouse dan Mining,course_description,"this course will be discussing mainly about the introduction on to key data warehouse and data mining. moreover, students are expected to learn the latest knowledge and skills to expalin the role of data warehouse and data mining in business environment; create a clean, consistent repository of data within a data warehouse using open source tools available; utilize various techniques developed for data mining to discover interesting patterns in large databases; use existing open source tools to perform data mining tasks to solve real problems in business and commerce; expose students to new techniques and ideas that can be used to improve the e↵ectiveness of current data mining tools."
Copy of TIF354 Data Warehouse dan Mining.pdf,TIF354,Data Warehouse dan Mining,course_objectives,"upon completion of this course, the students are expected to expalin the role of data warehouse and data mining in business environment; create a clean, consistent repository of data within a data warehouse using open source tools available; utilize various techniques developed for data mining to discover interesting patterns in large databases; use existing open source tools to perform data mining tasks to solve real problems in business and commerce; expose students to new techniques and ideas that can be used to improve the e↵ectiveness of current data mining tools."
Copy of TIF354 Data Warehouse dan Mining.pdf,TIF354,Data Warehouse dan Mining,methods_instruction,"classroom instruction consists of lectures and practical problem solving, supplemented by visual aids designed to assist the student to successfully meet the courses learning objectives. it is imperative that students take an active interest in the course. to succeed in this course, students must read, think, and write in a critical and analytical manner and this takes time and practice. such practice can only be achieved by working exercises. when troubles arise, and they will, the student must ask questions which may be directed to the instructor or other students in a variety of ways. students are also encouraged to work together on problem sets as part of their exercises. however, individual must ultimately demonstrate the understanding of the material by writing up his/her own solutions without the help of other students or their written work. moreover, there will be a workshop/ class assignment and presentation both in written and oral manner in order to evaluate the students level f ppkr1 syllabus tif354 (rencana pembelajaran semester) of knowledge and skills on this course. both mid test and final test are conducted in written/ individual/ group project based tests to evaluate the students level of knowledge and skills on this course. on average students need to spend, at least, 6 hours of study and preparation per week for this course."
Copy of TIF354 Data Warehouse dan Mining.pdf,TIF354,Data Warehouse dan Mining,course_outline,"this section should show the targeted competencies, topics, sub topics, specific method of instruction/ delivery, material references, and assessment indicators for each session. session targeted competencies topics & sub topics methods references assignment introduction to data warehousing (a) data warehouse and the industry; exercise [1] understanding and analytical thinking for session lecture and 1 (b) data warehouse definitions; [1] chapter 1 chapter 1; page 1 discussion (c) operational databases vs. data ware4 houses data warehouse architecture and design (a) data warehouse architecture two tier and three tier architecture exercise [1] understanding and analytical thinking for session lecture and 2 (b) data warehouse conceptual design [1] chapter 1 chapter 1; page 2 discussion 7 12 (c) conceptual star schema and snowflake schema (d) data warehouse characteristics dashboard design & multidimensional database design (a) dashboard design lecture, exercise [1] understanding and analytical thinking for session 3 (b) meta data, and designing star schema discussion, and [1] chapter 2 5 chapter 2 5; page 3 and snowflake schema quiz 54 58 & 83 95 (c) data marts vs data warehouse (d) extract, transform & load (etl) cube design and data processing exercise [1] understanding and analytical thinking for session (a) cubes designing lecture and 4 [1] chapter 6 10 chapter 6 10; 4 discussion (b) data processing page , 151 & 180 (c) online analytic processing (olap) workshop working with pentaho data inte gration (pdi) part 1 workshop exercise understanding, analytical thinking and (a) setting up pdi workshop and 5 handout chapter workshop handout programming skills for session 5 presentation (b) create transformation/ etl using 1 ch 1 pdi from various data sources (c) create jobs using pdi workshop working with pentaho data cubes part 2 (a) setting up schema workbench workshop exercise understanding, analytical thinking and workshop and 6 handout chapter workshop handout (b) create relational fact tables programming skills for session 6 presentation 2 ch 2 (c) create cubes using schema work bench (d) performing olap f ppkr1 (rencana pembelajaran semester) page 4/5 syllabus tif354 workshop working with bi server & pen taho report designer part 3 workshop exercise understanding, analytical thinking and (a) setting up pentaho bi server workshop and 7 handout chapter workshop handout programming skills for session 7 presentation (b) deploy pentaho bi server 3 ch 3 (c) create dashboard (jpivot) (d) create a report using prd mid semester test introduction to data mining (a) data mining and knowledge discovery exercise [2] understanding and analytical thinking for session lecture and 8 & concept [2] chapter 1 3 chapter 1 3; page 8 discussion 36 & 83 (b) data mining lifecycle & preprocessing; (c) knowledge representation data transformation; types of problems and applications exercise [2] understanding and analytical thinking for session (a) basic methods lecture and 9 [2] chapter 4 6 chapter 4 6; page 9 discussion (b) machine learning algorithm implemen 143 & 299 tation (c) data transformation text mining and web mining algorithms (a) text mining exercise [2] understanding and analytical thinking for session lecture and 10 [2] chapter 7 9 chapter 7 9; page (b) web mining 10 discussion 346 & 397 (c) ex. algo apriori and correlation analysis information retrieval and extraction appli cation exercise reading lecture, understanding and analytical thinking for session nikola vlahovic’s and summarizing (a) introduction to information retireval 11 discussion, and 11 article nikola vlahovic’s and its application quiz article (b) introduction to information extrac tion and its application workshop data mining part 1 introduction workshop book exercise understanding, analytical thinking and (a) setting up environment workshop and python data 12 workshop book ch programming skills for session 12 presentation mining quick start (b) basic data mining function in python 1 & 2 guide, ch 1 & 2 (c) basic query workshop data mining part 2 clustering workshop book exercise understanding, analytical thinking and (a) perform location of the group workshop and python data 13 workshop book ch programming skills for session 13 presentation mining quick start (b) perform similarity measurement 5 guide, ch 5 (c) perform clustering methods. f ppkr1 (rencana pembelajaran semester) page 5/5 syllabus tif354 workshop data mining part 3 prediction workshop book exercise understanding, analytical thinking and (a) implement regression algorithm workshop and python data 14 workshop book ch programming skills for session 14 presentation mining quick start (b) implement classification algorithm 6 guide, ch 6 (c) create and tune prediction model final semester test f ppkr1"
Copy of TIF352 Tata Kelola Sistem Informasi 2022.pdf,TIF352,Tata Kelola Sistem Informasi,course_description,"information systems and the strategies for managing them change quickly, but the concepts that guide both often remain timeless. these principles form the backbone of this comprehensive survey of the field, designed for a student’s first course in information systems. by presenting the details and the big picture, this course puts the lessons of managing information systems into an understandable context. the overall principle is that the right information, if it is delivered to the right person, in the right fashion, and at the right time, can improve and ensure organizational effectiveness and efficiency."
Copy of TIF352 Tata Kelola Sistem Informasi 2022.pdf,TIF352,Tata Kelola Sistem Informasi,course_objectives,"this course is aimed to give students the fundamental concepts information systems. the introduction started from the essential of information systems, is infrastructures, is and globalizations, is investments and strategy, e commerce, web 0, business intelligence, enterprise is, is development and acquisition, security and controls, and ethics & crime in is. by the end of this course, students should be able to  demonstrate understanding of the essential concepts of information systems.  demonstrate understanding the benefit of information systems.  demonstrate competency in the applying information systems in organization.  demonstrate competency in the applying information systems in business  demonstrate understanding of issues, development acquisition of information systems.  demonstrate understanding of security and controls in information systems."
Copy of TIF352 Tata Kelola Sistem Informasi 2022.pdf,TIF352,Tata Kelola Sistem Informasi,methods_instruction,"classroom instruction consists of lectures and problem solving, supplemented by visual aids designed to assist the student to successfully meet the course’s learning objectives. syllabus [tif 106] hal. 2/5"
Copy of TIF352 Tata Kelola Sistem Informasi 2022.pdf,TIF352,Tata Kelola Sistem Informasi,course_outline,"syllabus [tif 106] hal. 3/5 session topic & sub topics methods of material assignment delivery references defining information systems a. is defined b. terminology data, [1], facebook.com, information, knowledge, is chapter 1, online map c. is today p.28 services. d. the dual nature of is e. cases is infrastructres a. is hardware infrastructure b. is software infrastructure [2], amazon c. communication and chapter 2, simpledb, collaboration infrastructure p.64 119 wifi in the sky d. data and knowledge infrastructure e. application software is and globalization a. evolution of globalization b. opportunities for operating in the digital world [1], flickr, c. challenges of operating in chapter 3, global payment the digital world p.120 at paypal d. going global international business strategies in the digital world is investments and strategic advantage a. valuing is b. making the business case for [1], netflix, an is chapter 4, linkedin c. valuing innovations p.164 211 d. freeconomics why free products are the future of the digital world electronic commerce [1], a. e commerce defined chapter 5, b. b2b e commerce extranets p.212 crowdsourcing, c. b2e e commerce intranets [2], youtube, d. b2c e commerce chapter 5, . e. c2c e commerce p.198 223 f. emerging topics in e commerce web 0 technologies and google’s [1], business models opensocial api, chapter 6, a. defining web 0 wikipedia. p.258 293 b. empowering individual with syllabus [tif 106] hal. 4/5 session topic & sub topics methods of material assignment delivery references web 0 c. enhancing collaboration with web 0 organizational is and business the netflix intelligence [1], prize, a. business intelligence chapter 7, applications to b. business intelligence p.294 341 make you components smarter. c. information visualization mid semester test enterprise is crm, erp, scm a. enterprise systems b. enterprise resource planning [1], dashboard, c. customer relationship chapter 8, real or fake? management p. 342 389 tech may tell. d. supply chain management e. the formula for enterprise system success. is development and acquisition a. customized versus off the shelf software b. the need for structured systems development open source c. steps in the systems [1], software, development process chapter 9, fbi database to d. other approaches to p. 390 435 expand designing and building systems e. need alternatives to building systems yourself f. common alternatives to in house systems development is security and controls a. is security [1], under attack, b. safeguarding is resources chapter china’s great c. managing is security 10, p. 436 (fire)wall. d. is controls, auditing and the 477 sarbanes oxley act is ethics and computer crime [1], bridging the a. is ethics chapter digital divide, b. computer crime 11, p.478 terrorist invade c. cyber war and cyber 523 gaming. terrorism information and decision [2], enterprise rent support systems chapter 6, a car, syllabus [tif 106] hal. 5/5 session topic & sub topics methods of material assignment delivery references a. decision making and p. 244 289 keiper watch problem solving production. b. overview of mis c. functional aspects of mis d. overview of dss e. components of a dss f. group support systems g. executive support systems knowledge management and specialized information systems a. knowledge management [2], bird & bird systems chapter 7, lawfirm, b. overview of artificial p.292 332, virtual worlds intelligence c. virtual reality d. other specialized systems advanced topics and trends in managing the is infrastructure a. advanced topics in is hardware b. advanced topics in is [1], p.524 software 583 c. advanced topics in networking and collaboration d. advanced topics in database management final semester test ."
Copy of TIF351 Sistem Informasi Manajemen.pdf,TIF351,Sistem Informasi Manajemen,course_description,"this course discusses information systems as one of the major tools available to business manager for achieving operational excellence, developing new products and services, improving decision making, and achieving competitive advantage. it also addresses how today’s business firms use information technologies and systems to achieve corporate objectives."
Copy of TIF351 Sistem Informasi Manajemen.pdf,TIF351,Sistem Informasi Manajemen,course_objectives,"upon completion of this course, the student should be able to should be able to understand fundamental of managing the digital firm including concepts of organization, management, and the network enterprise, information technology infrastructure, key systems applications for the digital age, and building and managing systems. (c1) should be able to understand information systems in global business, global e business and collab oration, information systems, organizations and strategy, ethical and social issues in information systems. (c1) will be able to know it infrastructure and emerging technologies, foundations of business intel ligence databases and information management, telecommunications, the internet, and wireless technology, and also securing information system. (c2) will be able to explain achieving operational excellence and customer intimacy enterprise appli cations, e commerce digital markets, digital goods, managing knowledge and enhancing decision making. (c3) will be able to analyze building information systems, and managing projects. (c3)"
Copy of TIF351 Sistem Informasi Manajemen.pdf,TIF351,Sistem Informasi Manajemen,methods_instruction,"classroom instruction consists of lectures and practical problem solving, supplemented by visual aids designed to assist the student to successfully meet the course’s learning objectives. it is imperative that students take an active interest in the course. to succeed in this course, students must read, think, and write in a critical and analytical manner and this takes time and practice. such practice can only be achieved by working exercises. when troubles arise, and they will, the student must ask questions which may be directed to the instructor or other students in a variety of ways. f ppkr1 syllabus tif351 (rencana pembelajaran semester) students are also encouraged to work together on problem sets as part of their exercises. however, individual must ultimately demonstrate the understanding of the material by writing up his/her own solutions without the help of other students or their written work. on average students need to spend roughly, at least, 9 hours of study and preparation per week for this course."
Copy of TIF351 Sistem Informasi Manajemen.pdf,TIF351,Sistem Informasi Manajemen,course_outline,"this section should show the targeted competencies, topics, sub topics, specific method of instruction/ delivery, material references, and assessment indicators for each session. the targeted competencies refer to the list of competencies given in the course objectives section. f ppkr1 (rencana pembelajaran semester) page 3/4 syllabus tif351 ses targeted topics & sub topics methods references assignment sion compe tencies introduction course information topic information systems in global business today (a) the role of information system in business today lecture, [1] p.32 to 66 1 c1 discussion, (b) perspective of information systems [1] p.67 assignment (c) contemporary approaches to information systems (d) case study global e business and collaboration (a) business process and information systems (b) types of business information systems lecture, [1] p.71 to 101 2 c1 (c) systems for collaboration and teamwork discussion [1] p.102 (d) the information systems function in business (e) hands on mis projects (f) case study information systems, organizations, and strategy (a) organizations and information systems analyze the financial statement using spreadsheets charts and functions, analyze supplier (b) how information systems impact organiza tions and business firms lecture, performance and pricing (spreadsheets date functions), conduct research products [1] p.104 to 144 3 c1 discussion, information and evaluating web sites, analyze and write a descriptive or argumentative (c) using information systems to achieve com [1] p.145 quiz papers for given problems (value chain and competitive forces analysis business strategy petitive advantage formulation) (d) using systems for competitive advantage management issues (e) case study ethical and social issues in information systems (a) understanding ethical and social issues re design and create a blog (blog creation tools), explain how to facilate the internet for lated to systems lecture, [1] p.148 to 183 4 c1 marketing, analyze and write a descriptive or argumentative papers for given problems discussion [1] p.184 (b) ethics in information society (formulating a corporate privacy policy) (c) the moral dimensions of information systems (d) case study it infrastructure and emerging technology (a) it infrastructure utilize spreadsheets formulas to compare the given problems (pricing hardware and (b) infrastructure component lecture, [1] p.188 to 229 5 c2 software), conduct research on the internet the given problems (travel cost on the online discussion [1] p.230 (c) contemporary hardware platform trends travel sites) (d) contemporary software platform trends (e) management issues foundations of business intelligence databases and information management (a) organizing data in a traditional file environ search online databases for products and services, design a database using ms access, ment lecture, [1] p.235 to 268 6 c2 perform database querying and reporting on ms access, importing data into database for discussion [1] p.269 (b) the database approach to data management a given task (for instance inventory management) (c) using databases to improve business perfor mance and decision making (d) managing data resources telecommunications, the internet, and wireless tech nology (a) telecommunications and networking in to review, use web search engine for business research, analyze the given problem using spreadsheet day’s business world [1] p.274 to 316 7 c2 discussion, formulas (telecomunications services and costs), analyze and write a descriptive or (b) communications networks [1] p.317 quiz argumentative papers for given problems (employee productivity analysis) (c) the global internet (d) the wireless revolutions (e) review material for preparedness mid exam mid semester test f ppkr1 (rencana pembelajaran semester) page 4/4 syllabus tif351 securing information systems (a) system vulnerability and abuse conduct research and evaluate business outsourcing services, perform a risk assessment (b) business value of security and control review, [1] p.320 to 358 8 c2 using spreadsheet charts and formulas, analyze and write a descriptive or argumentative (c) establishing a framework for security and discussion [1] p.359 papers for given problems (disaster recovery planning) control (d) technologies and tools for protecting infor mation resources achieving operational excellence and customer inti macy enterprise applications design the customers service analysis (databases design, query and report), conduct (a) enterprise systems lecture, [1] p.363 to 396 research and evaluate the supply chain management services, analyze and write a 9 c3 (b) supply chain management systems discussion [1] p.397 descriptive or argumentative papers for given problems (locating and evaluating (c) customer relationship management systems suppliers) (d) enterprise applications new opportunities and challenges e commerce digital markets, digital goods (a) e commerce and the internet perform the financial statement analysis using spreadsheet tool which involves utilizing lecture, [1] p.400 to 433 10 c3 (b) e commerce business and technology the formulas and formatting, evaluate an e commerce hosting services, analyze and write a discussion [1] p.434 (c) the mobile digital platform and mobile e descriptive or argumentative papers for given problems (developing e commerce strategy) commerce (d) building an e commerce web site managing knowledge (a) the knowledge management landscape design business application planning (for instance retirement planning) using spreadsheet lecture, [1] p.438 to 471 formulas and logical functions utilize online software tool to compare product price, (b) enterprise wide knowledge management sys 11 c3 discussion, [1] p.472 features, availability. analyze and write a descriptive or argumentative papers for given tems quiz problems (identifying knowledge management opportunities) (c) knowledge work systems (d) intelligent techniques enhancing decision making (a) decision making and information systems lecture, [1] p.474 to 475 design business application (for instance bill of materials cost sensitivity analysis) using 12 c3 discussion [1] p.476 spreadsheet data tables, pivot tables and formulas. (b) business intelligence in the enterprise (c) business intelligence constituencies building information systems design a business application (for instance employee training and skills tracking) using (a) systems as planned organizational change lecture, [1] p.505 to 542 database for querying and reporting, design a business application (for example sales lead 13 c3 (b) overview of systems development discussion [1] p.543 and customer analysis) using database for querying and reporting, redesign business (c) alternative systems building approaches processes for web procurement (d) applications development for the digital firm managing projects (a) the important of project management lecture, design a business application (for instance capital budgeting) using spreadsheet formulas, (b) selecting projects review, [1] p.546 to 575 design a business application (for example job posting database and web page) using 14 c3 (c) establishing the business value of informa discussion, [1] p.576 database and web pages design as well as creation, analyze and write a descriptive or tion systems quiz argumentative papers for given problems (identifying international markets) (d) managing project risk (e) review material final semester test f ppkr1"
Copy of TIF309 Sistem Terdistribusi.pdf,TIF309,Sistem Terdistribusi,course_description,"this course will cover the topic of distributed systems materials an introduction to distributed systems, architectures of distributed systems, processes, communications, naming, synchronization, consistency and replication, fault tolerance, security related to distributed systems, distributed object based, web based, coordination based systems, and distributed file systems."
Copy of TIF309 Sistem Terdistribusi.pdf,TIF309,Sistem Terdistribusi,course_objectives,"the objectives of this course are as follows  present the principles underlying the function of distributed systems and their extension to grid computing, cloud computing and virtualization techniques. create an awareness of the fundamental technical challenges in distributed systems design and implementation. expose students to current technology used to build architecture to enhance distributed comput ing infrastructures with various computing principles and paradigms, including grid and cloud computing. enhance students’ understanding of key issues related to multi level interoperability across a dis tributed infrastructure and across multiple heterogeneous and distributed resources in a dynami cally changing computing environment. expose students to past and current research issues in the field of distributed systems and new challenges in cloud computing. provide experience in analyzing a distributed computing model and implementing typical algo rithms used in distributed systems and distributed applications in cloud infrastructure. explain what a distributed system is, why the student would design a system as a distributed system, and what the desired properties of such systems are. list the principles underlying the functioning of distributed systems, describe the problems and challenges associated with these principles and evaluate the effectiveness and shortcomings of their solutions. recognize how the principles are applied in contemporary distributed systems, explain how they affect the software design, and be able to identify features and design decisions that may cause problems. f ppkr1 syllabus tif309 (rencana pembelajaran semester) design a distributed system that fulfills requirements with regards to key distributed system prop erties (such as scalability, transparency, etc), be able to recognize when this is not possible and explain why. build distributed system software using both basic os mechanisms as well as higher level middle ware and languages."
Copy of TIF309 Sistem Terdistribusi.pdf,TIF309,Sistem Terdistribusi,methods_instruction,"classroom instruction consists of lectures and practical problem solving, supplemented by visual aids designed to assist the student to successfully meet the course’s learning objectives. it is imperative that students take an active interest in the course. to succeed in this course, students must read, think, and write in a critical and analytical manner and this takes time and practice. such practice can only be achieved by working exercises. when troubles arise, and they will, the student must ask questions which may be directed to the instructor or other students in a variety of ways. students are also encouraged to work together on problem sets as part of their exercises. however, individual must ultimately demonstrate the understanding of the material by writing up his/her own solutions without the help of other students or their written work. on average students need to spend, at least, 9 hours of study and preparation per week for this course."
Copy of TIF309 Sistem Terdistribusi.pdf,TIF309,Sistem Terdistribusi,course_outline,"session topics & sub topics methods references assignment introduction (a) definition of a distributed system 1 (b) goals of distributed systems lecture, discussion (1) chapter 1 – (c) types of distributed systems (d) chapter summary f ppkr1 syllabus tif309 (rencana pembelajaran semester) architectures (a) architectural styles (b) system architectures ieee papers 2 lecture, discussion (1) chapter 2 (c) architectures versus middleware reconstruction (d) self management in distributed sys tems (e) chapter summary processes (a) threads (b) virtualization (1) chapter 3 & ieee papers 3 (c) clients lecture, discussion (2) chapter 1, 8, discussion 12 (d) servers (e) code migration (f) chapter summary communications (a) communication fundamentals (b) remote procedure call (1) chapter 4 & ieee papers 4 lecture, discussion (c) message oriented communication (2) chapter 8 reconstruction (d) stream oriented communication (e) multicast communication (f) chapter summary naming (a) names, identifiers and addresses (b) flat naming (1) chapter 5 & ieee papers 5 lecture, discussion (c) structured naming (2) chapter 4 discussion (d) attribute based naming (e) cloud computing services (f) chapter summary synchronization (a) clock synchronization (b) logical clocks (c) mutual exclusion (1) chapter 6 & ieee papers 6 lecture, discussion (d) global positioning of nodes (2) chapter 5 reconstruction (e) election algorithms (f) network cloud infrastructure (g) service cloud infrastructure (h) chapter summary consistency and replication (a) introduction of consistency and repli cation. (b) data centric consistency models. (1) chapter 7 & ieee papers 7 lecture, discussion (c) client centric consistency models. (2) chapter 7 discussion (d) replica management (e) consistency protocols (f) cloud storage (g) chapter summary mid semester test fault tolerance (a) introduction to fault tolerance (b) process resilience (c) reliable client server communication. (1) chapter 8 & ieee papers 8 lecture, discussion (d) reliable group communication (2) chapter 8 reconstruction (e) distributed commit (f) recovery. (g) cloud computing standards (h) chapter summary. security (a) introduction to security (1) chapter 9 & (b) secure channels ieee papers 9 lecture, discussion (2) chapter 2, 5, 7, discussion (c) access control 8, 12 (d) security management (e) chapter summary distributed object based systems (a) architecture. (b) processes. (1) chapter 10 & ieee papers 10 lecture, discussion (c) communication. (2) chapter 9 reconstruction (d) naming. (e) synchronization. (f) software as a service. f ppkr1 syllabus tif309 (rencana pembelajaran semester) distributed object based systems (a) consistency and replication (b) fault tolerance (1) chapter 10 & ieee papers 11 lecture, discussion (c) security (2) chapter 10, 12 discussion (d) software plus services (e) local clouds and thin clients (f) chapter summary distributed file systems (a) architecture (b) processes (c) communication (d) naming ieee papers 12 lecture, discussion (1) chapter 11 reconstruction (e) synchronization (f) consistency and replication (g) fault tolerance (h) security (i) chapter summary distributed web based systems (a) architecture (b) processes (c) communication (1) chapter 12 & ieee papers 13 lecture, discussion (d) naming (2) chapter 6, 8 discussion (e) synchronization (f) consistency and replication (g) fault tolerance (h) chapter summary distributed coordination based systems (a) introduction to coordination models (b) architecture (c) processes (d) communication 14 lecture, discussion (1) chapter 13 quiz in class (e) naming (f) consistency and replication (g) fault tolerance (h) security (i) chapter summary final semester test f ppkr1"
Copy of TIF357 Ethical Hacking.pdf,TIF357,Ethical Hacking,course_description,"deskripsi matakuliah this course is designed to discuss what hacking activities are and what ethics means in the title of ethical hacking in its application. students will be introduced to various types and stages of the hacking process carried out on various systems in today's situation. as the title implies, apart from getting to know the hacking technique itself, but also how to use the technique for good purposes and in accordance with applicable ethics and law. in this case, how to overcome these hacking attacks and prevent them in the future by doing penetration testing."
Copy of TIF357 Ethical Hacking.pdf,TIF357,Ethical Hacking,course_objectives,"sasaran kompetensi lulusan yang dibebankan pada matakuliah by the end of this course, students should be able to  understand what hacking is, and its behavior and examples in the real world  identify differences with ethical hacking, ethics and applicable law in cybersecurity  understand and identify the general stages of the hacking process on the system  understand and identify the types of hacking techniques carried out by hackers  understand and identify strategies and steps that must be taken to handle and prevent hacking attacks  understand and identify system weaknesses and provide input for improvement through penetration testing di akhir perkuliahan ini, mahasiswa mampu f ppkr1 syllabus (rencana pembelajaran semester) [tif 207/tif 31w] pg. 2/5  memahami apa itu hacking, serta perilaku dan contohnya di dunia nyata  mengidentifikasi perbedaan dengan ethical hacking, etika dan hukum yang berlaku dalam keamanan siber  memahami dan mengidentifikasi tahap tahap umum proses hacking pada sistem  memahami dan mengidentifikasi jenis jenis teknik hacking yang dilakukan oleh hacker  memahami dan mengidentifikasi strategi dan langkah langkah yang harus dilakukan untuk melakukan penanganan dan pencegahan terhadap serangan serangan hacking  memahami dan mengidentifikasi kelemahan sistem serta memberikan masukkan untuk perbaikan melalui penetration testing"
Copy of TIF357 Ethical Hacking.pdf,TIF357,Ethical Hacking,methods_instruction,"metode pembelajaran literature/material study, problem based learning, case study, assignments, and group discussion. pembelajaran materi, pembelajaran berbasis studi kasus atau masalah, tugas, dan diskusi kelompok"
Copy of TIF357 Ethical Hacking.pdf,TIF357,Ethical Hacking,course_outline,"this section should show the targeted competencies, topics, sub topics, specific method of instruction/ delivery, material references, and assessment indicators for each session. session targeted competencies topic & sub topics forms of instruction & duration material references assessment indicators (sesi) (kemampuan akhir) (materi pembelajaran) (bentuk & waktu pembelajaran) (sumber pembelajaran) (indikator penilaian) capable to know what lecture and discussion lecturer material and cybersecurity is and how problem based learning news, statistic data and course introduction and indonesia cybersecurity consultant and analytic 1 indonesia cyber security field and condition field and condition institution nowadays capable to know what is ec council ceh v11 basic ethical hacking hacking and what ethical lecture and discussion module 1 2 hacking is, also what is the concept study case difference between them. capable to know the ec council ceh v11 assignment ethical hacking steps, ethics, steps of hacking, and module 1 3 lecture and discussion ethics and laws in and laws hacking 4 capable to know and foot printing and lecture, study case ec council ceh v11 identify in footprinting reconnaissance module 2 and reconnaissance as a first step of hacking, the techniques, and how to countermeasure and prevent them capable to know and 5 scanning lecture ec council ceh v11 identify scanning target as module 3 the next step of hacking, the techniques, and how f ppkr1 syllabus (rencana pembelajaran semester) [kode mata kuliah] pg. 4/5 session targeted competencies topic & sub topics forms of instruction & duration material references assessment indicators (sesi) (kemampuan akhir) (materi pembelajaran) (bentuk & waktu pembelajaran) (sumber pembelajaran) (indikator penilaian) to countermeasure and prevent them capable to know and 6 enumeration lecture ec council ceh v11 assignment identify and pool module 4 important information as enumeration had been done, before doing the system hacking, 7 capable to know and vulnerability analysis lecture, study case ec council ceh v11 identify vulnerabilities module 5 in a system, the techniques, and how to countermeasure and prevent them mid semester examination 8 capable to know and system hacking 1 lecture ec council ceh v11 identify the techniques module 6 of system hacking 9 capable to know and system hacking 2 lecture ec council ceh v11 assignment identify (continued) and module 6 how to countermeasure and prevent them 10 capable to know and malware threats 1 lecture ec council ceh v11 identify malware threats module 7 11 capable to know and malware threats 2 lecture ec council ceh v11 identify the techniques module 7 of malware doing their attack, and how to countermeasure and prevent them f ppkr1 syllabus (rencana pembelajaran semester) [kode mata kuliah] pg. 5/5 session targeted competencies topic & sub topics forms of instruction & duration material references assessment indicators (sesi) (kemampuan akhir) (materi pembelajaran) (bentuk & waktu pembelajaran) (sumber pembelajaran) (indikator penilaian) 12 capable to know and sniffing lecture, study case ec council ceh v11 assignment identify the sniffing module 8 process, the techniques, and how to countermeasure and prevent them 13 capable to know and social engineering lecture, discussion, study case ec council ceh v11 identify social module 9 engineering, the techniques, and how to countermeasure and prevent them 14 group discussion and wrapup and discussion discussion and study case ec council ceh v11 case study assignment for reviewing all the materials before the final test final examination f ppkr1"
Copy of TIF358 Manajemen Jaringan.pdf,TIF358,Manajemen Jaringan,course_description,"this lecture will discuss an exploration of tools, techniques, issues and problems arising from the devel opment of computer networks, and the requirement to manage them. the module considers the range of network management tasks from initial planning through to the security and operational aspects of network usage. throughout, the emphasis is on the use of the methods considered, with each aspect of the system being placed in a realistic context."
Copy of TIF358 Manajemen Jaringan.pdf,TIF358,Manajemen Jaringan,course_objectives,"upon completion of this course, the student should be able to (cid 136) describe the concept of behavior of a network system from the viewpoint of a user. (cid 136) discuss the operational requirements arising from the demands of users. (cid 136) evaluate the impact of a range of application types on a communications system. (cid 136) determine the effectiveness of various communications mechanisms and protocols in handling that impact. (cid 136) recognize the need for management in a networking environment, and understand how that need may be met. (cid 136) select suitable information collection methodologies to allow the behaviour of a network to be controlled. (cid 136) apply simulation techniques to the prediction of the behavior of a network."
Copy of TIF358 Manajemen Jaringan.pdf,TIF358,Manajemen Jaringan,methods_instruction,"virtual classroom instruction consists of lectures and practical problem solving, supplemented by visual aids designed to assist the student to successfully meet the course’s learning objectives. it is imperative that students take an active interest in the course. to succeed in this course, students must read, think, and write in a critical and analytical manner and this takes time and practice. such practice can only be achieved by working exercises. when troubles arise, and they will, the student must ask questions which may be directed to the instructor or other students in a variety of ways. students are also encouraged to work together on problem sets as part of their exercises. however, individual must ultimately demonstrate the understanding of the material by writing up his/her own solutions without the help of other students or their written work. on average students need to spend, at least, 6 hours of study and preparation per week for this course. f ppkr1 syllabus tif358 (rencana pembelajaran semester)"
Copy of TIF358 Manajemen Jaringan.pdf,TIF358,Manajemen Jaringan,course_outline,"session topics & sub topics methods references assignment computer systems, data communication and network management overview (a) introduction (b) computer system life cycle (c) distributed computing environment (d) tcp/ip based networks internet and intranet (e) communication protocols and stan dards (1) chapter 1, (f) networks systems and services sec.1 to sec.6 1 lecture, discussion – (g) network management goals, organi & (2) chapter 1, zation and functions sec.3 to sec.12 (h) network management architecture and organization (i) network management perspectives (j) nms platform (k) shared hosting data center (shdc) (l) large enterprise (m) network service provider (n) history of system management planning and implementation computer sys tem and review of information network tech nology (a) requirements (b) evaluating computer systems (1) chapter 2, (c) planning to satisfy requirements ieee papers 2 lecture, discussion sec.1 & (2) (d) implementation reconstruction chapter 2, sec.1 (e) network topology (f) local area network (lan) (g) network node components (h) wide area networks (i) transmission technology f ppkr1 syllabus tif358 (rencana pembelajaran semester) operations management and standards, models and languages (a) operations center (b) management data (c) manager agent protocols (d) management information structure (e) device agent structure (1) chapter 3, (f) management application structure ieee papers 3 lecture, discussion sec.1 & (2) discussion (g) operations center function chapter 3, sec.1 (h) network management standards (i) network management models (j) information and communication mod els (k) abstract syntax notation one asn.1 (l) encoding structure and macros (m) functional models discovery and snmpv1 (organization and in formation models) (a) discovery approaches (b) discovery of specific types of it in frastructure (1) chapter 4, (c) storing discovered information acm papers 4 lecture, discussion sec.1 & (2) (d) history of snmp management reconstruction chapter 4, sec.1 (e) internet organizations and standards (f) snmp model (g) organization model (h) system overview (i) information model monitoring and snmpv1 (communication and functional models) (a) monitored information (b) generic model for monitoring (1) chapter 5, acm papers 5 lecture, discussion sec.1 & (2) (c) data collection discussion chapter 5, sec.1 (d) pre db data processing (e) management database (f) snmp communication models (g) functional model fault management and snmpv2 (a) fault management architecture (b) fault diagnosis algorithms (c) self healing systems (d) avoiding failures (1) chapter 6, (e) major changes in snmpv2 ieee papers 6 lecture, discussion sec.1 & (2) (f) snmpv2 system architecture reconstruction chapter 6, sec.1 (g) snmpv2 structure of management in formation (h) snmpv2 management information base (i) snmpv2 protocol (j) compatiblity with snmpv1 configuration management and snmpv3 (a) configuration management overview (b) configuration setting (c) configuration discovery and change control (d) configuration management applica tions (e) patch management (1) chapter 7, ieee papers 7 lecture, discussion sec.1 & (2) (f) snmpv3 key features discussion chapter 7, sec.1 (g) snmpv3 documentation architecture (h) architecure (i) snmpv3 applications (j) snmpv3 management information base (k) security (l) snmpv3 user based security model (m) access control mid semester test f ppkr1 syllabus tif358 (rencana pembelajaran semester) performance and accounting management & snmp management rmon (a) need for operation time performance management (b) approaches for performance manage ment (1) chapter 8, (c) performance monitoring and report acm papers 8 lecture, discussion sec.1 & (2) ing reconstruction chapter 8, sec.1 (d) performance trouble shooting (e) capacity planning (f) accounting management (g) what is remote monitoring (h) rmon smi and mib (i) rmon1 and rmon2 security management & network manage ment tools, systems and engineering (a) general techniques (b) security management for personal computers (c) security management for servers (d) security management for computer (1) chapter 9, acm papers 9 networks lecture, discussion sec.1 & (2) discussion chapter 9, sec.1 (e) operational issues (f) system utilities for management (g) network statistic measurement sys tems (h) mib engineering (i) nms design (j) network management systems advanced topics and network management applications (a) process management (b) helpdesk systems (c) web, web 0 and management (1) chapter 10, (d) configuration management sec.1 & (2) ieee papers 10 lecture, discussion (e) performance management chapter 11, reconstruction (f) event correlation techniques sec.1 (g) security management (h) accounting management (i) report management (j) policy based management (k) service level management broadband network management wan (a) broadband network and services (b) atm technology (2) chapter 12, ieee papers 11 lecture, discussion (c) atm network management sec.1 discussion (d) mpls network technology (e) mpls oam management (f) optical and man feeder networks broadband network management wired and optical access networks (a) broadband access network (b) broadband access technology (c) cable modem technology (d) cable access network management (2) chapter 13, acm papers 12 lecture, discussion (e) docsis standards sec.1 reconstruction (f) dsl access network (g) asymmetric digital subscriber line (h) adsl management (i) adsl, adsl2+, and vdsl2 (j) passive optical network and manage ment broadband wireless access networks and broadband home networks (a) basic principles (b) fixed broadband wireless access net works (c) mobile wireless networks (2) chapter 14 & acm papers 13 lecture, discussion (d) home networking technologies chapter 15 discussion (e) wired home distribution network (f) ethernet management (g) wireless home distribution networks (h) ieee 11 wifi network (i) ieee 11 network management f ppkr1 syllabus tif358 (rencana pembelajaran semester) advanced management topics (a) introduction (b) early web based development (c) corba based network management technology 14 lecture, discussion (2) chapter 16 quiz in class (d) xml based network management technology (e) comparison of management technolo gies (f) recent network management related standards final semester test f ppkr1"
Copy of TIF307 Komunikasi_Nirkabel.pdf,TIF307,Komunikasi Nirkabel,course_description,"deskripsi matakuliah this course guides the student to study wireless and mobile communications ranging from the introduction, challenges or problems encountered and the methods used to overcome interference. topics covered include path loss and multipath, channel capacity, digital modulation and detection review, fading, diversity, coding, equalization, multicarrier, multi user, spread spectrum, and cellular systems."
Copy of TIF307 Komunikasi_Nirkabel.pdf,TIF307,Komunikasi Nirkabel,course_objectives,"sasaran kompetensi lulusan yang dibebankan pada matakuliah by the end of this course, students should be able to understand the topic of wireless communications and mobile communications, ranging from basic principles, methods to cope with communication disorders and development of wireless technology."
Copy of TIF307 Komunikasi_Nirkabel.pdf,TIF307,Komunikasi Nirkabel,methods_instruction,"metode pembelajaran the lecturer may use lectures, questions and computer lab exercises from the textbook in the power point presentations and the interactive discussions whether through face to face conventional way or through on line course management system. f ppkr1 syllabus (rencana pembelajaran semester) tif307 pg. 2/3"
Copy of TIF307 Komunikasi_Nirkabel.pdf,TIF307,Komunikasi Nirkabel,course_outline,"this section should show the targeted competencies, topics, sub topics, specific method of instruction/ delivery, material references, and assessment indicators for each session. session targeted competencies topic & sub topics forms of instruction & duration material references assessment indicators (sesi) (kemampuan akhir) (materi pembelajaran) (bentuk & waktu pembelajaran) (sumber pembelajaran) (indikator penilaian) transmission [1] chapter 2 1 fundamentals communication networks [1] chapter 3 2 protocols and tcp/ip [1] chapter 4 3 suite 4 antennas and propagation [1] chapter 5 5 signal encoding [1] chapter 6 techniques 6 spread spectrum [1] chapter 7 7 coding and error control [1] chapter 8 homework 1 (15%) mid semester examination 8 satellite communications [1] chapter 9 9 cellular wireless [1] chapter 10 networks 10 cordless systems and [1] chapter 11 wireless local loop 11 mobile ip and wireless [1] chapter 12 access protocol 12 wireless lan technology [1] chapter 13 13 wi fi and ieee 11 [1] chapter 14 wireless lan standard 14 bluetooth and ieee 15 [1] chapter 15 homework 2 (15%) final examination f ppkr1"
Copy of FTK151 Metodologi Penelitian dan Ilmiah.pdf,FTK151,Metodologi Penelitian dan Ilmiah,course_description,"the course will give the understanding of concept and theory of research methods. it will give an overview of the important concepts of research design, data collection, technique, methods, and interpretative analysis, and final report presentation."
Copy of FTK151 Metodologi Penelitian dan Ilmiah.pdf,FTK151,Metodologi Penelitian dan Ilmiah,methods_instruction,"/metode pembelajaran classroom instruction consists of lectures, case studies and practical problem solving, supplemented by visual aids designed to assist the student to successfully meet the courses learning objectives. it is imperative that students take an active interest in the course. to succeed in this course, students must read, think, and write in a critical and analytical manner and this takes time and practice. such practice can only be achieved by working exercises. when troubles arise, and they will, the student must ask questions which may be directed to the instructor or other students in a variety of ways. students are also encouraged to work together on problem sets as part of their exercises. however, individual must ultimately demonstrate the understanding of the material by writing up his/her own solutions without the help of other students or their written work. on average students need to spend, at least, 6 hours of study and preparation per week for this course."
Copy of FTK151 Metodologi Penelitian dan Ilmiah.pdf,FTK151,Metodologi Penelitian dan Ilmiah,course_outline,"this section should show the targeted competencies, topics, sub topics, specific method of instruction/ delivery, material references, and assessment indicators for each session. session targeted competencies topic & sub topics forms of instruction & material references assessment indicators duration (sesi) (kemampuan akhir) (materi pembelajaran) (sumber (indikator penilaian) (bentuk & waktu pembelajaran) pembelajaran) introduction (a) research course slides, (b) science 1 material in class activities (c) scientific research references (d) research definitions (e) research problems research problems and hypothesis (a) source of research problem course slides, (b) sub problems 2 material in class activities (c) hyphothesis references (d) definitions (e) assumptions research process and methodologies (a) steps in research process course slides, (b) common methodology 3 material in class activities (c) methodologies comparison references (d) research in computing science 4 thesis statement (a) definitions and purposes course slides, (b) developing techniques material in class activities (c) strength and weaknesses references (d) examples 5 writings course slides, (a) reasoning and process material in class activities (b) pre writing techniques references session targeted competencies topic & sub topics forms of instruction & material references assessment indicators duration (sesi) (kemampuan akhir) (materi pembelajaran) (sumber (indikator penilaian) (bentuk & waktu pembelajaran) pembelajaran) (c) bringing research into writing (d) proofreading 6 literature reviews (a) definition and purposes course slides, (b) process material in class activities (c) 5cs guidance for writing review references (d) structure 7 research proposal (a) purpose course slides, (b) benefits material in class activities (c) general structure references (d) common mistakes (e) referencing mid semester examination 8 research validation (a) observation course slides, (b) case study material in class activities (c) co relation references (d) differentiation (e) experimentation 9 research variables (a) independent vs dependent variables course slides, (b) controlling variables material in class activities (c) objectivity – statistical analysis references (d) descriptive statistics (e) inferential statistics 10 research design (a) quantitative methods course slides, (b) qualitative methods material in class activities (c) sampling references (d) data collection (e) validation session targeted competencies topic & sub topics forms of instruction & material references assessment indicators duration (sesi) (kemampuan akhir) (materi pembelajaran) (sumber (indikator penilaian) (bentuk & waktu pembelajaran) pembelajaran) 11 analysing and presenting data course slides, (a) preparing data material in class activities (b) selecting format references (c) describing data 12 analysing and presenting data course slides, (a) preparing data material in class activities (b) selecting format references (c) describing data 13 writing up and presenting research (a) objectives (b) planning course slides, (c) developing writing style material in class activities (d) presentation structure references (e) presentation techniques (f) plagiarism 14 project presentation course slides, (a) research proposal material in class activities (b) slide presentation references (c) posters final examination form rancangan tugas mahasiswa (rtm) f ehb 02 universitas bakrie no form f ehb 02 fakultas ftik tgl form 23 feb 2022 program studi information system revform  periode 20211 metodologi penelitian dan penulisan ilmiah / research"
Copy of FTK402 Magang.pdf,FTK402,Magang,course_description,"this course aims to provide opportunities for students to gain knowledge and practical experience as well as apply the knowledge and skills acquired during college so that they can better prepare themselves for work. after the internship, students are asked to make an internship report according to the internship guide."
Copy of TIF452 Rekayasa Ilmu.pdf,TIF452,Rekayasa Ilmu,course_description,"an introduction to knowledge engineering presents a simple but detailed exploration of current and established work in the field of knowledge based systems and related technologies. its treatment of the increasing variety of such systems is designed to provide the reader with a substantial grounding in such technologies as expert systems, neural networks, genetic algorithms, case based reasoning systems, data mining, intelligent agents and the associated techniques and methodologies. this syllabus addresses exclusively the possible synergies between the disciplines of knowledge engi neering and knowledge management. knowledge management teaches us to learn from others and to share with and nurture others and not to reinvent the wheel. unfortunately, the knowledge management community is in a paradoxical state in that we are not learning from other disciplines, most notably the knowledge engineering field. expert and knowledge based systems methodologies, techniques, and tools can greatly improve the current state of the art in knowledge management. this realization needs to be disseminated and permeated throughout the knowledge management commu nity, and, thus, this syllabus will hopefully serve that function. any knowledge manager, chief knowledge officer, director of intellectual capital, knowledge analyst, knowledge engineer, or knowledge manage ment/ intelligent systems user must learn from knowledge engineering and knowledge management. a student taking a knowledge management or even a knowledge engineering / ai / expert systems / decision support systems"
Copy of TIF452 Rekayasa Ilmu.pdf,TIF452,Rekayasa Ilmu,course_objectives,"upon completion of the course the student should be able to  students should be able to apply knowledge engineering. students should be able to demonstrate data, information and knowledge, skills of a knowledge engineer. students should be able to apply an introduction to knowledge based systems. students should be able to types of knowledge based systems. students should be able to apply expert systems, neural networks, case based reasoning, genetic algorithms, intelligent agents, and data mining. students should be able to apply knowledge acquisition, knowledge representation and reason ing. students should be able to apply life cycles and methodologies. f ppkr1 syllabus ftk452 / tif71 (rencana pembelajaran semester) students should be able to explain about uncertain reasoning, hybrid knowledge based systems."
Copy of TIF452 Rekayasa Ilmu.pdf,TIF452,Rekayasa Ilmu,methods_instruction,"classroom instruction consists of lectures and practical problem solving, supplemented by visual aids designed to assist the student to successfully meet the course’s learning objectives."
Copy of TIF452 Rekayasa Ilmu.pdf,TIF452,Rekayasa Ilmu,course_outline,"this section should show the targeted competencies, topics, sub topics, specific method of instruction/ delivery, material references, and assessment indicators for each session. session targeted competencies topics & sub topics methods references assignment (a) data, information and knowledge (b) skills of a knowledge engineer introduction, self assessment 1 an introduction to knowledge engineering [1] chapter 1 (c) an introduction to knowledge based lecture, discussion question systems (a) expert systems section (b) neural networks section lecture, (c) case based reasoning section self assessment 2 types of knowledge based systems discussion, [1] chapter 2 (d) genetic algorithms section question exercise (e) intelligent agents section (f) data mining (a) generate ideas (b) design a complex structure lecture, self assessment 3 knowledge acquisition (c) communicate complex ideas discussion, [1] chapter 3 question (d) assess understanding or diagnose mis exercise understanding (a) using knowledge section (b) logic, rules and representation lecture, self assessment (c) developing rule based systems 4 knowledge representation and reasoning discussion, [1] chapter 4 question (d) semantic networks section assignment (e) frames (a) expert system shells lecture, (b) expert system development environ self assessment 5 expert system shells, environments and languages discussion, [1] chapter 5 ments question exercise (c) use of ai languages (a) the need for methodologies (b) blackboard architectures lecture, (c) problem solving methods self assessment 6 life cycles and methodologies discussion, [1] chapter 6 (d) knowledge acquisition design system question assignment (kads) (e) the hybrid methodology (hym) (a) uncertainty and expert systems (b) confidence factors lecture, self assessment 7 uncertain reasoning [1] chapter 7 (c) probabilistic reasoning discussion, review question (d) fuzzy logic mid semester test f ppkr1 (rencana pembelajaran semester) page 4/4 syllabus ftk452 / tif71 (a) knowledge management lecture, knowledge management and knowledge (b) is knowledge management new? 8 discussion, [2] chapter 1 paper engineering working together (c) knowledge engineering exercise (a) knowledge mapping (b) types of knowledge maps lecture, 9 knowledge mapping and knowledge acquisition (c) how knowledge acquisition techniques discussion, [2] chapter 2 paper can help build a knowledge map and exercise capture expertise in the km system lecture, (a) knowledge taxonomy knowledge taxonomy vs. knowledge ontology and 10 discussion, [2] chapter 3 paper (b) knowledge ontologies representation assigment (a) knowledge management methodolo gies lecture, the knowledge management life cycle vs. the (b) the knowledge audit 11 discussion, [2] chapter 4 presentation knowledge engineering life cycle (c) objective of the knowledge audit ecercise (d) knowledge engineering life cycle (a) the hcfa it system impact advisor lecture, knowledge based systems and knowledge (hitsia) case study 12 discussion, [2] chapter 5 presentation management (b) the drug and alcohol abuse advisor assigment lecture, (a) multi agent cotr system (macs) 13 intelligent agents and knowledge disseminatio discussion, [2] chapter 6 presentation assignment (a) an intelligent agent assisted perfor mance support system for the criminal investigative analysis domain (b) intelligent user agent design and devel lecture, opment and case based reasoning 14 knowledge discovery and knowledge management [2] chapter 7 presentation discussion, review (c) knowledge management and case based reasoning (d) knowledge management and text min ing final semester test f ppkr1"
Copy of UNI101 Bahasa Indonesia.pdf,UNI101,Bahasa Indonesia,course_description,"mata kuliah ini berisi materi pengajaran bahasa indonesia secara teori dan praktik untuk penggunaan ragam tulis dan lisan. mata kuliah ini bertujuan agar mahasiswa memiliki potensi memadai dalam menggunakan bahasa indonesia yang baik dan benar secara tertulis dan lisan untuk diterapkan dalam keperluan bidang akademik, khususnya dalam program studi yang ditekuni dan diterapkan pula pada saat mahasiswa memasuki dunia kerja."
Copy of UNI101 Bahasa Indonesia.pdf,UNI101,Bahasa Indonesia,methods_instruction,"/metode pembelajaran diskusi kelompok, studi kasus, pembelajaran berbasis masalah."
Copy of UNI101 Bahasa Indonesia.pdf,UNI101,Bahasa Indonesia,course_outline,"this section should show the targeted competencies, topics, sub topics, specific method of instruction/ delivery, material references, and assessment indicators for each session. session targeted competencies topic & sub topics forms of instruction & duration material references assessment indicators (sesi) (kemampuan akhir) (materi pembelajaran) (bentuk & durasi pembelajaran) (sumber pembelajaran) (indikator penilaian) mahasiswa dapat pokok bahasan  diskusi dirjen dikti, 2013 pemahaman perkembangan bahasa tanya jawab menjelaskan fungsi, perkembangan sejarah, indonesia, ragam dan laras ceramah ragam, dan laras bahasa, dan ragam kebahasaan bahasa studi kasus serta menggunakannya 1 dengan tepat sesuai subpokok bahasan dengan situasi dan kedudukan, fungsi, dan kondisi. sejarah singkat bahasa indonesia ragam dan laras bahasa mahasiswa mengetahui pokok bahasan  diskusi dirjen dikti, 2013 perbaikan penggunaan ejaan bahasa indonesia tanya jawab tanda baca sesuai puebi pentingnya penggunaan ceramah puebi ejaan dan mampu subpokok bahasan  simulasi 2 memahami kaidah dan penulisan tanda baca ruang lingkup ejaan untuk diterapkan sesuai dengan bidang keilmuan. mahasiswa mengetahui pokok bahasan  diskusi dirjen dikti, 2013 perbaikan penulisan ejaan bahasa indonesia tanya jawab pentingnya penggunaan sesuai dengan kaidah ceramah puebi ejaan dan mampu puebi subpokok bahasan  simulasi memahami kaidah dan 3 penulisan huruf ruang lingkup ejaan untuk penulisan angka diterapkan sesuai dengan penulisan singkatan dan bidang keilmuan. akronim 4 mahasiswa mampu pokok bahasan  diskusi kamus besar bahasa penggunaan kata sesuai session targeted competencies topic & sub topics forms of instruction & duration material references assessment indicators (sesi) (kemampuan akhir) (materi pembelajaran) (bentuk & durasi pembelajaran) (sumber pembelajaran) (indikator penilaian) memilih kata dengan tepat diksi (pilihan kata) tanya jawab indonesia dengan topik, situasi, dan serta memakai istilah dan ceramah kondisi idiom dengan sesuai subpokok bahasan  simulasi dengan konteks kalimat pengertian diksi ketepatan pilihan kata (kata baku) istilah dan ungkapan (idiom) denotatif dan konotatif kata abstrak dan konkret 5 mahasiswa dapat pokok bahasan  diskusi dirjen dikti, 2013 perbaikan kesalahan pada memahami syarat kalimat kalimat efektif tanya jawab kalimat sesuai dengan efektif dan membuatnya ceramah kaidah kalimat efektif sesuai dengan kaidah subpokok bahasan  simulasi dalam penulisan karya kelengkapan ilmiah. kehematan kelogisan kesejajaran 6 mahasiswa dapat pokok bahasan  presentasi kelompok dirjen dikti, 2013 penemuan kesalahan menyunting kesalahan analisis kesalahan berbahasa diskusi kbbi penggunaan bahasa dan berbahasa, seperti (penyuntingan) simulasi puebi melakukan perbaikan kesalahan ejaan dan sesuai dengan kaidah kalimat dalam teks publik. kebahasaan yang benar 7 mahasiswa dapat pokok bahasan  presentasi kelompok dirjen dikti, 2013 penemuan kesalahan menyunting kesalahan analisis kesalahan berbahasa diskusi kbbi penggunaan bahasa dan berbahasa, seperti (penyuntingan) simulasi puebi melakukan perbaikan kesalahan ejaan dan sesuai dengan kaidah kalimat dalam teks publik. kebahasaan yang benar mid semester examination 8 mahasiswa mampu pokok bahasan  ceramah m. rinzat iriyansah, 2019 penulisan surat lamaran mengetahui aturan dalam korespondensi bahasa diskusi kerja dan memo session targeted competencies topic & sub topics forms of instruction & duration material references assessment indicators (sesi) (kemampuan akhir) (materi pembelajaran) (bentuk & durasi pembelajaran) (sumber pembelajaran) (indikator penilaian) penulisan surat dan indonesia praktik mampu mengaplikasikannya subpokok bahasan dalam dunia kerja. surat lamaran kerja surat niaga memo 9 mahasiswa mampu pokok bahasan  ceramah dirjen dikti, 2013 penulisan paragraph memahami pola paragraf diskusi m. rinzat iriyansah, 2019 sesuai dengan pola pengembangan paragraf, simulasi pengembangan paragra penarikan kesimpulan, subpokok bahasan argumentasi dan mengembangkan jenis paragraf topik paragraph secara proses penarikan deduktif dan induktif. kesimpulan pengembangan paragraf topik paragraf 10 mahasiswa mampu pokok bahasan  ceramah dirjen dikti, 2013 pembuatan kerangka mengetahui gaya karya tulis ilmiah diskusi m. rinzat iriyansah, 2019 proposal penelitian atau selingkung format karya simulasi artikel ilmiah ilmiah sesuai ketentuan subpokok bahasan akademik kampus. struktur karya ilmiah format penulisan karya ilmiah 11 mahasiswa mampu pokok bahasan  ceramah dirjen dikti, 2013 penulisan kutipan dan menyertakan kutipan penulisan kutipan diskusi m. rinzat iriyansah, 2019 sumber referensi pada dalam tulisan dan mampu simulasi proposal penelitian atau menyusun daftar pustaka subpokok bahasan  praktik artikel ilmiah dengan urut dan benar. jenis kutipan daftar pustaka 12 mahasiswa mampu pokok bahasan  ceramah dirjen dikti, 2013 penulisan kutipan dan menyertakan kutipan penulisan kutipan diskusi m. rinzat iriyansah, 2019 sumber referensi pada dalam tulisan dan mampu simulasi proposal penelitian atau session targeted competencies topic & sub topics forms of instruction & duration material references assessment indicators (sesi) (kemampuan akhir) (materi pembelajaran) (bentuk & durasi pembelajaran) (sumber pembelajaran) (indikator penilaian) menyusun daftar pustaka subpokok bahasan  praktik artikel ilmiah dengan urut dan benar. jenis kutipan daftar pustaka 13 mahasiswa dapat pokok bahasan  diskusi berbagai referensi penulisan artikel ilmiah membuat tulisan ilmiah penulisan karya tulis ilmiah praktik sesuai dengan kaidah (artikel) yang baik dan (artikel) kebahasaan benar 14 peninjauan ulang materi pokok bahasan  diskusi berbagai referensi perkuliahan menjelan rekapitulasi dan kisi kisi tanya jawab ujian akhir semester ujian akhir semester. final examination form rancangan tugas mahasiswa (rtm) f ehb 02 universitas bakrie no form f ehb 02 fakultas ftik tgl form 23 feb 2022 program studi information system revform  periode 22231"
Copy of TIF454 Mobil Computing.pdf,TIF454,Mobil Computing,course_description,"this course is intended to use in an introductory mobile programming. the emergence of mobile com puting provides the ability to access information at anytime and place. however, as mobile computing environments have inherent factors like power, storage, asymmetric communication cost, and bandwidth limitations, efficient mobile information access has become a challenging application of mobile technol ogy. generally, mobile devices are defined as electronic equipment which operate without cables for the purposes of communication, data processing and exchange."
Copy of TIF454 Mobil Computing.pdf,TIF454,Mobil Computing,course_objectives,"upon completion of the course the student should be able to  understand mobile data processing is made available due to the advances in wireless technologies, and location detection and positioning systems. understand communication between mobile users and servers is required in order to carry out any transactions and information retrieval. understand each mobile user communicates with a mobile base station (mbs) in order to carry out any activities such as transaction and information retrieval. understand how to send data to server and mobile application is able to display that data. there fore remote device can be monitored from distance / mobile. understand communication modbus rtu using rs485. understand send data using arduino mega 2560 to internet. visualize data from internet on smartphone and website on desktop."
Copy of TIF454 Mobil Computing.pdf,TIF454,Mobil Computing,methods_instruction,"classroom instruction consists of lectures and practical problem solving, supplemented by visual aids designed to assist the student to successfully meet the course’s learning objectives."
Copy of TIF454 Mobil Computing.pdf,TIF454,Mobil Computing,course_outline,"this section should show the targeted competencies, topics, sub topics, specific method of instruction/ delivery, material references, and assessment indicators for each session. session targeted competencies topics & sub topics methods references assignment (a) introduction to mobile computing introduction, (b) introduction to modbus rtu 1 introduction to mobile computing chapter 1, pp. 33 – lecture, discussion (c) design of selected iot system (a) introduction to arduino mega 2560 lecture, (b) explore the selected iot system 2 introduction to modules discussion, chapter 2, pp. 56 exercise 9 (c) explore the connection iot system exercise lecture, (a) introduction arduino environment chapter 1 4, 3 introduction to arduino mega 2560 discussion, exercise 8 (b) setting modbus rtu using arduino pp. 92 exercise lecture, (a) basic of arduino ide chapter 5 8, 4 building the arduino modbus network discussion, exercise 12 (b) sketch for modbus communication pp. 111 assignment lecture, (a) modbus rtu connection to max485 5 modbus rtu temperatur humidity 1 discussion, chapter 4, pp. 135 exercise 11 module exercise lecture, (a) read modbus temperatur and humid chapter 1 4, 6 modbus rtu temperatur humidity 2 discussion, exercise 5 ity over max485 module pp. 181 assignment (a) esp8266 wifi module connection of arduino mega 2560 to esp8266 wifi lecture, chapter 5 12, 7 (b) connection esp8266 module to ar exercise 7 module discussion, review pp. 187 duino mega 2560 mid semester test lecture, updating the firmware on the esp8266 wifi (a) updating firmware of esp8266 wifi chapter 1 8, 8 discussion, exercise 8 module module pp. 223 exercise f ppkr1 (rencana pembelajaran semester) page 4/4 syllabus tif454 / tif71 (a) introduction to blynk system lecture, chapter 9 14, 9 linking arduino with blynk smartphone app 1 (b) downloading and installing blynk li discussion, exercise 19 pp. 241 braries exercise (a) writing sketch to test wifi connection lecture, chapter 1 8, and link to blynk app 10 linking arduino with blynk smartphone app 2 discussion, exercise 5 pp. 273 (b) test to receive data from arduino assigment (a) passing array to methods (b) sorting arrays lecture, chapter 9 17, (c) searching arrays 11 modbus and blynk to create iot system 1 discussion, exercise 15 pp. 287 (d) rectangular arrays ecercise (e) reasizing an array (a) data hierarchy (b) files and stream lecture, 12 modbus and blynk to create iot system 2 (c) writing data sequentially to a text file discussion, chapter 8, pp. 321 exercise 5 (d) building menus with windows forms assigment designer (a) drawing classes and coordiante system (b) graphics context and graphics object lecture, (c) colors, fonts iot project; connecting to the thinkspeak iot chapter 15, pp. 13 discussion, exercise 5 (d) drawing lines, rectangle and ovals server 1 583 assignment (e) loading, displaying, and scaling im ages (a) control and components (b) event handlers (c) mpuse event handling iot project; connecting to the thinkspeak iot lecture, chapter 14, pp. 14 exercise 3 server 2 (d) keyboard event handling discussion, review 527 (e) multiple document interface windows (f) animation with timer component final semester test f ppkr1"
Copy of TIF402 Interaksi Manusia dan Komputer.pdf,TIF402,Interaksi Manusia dan Komputer,course_description,general description this course aims to equip students with the knowledge of human computer in teraction topics and the skills of designing user interface user experience and investigating hci specific issues.
Copy of TIF402 Interaksi Manusia dan Komputer.pdf,TIF402,Interaksi Manusia dan Komputer,course_objectives,"upon completion of this course, the students are expected to  have knowledge of basic concepts of designing user interface user experience. having knowledge of the basic concepts of investigating hci specific issues."
Copy of TIF402 Interaksi Manusia dan Komputer.pdf,TIF402,Interaksi Manusia dan Komputer,methods_instruction,"classroom instruction consists of lectures and practical problem solving, supplemented by visual aids designed to assist the student to successfully meet the courses learning objectives. it is imperative that students take an active interest in the course. to succeed in this course, students must read, think, and write in a critical and analytical manner and this takes time and practice. such practice can only be achieved by working exercises. when troubles arise, and they will, the student must ask questions which may be directed to the instructor or other students in a variety of ways. students are also encouraged to work individually as well together on problem sets as part of their exercises. however, individual must ultimately demonstrate the understanding of the substantial by writing up his/her own solutions. moreover, there will be a workshop/ class assignment and presentation both in written and oral manner in order to evaluate the students level of knowledge and skills on this course. mid test is conducted in order to evaluate the students level of knowledge and skills on this course. and, the final test is conducted by students as a group project. the teaching method used is student centered learning. by implementing this method, the students are engaged to solve the given problems or questions in a small group discussion. the student can also retrieve the lecture notes through on line course management system."
Copy of TIF402 Interaksi Manusia dan Komputer.pdf,TIF402,Interaksi Manusia dan Komputer,course_outline,"this section should show the targeted competencies, topics, sub topics, specific method of instruction/ delivery, material references, and assessment indicators for each session. session targeted competencies topics & sub topics methods references assignment introduction to human computer interaction (hci) and usability [1] chapter 1; [2] (a) introduction to hci; understanding and analytical thinking for session lecture and chapter 1 4; [3] 1 (b) usability measures; exercise pp 28 1 discussion chapter 1 and [4] (c) usability motivations; page 86 97 (d) universal usability and goals for pro fession. introduction to human computer interaction (hci) understanding and analytical thinking for session lecture and [1] chapter 2 and 2 exercise pp 50 (a) theories of hci 2 discussion [3] step 1 3 (b) guidelines related to design (c) principles related to design interface development process managing de sign process (a) organizational design to support us [1] chapter 3; [2] ability; understanding and analytical thinking for session lecture and chapter 5 7; [3] 3 exercise pp 50 (b) the four pillars of design; 3 discussion part 2; [4] page (c) development methodologies 70 79 (d) social impact statement for early de sign review and legal issues (e) interface development process interaction styles (a) direct manipulation and virtual en [1] chapter 5; [2] understanding and analytical thinking for session lecture and vironments and menu selection, form 4 chapter 1 4; [4] 4 discussion fill in, and dialog boxes . page 269 272 (b) task related menu organization and content organization interaction devices and command and natu ral languages (a) command organization; functional understanding and analytical thinking for session ity, strategies, and structure lecture and [1] chapter 7 and 8 5 exercise pp 87 5 discussion and [3] step (b) natural language in computing (c) interaction devices keyboards and keypads; pointing devices; speech and auditory interfaces and displays collaboration and social media participation [1] chapter 9 and understanding and analytical thinking for session lecture and (a) goals of collaboration and participa 6 [2] chapter 14 and exercise pp 118 6 discussion tion 19 (b) asynchronous distributed interfaces f ppkr1 (rencana pembelajaran semester) page 4/4 syllabus tif402 design issue [1] chapter 10 and understanding and analytical thinking for session (a) models of response time impacts lecture and 7 11; [2] chapter 21 7 discussion (b) balancing function and fashion and [3] step 12 (c) online versus paper documentation mid semester test user experience (ux) (a) introduction to ux; some definitions; understanding and analytical thinking for session lecture and exercise pp 294 (b) user center versus value centered de 8 [5] and [6] 8 discussion and 364 sign; (c) ux design output; (d) mental vs concept model. design thinking understanding and analytical thinking for session lecture and (a) introduction to design thinking pro 9 [7 and 8] exercise pp 261 9 discussion cess (b) design thinking methodology workshop 1 understanding and analytical thinking for session 10 workshop [7 and 8] exercise pp 433 (a) need findings 10 (b) ideas workshop 2 [1] chapter 11; [2] understanding and analytical thinking for session 11 workshop chapter 21 and [3] exercise pp 560 (a) storyboard 11 step 12 (b) mockup design. workshop 3 [1] chapter 11; [2] understanding and analytical thinking for session 12 workshop chapter 21 and [3] exercise pp 623 (a) storyboard 12 step 12 (b) mockup design. workshop 4 understanding and analytical thinking for session 13 workshop [5] and [6] (a) prototyping 13 (b) usability testing or uxem project presentation and discussion understanding and analytical thinking for session presentation and 14  (a) presentation 14 discussion (b) discussion final semester test f ppkr1"
Copy of TIF456 Computer Vision.pdf,TIF456,Computer Vision,course_description,"describe subject matter, approach, breadth, and applicability of the course. [penjelasan ini biasanya merujuk pada garis garis besar program pengajaran yang terkait dengan kurikulum] this course is designed to help students achieves the success that their desire. specifically, the course will help students enhances their job effectiveness, career development, and general well being. this class gives students an opportunity to  increase students self awareness (e.g., goals, styles, strengths, weaknesses, how student perceived by others)  develop a deeper understanding of and appreciation for the complexity of human relationship in organization  understand the importance of high quality relationship at work  learn skills that will help students develop effective and enjoyable work relationship the course start with introduction to computer vision. topics include edge detection, image segmentation, stereopsis, motion and optical flow, image mosaics, 3d shape reconstruction, and object recognition. students are required to implement several of the algorithms covered in the course and complete a final project."
Copy of TIF456 Computer Vision.pdf,TIF456,Computer Vision,course_objectives,"show list of course objectives. the list usually consists of five or six statements, general but comprehensive. the list may include specific skills or techniques students are expected to master after completing the course. by the end of this course, students should be able to demonstrate competency in self awareness. demonstrate competency in the fundamentals of interpersonal skill in organization relationship. demonstrate competency in developing trust. demonstrate competency in oral and interpersonal communication including one on one, small group communication, and public presentation. demonstrate understanding of the rudiments of intercultural relationship demonstrate understanding of negotiation. use business managing conflict. pk pea 01/r1 syllabus [computer vision] hal. 2/4 demonstrate understanding making decitions and solving problems creatively demonstrate understanding networking demonstrate understanding mantoring demonstrate understanding project management"
Copy of TIF456 Computer Vision.pdf,TIF456,Computer Vision,methods_instruction,"describe how the course will be conducted, e.g. lecture, lecture/ lab, group discussion, group presentation, reading requirements, interim quizzes, field trips, etc. the lecturer may use case studies, lectures, guest speakers, questions and exercises from the textbook, videos, online, recent technological changes in the communication process, current event, transparencies, power point presentation, and student experiences and responses"
Copy of TIF456 Computer Vision.pdf,TIF456,Computer Vision,course_outline,"this section should show topics, sub topics, specific method of instruction/ delivery and material references. session topic & sub topics methods of delivery material references topic what is computer vision? sub topics [computer vision introduction to the lectures, discussions, algorithms and 1 computer vision question and answer, applications, chapter 1] application of computer vision brief history [computer vision topic image formation lectures, discussions, algorithms and sub topics 2 question and answer, applications, chapter 2] geometric primitives and assignments transformations pk pea 01/r1 syllabus [computer vision] hal. 3/4 session topic & sub topics methods of delivery material references photometric image formation the digital camera topic image processing sub topics a. point operator [computer vision b. linear filtering lectures, discussions, image processing, 3 c. fourier transforms question and answer, chapter 3] d. pyramid and wavelets assignments e. geometric transformations f. global optimization topic feature detection and 4 [computer vision matching lectures, discussions, feature detection and sub topics question and answer, a. points and patches matching, chapter 4] assignments b. edge c. line topic segmentation 5 sub topics [computer vision lectures, discussions, a. active contours question and answer, segmentation, chapter 5] b. split and merge assignments c. mean shift and mode finding topic feature based alignment lectures, discussions, [computer vision 6 sub topics question and answer, feature based a. 2d and 3d feature based assignments alignment, chapter 6] alignment b. pose estimation c. geometric intrinsic calibration topic structure from motion lectures, discussions, [computer vision 7 specific sub topics question and answer, structure from motion, triangulation assignments chapter 7] two frame structure from motion factorization constrained structure and motion mid semester examination 8 topic dense motion estimation lectures, discussions, [computer vision specific sub topics question and answer, dense motion translational alignment assignments estimation, chapter 8] parametric motion spline based motion topic image stitching lectures, discussions, [computer vision 9 specific sub topics question and answer, image stitching, chapter motions model assignments 9] global alignment compositing lectures, discussions, [computer vision 10 topic computational photography specific sub topics question and answer, computational photometric calibration assignments photography, chapter 10] pk pea 01/r1 syllabus [computer vision] hal. 4/4 session topic & sub topics methods of delivery material references high dynamic range imaging super resolution & blur removal image matting & compositing texture analysis & synthesis 11 topic stereo correspondence lectures, discussions, [computer vision stereo specific sub topics question and answer, correspondence, chapter epipolar geometry assignments 11] sparse correspondence dense correspondence local method global optimization multiview stereo 12 topic 3d reconstruction lectures, discussions, [computer vision 3d specific sub topics question and answer, reconstruction, chapter shape from x assignments 12] active rangefinding surface representation point based representation model based reconstruction recovering texture maps & albedos [computer vision 13 topic image based rendering lectures, discussions, specific sub topics question and answer, image based view interpolation assignments rendering, chapter 13] layer depth image light fields lumigraph environments matte video based rendering [computer vision 14 topic recognition lectures, discussions, specific sub topics question and answer, recognition, chapter object detection assignments 14] face recognition instance recognition category recognition context & scene understanding final examination pk pea 01/r1"
Copy of TIF455 Advanced Broadband Networking.pdf,TIF455,Advanced Broadband Networking,course_description,"this lecture will discuss the concepts, structure and mechanisms of broadband networking. it also presents, as clearly and completely as possible, the nature and characteristics of advanced broad band networking. the topics will cover the overview of broadband networking, next generation triple play services, its backbone design, its access network, the right access protocol, evolu tion in last mile broadband access, quality of service deployment, dynamic user session control, broadband security, mobile networks, wireless broadband technology, mobile broadband and fundamentals of 5g mobile networks."
Copy of TIF455 Advanced Broadband Networking.pdf,TIF455,Advanced Broadband Networking,course_objectives,"upon completion of this course, the student should be able to  understand the concepts, structure, and mechanisms of broadband networking. present, as clearly as possible, the nature and characteristics of next generation triple play services and its quality of service. have knowledge on mobile networks. have knowledge on broadband security. have knowledge on wireless broadband technology. have knowledge on mobile broadband. have knowledge on fundamentals of 5g networks."
Copy of TIF455 Advanced Broadband Networking.pdf,TIF455,Advanced Broadband Networking,methods_instruction,"classroom instruction consists of lectures and practical problem solving, supplemented by visual aids designed to assist the student to successfully meet the courses learning objectives. it is imperative that students take an active interest in the course. to succeed in this course, students must read, think, and write in a critical and analytical manner and this takes time and practice. such practice can only be achieved by working exercises. when troubles arise, and they will, the student must ask questions which may be directed to the instructor or other students in a variety of ways. students are also encouraged to work together on problem sets as part of their exercises. however, individual must ultimately demonstrate the understanding of the material by writing up his/her own solutions without the help of other students or their written work. on average students need to spend, at least, 4 hours of study and preparation per week for this course."
Copy of TIF455 Advanced Broadband Networking.pdf,TIF455,Advanced Broadband Networking,course_outline,"session topics & sub topics methods references assignment overview of broadband networks (a) history of broadband networks (b) legacy access networks (c) copper (d) dsl evolves (e) the telecommunications act of 1996 (f) challenges to dsl access net (1) chapter 1, works lecture, pp. 1 33 & 1 – (g) dslam evolution discussion chapter 2, pp. (h) service evolution 35 66 (i) evolving dsl architecture (j) next generation triple play ser vices (k) network topology (l) video over ip (m) data services (n) voice services triple play backbone and access network (a) designing triple play backbone (b) mpls backbone networks (c) multicast protocols in the back bone (d) running mpls on the bng (1) chapter 3, (e) designing a high availability core lecture, pp. 67 116 & ieee papers 2 network discussion chapter 4, pp. reconstruction (f) desinging a triple play access 117 182 network (g) ethernet dslams (h) overview of an ethernet dslams (i) dslam aggregation (j) high availability broadband ac cess choosing right access protocol and evo lutions in last mile broadband access (a) ppp for broadband networks (1) chapter 5, (b) dhcp for broadband networks lecture, pp. 185 216 & ieee papers 3 (c) choosing between ppp and dhcp discussion chapter 6, pp. discussion (d) adsl access 219 239 (e) adsl and adsl2+ (f) vdsl and vdsl2 (g) shdsl tif455 syllabus – advanced broadband networking wholesale broadband network and de ploying quality of service (a) local loop unbundling (b) bit stream access (c) layer 3 wholesale (1) chapter 7, (d) l2tp wholesale lecture, pp. 245 286 & acm papers 4 (e) high availability l2tp access discussion chapter 8, pp. reconstruction (f) wholesale access models com 289 360 pared (g) why is qos needed ? (h) history of qos (i) building blocks of qos (j) triple play qos architectures managing ip addressing, dynamic user session control and broadband networks security (a) setting up the connection to bng (b) customer lan addressing (c) triple play with ipv6 (d) residential and sme dynamic ser vice provisioning (1) chapter 10, (e) service provisioning flow pp. 405 441 & (f) denial of service lecture, chapter 11, pp. acm papers 5 (g) security of voip and credentials discussion 443 468 discussion (h) wholesale voip security on broad (1) chapter 12, band networks pp. 469 492 (i) denial of service on authentica tion systems (j) solutions for enhancing security on authentication systems (k) securing video distribution sys tems (l) protecting the control plane in the routing infrastructure gsm, gprs and edge (a) circuit switched data transmis sion (b) the signaling system number 7 (c) the gsm subsystems (d) the network subsystems (e) the base station subsystem (bss) and voice processing (f) mobility management and call control (g) the mobile device and sim card (2) chapter 1, lecture, pp. 1 60 & ieee papers (h) packet switched data transmis 6 discussion chapter 2, pp. reconstruction sion over gprs 63 113 (i) the gprs air interface (j) gprs network elements (k) gprs mobility management and session management (l) session management from a user point of view (m) small screen web browsing over gprs and edge (n) the multimedia messaging service (mms) over gprs (o) web browsing via gprs tif455 syllabus – advanced broadband networking umts, hspa and lte (a) overview, history and future (b) important new concepts of umts (c) code division multiple access (cdma) (d) umts channel structure on the air interface (e) the umts terrestrial radio ac cess network (utran) (f) core network mobility manage ment (g) radio network mobility manage ment (h) umts security (i) high speed downlink packet ac cess (hsdpa) and hspa+ (j) high speed uplink packet access (hsupa) (k) radio and core network enhance (2) chapter 3, ments cpc and one tunnel lecture, pp. 115 204 & ieee papers 7 (l) hspa performance in practice discussion chapter 4, pp. discussion (m) umts and cdma2000 205 275 (n) introduction of lte (o) network architecture and inter faces (p) fdd air interface and radio net work (q) td lte air interface (r) scheduling (s) basic procedures (t) mobility management and power optimization (u) lte security architecture (v) interconnection with umts and gsm (w) interworking with cdma2000 networks (x) network planning aspects (y) voice and sms over lte (z) backhaul consideration () lte advanced(3gpp rel.10) mid semester test ieee 16 and wimax (a) overview, standards, evolution and profiles (b) wimax phys for point to multipoint fdd or tdd opera tion (c) physical layer framing lecture, (2) chapter 5, acm papers 8 (d) ensuring quality of services discussion pp. 277 320 reconstruction (e) mac management functions (f) mac management of user data (g) security in ieee 16 (h) advanced 16 functionalities (i) mobile wimax 16e (j) wimax network infrastructure wlan and bluetooth (a) wlan overview, transmission speed and standards (b) wlan configurations from ad hoc to wireless bridging (c) management operations (d) the mac layer (e) the physical layer and mac ex tensions (2) chapter 6, (f) wireless lan security lecture, pp. 321 363 & acm papers 9 (g) ieee 11a and wmm quality discussion chapter 7, pp. discussion of service 365 406 (h) comparison of wireless lan and umts (i) bluetooth overview, applications and physical properties (j) bluetooth protocol stack (k) bluetooth security (l) bluetooth profiles (m) comparison between bluetooth and wireless lan tif455 syllabus – advanced broadband networking 5g drivers and 5g internet (a) drivers for 5g the ’pervasive connected world’ (b) historical trends, evolution of lte to beyond 4g, 5g roadmap (c) 10 pillars of 5g (d) 5g in europe (e) 5g in north america (3) chapter 1, lecture, pp. 1 25 & ieee papers (f) 5g in asia 10 discussion chapter 2, pp. reconstruction (g) 5g architecture 29 58 (h) internet of things and context awareness (i) networking reconfiguration and virtualisation support (j) mobility (k) quality of service control (l) emerging approach for resource over provisioning small cells for 5g mobile networks and cooperation for next generation wireless networks (a) what are small cells? (b) capacity limits and achievable gains with densification (c) mobile data demand (3) chapter 3, (d) demand vs capacity lecture, pp. 63 99 & ieee papers 11 (e) small cell challenges discussion chapter 4, pp. discussion (f) introduction of next generation 105 122 wireless networks (g) cooperative diversity and relay ing strategies (h) phy layer impact on mac proto col analysis (i) case study nccraq (j) performance evaluation mobile clouds and cognitive radio for 5g wireless networks (a) introduction of mobile clouds (b) the mobile cloud (c) mobile cloud enablers (d) network coding (e) introduction of cognitive radio for (3) chapter 5, 5g wireless networks lecture, pp. 125 145 & acm papers (f) spectrum optimisation using cog 12 discussion chapter 6, pp. reconstruction nitive radio 149 162 (g) relevant spectrum optimisation literature in 5g (h) cognitive radio and carrier ag gregation (i) energy efficient cognitive radio technology (j) key requirements and challenges for 5g cognitive terminals the wireless spectrum crunch and to wards a unified 5g broadcast broadband architecture (a) introduction of wireless spectrum crunch (b) background (c) tv white space technology (3) chapter 7, (d) white space spectrum opportuni lecture, pp. 165 187 & acm papers 13 ties and challenges discussion chapter 8, pp. discussion (e) tv white space applications 191 206 (f) international efforts (g) role of white space in 5g (h) challenges to be addressed (i) candidate network architectures for a bc bb (j) the bc bb study what needs to be done tif455 syllabus – advanced broadband networking security for 5g communication, son evolution for 5g, green flexible rf for 5g, future outlook of 5g (a) introduction of security for 5g (b) overview of potential 5g commu nications system architecture (c) security issues and challenges in (3) chapter 9, 5g communications systems pp. 207 219 & (d) son in umts and lte chapter 10, pp. (e) the need for son in 5g lecture, 221 240 14 quiz in class discussion chapter 11, pp. (f) evolution towards small cell 241 270 & dominant hetnets chapter 12, pp. (g) radio system design 273 282 (h) non linear crosstalk in mimo systems (i) design drivers for next generation networks (j) 5g a green internetworking ex perience (k) a vision for 5g mobile final semester test prepared by certified by name berkah i. santoso, st, mti name prof. hoga saragih position lecturer position head of department date august 29, 2018 date"
Copy of FTK403 Etika Profesi dan Hak Kekayaan Intelektual.pdf,FTK403,Etika Profesi dan Hak Kekayaan Intelektual,course_description,"deskripsi matakuliah ethics and information technology concerns the ethical dilemmas that exist where human beings, information objects, and social computing technologies interact. the course explores an emerging model of information ethics from historical and cross cultural perspectives and then applies this model to a variety of new and emerging technologies that are inherently social in their construction and use. examples of issues that the course covers in discrete modules that cover such topics as social media interaction; remembering and forgetting; and game design ethics. students explore the technological underpinnings of associated technology systems, experiment with individual and group interaction with technologies, and examine the mechanics of ethical and unethical behaviors."
Copy of FTK403 Etika Profesi dan Hak Kekayaan Intelektual.pdf,FTK403,Etika Profesi dan Hak Kekayaan Intelektual,course_objectives,sasaran kompetensi lulusan yang dibebankan pada matakuliah construct written arguments in a variety of formats on the evolving nature of ethical norms relating to new technologies. demonstrate knowledge of current models of information and computer ethics. apply ethical theories to interpret personal and group behavior when using a variety of information technology tools. evaluate the nature of ethical choices made by self and others when serving various roles that expose social and multicultural differences.
Copy of FTK403 Etika Profesi dan Hak Kekayaan Intelektual.pdf,FTK403,Etika Profesi dan Hak Kekayaan Intelektual,methods_instruction,"metode pembelajaran foster intense participation in course learning activities via in class discussions, posts submitted to an online discussion boards, and collaborative written assignments to encourage multimodal contributions by students. f ppkr1 syllabus (rencana pembelajaran semester) ftk403 pg. 2/3"
Copy of FTK403 Etika Profesi dan Hak Kekayaan Intelektual.pdf,FTK403,Etika Profesi dan Hak Kekayaan Intelektual,course_outline,"this section should show the targeted competencies, topics, sub topics, specific method of instruction/ delivery, material references, and assessment indicators for each session. session targeted competencies topic & sub topics forms of instruction & material references assessment indicators duration (sesi) (kemampuan akhir) (materi pembelajaran) (sumber (indikator penilaian) (bentuk & waktu pembelajaran) pembelajaran) 1 understanding for session an overview of ethics lecture, 5 hours [1] chapter 1 2 understanding for session ethics for it workers and it users lecture, 5 hours [1] chapter 2 3 understanding for session computer and internet crime lecture, 5 hours [1] chapter 3 4 understanding for session privacy lecture, 5 hours [1] chapter 4 5 understanding for session freedom of expression lecture, 5 hours [1] chapter 5 6 understanding for session intellectual property lecture, 5 hours [1] chapter 6 7 understanding for session software development lecture, 5 hours [1] chapter 7 homework 1 (5%) mid semester examination 8 understanding for session the impact of information technology lecture, 5 hours [1] chapter 8 on productivity and quality of life 9 understanding for session social networking lecture, 5 hours [1] chapter 9 10 understanding for session ethics of it organizations lecture, 5 hours [1] chapter 10 individual report (10%) 11 communication skill student presentation presentation (10%) 12 communication skill student presentation 13 communication skill student presentation 14 review homework 2 (5%) final examination f ppkr1"
