course_code,course_name,course_text,rps_skill_category,matched_cpl_count,matched_cpl_codes,matched_cpl_texts,matched_cpl_similarities_raw,top_k_average_similarity,best_similarity,alignment_status
FTK101,Algoritma & Pemrograman,"Deskripsi Mata Kuliah Mata kuliah ini bertujuan untuk memberikan pengetahuan dan keterampilan kepada mahasiswa tentang bagaimana merancang logika pemrograman komputer dalam konvensi struktural dengan menggunakan algoritma dan implementasi praktisnya dalam bentuk diagram alur tujuan kursus setelah menyelesaikan kursus, siswa harus dapat kursus ini menggunakan pendekatan independen bahasa untuk mengajarkan konsep pemrograman dan keterampilan pemecahan masalah, tanpa mengasumsikan pengalaman pemrograman sebelumnya. menerapkan diagram alur untuk menunjukkan kompetensi keterampilan pemecahan masalah. memahami topik dasar seperti tipe data, variabel, input, output, struktur kontrol, modul, fungsi, array, dan file yang dibahas serta konsep berorientasi objek, pengembangan gui, dan pemrograman berbasis peristiwa. metode pengajaran pengajaran di kelas terdiri dari ceramah dan pemecahan masalah praktis, dilengkapi dengan alat bantu visual yang dirancang untuk membantu siswa agar berhasil mencapai tujuan pembelajaran kursus.",Hard,5,CPL-TIF-05 | CPL-TIF-03 | CPL-TIF-07 | CPL-TIF-06 | CPL-TIF-09,mempunyai kemampuan komunikasi dalam mendefinisikan kebutuhan organisasi akan teknik informatika secara detail dan menyeluruh f | memiliki pengetahuan yang memadai terkait dengan cara membangun teknik informatika berdasarkan metodologi yang teruji dan diterapkan secara internasional d | memiliki keahlian bidang bisnis dan teknologi baik secara konseptual maupun praktikal dan mampu melanjutkan studi di bidang teknik informatika dan teknologi informasi 2 | mampu membuat desain secara holistik sebuah model dan arsitektur teknik informatika yang mendukung organisasi dan bisnisnya dengan menggunakan standar internasional g | mampu berkontribusi dalam meningkatkan pemberdayaan masyarakat berbasis pengetahuan di bidang teknik informatika melalui penerapan keilmuan pemenuhan prinsipprinsip etika dan pengembagan ilmu pengetahuan dan teknologi informasi penelitian untuk menjawab kebutuhan masyarakat dalam mengatasi permasalahannya 3,0.4226 | 0.4076 | 0.398 | 0.3968 | 0.3811,0.4012,0.4226,Not Aligned
FTK103,Pemrograman Visual,"deskripsi kursus kursus ini dimaksudkan untuk digunakan dalam kursus pengantar pemrograman. ini dirancang agar siswa dapat memahami bahasa pemrograman visual basic 2010. topik utama termasuk pemecahan masalah dan pernyataan kontrol, array, file, gui formulir windows, dan grafik. tujuan kursus setelah menyelesaikan kursus siswa harus dapat memahami konsep dasar lingkungan pengembangan terintegrasi visual studio (ide) yang membantu siswa dalam menulis, menjalankan dan men-debug program visual basic. membuat dan mendemonstrasikan bagaimana program dapat menampilkan informasi di layar dan memperoleh informasi dari pengguna di keyboard untuk diproses. memahami antarmuka pengguna grafis (gui) untuk memungkinkan pengguna berinteraksi secara visual dengan program. memahami array variabel berdimensi tunggal dan multidimensi. dimulai dengan membuat dan mengakses array, lalu melakukan manipulasi array yang lebih kompleks, termasuk menjumlahkan elemen array, menggunakan array untuk meringkas hasil survei, mencari array untuk nilai tertentu, dan mengurutkan array sehingga elemen-elemennya berada dalam urutan menaik. menjadi akrab dengan pemrosesan file akses berurutan, menulis dan membaca dari file. untuk menggunakan pemrosesan file untuk mengimplementasikan aplikasi bisnis dan menggunakan kelas streamwriter dan streamreader untuk menulis teks dan membaca teks dari file. metode pengajaran pengajaran di kelas terdiri dari ceramah dan pemecahan masalah praktis, dilengkapi dengan alat bantu visual yang dirancang untuk membantu siswa agar berhasil mencapai tujuan pembelajaran kursus.",Hard,5,CPL-TIF-04 | CPL-TIF-07 | CPL-TIF-05 | CPL-TIF-06 | CPL-TIF-09,mampu meningkatkan pengetahuan dan kemampuan terkait pemanfaatan database dalam mendukung perkembangan teknologi informasi e | memiliki keahlian bidang bisnis dan teknologi baik secara konseptual maupun praktikal dan mampu melanjutkan studi di bidang teknik informatika dan teknologi informasi 2 | mempunyai kemampuan komunikasi dalam mendefinisikan kebutuhan organisasi akan teknik informatika secara detail dan menyeluruh f | mampu membuat desain secara holistik sebuah model dan arsitektur teknik informatika yang mendukung organisasi dan bisnisnya dengan menggunakan standar internasional g | mampu berkontribusi dalam meningkatkan pemberdayaan masyarakat berbasis pengetahuan di bidang teknik informatika melalui penerapan keilmuan pemenuhan prinsipprinsip etika dan pengembagan ilmu pengetahuan dan teknologi informasi penelitian untuk menjawab kebutuhan masyarakat dalam mengatasi permasalahannya 3,0.369 | 0.3685 | 0.3562 | 0.3395 | 0.3332,0.3533,0.369,Not Aligned
FTK111,Kalkulus 1,"course description mata kuliah ini dimaksudkan untuk memberi kemampuan pada mahasiswa tentang konsep – konsep matematika mengenai limit fungsi, kekontinuan turunan, fungsi transenden , integral tentu dan tak tentu, definisi, sifat sifat dan teorema terkait beserta aplikasinya serta mampu menerapkannya dalam penyelesaian soal. materi perkuliahan meliputi limit fungsi dan kekontinuan; definisi, sifat sifat dan rumus – rumus turunan beserta aplikasinya; definisi dan sifat – sifat fungsi transenden beserta aplikasinya; definisi, sifat sifat, rumus – rumus integral tak tentu dan integral tentu. methods instruction /metode pembelajaran instruksi kelas online terdiri dari ceramah dan pemecahan masalah praktis, dilengkapi dengan alat bantu visual yang dirancang untuk membantu siswa untuk berhasil memenuhi tujuan program pembelajaran.",Hard,5,CPL-TIF-05 | CPL-TIF-07 | CPL-TIF-03 | CPL-TIF-09 | CPL-TIF-10,mempunyai kemampuan komunikasi dalam mendefinisikan kebutuhan organisasi akan teknik informatika secara detail dan menyeluruh f | memiliki keahlian bidang bisnis dan teknologi baik secara konseptual maupun praktikal dan mampu melanjutkan studi di bidang teknik informatika dan teknologi informasi 2 | memiliki pengetahuan yang memadai terkait dengan cara membangun teknik informatika berdasarkan metodologi yang teruji dan diterapkan secara internasional d | mampu berkontribusi dalam meningkatkan pemberdayaan masyarakat berbasis pengetahuan di bidang teknik informatika melalui penerapan keilmuan pemenuhan prinsipprinsip etika dan pengembagan ilmu pengetahuan dan teknologi informasi penelitian untuk menjawab kebutuhan masyarakat dalam mengatasi permasalahannya 3 | mampu meningkatkan kemampuan komunikasi efektif secara lisan dan tertulis dalam memberikan kontribusi manfaat yang positif bagi organisasi dengan memahami ketentuan hukum yang berlaku serta tatanannorma dalam masyarakat b,0.3586 | 0.3181 | 0.2958 | 0.2829 | 0.2475,0.3006,0.3586,Not Aligned
FTK121,Aljabar Linear,"Deskripsi Mata Kuliah Mata kuliah ini memberikan pemahaman penerapan matematika pada aljabar linier dan matriks. topiknya adalah topik luas yang mencakup banyak subjek berbeda. mata kuliah aljabar dan matriks linier yang ditawarkan yaitu matriks dan sistem persamaan, matriks determinan, ruang vektor, transformasi linier atau thogonalitas, nilai eigen, dan aljabar linier numerik. Mata kuliah ini memberikan dasar atau dasar bagi mahasiswa dalam teori dan praktek tentang aljabar liner dan matriks untuk sistem informasi. tujuan kursus setelah menyelesaikan kursus ini, siswa harus mampu (cid 136) mendemonstrasikan pemahaman tentang matriks dan sistem persamaan linier; (cid 136) menunjukkan pemahaman tentang matriks determinan; (cid 136) mendemonstrasikan pemahaman tentang ruang vektor; (cid 136) mendemonstrasikan pemahaman tentang transformasi linier; (cid 136) menunjukkan pemahaman tentang ortogonalitas dan nilai eigen. metode pengajaran pengajaran kelas virtual terdiri dari ceramah dan pemecahan masalah praktis, dilengkapi dengan alat bantu visual yang dirancang untuk membantu siswa mencapai tujuan pembelajaran kursus dan diskusi interaktif di kelas virtual melalui portal akademik gerbang informasi bakrie v sangat penting bagi siswa untuk mengambil minat aktif dalam kursus. untuk berhasil dalam mata kuliah ini, siswa harus membaca, berpikir, dan menulis secara kritis dan analitis dan ini membutuhkan waktu dan latihan. latihan seperti itu hanya dapat dicapai dengan latihan kerja. ketika masalah muncul, dan masalah itu akan terjadi, siswa harus mengajukan pertanyaan yang mungkin ditujukan kepada instruktur atau siswa lain dalam berbagai cara. siswa juga didorong untuk bekerja sama dalam kumpulan masalah sebagai bagian dari latihan mereka. namun, individu pada akhirnya harus menunjukkan pemahaman materi dengan menuliskan solusinya sendiri tanpa bantuan siswa lain atau karya tertulis mereka. rata-rata siswa perlu menghabiskan setidaknya 6 jam belajar dan persiapan per minggu untuk kursus ini. f silabus ppkr1 ftk121 (rencana pembelajaran semester)",Hard,5,CPL-TIF-05 | CPL-TIF-09 | CPL-TIF-07 | CPL-TIF-03 | CPL-TIF-06,mempunyai kemampuan komunikasi dalam mendefinisikan kebutuhan organisasi akan teknik informatika secara detail dan menyeluruh f | mampu berkontribusi dalam meningkatkan pemberdayaan masyarakat berbasis pengetahuan di bidang teknik informatika melalui penerapan keilmuan pemenuhan prinsipprinsip etika dan pengembagan ilmu pengetahuan dan teknologi informasi penelitian untuk menjawab kebutuhan masyarakat dalam mengatasi permasalahannya 3 | memiliki keahlian bidang bisnis dan teknologi baik secara konseptual maupun praktikal dan mampu melanjutkan studi di bidang teknik informatika dan teknologi informasi 2 | memiliki pengetahuan yang memadai terkait dengan cara membangun teknik informatika berdasarkan metodologi yang teruji dan diterapkan secara internasional d | mampu membuat desain secara holistik sebuah model dan arsitektur teknik informatika yang mendukung organisasi dan bisnisnya dengan menggunakan standar internasional g,0.3142 | 0.2958 | 0.2707 | 0.2504 | 0.2346,0.2732,0.3142,Not Aligned
FTK151,Metodologi Penelitian dan Ilmiah,"Deskripsi Mata Kuliah Mata kuliah ini akan memberikan pemahaman tentang konsep dan teori metode penelitian. akan memberikan gambaran tentang konsep-konsep penting desain penelitian, pengumpulan data, teknik, metode, dan analisis interpretatif, serta penyajian laporan akhir. metode pengajaran /metode pembelajaran pengajaran di kelas terdiri dari ceramah, studi kasus dan pemecahan masalah praktis, dilengkapi dengan alat bantu visual yang dirancang untuk membantu siswa agar berhasil mencapai tujuan pembelajaran mata kuliah. sangat penting bahwa siswa mengambil minat aktif dalam kursus. untuk berhasil dalam mata kuliah ini, siswa harus membaca, berpikir, dan menulis secara kritis dan analitis dan ini membutuhkan waktu dan latihan. latihan seperti itu hanya dapat dicapai dengan latihan kerja. ketika masalah muncul, dan masalah itu akan terjadi, siswa harus mengajukan pertanyaan yang mungkin ditujukan kepada instruktur atau siswa lain dalam berbagai cara. siswa juga didorong untuk bekerja sama dalam kumpulan masalah sebagai bagian dari latihan mereka. namun, individu pada akhirnya harus menunjukkan pemahaman materi dengan menuliskan solusinya sendiri tanpa bantuan siswa lain atau karya tertulis mereka. rata-rata siswa perlu menghabiskan setidaknya 6 jam belajar dan persiapan per minggu untuk kursus ini.",Hard,5,CPL-TIF-09 | CPL-TIF-03 | CPL-TIF-07 | CPL-TIF-11 | CPL-TIF-05,mampu berkontribusi dalam meningkatkan pemberdayaan masyarakat berbasis pengetahuan di bidang teknik informatika melalui penerapan keilmuan pemenuhan prinsipprinsip etika dan pengembagan ilmu pengetahuan dan teknologi informasi penelitian untuk menjawab kebutuhan masyarakat dalam mengatasi permasalahannya 3 | memiliki pengetahuan yang memadai terkait dengan cara membangun teknik informatika berdasarkan metodologi yang teruji dan diterapkan secara internasional d | memiliki keahlian bidang bisnis dan teknologi baik secara konseptual maupun praktikal dan mampu melanjutkan studi di bidang teknik informatika dan teknologi informasi 2 | mampu memberikan wawasan keilmuan dan keunggulan dalam bidang teknik informatika untuk berkarya melalui pengalaman kerja serta meningkatkan sikap dan mental kewirausahaan secara profesional | mempunyai kemampuan komunikasi dalam mendefinisikan kebutuhan organisasi akan teknik informatika secara detail dan menyeluruh f,0.4979 | 0.4754 | 0.4462 | 0.4163 | 0.4132,0.4498,0.4979,Not Aligned
FTK161,Statistika,"course description deskripsi matakuliah describe subject matter, approach, breadth, and applicability of the course. [penjelasan ini biasanya merujuk pada garis garis besar program pengajaran yang terkait dengan kurikulum] tujuan mata kuliah sasaran kompetensi gaji yang dibebankan pada mata kuliah ini setelah menyelesaikan mata kuliah ini mahasiswa harus mampu  mengumpulkan, mengorganisasikan, menyajikan, menganalisis dan menginterpretasikan data dengan menggunakan ukuran numerik dan penyajian grafis  mahasiswa diharapkan mampu memahami probabilitas  mahasiswa diharapkan mampu memahami variabel acak diskrit  mahasiswa diharapkan mampu memahami variabel acak diskrit (lanjutan) dan variabel acak kontinu metode pengajaran metode pembelajaran kooperatif, pembelajaran berbasis masalah, model pembelajaran kontekstual, metode pengajaran kuantum, tutorial, diskusi, ceramah, studi kasus. siswa diharapkan sudah membaca materi sebelum kelas.",Hard,5,CPL-TIF-05 | CPL-TIF-07 | CPL-TIF-11 | CPL-TIF-03 | CPL-TIF-04,mempunyai kemampuan komunikasi dalam mendefinisikan kebutuhan organisasi akan teknik informatika secara detail dan menyeluruh f | memiliki keahlian bidang bisnis dan teknologi baik secara konseptual maupun praktikal dan mampu melanjutkan studi di bidang teknik informatika dan teknologi informasi 2 | mampu memberikan wawasan keilmuan dan keunggulan dalam bidang teknik informatika untuk berkarya melalui pengalaman kerja serta meningkatkan sikap dan mental kewirausahaan secara profesional | memiliki pengetahuan yang memadai terkait dengan cara membangun teknik informatika berdasarkan metodologi yang teruji dan diterapkan secara internasional d | mampu meningkatkan pengetahuan dan kemampuan terkait pemanfaatan database dalam mendukung perkembangan teknologi informasi e,0.3875 | 0.2863 | 0.2663 | 0.2546 | 0.2489,0.2887,0.3875,Not Aligned
FTK203,Sistem Basis Data,"Error 500 (Server Error)!!1500.That’s an error.There was an error. Please try again later.That’s all we know. tujuan mata kuliah Setelah menyelesaikan mata kuliah ini, mahasiswa diharapkan dapat menjelaskan konsep dasar sistem basis data; menjelaskan konsep dasar sistem arsitektur basis data dan aplikasinya; menjelaskan konsep utama pengendalian transaksi dan konkurensi dalam sistem basis data untuk merancang sistem basis data konseptual, logis dan fisik berdasarkan kasus tertentu dengan menggunakan dua pendekatan yang berbeda; menerapkan konsep model relasional pada struktur bahasa query (sql); menerapkan konsep model relasional pada bahasa query struktur lanjutan (sql); membuat sistem basis data relasional dengan menggunakan sistem manajemen basis data relasional (rdbms); metode pengajaran pengajaran di kelas terdiri dari ceramah dan pemecahan masalah praktis, dilengkapi dengan alat bantu visual yang dirancang untuk membantu siswa agar berhasil memenuhi tujuan pembelajaran kursus. sangat penting bahwa siswa mengambil minat aktif dalam kursus. untuk berhasil dalam mata kuliah ini, siswa harus membaca, berpikir, dan menulis secara kritis dan analitis dan ini membutuhkan waktu dan latihan. latihan seperti itu hanya dapat dicapai dengan latihan kerja. ketika masalah muncul, dan masalah itu akan terjadi, siswa harus mengajukan pertanyaan yang mungkin ditujukan kepada instruktur atau siswa lain dalam berbagai cara. siswa juga didorong untuk bekerja secara individu maupun bersama-sama dalam memecahkan masalah sebagai bagian dari latihan mereka. namun, individu pada akhirnya harus menunjukkan pemahaman tentang substansi dengan menuliskan solusinya sendiri. Selain itu, akan ada lokakarya/penugasan kelas dan presentasi baik secara tertulis maupun lisan untuk mengevaluasi tingkat pengetahuan dan keterampilan mahasiswa pada mata kuliah ini. Tes tengah dilakukan untuk mengevaluasi tingkat pengetahuan dan keterampilan siswa pada mata kuliah ini. dan, tes akhir dilakukan oleh siswa sebagai proyek kelompok. metode pengajaran yang digunakan adalah pembelajaran yang berpusat pada siswa. dengan menerapkan metode ini, siswa dilibatkan untuk memecahkan masalah atau pertanyaan yang diberikan dalam diskusi kelompok kecil. mahasiswa juga dapat mengambil catatan kuliah melalui sistem manajemen kursus online. f silabus ppkr1 ftk203 (rencana pembelajaran semester)",Hard,5,CPL-TIF-04 | CPL-TIF-05 | CPL-TIF-02 | CPL-TIF-09 | CPL-TIF-07,mampu meningkatkan pengetahuan dan kemampuan terkait pemanfaatan database dalam mendukung perkembangan teknologi informasi e | mempunyai kemampuan komunikasi dalam mendefinisikan kebutuhan organisasi akan teknik informatika secara detail dan menyeluruh f | mampu bersaing di pasar global dengan pengetahuan dan kemampuan yang memadai terkait penerapan teknik informatikateknologi informasi dalam organisasi c | mampu berkontribusi dalam meningkatkan pemberdayaan masyarakat berbasis pengetahuan di bidang teknik informatika melalui penerapan keilmuan pemenuhan prinsipprinsip etika dan pengembagan ilmu pengetahuan dan teknologi informasi penelitian untuk menjawab kebutuhan masyarakat dalam mengatasi permasalahannya 3 | memiliki keahlian bidang bisnis dan teknologi baik secara konseptual maupun praktikal dan mampu melanjutkan studi di bidang teknik informatika dan teknologi informasi 2,0.4989 | 0.4086 | 0.4021 | 0.3888 | 0.3825,0.4162,0.4989,Not Aligned
FTK205,LAN and Wireless,"Deskripsi Mata Kuliah Mata kuliah ini memperkenalkan arsitektur, struktur, fungsi, komponen, dan model internet dan jaringan komputer lainnya. siswa mencapai pemahaman dasar tentang bagaimana jaringan beroperasi dan bagaimana membangun jaringan area lokal (lan) sederhana, melakukan konfigurasi dasar untuk router dan switch, dan mengimplementasikan protokol internet (ip). Selain itu, aktivitas packet tracer (pt) memperkuat konsep baru, dan memungkinkan siswa untuk memodelkan dan menganalisis proses routing yang mungkin sulit untuk divisualisasikan atau dipahami. tujuan kursus kurikulum ini membekali siswa dengan keterampilan yang dibutuhkan untuk berhasil dalam program gelar terkait jaringan dan membantu mereka mempersiapkan sertifikasi ccna. ini juga membantu siswa mengembangkan keterampilan yang diperlukan untuk memenuhi tanggung jawab pekerjaan teknisi jaringan, administrator jaringan, dan insinyur jaringan. ini memberikan pengenalan langsung tentang jaringan dan internet yang kaya secara teoritis. tujuan kursus ini adalah untuk memperkenalkan konsep dan teknologi jaringan dasar kepada siswa. kursus ini akan membantu siswa dalam mengembangkan keterampilan yang diperlukan untuk merencanakan dan mengimplementasikan jaringan kecil di berbagai aplikasi. pada akhir kursus, siswa akan mampu membangun jaringan area lokal (LAN) sederhana, melakukan konfigurasi dasar untuk router dan switch, dan mengimplementasikan skema pengalamatan ip. setelah menyelesaikan kursus ini, siswa harus dapat (cid 136) mengkonfigurasi sakelar dan perangkat akhir untuk menyediakan akses ke sumber daya jaringan lokal dan jarak jauh. (cid 136) menjelaskan bagaimana protokol lapisan fisik dan data link mendukung pengoperasian ethernet dalam jaringan switch. (cid 136) mengkonfigurasi router untuk mengaktifkan konektivitas ujung ke ujung antar perangkat jarak jauh. (cid 136) membuat skema pengalamatan ipv4 dan ipv6 dan memverifikasi konektivitas jaringan antar perangkat. (cid 136) menjelaskan bagaimana lapisan atas model osi mendukung aplikasi jaringan. (cid 136) mengkonfigurasi jaringan kecil dengan praktik keamanan terbaik. (cid 136) memecahkan masalah konektivitas di jaringan kecil. metode pengajaran pengajaran di kelas terdiri dari ceramah dan pemecahan masalah praktis, dilengkapi dengan alat bantu visual yang dirancang untuk membantu siswa agar berhasil mencapai tujuan pembelajaran kursus. f silabus ppkr1 ftk205 tif41 w (rencana pembelajaran semester) mata kuliah disampaikan dalam kombinasi berbasis kelas dan berbasis praktik. praktikum akan dilakukan dalam beberapa mode berbeda antara lain simulator jaringan packet tracer dan praktik langsung menggunakan router, switch dan access point di lingkungan laboratorium. sangat penting bahwa siswa mengambil minat aktif dalam kursus. untuk berhasil dalam mata kuliah ini, siswa harus membaca, berpikir, dan menulis secara kritis dan analitis dan ini membutuhkan waktu dan latihan. latihan seperti itu hanya dapat dicapai dengan latihan kerja. ketika masalah muncul, dan masalah itu akan terjadi, siswa harus mengajukan pertanyaan yang mungkin ditujukan kepada instruktur atau siswa lain dalam berbagai cara. siswa juga didorong untuk bekerja sama dalam kumpulan masalah sebagai bagian dari latihan mereka. namun, individu pada akhirnya harus menunjukkan pemahaman materi dengan menuliskan solusinya sendiri tanpa bantuan siswa lain atau karya tertulis mereka. rata-rata siswa perlu menghabiskan setidaknya 6 jam belajar dan persiapan per minggu untuk kursus ini.",Hard,5,CPL-TIF-05 | CPL-TIF-07 | CPL-TIF-06 | CPL-TIF-03 | CPL-TIF-09,mempunyai kemampuan komunikasi dalam mendefinisikan kebutuhan organisasi akan teknik informatika secara detail dan menyeluruh f | memiliki keahlian bidang bisnis dan teknologi baik secara konseptual maupun praktikal dan mampu melanjutkan studi di bidang teknik informatika dan teknologi informasi 2 | mampu membuat desain secara holistik sebuah model dan arsitektur teknik informatika yang mendukung organisasi dan bisnisnya dengan menggunakan standar internasional g | memiliki pengetahuan yang memadai terkait dengan cara membangun teknik informatika berdasarkan metodologi yang teruji dan diterapkan secara internasional d | mampu berkontribusi dalam meningkatkan pemberdayaan masyarakat berbasis pengetahuan di bidang teknik informatika melalui penerapan keilmuan pemenuhan prinsipprinsip etika dan pengembagan ilmu pengetahuan dan teknologi informasi penelitian untuk menjawab kebutuhan masyarakat dalam mengatasi permasalahannya 3,0.4782 | 0.4256 | 0.3854 | 0.3828 | 0.3729,0.409,0.4782,Not Aligned
FTK206,Pemrograman Berorientasi Objek,"Deskripsi Mata Kuliah Mata kuliah ini bertujuan untuk memberikan mahasiswa landasan luas dalam konsep dasar pemrograman berorientasi objek disertai dengan praktikum khusus untuk mengembangkan keterampilan dasar pemrograman berorientasi objek dengan java. ini memperkenalkan konsep dasar dan prinsip pendekatan berorientasi objek seperti prinsip abstraksi dan enkapsulasi, kelas, objek dan konsep konstruktor, prinsip penyembunyian informasi dan konsep pengakses. metode, penyampaian pesan dan prinsip-prinsip kelebihan muatan Tujuan mata kuliah Setelah menyelesaikan mata kuliah mahasiswa harus mampu menggunakan pendekatan berorientasi objek untuk menguraikan suatu masalah dan menghasilkan program berorientasi objek sebagai solusi masalah tersebut. menggunakan kelas dan instance untuk mengembangkan program sebagai kumpulan komponen yang berkomunikasi. mendeskripsikan dan menggunakan notasi uml untuk mengembangkan diagram kelas. mengkolaborasikan konsep prinsip abstraksi dan enkapsulasi yang berkonsentrasi pada pewarisan dan polimorfisme. memecahkan masalah secara rekursif. memahami dan menggunakan konsep dasar pemrograman prosedural bahasa tingkat tinggi; program utama, deklarasi, pernyataan penugasan, pernyataan i/o, pernyataan pemilihan, pernyataan loop, pernyataan pemanggilan metode, pernyataan vs. ekspresi. menangani pengecualian program dengan benar. mendefinisikan, menggunakan dan merekonstruksi file. mengidentifikasi dan menggunakan struktur data dasar (daftar tertaut, tumpukan, antrian). menganalisis, merancang dan mengimplementasikan program oo. menggunakan metode dan kelas generik sederhana. gunakan komponen gui sederhana. metode pengajaran pengajaran di kelas terdiri dari ceramah dan pemecahan masalah praktis, dilengkapi dengan alat bantu visual yang dirancang untuk membantu siswa agar berhasil mencapai tujuan pembelajaran kursus. f silabus ppkr1 ftk206/tif41 (rencana pembelajaran semester)",Hard,5,CPL-TIF-05 | CPL-TIF-06 | CPL-TIF-07 | CPL-TIF-11 | CPL-TIF-09,mempunyai kemampuan komunikasi dalam mendefinisikan kebutuhan organisasi akan teknik informatika secara detail dan menyeluruh f | mampu membuat desain secara holistik sebuah model dan arsitektur teknik informatika yang mendukung organisasi dan bisnisnya dengan menggunakan standar internasional g | memiliki keahlian bidang bisnis dan teknologi baik secara konseptual maupun praktikal dan mampu melanjutkan studi di bidang teknik informatika dan teknologi informasi 2 | mampu memberikan wawasan keilmuan dan keunggulan dalam bidang teknik informatika untuk berkarya melalui pengalaman kerja serta meningkatkan sikap dan mental kewirausahaan secara profesional | mampu berkontribusi dalam meningkatkan pemberdayaan masyarakat berbasis pengetahuan di bidang teknik informatika melalui penerapan keilmuan pemenuhan prinsipprinsip etika dan pengembagan ilmu pengetahuan dan teknologi informasi penelitian untuk menjawab kebutuhan masyarakat dalam mengatasi permasalahannya 3,0.4601 | 0.4531 | 0.4443 | 0.437 | 0.4192,0.4428,0.4601,Not Aligned
FTK211,Kalkulus 2,"course description mata kuliah ini akan mencakup kalkulus variabel tunggal konsep aplikasi integrasi; fungsi logaritma dan eksponensial; teknik integrasi; urutan dan seri tak terbatas, dan seri power. methods instruction /metode pembelajaran instruksi kelas online terdiri dari ceramah dan pemecahan masalah praktis, dilengkapi dengan alat bantu visual yang dirancang untuk membantu siswa untuk berhasil memenuhi tujuan program pembelajaran.",Hard,5,CPL-TIF-03 | CPL-TIF-07 | CPL-TIF-05 | CPL-TIF-04 | CPL-TIF-09,memiliki pengetahuan yang memadai terkait dengan cara membangun teknik informatika berdasarkan metodologi yang teruji dan diterapkan secara internasional d | memiliki keahlian bidang bisnis dan teknologi baik secara konseptual maupun praktikal dan mampu melanjutkan studi di bidang teknik informatika dan teknologi informasi 2 | mempunyai kemampuan komunikasi dalam mendefinisikan kebutuhan organisasi akan teknik informatika secara detail dan menyeluruh f | mampu meningkatkan pengetahuan dan kemampuan terkait pemanfaatan database dalam mendukung perkembangan teknologi informasi e | mampu berkontribusi dalam meningkatkan pemberdayaan masyarakat berbasis pengetahuan di bidang teknik informatika melalui penerapan keilmuan pemenuhan prinsipprinsip etika dan pengembagan ilmu pengetahuan dan teknologi informasi penelitian untuk menjawab kebutuhan masyarakat dalam mengatasi permasalahannya 3,0.3288 | 0.2929 | 0.2845 | 0.2671 | 0.2521,0.2851,0.3288,Not Aligned
FTK221,Kewirausahaan Berbasis Teknologi,"Deskripsi Mata Kuliah Mata kuliah ini berisi prosedur dan dasar terpadu mengenai proses kreatif, pemikiran kreatif dan pemikiran desain Metode pengajaran/metode pembelajaran mata kuliah ini akan dilakukan dengan cara ceramah, studi kasus dan diskusi kelompok. dosen, lebih banyak berperan sebagai fasilitator dibandingkan memberi ceramah",Hard,5,CPL-TIF-11 | CPL-TIF-05 | CPL-TIF-10 | CPL-TIF-07 | CPL-TIF-09,mampu memberikan wawasan keilmuan dan keunggulan dalam bidang teknik informatika untuk berkarya melalui pengalaman kerja serta meningkatkan sikap dan mental kewirausahaan secara profesional | mempunyai kemampuan komunikasi dalam mendefinisikan kebutuhan organisasi akan teknik informatika secara detail dan menyeluruh f | mampu meningkatkan kemampuan komunikasi efektif secara lisan dan tertulis dalam memberikan kontribusi manfaat yang positif bagi organisasi dengan memahami ketentuan hukum yang berlaku serta tatanannorma dalam masyarakat b | memiliki keahlian bidang bisnis dan teknologi baik secara konseptual maupun praktikal dan mampu melanjutkan studi di bidang teknik informatika dan teknologi informasi 2 | mampu berkontribusi dalam meningkatkan pemberdayaan masyarakat berbasis pengetahuan di bidang teknik informatika melalui penerapan keilmuan pemenuhan prinsipprinsip etika dan pengembagan ilmu pengetahuan dan teknologi informasi penelitian untuk menjawab kebutuhan masyarakat dalam mengatasi permasalahannya 3,0.4556 | 0.4117 | 0.4111 | 0.3937 | 0.3848,0.4114,0.4556,Not Aligned
FTK301,E Business dan Pemrograman Berbasis Web,"deskripsi kursus gambaran umum kursus ini mencakup konsep dasar yang terlibat dalam bisnis elektronik dan menunjukkan kompetensi untuk membuat aplikasi berbasis web untuk mendukung kegiatan bisnis. persyaratan memiliki pengetahuan kerja tentang konsep dan terminologi komputer diperlukan. akan sangat membantu jika siswa memiliki pengetahuan setidaknya tentang algoritma, pemrograman dasar dan juga struktur data Tujuan kursus Setelah menyelesaikan kursus ini, siswa diharapkan menjelaskan pemahaman tentang kekuatan pendorong di balik bisnis e-bisnis dan e-commerce, perubahan teknologi, pengembangan bisnis, dan isu-isu sosial. apply menunjukkan kompetensi mengimplementasikan beberapa aplikasi web seperti database, sisi server dan bahasa scripting sisi klien ke proyek akhir. menganalisis menunjukkan kompetensi untuk menganalisis dan mengaitkan perspektif siswa tentang alat apa yang cocok untuk digunakan pada proyek mereka sendiri. evaluasi menunjukkan kompetensi dalam mengevaluasi proyek aplikasi web bisnis elektronik milik siswa terhadap kriteria tertentu. create menunjukkan kompetensi membuat aplikasi berbasis web untuk mendukung kegiatan bisnis. metode pengajaran pengajaran di kelas terdiri dari ceramah dan pemecahan masalah praktis, dilengkapi dengan alat bantu visual yang dirancang untuk membantu siswa agar berhasil memenuhi tujuan pembelajaran kursus. sangat penting bahwa siswa mengambil minat aktif dalam kursus. untuk berhasil dalam mata kuliah ini, siswa harus membaca, berpikir, dan menulis secara kritis dan analitis dan ini membutuhkan waktu dan latihan. latihan seperti itu hanya dapat dicapai dengan latihan kerja. ketika masalah muncul, dan masalah itu akan terjadi, siswa harus mengajukan pertanyaan yang mungkin ditujukan kepada instruktur atau siswa lain dalam berbagai cara. siswa juga didorong untuk bekerja secara individu maupun bersama-sama dalam memecahkan masalah sebagai bagian dari latihan mereka. namun, individu pada akhirnya harus menunjukkan pemahaman tentang substansi dengan menuliskan solusinya sendiri. Selain itu, akan ada lokakarya/penugasan kelas dan presentasi baik secara tertulis maupun lisan untuk mengevaluasi tingkat pengetahuan dan keterampilan mahasiswa pada mata kuliah ini. Tes tengah dilakukan untuk mengevaluasi tingkat pengetahuan dan keterampilan siswa pada mata kuliah ini. dan, tes akhir dilakukan oleh siswa sebagai proyek kelompok. metode pengajaran yang digunakan adalah pembelajaran yang berpusat pada siswa. dengan silabus f ppkr1 ftk301 (rencana pembelajaran semester) yang menerapkan metode ini, siswa dilibatkan untuk memecahkan masalah atau pertanyaan yang diberikan dalam diskusi kelompok kecil. mahasiswa juga dapat mengambil catatan kuliah melalui sistem manajemen kursus online.",Hard,5,CPL-TIF-07 | CPL-TIF-04 | CPL-TIF-09 | CPL-TIF-11 | CPL-TIF-05,memiliki keahlian bidang bisnis dan teknologi baik secara konseptual maupun praktikal dan mampu melanjutkan studi di bidang teknik informatika dan teknologi informasi 2 | mampu meningkatkan pengetahuan dan kemampuan terkait pemanfaatan database dalam mendukung perkembangan teknologi informasi e | mampu berkontribusi dalam meningkatkan pemberdayaan masyarakat berbasis pengetahuan di bidang teknik informatika melalui penerapan keilmuan pemenuhan prinsipprinsip etika dan pengembagan ilmu pengetahuan dan teknologi informasi penelitian untuk menjawab kebutuhan masyarakat dalam mengatasi permasalahannya 3 | mampu memberikan wawasan keilmuan dan keunggulan dalam bidang teknik informatika untuk berkarya melalui pengalaman kerja serta meningkatkan sikap dan mental kewirausahaan secara profesional | mempunyai kemampuan komunikasi dalam mendefinisikan kebutuhan organisasi akan teknik informatika secara detail dan menyeluruh f,0.5802 | 0.5128 | 0.508 | 0.4817 | 0.4748,0.5115,0.5802,Not Aligned
FTK303,Rekayasa Perangkat Lunak,"deskripsi kursus menunjukkan kompetensi untuk membuat persyaratan sistem, merancang perangkat lunak menggunakan salah satu metodologi desain perangkat lunak dengan menggunakan alat tertentu dan juga membuat dokumentasi desain perangkat lunak. Tujuan mata kuliah Setelah menyelesaikan mata kuliah ini, mahasiswa diharapkan memahami konsep metodologi siklus hidup rekayasa perangkat lunak (sdlc) sebagai metode untuk mengembangkan perangkat lunak. juga memahami konsep utama proses perangkat lunak, pemeliharaan dan perubahan berdasarkan permintaan. menerapkan konsep sdlc untuk melakukan elisitasi persyaratan untuk menciptakan persyaratan sistem lengkap yang terdiri dari persyaratan fungsional dan non fungsional. mampu menganalisis persyaratan untuk memberikan panduan yang jelas bagi perancang perangkat lunak merancang perangkat lunak dan memperkirakan upaya untuk mengembangkan perangkat lunak tertentu. membuat dan menyebarkan perangkat lunak berdasarkan kebutuhan dan desain perangkat lunak sesuai dengan metode SDLC yang dipilih. metode pengajaran pengajaran di kelas terdiri dari ceramah dan pemecahan masalah praktis, dilengkapi dengan alat bantu visual yang dirancang untuk membantu siswa agar berhasil memenuhi tujuan pembelajaran kursus. sangat penting bahwa siswa mengambil minat aktif dalam kursus. untuk berhasil dalam mata kuliah ini, siswa harus membaca, berpikir, dan menulis secara kritis dan analitis dan ini membutuhkan waktu dan latihan. latihan seperti itu hanya dapat dicapai dengan latihan kerja. ketika masalah muncul, dan masalah itu akan terjadi, siswa harus mengajukan pertanyaan yang mungkin ditujukan kepada instruktur atau siswa lain dalam berbagai cara. siswa juga didorong untuk bekerja sama dalam kumpulan masalah sebagai bagian dari latihan mereka. namun, individu pada akhirnya harus menunjukkan pemahaman materi dengan menuliskan solusinya sendiri tanpa bantuan siswa lain atau karya tertulis mereka. Selain itu, akan ada lokakarya/penugasan kelas dan presentasi baik secara tertulis maupun lisan untuk mengevaluasi tingkat pengetahuan dan keterampilan mahasiswa pada mata kuliah ini. Tes tengah dilakukan dalam bentuk tes tertulis/berbasis proyek untuk mengevaluasi tingkat pengetahuan dan keterampilan siswa pada mata kuliah ini. dan, tes akhir dilakukan oleh siswa sebagai proyek kelompok. siswa harus menyerahkan desain perangkat lunak yang lengkap menggunakan metodologi desain perangkat lunak tertentu dan harus mematuhi pengembangan siklus hidup perangkat lunak. f silabus ppkr1 ftk303 (rencana pembelajaran semester) rata-rata siswa perlu meluangkan setidaknya 6 jam belajar dan persiapan per minggu untuk mata kuliah ini.",Hard,5,CPL-TIF-08 | CPL-TIF-07 | CPL-TIF-05 | CPL-TIF-03 | CPL-TIF-09,mampu mengembangkan kepribadian yang berkualitas berintegritas dan bersemangat kemandirian yang inovatifkreatif didukung penguasaan teknologi teknik informatika yang baik secara konseptual maupun praktikal b | memiliki keahlian bidang bisnis dan teknologi baik secara konseptual maupun praktikal dan mampu melanjutkan studi di bidang teknik informatika dan teknologi informasi 2 | mempunyai kemampuan komunikasi dalam mendefinisikan kebutuhan organisasi akan teknik informatika secara detail dan menyeluruh f | memiliki pengetahuan yang memadai terkait dengan cara membangun teknik informatika berdasarkan metodologi yang teruji dan diterapkan secara internasional d | mampu berkontribusi dalam meningkatkan pemberdayaan masyarakat berbasis pengetahuan di bidang teknik informatika melalui penerapan keilmuan pemenuhan prinsipprinsip etika dan pengembagan ilmu pengetahuan dan teknologi informasi penelitian untuk menjawab kebutuhan masyarakat dalam mengatasi permasalahannya 3,0.4834 | 0.483 | 0.476 | 0.4694 | 0.456,0.4736,0.4834,Not Aligned
FTK402,Magang,"Deskripsi Mata Kuliah Mata kuliah ini bertujuan untuk memberikan kesempatan kepada mahasiswa untuk memperoleh pengetahuan dan pengalaman praktis serta menerapkan ilmu dan keterampilan yang diperoleh selama kuliah sehingga mereka dapat lebih mempersiapkan diri untuk bekerja. setelah magang, mahasiswa diminta membuat laporan magang sesuai panduan magang.",Hard,5,CPL-TIF-11 | CPL-TIF-05 | CPL-TIF-09 | CPL-TIF-07 | CPL-TIF-03,mampu memberikan wawasan keilmuan dan keunggulan dalam bidang teknik informatika untuk berkarya melalui pengalaman kerja serta meningkatkan sikap dan mental kewirausahaan secara profesional | mempunyai kemampuan komunikasi dalam mendefinisikan kebutuhan organisasi akan teknik informatika secara detail dan menyeluruh f | mampu berkontribusi dalam meningkatkan pemberdayaan masyarakat berbasis pengetahuan di bidang teknik informatika melalui penerapan keilmuan pemenuhan prinsipprinsip etika dan pengembagan ilmu pengetahuan dan teknologi informasi penelitian untuk menjawab kebutuhan masyarakat dalam mengatasi permasalahannya 3 | memiliki keahlian bidang bisnis dan teknologi baik secara konseptual maupun praktikal dan mampu melanjutkan studi di bidang teknik informatika dan teknologi informasi 2 | memiliki pengetahuan yang memadai terkait dengan cara membangun teknik informatika berdasarkan metodologi yang teruji dan diterapkan secara internasional d,0.4564 | 0.4344 | 0.4009 | 0.3968 | 0.3958,0.4169,0.4564,Not Aligned
FTK403,Etika Profesi dan Hak Kekayaan Intelektual,"deskripsi mata kuliah deskripsi matakuliah etika dan teknologi informasi menyangkut dilema etika yang ada di mana manusia, objek informasi, dan teknologi komputasi sosial berinteraksi. kursus ini mengeksplorasi model etika informasi yang muncul dari perspektif sejarah dan lintas budaya dan kemudian menerapkan model ini pada berbagai teknologi baru dan baru yang secara inheren bersifat sosial dalam konstruksi dan penggunaannya. contoh isu-isu yang dibahas dalam kursus dalam modul terpisah yang mencakup topik-topik seperti interaksi media sosial; mengingat dan melupakan; dan etika desain game. siswa mengeksplorasi dasar-dasar teknologi dari sistem teknologi terkait, bereksperimen dengan interaksi individu dan kelompok dengan teknologi, dan memeriksa mekanisme perilaku etis dan tidak etis. tujuan kursus sasaran kompetensi lulusan yang dibebankan pada matakuliah menyusun argumen tertulis dalam berbagai format mengenai sifat norma etika yang terus berkembang terkait dengan teknologi baru. menunjukkan pengetahuan tentang model informasi dan etika komputer terkini. menerapkan teori etika untuk menafsirkan perilaku pribadi dan kelompok ketika menggunakan berbagai alat teknologi informasi. mengevaluasi sifat pilihan etis yang dibuat oleh diri sendiri dan orang lain ketika menjalankan berbagai peran yang mengungkap perbedaan sosial dan multikultural. metode pengajaran metode pembelajaran mendorong partisipasi yang intens dalam kegiatan pembelajaran kursus melalui diskusi kelas, posting yang diserahkan ke papan diskusi online, dan tugas tertulis kolaboratif untuk mendorong kontribusi multimodal oleh siswa. f silabus ppkr1 (rencana pembelajaran semester) ftk403 hal. 2/3",Hard,5,CPL-TIF-09 | CPL-TIF-05 | CPL-TIF-07 | CPL-TIF-11 | CPL-TIF-08,mampu berkontribusi dalam meningkatkan pemberdayaan masyarakat berbasis pengetahuan di bidang teknik informatika melalui penerapan keilmuan pemenuhan prinsipprinsip etika dan pengembagan ilmu pengetahuan dan teknologi informasi penelitian untuk menjawab kebutuhan masyarakat dalam mengatasi permasalahannya 3 | mempunyai kemampuan komunikasi dalam mendefinisikan kebutuhan organisasi akan teknik informatika secara detail dan menyeluruh f | memiliki keahlian bidang bisnis dan teknologi baik secara konseptual maupun praktikal dan mampu melanjutkan studi di bidang teknik informatika dan teknologi informasi 2 | mampu memberikan wawasan keilmuan dan keunggulan dalam bidang teknik informatika untuk berkarya melalui pengalaman kerja serta meningkatkan sikap dan mental kewirausahaan secara profesional | mampu mengembangkan kepribadian yang berkualitas berintegritas dan bersemangat kemandirian yang inovatifkreatif didukung penguasaan teknologi teknik informatika yang baik secara konseptual maupun praktikal b,0.653 | 0.391 | 0.3862 | 0.3517 | 0.3427,0.4249,0.653,Aligned
TIF101,Sirkuit Elektronik,"Deskripsi Kursus Kursus ini memberikan cakupan yang lengkap dan lugas tentang dasar-dasar komponen dan rangkaian kelistrikan. hukum rangkaian dasar dan metode analisis dibahas dalam berbagai rangkaian dasar. topik utama yang dibahas adalah hukum ohm, hukum kirchhoff, magnetisme dan elektromagnetisme, reaktansi, impedansi, resonansi, dan filter pasif Error 500 (Server Error)!!1500.That’s an error.There was an error. Please try again later.That’s all we know. metode pengajaran memahami konsep dasar rangkaian listrik, daya dan energi. menerapkan aturan resistor paralel dan seri serta superposisi sumber untuk menyederhanakan atau menyelesaikan rangkaian resistif.  menyelesaikan rangkaian resistif menggunakan metode nodal dan mesh. memahami fungsi sumber tak bebas dan menyelesaikan rangkaian sederhana dengan sumber tak bebas. memahami hukum fisika yang mengatur kapasitor dan induktor. memahami pengertian konstanta waktu; hitung konstanta waktu rangkaian rc atau rl.  memperoleh respons paksa rangkaian terhadap input konstan. mendapatkan solusi sirkuit untuk beberapa operasi switching. memahami respons alami rangkaian rlc dan perbedaan antara respons teredam berlebih, teredam kritis, dan teredam di bawah.  memahami konsep keadaan tunak sinusoidal, fasor, dan impedansi. selesaikan rangkaian dalam kondisi tunak sinusoidal dan temukan fasor tegangan dan arus.  memahami filter pasif menggunakan berbagai kombinasi resistor, kapasitor, dan induktor.",Hard,5,CPL-TIF-05 | CPL-TIF-07 | CPL-TIF-03 | CPL-TIF-09 | CPL-TIF-06,mempunyai kemampuan komunikasi dalam mendefinisikan kebutuhan organisasi akan teknik informatika secara detail dan menyeluruh f | memiliki keahlian bidang bisnis dan teknologi baik secara konseptual maupun praktikal dan mampu melanjutkan studi di bidang teknik informatika dan teknologi informasi 2 | memiliki pengetahuan yang memadai terkait dengan cara membangun teknik informatika berdasarkan metodologi yang teruji dan diterapkan secara internasional d | mampu berkontribusi dalam meningkatkan pemberdayaan masyarakat berbasis pengetahuan di bidang teknik informatika melalui penerapan keilmuan pemenuhan prinsipprinsip etika dan pengembagan ilmu pengetahuan dan teknologi informasi penelitian untuk menjawab kebutuhan masyarakat dalam mengatasi permasalahannya 3 | mampu membuat desain secara holistik sebuah model dan arsitektur teknik informatika yang mendukung organisasi dan bisnisnya dengan menggunakan standar internasional g,0.3185 | 0.2641 | 0.2592 | 0.2563 | 0.2464,0.2689,0.3185,Not Aligned
TIF103,Matematika Diskrit,"Deskripsi Mata Kuliah Mata kuliah ini akan mencakup alat dasar logika matematika diskrit, himpunan, pembuktian, teori bilangan, rekursi, induksi, kombinatorik, relasi perulangan dan teori graf, pohon, dan aljabar boolean. Tujuan kursus Setelah menyelesaikan kursus ini, siswa harus dapat memahami dasar himpunan matematika diskrit, logika, barisan. memahami konsep pembuktian matematis dan induksi memahami konsep teori bilangan dan penerapannya algoritma euclidian, enkripsi rsa memahami konsep kombinatorik permutasi, kombinasi, probabilitas berhingga dasar, relasi perulangan memahami konsep dasar teori graf dan penerapannya isomorfisme, planaritas, rangkaian, pohon, graf berarah, algoritma jalur terpendek memahami konsep dasar pohon dan aplikasinya, transversal pohon, pohon merentang, dan pohon merentang minimum memahami konsep dasar aljabar boolean, fungsi boolean, dan penerapannya, tujuan tersebut di atas harus diselaraskan ke dalam kompetensi berikut a. pengetahuan (informasi plus pemahaman) a.pemahaman logika proposisional a.pengetahuan dan pemahaman pembuktian dan induksi matematis a.representasi himpunan, fungsi, dan relasi a.pengetahuan tentang algoritma a.pemahaman teori bilangan, termasuk operasi dan penerapannya dalam kriptografi a.pengetahuan dan pemahaman prinsip berhitung a.pemahaman dasar probabilitas diskrit a.pengetahuan teori graf dan pohon a.pemahaman aljabar boolean b. keterampilan (penerapan pengetahuan) b.mampu menerapkan berpikir matematis dalam berbagai cara berbeda untuk menyelesaikan situasi dan permasalahan kehidupan nyata f silabus ppkr1 tif103 (rencana pembelajaran semester) b.analisis numerik b.menerapkan dan membuat pembuktian berbagai pernyataan dan permasalahan matematis b.merancang dan mengimplementasikan filter digital untuk aplikasi tertentu c. nilai dan sikap c.menghargai nilai berpikir matematis terapan dalam pemecahan masalah c.mengembangkan pemahaman dan penerapan analisis matematis c.melihat penerapan lanjutan matematika diskrit metode pengajaran pengajaran di kelas terdiri dari ceramah dan pemecahan masalah praktis, dilengkapi dengan alat bantu visual yang dirancang untuk membantu siswa agar berhasil mencapai tujuan pembelajaran kursus. sangat penting bahwa siswa mengambil minat aktif dalam kursus. untuk berhasil dalam mata kuliah ini, siswa harus membaca, berpikir, dan menulis secara kritis dan analitis dan ini membutuhkan waktu dan latihan. latihan seperti itu hanya dapat dicapai dengan latihan kerja. ketika masalah muncul, dan masalah itu akan terjadi, siswa harus mengajukan pertanyaan yang mungkin ditujukan kepada instruktur atau siswa lain dalam berbagai cara. siswa juga didorong untuk bekerja sama dalam kumpulan masalah sebagai bagian dari latihan mereka. namun, individu pada akhirnya harus menunjukkan pemahaman materi dengan menuliskan solusinya sendiri tanpa bantuan siswa lain atau karya tertulis mereka. rata-rata siswa perlu menghabiskan sekitar, setidaknya, 9 jam belajar dan persiapan per minggu untuk kursus ini.",Hard,5,CPL-TIF-07 | CPL-TIF-05 | CPL-TIF-03 | CPL-TIF-09 | CPL-TIF-11,memiliki keahlian bidang bisnis dan teknologi baik secara konseptual maupun praktikal dan mampu melanjutkan studi di bidang teknik informatika dan teknologi informasi 2 | mempunyai kemampuan komunikasi dalam mendefinisikan kebutuhan organisasi akan teknik informatika secara detail dan menyeluruh f | memiliki pengetahuan yang memadai terkait dengan cara membangun teknik informatika berdasarkan metodologi yang teruji dan diterapkan secara internasional d | mampu berkontribusi dalam meningkatkan pemberdayaan masyarakat berbasis pengetahuan di bidang teknik informatika melalui penerapan keilmuan pemenuhan prinsipprinsip etika dan pengembagan ilmu pengetahuan dan teknologi informasi penelitian untuk menjawab kebutuhan masyarakat dalam mengatasi permasalahannya 3 | mampu memberikan wawasan keilmuan dan keunggulan dalam bidang teknik informatika untuk berkarya melalui pengalaman kerja serta meningkatkan sikap dan mental kewirausahaan secara profesional,0.3764 | 0.3758 | 0.3569 | 0.3563 | 0.3141,0.3559,0.3764,Not Aligned
TIF106,Konsep Sistem Informasi,"deskripsi mata kuliah sistem informasi dan strategi pengelolaannya berubah dengan cepat, namun konsep yang memandu keduanya sering kali tidak lekang oleh waktu. prinsip-prinsip ini menjadi tulang punggung survei lapangan yang komprehensif ini, yang dirancang untuk kursus pertama siswa dalam sistem informasi. dengan menyajikan rincian dan gambaran besarnya, kursus ini menempatkan pembelajaran dalam mengelola sistem informasi ke dalam konteks yang dapat dimengerti. prinsip keseluruhannya adalah bahwa informasi yang benar, jika disampaikan kepada orang yang tepat, dengan cara yang benar, dan pada waktu yang tepat, dapat meningkatkan dan menjamin efektivitas dan efisiensi organisasi. tujuan kursus kursus ini bertujuan untuk memberikan siswa konsep dasar sistem informasi. pengenalan dimulai dari esensi sistem informasi, infrastruktur, globalisasi, investasi dan strategi, e-commerce, web 0, intelijen bisnis, perusahaan, pengembangan dan akuisisi, keamanan dan kontrol, serta etika & kejahatan. pada akhir kursus ini, siswa harus mampu  menunjukkan pemahaman tentang konsep-konsep penting sistem informasi.  menunjukkan pemahaman manfaat sistem informasi.  menunjukkan kompetensi dalam penerapan sistem informasi dalam organisasi.  menunjukkan kompetensi dalam penerapan sistem informasi dalam bisnis.  menunjukkan pemahaman tentang isu-isu, perolehan pengembangan sistem informasi.  menunjukkan pemahaman tentang keamanan dan kontrol dalam sistem informasi. metode pengajaran pengajaran di kelas terdiri dari ceramah dan pemecahan masalah, dilengkapi dengan alat bantu visual yang dirancang untuk membantu siswa agar berhasil mencapai tujuan pembelajaran kursus. silabus [tif 106] hal. 2/5",Hard,5,CPL-TIF-09 | CPL-TIF-02 | CPL-TIF-05 | CPL-TIF-04 | CPL-TIF-07,mampu berkontribusi dalam meningkatkan pemberdayaan masyarakat berbasis pengetahuan di bidang teknik informatika melalui penerapan keilmuan pemenuhan prinsipprinsip etika dan pengembagan ilmu pengetahuan dan teknologi informasi penelitian untuk menjawab kebutuhan masyarakat dalam mengatasi permasalahannya 3 | mampu bersaing di pasar global dengan pengetahuan dan kemampuan yang memadai terkait penerapan teknik informatikateknologi informasi dalam organisasi c | mempunyai kemampuan komunikasi dalam mendefinisikan kebutuhan organisasi akan teknik informatika secara detail dan menyeluruh f | mampu meningkatkan pengetahuan dan kemampuan terkait pemanfaatan database dalam mendukung perkembangan teknologi informasi e | memiliki keahlian bidang bisnis dan teknologi baik secara konseptual maupun praktikal dan mampu melanjutkan studi di bidang teknik informatika dan teknologi informasi 2,0.5615 | 0.5493 | 0.5489 | 0.5357 | 0.5077,0.5406,0.5615,Not Aligned
TIF107,Pengantar Teknologi Informasi,"Deskripsi Mata Kuliah Mata kuliah ini bertujuan untuk memberikan pemahaman mendasar kepada mahasiswa tentang teknologi informasi. pengenalan dimulai dari sejarah perkembangan teknologi informasi, perangkat keras, perangkat lunak, penggunaan dan implementasinya, isu-isu terkait serta tren & inovasi teknologi informasi. tujuan kursus  menunjukkan pemahaman tentang aspek mendasar dari perangkat keras, perangkat lunak dan bagaimana sistem terbentuk.  mendemonstrasikan pemahaman penggunaan komputer dan program aplikasi untuk kepentingan manusia.  menunjukkan kompetensi dalam dasar-dasar algoritma, pemrograman, dan pemecahan masalah.  menunjukkan kompetensi dalam penggunaan jaringan, internet, web dan keamanannya.  menunjukkan pemahaman tentang isu-isu dan perkembangan masa depan terkait teknologi informasi. metode instruksi pertanyaan ulasan kelas yang harus diselesaikan di kelas atau sebagai pekerjaan rumah. pertanyaan ulasan kelas. ini termasuk jawaban singkat (s.a.) dan studi kasus (c.s.) untuk memberikan umpan balik tentang pemahaman siswa topik demi topik. ujian tengah dan ujian akhir. tes tertulis ini akan mengevaluasi tingkat pengetahuan dan keterampilan siswa pada kursus ini.",Hard,5,CPL-TIF-09 | CPL-TIF-05 | CPL-TIF-07 | CPL-TIF-04 | CPL-TIF-02,mampu berkontribusi dalam meningkatkan pemberdayaan masyarakat berbasis pengetahuan di bidang teknik informatika melalui penerapan keilmuan pemenuhan prinsipprinsip etika dan pengembagan ilmu pengetahuan dan teknologi informasi penelitian untuk menjawab kebutuhan masyarakat dalam mengatasi permasalahannya 3 | mempunyai kemampuan komunikasi dalam mendefinisikan kebutuhan organisasi akan teknik informatika secara detail dan menyeluruh f | memiliki keahlian bidang bisnis dan teknologi baik secara konseptual maupun praktikal dan mampu melanjutkan studi di bidang teknik informatika dan teknologi informasi 2 | mampu meningkatkan pengetahuan dan kemampuan terkait pemanfaatan database dalam mendukung perkembangan teknologi informasi e | mampu bersaing di pasar global dengan pengetahuan dan kemampuan yang memadai terkait penerapan teknik informatikateknologi informasi dalam organisasi c,0.6824 | 0.6402 | 0.6274 | 0.591 | 0.5678,0.6217,0.6824,Aligned
TIF109,Struktur Data,"deskripsi kursus Kursus ini bertujuan untuk memberikan siswa pengetahuan dan keterampilan tentang cara menghasilkan struktur data menggunakan java serta menggunakan OOD untuk menyelesaikan masalah tertentu. struktur data terdiri dari daftar tertaut, tumpukan, antrian, pohon biner, tumpukan, antrian dan grafik Error 500 (Server Error)!!1500.That’s an error.There was an error. Please try again later.That’s all we know. metode pengajaran pengajaran di kelas terdiri dari ceramah dan pemecahan masalah praktis, dilengkapi dengan alat bantu visual yang dirancang untuk membantu siswa agar berhasil mencapai tujuan pembelajaran kursus.",Hard,5,CPL-TIF-04 | CPL-TIF-09 | CPL-TIF-05 | CPL-TIF-03 | CPL-TIF-07,mampu meningkatkan pengetahuan dan kemampuan terkait pemanfaatan database dalam mendukung perkembangan teknologi informasi e | mampu berkontribusi dalam meningkatkan pemberdayaan masyarakat berbasis pengetahuan di bidang teknik informatika melalui penerapan keilmuan pemenuhan prinsipprinsip etika dan pengembagan ilmu pengetahuan dan teknologi informasi penelitian untuk menjawab kebutuhan masyarakat dalam mengatasi permasalahannya 3 | mempunyai kemampuan komunikasi dalam mendefinisikan kebutuhan organisasi akan teknik informatika secara detail dan menyeluruh f | memiliki pengetahuan yang memadai terkait dengan cara membangun teknik informatika berdasarkan metodologi yang teruji dan diterapkan secara internasional d | memiliki keahlian bidang bisnis dan teknologi baik secara konseptual maupun praktikal dan mampu melanjutkan studi di bidang teknik informatika dan teknologi informasi 2,0.3935 | 0.3184 | 0.2889 | 0.2859 | 0.2576,0.3089,0.3935,Not Aligned
TIF203,Sistem Digital,"uraian mata kuliah Mata kuliah ini akan mencakup dasar perancangan digital sistem digital dan bilangan biner, aljabar boolean dan gerbang logika, minimalisasi level gerbang, logika kombinasional, logika sekuensial sinkron, register dan counter, memori dan logika terprogram, perancangan pada level transfer register, logika sekuensial asinkron, rangkaian terpadu digital, dan simbol grafis standar. tujuan kursus Tujuan kursus ini adalah untuk menjelaskan bagaimana rangkaian digital dengan kompleksitas besar dapat dibangun dengan cara metodologis, mulai dari logika boolean dan menerapkan serangkaian teknik yang ketat. Berbagai contoh dan studi kasus akan digunakan untuk mengilustrasikan bagaimana konsep-konsep yang disajikan dalam kuliah ini diterapkan dalam praktik, dan bagaimana kebutuhan untuk mengakomodasi berbagai jenis perdagangan yang bermotif praktis dapat mengarah pada penerapan alternatif. para siswa akan menerapkan pengetahuan mereka dalam teori dan laboratorium dengan membangun rangkaian logika digital yang semakin kompleks. Hasil mata kuliah spesifik yang mendukung hasil program adalah siswa harus mampu menyelesaikan operasi matematika biner dasar menggunakan gerbang logika. siswa harus dapat menunjukkan kemahiran pemrograman menggunakan berbagai elemen logis untuk merancang unit logis yang termotivasi secara praktis. siswa harus mampu merancang unit berbeda yang merupakan elemen laboratorium komputer pada umumnya. mahasiswa harus dapat menerapkan pengetahuan pada mata kuliah desain logika untuk memecahkan masalah perancangan unit kendali perangkat input/output yang berbeda. siswa harus mampu menghubungkan elemen logis yang berbeda, menganalisis dan mendemonstrasikan diagram waktu dari unit yang dimodelkan. siswa harus mampu merancang sirkuit listrik menggunakan elemen logis yang diwujudkan berdasarkan teknologi yang berbeda. metode pengajaran pengajaran di kelas terdiri dari ceramah dan pemecahan masalah praktis, dilengkapi dengan alat bantu visual yang dirancang untuk membantu siswa agar berhasil mencapai tujuan pembelajaran kursus. f silabus ppkr1 tif203 / tif31 (rencana pembelajaran semester)",Hard,5,CPL-TIF-05 | CPL-TIF-07 | CPL-TIF-09 | CPL-TIF-03 | CPL-TIF-04,mempunyai kemampuan komunikasi dalam mendefinisikan kebutuhan organisasi akan teknik informatika secara detail dan menyeluruh f | memiliki keahlian bidang bisnis dan teknologi baik secara konseptual maupun praktikal dan mampu melanjutkan studi di bidang teknik informatika dan teknologi informasi 2 | mampu berkontribusi dalam meningkatkan pemberdayaan masyarakat berbasis pengetahuan di bidang teknik informatika melalui penerapan keilmuan pemenuhan prinsipprinsip etika dan pengembagan ilmu pengetahuan dan teknologi informasi penelitian untuk menjawab kebutuhan masyarakat dalam mengatasi permasalahannya 3 | memiliki pengetahuan yang memadai terkait dengan cara membangun teknik informatika berdasarkan metodologi yang teruji dan diterapkan secara internasional d | mampu meningkatkan pengetahuan dan kemampuan terkait pemanfaatan database dalam mendukung perkembangan teknologi informasi e,0.4811 | 0.4781 | 0.4523 | 0.4336 | 0.4147,0.452,0.4811,Not Aligned
TIF204,Sistem Basis Data Lanjut,"deskripsi kursus menunjukkan kompetensi untuk membuat sistem database berorientasi objek konseptual dan fisik, melakukan kueri qbe dan soda melalui sistem database berorientasi objek. selain itu, siswa mampu menunjukkan kompetensi merancang dan mengimplementasikan nosql seperti graphdb dan documentdb, serta topik lanjutan seperti bahasa web ontologi Tujuan mata kuliah Setelah menyelesaikan mata kuliah ini, mahasiswa diharapkan memahami konsep sistem basis data tingkat lanjut termasuk metode siklus hidup basis data, sistem basis data berorientasi objek (oodb), nosql dan topik lanjutan bahasa web ontologi (burung hantu). menerapkan konsep sistem basis data tingkat lanjut untuk melakukan model data untuk jenis sistem basis data tertentu seperti oodb, nosql atau burung hantu. mampu menganalisis persyaratan untuk memberikan panduan yang jelas untuk kebutuhan dan spesifikasi database. merancang sistem database modern oodb, nosql atau burung hantu untuk kasus tertentu. membuat dan menerapkan sistem basis data modern oodb, nosql, atau burung hantu berdasarkan kebutuhan dan desain basis data sesuai dengan metode siklus hidup basis data yang dipilih. metode pengajaran pengajaran di kelas terdiri dari ceramah dan pemecahan masalah praktis, dilengkapi dengan alat bantu visual yang dirancang untuk membantu siswa agar berhasil memenuhi tujuan pembelajaran kursus. sangat penting bahwa siswa mengambil minat aktif dalam kursus. untuk berhasil dalam mata kuliah ini, siswa harus membaca, berpikir, dan menulis secara kritis dan analitis dan ini membutuhkan waktu dan latihan. latihan seperti itu hanya dapat dicapai dengan latihan kerja. ketika masalah muncul, dan masalah itu akan terjadi, siswa harus mengajukan pertanyaan yang mungkin ditujukan kepada instruktur atau siswa lain dalam berbagai cara. siswa juga didorong untuk bekerja sama dalam kumpulan masalah sebagai bagian dari latihan mereka. namun, individu pada akhirnya harus menunjukkan pemahaman materi dengan menuliskan solusinya sendiri tanpa bantuan siswa lain atau karya tertulis mereka. Selain itu, akan ada lokakarya/penugasan kelas dan presentasi baik secara tertulis maupun lisan untuk mengevaluasi tingkat pengetahuan dan keterampilan mahasiswa pada mata kuliah ini. Ujian tengah dilakukan dalam bentuk tes tertulis/berbasis proyek untuk silabus ppkr1 tif204 (rencana pembelajaran semester) yang mengevaluasi tingkat pengetahuan dan keterampilan siswa pada mata kuliah ini. dan, tes akhir dilakukan oleh siswa sebagai proyek kelompok. siswa harus menyerahkan desain perangkat lunak yang lengkap menggunakan metodologi desain perangkat lunak tertentu dan harus mematuhi pengembangan siklus hidup perangkat lunak. rata-rata siswa perlu menghabiskan setidaknya 6 jam belajar dan persiapan per minggu untuk kursus ini.",Hard,5,CPL-TIF-04 | CPL-TIF-09 | CPL-TIF-07 | CPL-TIF-02 | CPL-TIF-03,mampu meningkatkan pengetahuan dan kemampuan terkait pemanfaatan database dalam mendukung perkembangan teknologi informasi e | mampu berkontribusi dalam meningkatkan pemberdayaan masyarakat berbasis pengetahuan di bidang teknik informatika melalui penerapan keilmuan pemenuhan prinsipprinsip etika dan pengembagan ilmu pengetahuan dan teknologi informasi penelitian untuk menjawab kebutuhan masyarakat dalam mengatasi permasalahannya 3 | memiliki keahlian bidang bisnis dan teknologi baik secara konseptual maupun praktikal dan mampu melanjutkan studi di bidang teknik informatika dan teknologi informasi 2 | mampu bersaing di pasar global dengan pengetahuan dan kemampuan yang memadai terkait penerapan teknik informatikateknologi informasi dalam organisasi c | memiliki pengetahuan yang memadai terkait dengan cara membangun teknik informatika berdasarkan metodologi yang teruji dan diterapkan secara internasional d,0.6501 | 0.4491 | 0.4387 | 0.412 | 0.4086,0.4717,0.6501,Aligned
TIF206,Sistem Operasi,"uraian mata kuliah pada kuliah ini akan membahas tentang konsep, struktur dan mekanisme sistem operasi. ia juga menyajikan, sejelas dan selengkap mungkin, sifat dan karakteristik sistem operasi modern. topiknya akan mencakup gambaran umum komputer dan sistem operasi, proses, memori, penjadwalan, input/output dan file, sistem tertanam, keamanan komputer dan sistem terdistribusi. tujuan kursus setelah menyelesaikan kursus ini, mahasiswa harus mampu (cid 136) memahami konsep, struktur, dan mekanisme sistem operasi. (cid 136) menyajikan, sejelas mungkin, sifat dan karakteristik sistem operasi modern. (cid 136) memiliki pengetahuan tentang proses. (cid 136) memiliki pengetahuan tentang memori. (cid 136) memiliki pengetahuan tentang penjadwalan. (cid 136) memiliki pengetahuan tentang input/output dan file. (cid 136) memiliki pengetahuan tentang sistem tertanam. (cid 136) memiliki pengetahuan tentang keamanan komputer. (cid 136) memiliki pengetahuan tentang sistem terdistribusi. metode pengajaran pengajaran di kelas terdiri dari ceramah dan pemecahan masalah praktis, dilengkapi dengan alat bantu visual yang dirancang untuk membantu siswa agar berhasil mencapai tujuan pembelajaran kursus. sangat penting bahwa siswa mengambil minat aktif dalam kursus. untuk berhasil dalam mata kuliah ini, siswa harus membaca, berpikir, dan menulis secara kritis dan analitis dan ini membutuhkan waktu dan latihan. latihan seperti itu hanya dapat dicapai dengan latihan kerja. ketika masalah muncul, dan masalah itu akan terjadi, siswa harus mengajukan pertanyaan yang mungkin ditujukan kepada instruktur atau siswa lain dalam berbagai cara. siswa juga didorong untuk bekerja sama dalam kumpulan masalah sebagai bagian dari latihan mereka. namun, individu pada akhirnya harus menunjukkan pemahaman materi dengan menuliskan solusinya sendiri tanpa bantuan siswa lain atau karya tertulis mereka. rata-rata siswa perlu menghabiskan setidaknya 6 jam belajar dan persiapan per minggu untuk kursus ini. f silabus ppkr1 tif206 (rencana pembelajaran semester)",Hard,5,CPL-TIF-05 | CPL-TIF-07 | CPL-TIF-03 | CPL-TIF-09 | CPL-TIF-04,mempunyai kemampuan komunikasi dalam mendefinisikan kebutuhan organisasi akan teknik informatika secara detail dan menyeluruh f | memiliki keahlian bidang bisnis dan teknologi baik secara konseptual maupun praktikal dan mampu melanjutkan studi di bidang teknik informatika dan teknologi informasi 2 | memiliki pengetahuan yang memadai terkait dengan cara membangun teknik informatika berdasarkan metodologi yang teruji dan diterapkan secara internasional d | mampu berkontribusi dalam meningkatkan pemberdayaan masyarakat berbasis pengetahuan di bidang teknik informatika melalui penerapan keilmuan pemenuhan prinsipprinsip etika dan pengembagan ilmu pengetahuan dan teknologi informasi penelitian untuk menjawab kebutuhan masyarakat dalam mengatasi permasalahannya 3 | mampu meningkatkan pengetahuan dan kemampuan terkait pemanfaatan database dalam mendukung perkembangan teknologi informasi e,0.5412 | 0.4305 | 0.4143 | 0.4106 | 0.4002,0.4394,0.5412,Not Aligned
TIF207,Data Communication,"deskripsi kursus kursus ini menyajikan gambaran komprehensif tentang komunikasi data. ini didasarkan pada pendekatan bottom-up dalam komunikasi data. mata kuliah ini menekankan pada konsep komunikasi data yang dituangkan dalam interkoneksi sistem terbuka (osi) 7 lapis. Mata kuliah ini memperkenalkan arsitektur, struktur, fungsi, komponen, dan model jaringan komunikasi data termasuk jaringan komputer, internet, dan mobile. prinsip-prinsip dan struktur pengalamatan ip dan dasar-dasar konsep ethernet, media, dan operasi diperkenalkan untuk memberikan landasan bagi kurikulum. Tujuan kursus Setelah menyelesaikan kursus ini, siswa harus dapat memahami dasar-dasar komunikasi data. mengevaluasi dan menerapkan rumus untuk masalah komunikasi praktis mengenai bandwidth, kebisingan dan simbol. memahami berbagai media yang tersedia untuk mendukung komunikasi data. memahami peran berbagai protokol dalam memfasilitasi transfer data melalui jaringan komunikasi. menghargai peran model tujuh lapisan iso yang berupaya untuk membakukan komunikasi. Tujuan yang disebutkan di atas harus diselaraskan ke dalam kompetensi berikut a. pengetahuan (informasi plus pemahaman) a.pengetahuan historis dan umum tentang komunikasi data a.dasar-dasar model referensi komunikasi data, standardisasi, topologi jaringan, teknologi dan metode jaringan a.memahami aspek lapisan fisik komunikasi data a.memahami aspek lapisan data link dalam komunikasi data a.memahami aspek lapisan jaringan dalam komunikasi data a.memahami aspek lapisan transport dalam komunikasi data a.memahami aspek lapisan aplikasi komunikasi data a.masalah kinerja jaringan data f ppkr1 rps tif207 (rencana pembelajaran semester) a.masalah keamanan jaringan komputer/data b. keterampilan (penerapan pengetahuan) b.mengenali dan menerapkan berbagai teknologi jaringan untuk tujuan yang berbeda b.mengidentifikasi media yang berbeda untuk jaringan komputer b.mendeteksi dan memperbaiki kesalahan bit dalam komunikasi data b.mengidentifikasi metode pengalamatan yang berbeda dalam komunikasi data dan menggunakannya untuk berbagai tujuan termasuk routing b.mengidentifikasi aspek kualitas layanan dan masalah kinerja b.mengidentifikasi dan menggunakan layanan aplikasi yang berbeda melalui komunikasi data b.mengidentifikasi dan menggunakan metode protokol keamanan yang berbeda dalam komunikasi data c. nilai dan sikap c.menghargai nilai dasar komunikasi data dan pemanfaatannya c.mengembangkan pemahaman tentang berbagai metode dan teknik yang digunakan dalam komunikasi dan jaringan data c.mengembangkan keterampilan dasar analisis dan pemecahan masalah melalui penerapan komunikasi data metode pengajaran kursus disampaikan sebagai kursus berbasis kelas. pengajaran di kelas terdiri dari ceramah dan pemecahan masalah praktis, dilengkapi dengan alat bantu visual yang dirancang untuk membantu siswa agar berhasil mencapai tujuan pembelajaran kursus. sangat penting bahwa siswa mengambil minat aktif dalam kursus. untuk berhasil dalam mata kuliah ini, siswa harus membaca, berpikir, dan menulis secara kritis dan analitis dan ini membutuhkan waktu dan latihan. praktik seperti itu hanya dapat dicapai dengan melakukan latihan teori dan praktik. ketika masalah muncul, dan masalah itu akan terjadi, siswa harus mengajukan pertanyaan yang mungkin ditujukan kepada instruktur atau siswa lain dalam berbagai cara. siswa juga didorong untuk bekerja sama dalam kumpulan masalah sebagai bagian dari latihan mereka. namun, individu pada akhirnya harus menunjukkan pemahaman materi dengan menuliskan solusinya sendiri tanpa bantuan siswa lain atau karya tertulis mereka. rata-rata siswa perlu menghabiskan setidaknya 6 jam belajar dan persiapan per minggu untuk kursus ini.",Hard,5,CPL-TIF-05 | CPL-TIF-04 | CPL-TIF-07 | CPL-TIF-09 | CPL-TIF-03,mempunyai kemampuan komunikasi dalam mendefinisikan kebutuhan organisasi akan teknik informatika secara detail dan menyeluruh f | mampu meningkatkan pengetahuan dan kemampuan terkait pemanfaatan database dalam mendukung perkembangan teknologi informasi e | memiliki keahlian bidang bisnis dan teknologi baik secara konseptual maupun praktikal dan mampu melanjutkan studi di bidang teknik informatika dan teknologi informasi 2 | mampu berkontribusi dalam meningkatkan pemberdayaan masyarakat berbasis pengetahuan di bidang teknik informatika melalui penerapan keilmuan pemenuhan prinsipprinsip etika dan pengembagan ilmu pengetahuan dan teknologi informasi penelitian untuk menjawab kebutuhan masyarakat dalam mengatasi permasalahannya 3 | memiliki pengetahuan yang memadai terkait dengan cara membangun teknik informatika berdasarkan metodologi yang teruji dan diterapkan secara internasional d,0.506 | 0.4615 | 0.4397 | 0.4383 | 0.3766,0.4444,0.506,Not Aligned
TIF208,Proses Sinyal Dijital,"Error 500 (Server Error)!!1500.That’s an error.There was an error. Please try again later.That’s all we know. Error 500 (Server Error)!!1500.That’s an error.There was an error. Please try again later.That’s all we know. metode pengajaran pengajaran di kelas terdiri dari ceramah dan pemecahan masalah praktis, dilengkapi dengan alat bantu visual yang dirancang untuk membantu siswa agar berhasil mencapai tujuan pembelajaran kursus. sangat penting bahwa siswa mengambil minat aktif dalam kursus. untuk berhasil dalam mata kuliah ini, siswa harus membaca, berpikir, dan menulis secara kritis dan analitis dan ini membutuhkan waktu dan latihan. latihan seperti itu hanya dapat dicapai dengan latihan kerja. ketika masalah muncul, dan masalah itu akan terjadi, siswa harus mengajukan pertanyaan yang mungkin ditujukan kepada instruktur atau siswa lain dalam berbagai cara. siswa juga didorong untuk bekerja sama dalam kumpulan masalah sebagai bagian dari latihan mereka. namun, individu pada akhirnya harus menunjukkan pemahaman materi dengan menuliskan solusinya sendiri tanpa bantuan siswa lain atau karya tertulis mereka. rata-rata siswa perlu menghabiskan sekitar, setidaknya, 9 jam belajar dan persiapan per minggu untuk kursus ini.",Hard,5,CPL-TIF-10 | CPL-TIF-04 | CPL-TIF-09 | CPL-TIF-05 | CPL-TIF-03,mampu meningkatkan kemampuan komunikasi efektif secara lisan dan tertulis dalam memberikan kontribusi manfaat yang positif bagi organisasi dengan memahami ketentuan hukum yang berlaku serta tatanannorma dalam masyarakat b | mampu meningkatkan pengetahuan dan kemampuan terkait pemanfaatan database dalam mendukung perkembangan teknologi informasi e | mampu berkontribusi dalam meningkatkan pemberdayaan masyarakat berbasis pengetahuan di bidang teknik informatika melalui penerapan keilmuan pemenuhan prinsipprinsip etika dan pengembagan ilmu pengetahuan dan teknologi informasi penelitian untuk menjawab kebutuhan masyarakat dalam mengatasi permasalahannya 3 | mempunyai kemampuan komunikasi dalam mendefinisikan kebutuhan organisasi akan teknik informatika secara detail dan menyeluruh f | memiliki pengetahuan yang memadai terkait dengan cara membangun teknik informatika berdasarkan metodologi yang teruji dan diterapkan secara internasional d,0.2393 | 0.2316 | 0.2296 | 0.2214 | 0.2117,0.2267,0.2393,Not Aligned
TIF209,Arsitektur dan Organisasi Komputer,"Error 500 (Server Error)!!1500.That’s an error.There was an error. Please try again later.That’s all we know. Tujuan kursus Setelah menyelesaikan kursus ini, siswa diharapkan dapat menjelaskan organisasi umum dan arsitektur komputer. mengidentifikasi komponen utama komputer dan mempelajari fungsinya. memperkenalkan masalah desain perangkat keras arsitektur komputer modern. belajar pemrograman bahasa assembly. membangun keterampilan yang diperlukan untuk membaca dan meneliti literatur terkini dalam arsitektur komputer. Error 500 (Server Error)!!1500.That’s an error.There was an error. Please try again later.That’s all we know.",Hard,5,CPL-TIF-06 | CPL-TIF-05 | CPL-TIF-03 | CPL-TIF-07 | CPL-TIF-04,mampu membuat desain secara holistik sebuah model dan arsitektur teknik informatika yang mendukung organisasi dan bisnisnya dengan menggunakan standar internasional g | mempunyai kemampuan komunikasi dalam mendefinisikan kebutuhan organisasi akan teknik informatika secara detail dan menyeluruh f | memiliki pengetahuan yang memadai terkait dengan cara membangun teknik informatika berdasarkan metodologi yang teruji dan diterapkan secara internasional d | memiliki keahlian bidang bisnis dan teknologi baik secara konseptual maupun praktikal dan mampu melanjutkan studi di bidang teknik informatika dan teknologi informasi 2 | mampu meningkatkan pengetahuan dan kemampuan terkait pemanfaatan database dalam mendukung perkembangan teknologi informasi e,0.2938 | 0.292 | 0.2805 | 0.2509 | 0.2501,0.2735,0.2938,Not Aligned
TIF210,Informatika Sosial,"deskripsi kursus kursus ini memberikan pengenalan perspektif penelitian sosial utama dan literatur tentang penggunaan teknologi informasi dan komunikasi. membahas topik terkini seperti etika informasi, kerangka hukum yang relevan, penggunaan teknologi yang populer dan kontroversial, misalnya. berbagi file peer to peer, pembagian digital, dll. Tujuan mata kuliah Setelah menyelesaikan mata kuliah ini, mahasiswa diharapkan memahami konsep informatika sosial dan jaringan sosial memahami nilai inti permasalahan etika dan hukum dalam informatika sosial menjelaskan peran kunci informatika sosial dan teknologi informasi menganalisis dampak jaringan sosial terhadap identitas individu dan sosial menjelaskan beberapa isu sosial dan komputasi dalam informatika sosial Error 500 (Server Error)!!1500.That’s an error.There was an error. Please try again later.That’s all we know.",Hard,5,CPL-TIF-09 | CPL-TIF-05 | CPL-TIF-07 | CPL-TIF-10 | CPL-TIF-08,mampu berkontribusi dalam meningkatkan pemberdayaan masyarakat berbasis pengetahuan di bidang teknik informatika melalui penerapan keilmuan pemenuhan prinsipprinsip etika dan pengembagan ilmu pengetahuan dan teknologi informasi penelitian untuk menjawab kebutuhan masyarakat dalam mengatasi permasalahannya 3 | mempunyai kemampuan komunikasi dalam mendefinisikan kebutuhan organisasi akan teknik informatika secara detail dan menyeluruh f | memiliki keahlian bidang bisnis dan teknologi baik secara konseptual maupun praktikal dan mampu melanjutkan studi di bidang teknik informatika dan teknologi informasi 2 | mampu meningkatkan kemampuan komunikasi efektif secara lisan dan tertulis dalam memberikan kontribusi manfaat yang positif bagi organisasi dengan memahami ketentuan hukum yang berlaku serta tatanannorma dalam masyarakat b | mampu mengembangkan kepribadian yang berkualitas berintegritas dan bersemangat kemandirian yang inovatifkreatif didukung penguasaan teknologi teknik informatika yang baik secara konseptual maupun praktikal b,0.6501 | 0.4551 | 0.4006 | 0.386 | 0.3408,0.4465,0.6501,Aligned
TIF211,Leadership and Management for IT Engineer,"deskripsi kursus deskripsi matakuliah tantangan kepemimpinan dan manajemen adalah merancang konteks (pekerjaan, budaya organisasi, struktur, proses) yang memungkinkan individu dan kelompok untuk berkembang. tantangan pribadinya adalah bagaimana menemukan dan/atau menciptakan konteks di mana siswa dapat berkembang dan memimpin yang terbaik di masa depan. kursus ini mempertahankan fokus ganda (1) pada peran siswa (berikutnya) sebagai pemimpin dan manajer, merancang dan memungkinkan konteks di mana orang lain dapat berkembang; tetapi pada saat yang sama (2) dalam pencarian pribadi siswa untuk menemukan dan menciptakan konteks di mana Anda berkembang dan melakukan yang terbaik. sebagian besar kursus diambil dari paradigma praktik manajerial yang disebut beasiswa organisasi positif (pos), domain baru dalam studi organisasi, serta keterampilan manajemen dasar yang diperlukan untuk menjadi pemimpin manajer yang baik. premis inti dari paradigma ini adalah bahwa kepemimpinan dan keunggulan pribadi pada dasarnya terkait dengan penciptaan/pemungkinan konteks organisasi yang membangun kekuatan manusia serta membuka dinamika positif dan generatif dari komunitas manusia yang dinamis serta mencapai tujuan bisnis. tujuan kursus sasaran kompetensi lulusan yang dibebankan pada matakuliah Setelah berhasil menyelesaikan kursus ini, siswa harus memiliki pemahaman menyeluruh tentang kepemimpinan dan manajemen dasar baik dari perspektif teoritis dan kenyataan praktis. khususnya bagi teori manajemen klasik hingga modern yang paling dikenal dengan penekanan pada kepemimpinan perspektif baru yang muncul yang disebut kepemimpinan positif. mampu menilai potensi kepemimpinan dan gaya manajemennya sendiri sehingga dapat meningkatkan kemampuan memimpin dan mampu berinteraksi dengan dinamika lingkungan. memberikan semangat kepada masyarakat sekitar melalui prinsip kepemimpinan positif dalam posisi dan peran apa pun dalam karir masa depan mereka. f silabus ppkr1 (rencana pembelajaran semester) [sif 106] hal. 2/9 untuk dapat memperbaiki keputusan-keputusan manajerialnya di tempat kerjanya agar keputusan tersebut membawa dampak yang baik bagi mereka, orang-orang yang melaksanakan keputusan tersebut dan juga demi kebaikan yang lebih besar. Error 500 (Server Error)!!1500.That’s an error.There was an error. Please try again later.That’s all we know.",Hard,5,CPL-TIF-06 | CPL-TIF-11 | CPL-TIF-05 | CPL-TIF-08 | CPL-TIF-07,mampu membuat desain secara holistik sebuah model dan arsitektur teknik informatika yang mendukung organisasi dan bisnisnya dengan menggunakan standar internasional g | mampu memberikan wawasan keilmuan dan keunggulan dalam bidang teknik informatika untuk berkarya melalui pengalaman kerja serta meningkatkan sikap dan mental kewirausahaan secara profesional | mempunyai kemampuan komunikasi dalam mendefinisikan kebutuhan organisasi akan teknik informatika secara detail dan menyeluruh f | mampu mengembangkan kepribadian yang berkualitas berintegritas dan bersemangat kemandirian yang inovatifkreatif didukung penguasaan teknologi teknik informatika yang baik secara konseptual maupun praktikal b | memiliki keahlian bidang bisnis dan teknologi baik secara konseptual maupun praktikal dan mampu melanjutkan studi di bidang teknik informatika dan teknologi informasi 2,0.4245 | 0.4125 | 0.3911 | 0.3806 | 0.3037,0.3825,0.4245,Not Aligned
TIF301,Routing Protocols and Concepts,"deskripsi kursus kursus ini menjelaskan arsitektur, komponen, dan operasi router dan switch dalam jaringan yang lebih besar dan kompleks. switching, routing, dan wireless essentials (srwe) meningkatkan pengetahuan siswa tentang pengoperasian router dan switch dalam jaringan kecil. srwe akan memperkenalkan siswa pada jaringan area lokal nirkabel (wlans) dan konsep keamanan jaringan. setiap bab memandu siswa melalui konfigurasi dasar, implementasi, dan prinsip pemecahan masalah. Selain itu, aktivitas packet tracer (pt) memperkuat konsep baru, dan memungkinkan siswa untuk memodelkan dan menganalisis proses routing yang mungkin sulit untuk divisualisasikan atau dipahami. metode pengajaran / metode pembelajaran pengajaran di kelas terdiri dari ceramah dan pemecahan masalah praktis, dilengkapi dengan alat bantu visual yang dirancang untuk membantu siswa agar berhasil mencapai tujuan pembelajaran kursus. kursus disampaikan dalam kombinasi berbasis aktivitas kelas dan berbasis praktik. praktikum akan dilakukan dalam beberapa mode yang berbeda antara lain simulator jaringan packet tracer dan praktik langsung menggunakan router dan switch di lingkungan laboratorium. sangat penting bahwa siswa mengambil minat aktif dalam kursus. untuk berhasil dalam mata kuliah ini, siswa harus membaca, berpikir, dan menulis secara kritis dan analitis dan ini membutuhkan waktu dan latihan. latihan seperti itu hanya dapat dicapai dengan latihan kerja. ketika masalah muncul, dan masalah itu akan terjadi, siswa harus mengajukan pertanyaan yang mungkin ditujukan kepada instruktur atau siswa lain dalam berbagai cara. siswa juga didorong untuk bekerja sama dalam kumpulan masalah sebagai bagian dari latihan mereka. namun, individu pada akhirnya harus menunjukkan pemahaman materi dengan menuliskan solusinya sendiri tanpa bantuan siswa lain atau karya tertulis mereka. rata-rata siswa perlu menghabiskan setidaknya 6 jam belajar dan persiapan per minggu untuk kursus ini.",Hard,5,CPL-TIF-05 | CPL-TIF-07 | CPL-TIF-03 | CPL-TIF-09 | CPL-TIF-04,mempunyai kemampuan komunikasi dalam mendefinisikan kebutuhan organisasi akan teknik informatika secara detail dan menyeluruh f | memiliki keahlian bidang bisnis dan teknologi baik secara konseptual maupun praktikal dan mampu melanjutkan studi di bidang teknik informatika dan teknologi informasi 2 | memiliki pengetahuan yang memadai terkait dengan cara membangun teknik informatika berdasarkan metodologi yang teruji dan diterapkan secara internasional d | mampu berkontribusi dalam meningkatkan pemberdayaan masyarakat berbasis pengetahuan di bidang teknik informatika melalui penerapan keilmuan pemenuhan prinsipprinsip etika dan pengembagan ilmu pengetahuan dan teknologi informasi penelitian untuk menjawab kebutuhan masyarakat dalam mengatasi permasalahannya 3 | mampu meningkatkan pengetahuan dan kemampuan terkait pemanfaatan database dalam mendukung perkembangan teknologi informasi e,0.4167 | 0.3732 | 0.3595 | 0.3594 | 0.343,0.3704,0.4167,Not Aligned
TIF302,Pengantar Intelejensi Artifisial,"Error 500 (Server Error)!!1500.That’s an error.There was an error. Please try again later.That’s all we know. Tujuan mata kuliah Setelah menyelesaikan mata kuliah ini, mahasiswa diharapkan memiliki pengetahuan tentang konsep dasar kecerdasan buatan, pengembangan aplikasi sistem cerdas, komponen sistem cerdas, dan aplikasi sistem cerdas. memiliki pengetahuan tentang konsep dasar pengetahuan dan berbagai metode representasi pengetahuan mampu mewakili pengetahuan yang berkaitan dengan dunia nyata memiliki pengetahuan dan kemampuan memecahkan masalah dengan menerapkan berbagai metode pencarian. memiliki pengetahuan tentang penerapan bidang kecerdasan buatan. Error 500 (Server Error)!!1500.That’s an error.There was an error. Please try again later.That’s all we know.",Hard,5,CPL-TIF-09 | CPL-TIF-03 | CPL-TIF-02 | CPL-TIF-04 | CPL-TIF-08,mampu berkontribusi dalam meningkatkan pemberdayaan masyarakat berbasis pengetahuan di bidang teknik informatika melalui penerapan keilmuan pemenuhan prinsipprinsip etika dan pengembagan ilmu pengetahuan dan teknologi informasi penelitian untuk menjawab kebutuhan masyarakat dalam mengatasi permasalahannya 3 | memiliki pengetahuan yang memadai terkait dengan cara membangun teknik informatika berdasarkan metodologi yang teruji dan diterapkan secara internasional d | mampu bersaing di pasar global dengan pengetahuan dan kemampuan yang memadai terkait penerapan teknik informatikateknologi informasi dalam organisasi c | mampu meningkatkan pengetahuan dan kemampuan terkait pemanfaatan database dalam mendukung perkembangan teknologi informasi e | mampu mengembangkan kepribadian yang berkualitas berintegritas dan bersemangat kemandirian yang inovatifkreatif didukung penguasaan teknologi teknik informatika yang baik secara konseptual maupun praktikal b,0.5753 | 0.5321 | 0.502 | 0.4832 | 0.4503,0.5086,0.5753,Not Aligned
TIF305,Pemodelan dan Simulasi Jaringan,"uraian mata kuliah pada kuliah ini akan membahas tentang konsep, struktur dan mekanisme pemodelan jaringan dan simulasi komputer. ia juga menyajikan, sejelas dan selengkap mungkin, sifat dan karakteristik simulasi komputer dan pemodelan jaringan. topik yang dibahas meliputi gambaran umum simulasi komputer dan jaringan, membangun model konseptual dan pemodelan jaringan, simulasi probabilitas, simulasi variabel acak, dan proses stokastik, simulasi kejadian diskrit, grafik kejadian, membangun program simulasi dari simulasi hingga penerapan, teori antrian, simulasi proses antrian, hingga model layering jaringan. Tujuan kursus Setelah menyelesaikan kursus ini, siswa harus dapat memahami konsep, struktur, dan mekanisme simulasi komputer dan pemodelan jaringan. menyajikan, sejelas mungkin, sifat dan karakteristik model konseptual dan pemodelan jaringan. memiliki pengetahuan tentang simulasi probabilitas. memiliki pengetahuan tentang simulasi variabel acak. memiliki pengetahuan tentang proses stokastik. memiliki pengetahuan tentang simulasi kejadian diskrit dan grafik kejadian. memiliki pengetahuan tentang membangun program simulasi mulai dari simulasi hingga penerapan. memiliki pengetahuan tentang teori antrian. memiliki pengetahuan tentang pemodelan masukan dan analisis keluaran. memiliki pengetahuan tentang alat dan pendekatan pemodelan untuk simulasi perangkat keras dan sistem. memiliki pengetahuan tentang pembangkitan variasi acak dan pembangkitan bilangan acak. memiliki pengetahuan tentang model layering jaringan. f silabus ppkr1 tif305 (rencana pembelajaran semester) metode pengajaran pengajaran di kelas terdiri dari ceramah dan pemecahan masalah praktis, dilengkapi dengan alat bantu visual yang dirancang untuk membantu siswa agar berhasil memenuhi tujuan pembelajaran kursus. sangat penting bahwa siswa mengambil minat aktif dalam kursus. untuk berhasil dalam mata kuliah ini, siswa harus membaca, berpikir, dan menulis secara kritis dan analitis dan ini membutuhkan waktu dan latihan. latihan seperti itu hanya dapat dicapai dengan latihan kerja. ketika masalah muncul, dan masalah itu akan terjadi, siswa harus mengajukan pertanyaan yang mungkin ditujukan kepada instruktur atau siswa lain dalam berbagai cara. siswa juga didorong untuk bekerja sama dalam kumpulan masalah sebagai bagian dari latihan mereka. namun, individu pada akhirnya harus menunjukkan pemahaman materi dengan menuliskan solusinya sendiri tanpa bantuan siswa lain atau karya tertulis mereka. rata-rata siswa perlu menghabiskan setidaknya 6 jam belajar dan persiapan per minggu untuk kursus ini.",Hard,5,CPL-TIF-05 | CPL-TIF-07 | CPL-TIF-06 | CPL-TIF-03 | CPL-TIF-09,mempunyai kemampuan komunikasi dalam mendefinisikan kebutuhan organisasi akan teknik informatika secara detail dan menyeluruh f | memiliki keahlian bidang bisnis dan teknologi baik secara konseptual maupun praktikal dan mampu melanjutkan studi di bidang teknik informatika dan teknologi informasi 2 | mampu membuat desain secara holistik sebuah model dan arsitektur teknik informatika yang mendukung organisasi dan bisnisnya dengan menggunakan standar internasional g | memiliki pengetahuan yang memadai terkait dengan cara membangun teknik informatika berdasarkan metodologi yang teruji dan diterapkan secara internasional d | mampu berkontribusi dalam meningkatkan pemberdayaan masyarakat berbasis pengetahuan di bidang teknik informatika melalui penerapan keilmuan pemenuhan prinsipprinsip etika dan pengembagan ilmu pengetahuan dan teknologi informasi penelitian untuk menjawab kebutuhan masyarakat dalam mengatasi permasalahannya 3,0.4082 | 0.3864 | 0.3679 | 0.3526 | 0.3501,0.373,0.4082,Not Aligned
TIF307,Komunikasi Nirkabel,"deskripsi kursus deskripsi matakuliah ini memandu siswa mempelajari komunikasi nirkabel dan seluler mulai dari pengenalan, tantangan atau permasalahan yang dihadapi serta metode yang digunakan untuk mengatasi interferensi. topik yang dibahas meliputi kehilangan jalur dan multipath, kapasitas saluran, modulasi digital dan tinjauan deteksi, fading, keragaman, pengkodean, pemerataan, multicarrier, multi pengguna, spektrum penyebaran, dan sistem seluler. tujuan mata kuliah kompetensi kompetensi yang dibebankan pada mata kuliahliah Pada akhir mata kuliah ini, mahasiswa harus mampu memahami topik komunikasi nirkabel dan komunikasi bergerak, mulai dari prinsip dasar, metode mengatasi gangguan komunikasi dan perkembangan teknologi nirkabel. metode pengajaran metode pembelajaran dosen dapat menggunakan ceramah, soal dan latihan praktikum komputer dari buku teks dalam presentasi power point dan diskusi interaktif baik melalui cara tatap muka konvensional atau melalui sistem pengelolaan kursus online. f silabus ppkr1 (rencana pembelajaran semester) tif307 hal. 2/3",Hard,5,CPL-TIF-05 | CPL-TIF-10 | CPL-TIF-07 | CPL-TIF-09 | CPL-TIF-04,mempunyai kemampuan komunikasi dalam mendefinisikan kebutuhan organisasi akan teknik informatika secara detail dan menyeluruh f | mampu meningkatkan kemampuan komunikasi efektif secara lisan dan tertulis dalam memberikan kontribusi manfaat yang positif bagi organisasi dengan memahami ketentuan hukum yang berlaku serta tatanannorma dalam masyarakat b | memiliki keahlian bidang bisnis dan teknologi baik secara konseptual maupun praktikal dan mampu melanjutkan studi di bidang teknik informatika dan teknologi informasi 2 | mampu berkontribusi dalam meningkatkan pemberdayaan masyarakat berbasis pengetahuan di bidang teknik informatika melalui penerapan keilmuan pemenuhan prinsipprinsip etika dan pengembagan ilmu pengetahuan dan teknologi informasi penelitian untuk menjawab kebutuhan masyarakat dalam mengatasi permasalahannya 3 | mampu meningkatkan pengetahuan dan kemampuan terkait pemanfaatan database dalam mendukung perkembangan teknologi informasi e,0.549 | 0.3893 | 0.3787 | 0.3515 | 0.3084,0.3954,0.549,Not Aligned
TIF309,Sistem Terdistribusi,"Error 500 (Server Error)!!1500.That’s an error.There was an error. Please try again later.That’s all we know. tujuan kursus Tujuan kursus ini adalah sebagai berikut menyajikan prinsip-prinsip yang mendasari fungsi sistem terdistribusi dan perluasannya pada komputasi grid, komputasi awan, dan teknik virtualisasi. menciptakan kesadaran akan tantangan teknis mendasar dalam desain dan implementasi sistem terdistribusi. memaparkan siswa pada teknologi terkini yang digunakan untuk membangun arsitektur guna meningkatkan infrastruktur komputasi terdistribusi dengan berbagai prinsip dan paradigma komputasi, termasuk komputasi grid dan cloud. meningkatkan pemahaman siswa tentang isu-isu utama yang terkait dengan interoperabilitas multi level di seluruh infrastruktur terdistribusi dan di berbagai sumber daya yang heterogen dan terdistribusi dalam lingkungan komputasi yang berubah secara dinamis. memaparkan siswa pada masalah penelitian masa lalu dan terkini di bidang sistem terdistribusi dan tantangan baru dalam komputasi awan. memberikan pengalaman dalam menganalisis model komputasi terdistribusi dan mengimplementasikan ritme algo khas yang digunakan dalam sistem terdistribusi dan aplikasi terdistribusi di infrastruktur cloud. menjelaskan apa itu sistem terdistribusi, mengapa siswa merancang suatu sistem sebagai sistem terdistribusi, dan apa sifat-sifat yang diinginkan dari sistem tersebut. membuat daftar prinsip-prinsip yang mendasari berfungsinya sistem terdistribusi, menjelaskan masalah dan tantangan yang terkait dengan prinsip-prinsip ini dan mengevaluasi efektivitas dan kekurangan solusinya. mengenali bagaimana prinsip-prinsip tersebut diterapkan dalam sistem terdistribusi kontemporer, menjelaskan bagaimana prinsip-prinsip tersebut mempengaruhi desain perangkat lunak, dan mampu mengidentifikasi fitur dan keputusan desain yang mungkin menyebabkan masalah. f silabus ppkr1 tif309 (rencana pembelajaran semester) merancang sistem terdistribusi yang memenuhi persyaratan sehubungan dengan sifat-sifat utama sistem terdistribusi (seperti skalabilitas, transparansi, dll), mampu mengenali ketika hal ini tidak memungkinkan dan menjelaskan alasannya. membangun perangkat lunak sistem terdistribusi menggunakan mekanisme os dasar serta perangkat lunak dan bahasa tingkat menengah yang lebih tinggi. metode pengajaran pengajaran di kelas terdiri dari ceramah dan pemecahan masalah praktis, dilengkapi dengan alat bantu visual yang dirancang untuk membantu siswa agar berhasil mencapai tujuan pembelajaran kursus. sangat penting bahwa siswa mengambil minat aktif dalam kursus. untuk berhasil dalam mata kuliah ini, siswa harus membaca, berpikir, dan menulis secara kritis dan analitis dan ini membutuhkan waktu dan latihan. latihan seperti itu hanya dapat dicapai dengan latihan kerja. ketika masalah muncul, dan masalah itu akan terjadi, siswa harus mengajukan pertanyaan yang mungkin ditujukan kepada instruktur atau siswa lain dalam berbagai cara. siswa juga didorong untuk bekerja sama dalam kumpulan masalah sebagai bagian dari latihan mereka. namun, individu pada akhirnya harus menunjukkan pemahaman materi dengan menuliskan solusinya sendiri tanpa bantuan siswa lain atau karya tertulis mereka. rata-rata siswa perlu menghabiskan setidaknya 9 jam belajar dan persiapan per minggu untuk kursus ini.",Hard,5,CPL-TIF-09 | CPL-TIF-07 | CPL-TIF-03 | CPL-TIF-05 | CPL-TIF-04,mampu berkontribusi dalam meningkatkan pemberdayaan masyarakat berbasis pengetahuan di bidang teknik informatika melalui penerapan keilmuan pemenuhan prinsipprinsip etika dan pengembagan ilmu pengetahuan dan teknologi informasi penelitian untuk menjawab kebutuhan masyarakat dalam mengatasi permasalahannya 3 | memiliki keahlian bidang bisnis dan teknologi baik secara konseptual maupun praktikal dan mampu melanjutkan studi di bidang teknik informatika dan teknologi informasi 2 | memiliki pengetahuan yang memadai terkait dengan cara membangun teknik informatika berdasarkan metodologi yang teruji dan diterapkan secara internasional d | mempunyai kemampuan komunikasi dalam mendefinisikan kebutuhan organisasi akan teknik informatika secara detail dan menyeluruh f | mampu meningkatkan pengetahuan dan kemampuan terkait pemanfaatan database dalam mendukung perkembangan teknologi informasi e,0.4146 | 0.3812 | 0.3751 | 0.3749 | 0.3412,0.3774,0.4146,Not Aligned
TIF310,Interpersonal Skill,"course description deskripsi matakuliah interpersonal skill merupakan bagian dari soft skills dalam pengembangan karakter yang merupakan tuntutan dari perkembangan zaman seperti media sosial, pasar bebas, teknologi, informasi dan tantangan kebutuhan global. tuntutan dari perkembangan paham inklusi sosial, budaya, ekonomi dan perkembangan politik agar bijak dan cakap dalam membangun relasi sosial antar sesama manusia didalam pekerjaaan, komunitas dan hidup sehari hari, di masyarakat, di kantor, di media sosial, di jalan, di dalam organisasi, di dunia bisnis dan lain lain. course objectives sasaran kompetensi lulusan yang dibebankan pada matakuliah mengaktualisasi diri secara baik, berani dan benar ( citra diri yang baik ). menjaga keharmonisan dalam hubungan pergaulan hidup sehari hari dimana saja dan kapan saja. mengkomunikasikan informasi yang benar, cepat dan tepat. membangun komunitas atau team yang solid, harmonis dan bersinergi secara baik dan optimal. menempatkan diri secara benar dan tepat pada bidangnya menjadi pemecah masalah bukan sumber masalah. menjadi pribadi yang menyenangkan dan yang bermanfaat bagi dunia dan kemuliaan tuhan menjadi negosiator, persuasitor dan pemimpin yang bijak, cakap dan berhasil metode pengajaran metode pembelajaran pengajaran kelas meliputi pengenalan, konsep, diskusi kelompok, contoh dunia nyata, studi kasus, pembelajaran berbasis masalah dan menulis serta menyajikan makalah. mahasiswa diharapkan sudah membaca materi mata kuliah di power point atau text book sebelum di kelas",Soft,1,CPL-TIF-01,memiliki kepribadian yang beriman dan bertaqwa kepada tuhan yme berbudi pekerti luhur mempunyai tanggung jawab kemasyarakatan dan kebangsaan menjunjung tinggi norma dan etika yang berlaku di masyarakat serta mempunyai jiwa kewirausahaan yang kuat b,0.2933,0.2933,0.2933,Not Aligned
TIF311,Multimedia Systems,"Error 500 (Server Error)!!1500.That’s an error.There was an error. Please try again later.That’s all we know. tujuan kursus setelah menyelesaikan kursus ini, siswa harus dapat memahami relevansi dan infrastruktur yang mendasari sistem multimedia. memahami teknologi dan standar multimedia inti (audio digital, grafik, video, vr, transmisi/kompresi data) menyadari faktor-faktor yang terlibat dalam kinerja sistem multimedia, topik integrasi dan evaluasi dalam modul mencakup pengenalan aplikasi dan persyaratan multimedia berikut (misalnya, ikhtisar sistem multimedia, video sesuai permintaan, televisi interaktif, konferensi video, hypermedia courseware, groupware, world wide web, dan perpustakaan digital). dasar-dasar audio/video termasuk representasi analog dan digital, persepsi manusia, dan peralatan audio/video, aplikasi. kompresi audio dan video f ppkr1 rps tif311 (rencana pembelajaran semester) – pengkode transformasi persepsi untuk gambar/video (misalnya, jpeg, mpeg, h.263, dll.), – pengkode yang dapat diskalakan (misalnya, pengkode piramida), – pengkode audio perseptual. – aplikasi dan algoritma pemrosesan gambar dan video. perangkat keras dan perangkat lunak multimedia termasuk arsitektur dan perangkat komputer, dukungan sistem operasi, protokol kerja jaringan, jaringan multicast (mbone), layanan dan toolkit sistem media berkelanjutan, serta server dan sistem penyimpanan media digital. realitas virtual multimedia tingkat lanjut, realitas tertambah, basis data multimedia/perpustakaan digital studi kasus sistem multimedia (misalnya, makalah, penelitian, lingkungan simulasi, dokumen, dll.). tujuan yang disebutkan di atas harus diselaraskan ke dalam kompetensi berikut a. pengetahuan (informasi plus pemahaman) a.pengetahuan sejarah dan umum tentang sistem multimedia a.dasar-dasar representasi multimedia, persepsi manusia, peralatan, aplikasi a.memahami cara manusia mempersepsikan suara a.memahami pemrosesan dan kompresi audio a.memahami cara manusia mempersepsikan rangsangan visual a.memahami metode dan teknik kompresi data a.memahami representasi dan kompresi gambar/video digital a.masalah kinerja sistem multimedia a.masalah multimedia tingkat lanjut b. keterampilan (penerapan pengetahuan) b.mengenali dan menerapkan berbagai sistem dan teknologi multimedia untuk tujuan yang berbeda b.mengidentifikasi media yang berbeda untuk data multimedia b.menghitung pengukuran kualitas data multimedia b.mengidentifikasi dan menggunakan format data multimedia yang berbeda b.mengidentifikasi redundansi data multimedia dan menerapkan metode kompresi data b.mengidentifikasi teknik-teknik lanjutan dalam pengkodean multimedia b.mengidentifikasi dan menggunakan metode jaringan multimedia yang berbeda c. nilai dan sikap c.menghargai nilai dasar sistem multimedia dan penggunaannya c.mengembangkan pemahaman tentang berbagai metode dan teknik yang digunakan dalam sistem multimedia c.mengembangkan keterampilan dasar analisis dan pemecahan masalah melalui penerapan sistem multimedia metode pengajaran pengajaran di kelas terdiri dari ceramah dan pemecahan masalah praktis, dilengkapi dengan alat bantu visual yang dirancang untuk membantu siswa agar berhasil mencapai tujuan pembelajaran kursus. sangat penting bahwa siswa mengambil minat aktif dalam kursus. untuk berhasil dalam mata kuliah ini, siswa harus membaca, berpikir, dan menulis secara kritis dan analitis dan ini membutuhkan waktu dan latihan. praktik seperti itu hanya dapat dicapai dengan melakukan latihan teori dan praktik. ketika masalah muncul, dan masalah itu akan terjadi, siswa harus mengajukan pertanyaan yang mungkin ditujukan kepada instruktur atau siswa lain dalam berbagai cara. siswa juga didorong untuk bekerja sama dalam kumpulan masalah sebagai bagian dari latihan mereka. namun, individu pada akhirnya harus menunjukkan pemahaman materi dengan menuliskan solusinya sendiri tanpa bantuan siswa lain atau karya tertulis mereka. rata-rata siswa perlu menghabiskan setidaknya 6 jam belajar dan persiapan per minggu untuk kursus ini.",Hard,5,CPL-TIF-05 | CPL-TIF-07 | CPL-TIF-09 | CPL-TIF-02 | CPL-TIF-04,mempunyai kemampuan komunikasi dalam mendefinisikan kebutuhan organisasi akan teknik informatika secara detail dan menyeluruh f | memiliki keahlian bidang bisnis dan teknologi baik secara konseptual maupun praktikal dan mampu melanjutkan studi di bidang teknik informatika dan teknologi informasi 2 | mampu berkontribusi dalam meningkatkan pemberdayaan masyarakat berbasis pengetahuan di bidang teknik informatika melalui penerapan keilmuan pemenuhan prinsipprinsip etika dan pengembagan ilmu pengetahuan dan teknologi informasi penelitian untuk menjawab kebutuhan masyarakat dalam mengatasi permasalahannya 3 | mampu bersaing di pasar global dengan pengetahuan dan kemampuan yang memadai terkait penerapan teknik informatikateknologi informasi dalam organisasi c | mampu meningkatkan pengetahuan dan kemampuan terkait pemanfaatan database dalam mendukung perkembangan teknologi informasi e,0.5098 | 0.4698 | 0.4241 | 0.4044 | 0.3873,0.4391,0.5098,Not Aligned
TIF312,IT Project Management,"deskripsi mata kuliah deskripsi matakuliah mata kuliah ini berfokus pada manajemen proyek teknologi informasi. ini memperkenalkan dasar-dasar manajemen proyek menggunakan konsep dan aplikasi. metodologi proyek teknologi informasi umum (itpm) digunakan. sembilan bidang badan pengetahuan manajemen proyek (pmbok) lembaga manajemen proyek digabungkan. kursus ini bertujuan untuk memperkenalkan teori dan praktik manajemen proyek melalui pandangan terpadu tentang konsep, keterampilan, alat, dan teknik yang terlibat dalam pengelolaan proyek yang menekankan pada teknologi informasi. tujuan kursus sasaran kompetensi kompetensi yang dibebankan pada matakuliah tujuan kursus dibagi menjadi kemampuan kerja dan keterampilan kewirausahaan tentang manajemen proyek dan hasil khusus program studi tentang manajemen proyek, yang harus ditunjukkan oleh siswa pada saat mereka menyelesaikan kursus mereka. kemampuan kerja dan keterampilan kewirausahaan terdiri dari perencanaan dan pengorganisasian, pemecahan masalah dan pengambilan keputusan, manajemen diri, kerja tim, komunikasi, dan inisiatif serta usaha di dalamnya manajemen proyek. Namun, kursus ini secara khusus berfokus pada pencapaian kemampuan kerja dan keterampilan kewirausahaan berikut serta hasil khusus program studi dalam manajemen proyeknya. f silabus ppkr1 (rencana pembelajaran semester) tif312 hal. 2/3 metode pengajaran metode pembelajaran pengajaran di kelas terdiri dari ceramah dan pemecahan masalah praktis, diskusi, dan kunjungan lapangan untuk membantu siswa agar berhasil mencapai tujuan pembelajaran mata kuliah tersebut.",Hard,5,CPL-TIF-07 | CPL-TIF-05 | CPL-TIF-06 | CPL-TIF-02 | CPL-TIF-03,memiliki keahlian bidang bisnis dan teknologi baik secara konseptual maupun praktikal dan mampu melanjutkan studi di bidang teknik informatika dan teknologi informasi 2 | mempunyai kemampuan komunikasi dalam mendefinisikan kebutuhan organisasi akan teknik informatika secara detail dan menyeluruh f | mampu membuat desain secara holistik sebuah model dan arsitektur teknik informatika yang mendukung organisasi dan bisnisnya dengan menggunakan standar internasional g | mampu bersaing di pasar global dengan pengetahuan dan kemampuan yang memadai terkait penerapan teknik informatikateknologi informasi dalam organisasi c | memiliki pengetahuan yang memadai terkait dengan cara membangun teknik informatika berdasarkan metodologi yang teruji dan diterapkan secara internasional d,0.5692 | 0.552 | 0.5078 | 0.4603 | 0.4556,0.509,0.5692,Not Aligned
TIF313,Wide Area Network (WAN),"Deskripsi Kursus Kursus ini berfokus pada teknologi lemah dan layanan jaringan yang dibutuhkan oleh aplikasi terkonvergensi dalam jaringan yang kompleks. menjelaskan berbagai teknologi wan dan manfaatnya, pengoperasian dan manfaat jaringan pribadi virtual (vpn) dan terowongan serta arsitektur jaringan. siswa belajar mengkonfigurasi, memecahkan masalah koneksi serial dan broadband, operasi acls yang diperluas. akhirnya, siswa belajar bagaimana mendeteksi, memecahkan masalah dan memperbaiki masalah umum implementasi jaringan perusahaan. setiap bab memandu siswa melalui konfigurasi dasar, implementasi, dan prinsip pemecahan masalah. Selain itu, aktivitas packet tracer (pt) memperkuat konsep baru, dan memungkinkan siswa untuk memodelkan dan menganalisis proses routing yang mungkin sulit untuk divisualisasikan atau dipahami. tujuan kursus Kurikulum ini membekali siswa dengan keterampilan yang dibutuhkan untuk berhasil dalam program gelar terkait jaringan dan membantu mereka mempersiapkan diri untuk sertifikasi ccna. ini juga membantu siswa mengembangkan keterampilan yang diperlukan untuk memenuhi tanggung jawab pekerjaan teknisi jaringan, administrator jaringan, dan insinyur jaringan. ini memberikan pengenalan langsung tentang jaringan dan internet yang kaya secara teoritis. tujuan kursus ini adalah untuk memperkenalkan konsep dan teknologi jaringan dasar kepada siswa. kursus ini akan membantu siswa dalam mengembangkan keterampilan yang diperlukan untuk merencanakan dan mengimplementasikan jaringan kecil di berbagai aplikasi. setelah menyelesaikan kursus ini, siswa harus dapat mempelajari dasar-dasar perusahaan, teknologi yang tersedia untuk mengimplementasikannya, dan terminologi teknis. menggambarkan peningkatan ancaman keamanan jaringan saat ini dan menjelaskan perlunya menerapkan kebijakan keamanan yang komprehensif untuk memitigasi ancaman tersebut. mempelajari komunikasi serial point to point dan protokol point to point (ppp). mempelajari pentingnya keamanan untuk menemukan keseimbangan antara kebutuhan untuk membuka jaringan dan kebutuhan untuk melindungi informasi bisnis, serta mempelajari ancaman keamanan dan teknik mitigasi. pelajari cara mengamankan konektivitas situs ke situs. pelajari teknologi broadband dari sudut pandang telecommuter, seperti kabel, DSLR, broadband nirkabel, dan vpns. belajar mengidentifikasi persyaratan pekerja jarak jauh dan arsitekturnya, serta pengenalan IPv6. belajar memantau jaringan menggunakan alat pemantauan jaringan. pelajari cara menetapkan dasar jaringan dan belajar mengembangkan dokumentasi jaringan untuk membantu pemecahan masalah jaringan. metode pengajaran pengajaran di kelas terdiri dari ceramah dan pemecahan masalah praktis, dilengkapi dengan alat bantu visual yang dirancang untuk membantu siswa agar berhasil mencapai tujuan pembelajaran kursus. kursus disampaikan dalam kombinasi berbasis kelas dan berbasis praktis. praktik akan dilakukan dalam beberapa mode berbeda termasuk simulator jaringan pelacak paket dan praktik langsung menggunakan router dan sakelar di lingkungan laboratorium. Sangat penting bagi siswa untuk mengambil minat aktif dalam kursus. untuk berhasil dalam kursus ini, siswa harus membaca, berpikir, dan menulis dengan cara yang kritis dan analitis dan ini membutuhkan waktu dan silabus tif306 – praktik jaringan area luas. latihan seperti itu hanya dapat dicapai dengan latihan kerja. ketika masalah muncul, dan masalah itu akan terjadi, siswa harus mengajukan pertanyaan yang mungkin ditujukan kepada instruktur atau siswa lain dalam berbagai cara. siswa juga didorong untuk bekerja sama dalam kumpulan masalah sebagai bagian dari latihan mereka. namun, individu pada akhirnya harus menunjukkan pemahaman materi dengan menuliskan solusinya sendiri tanpa bantuan siswa lain atau karya tertulis mereka. rata-rata siswa perlu menghabiskan setidaknya 6 jam belajar dan persiapan per minggu untuk kursus ini.",Hard,5,CPL-TIF-05 | CPL-TIF-09 | CPL-TIF-07 | CPL-TIF-04 | CPL-TIF-03,mempunyai kemampuan komunikasi dalam mendefinisikan kebutuhan organisasi akan teknik informatika secara detail dan menyeluruh f | mampu berkontribusi dalam meningkatkan pemberdayaan masyarakat berbasis pengetahuan di bidang teknik informatika melalui penerapan keilmuan pemenuhan prinsipprinsip etika dan pengembagan ilmu pengetahuan dan teknologi informasi penelitian untuk menjawab kebutuhan masyarakat dalam mengatasi permasalahannya 3 | memiliki keahlian bidang bisnis dan teknologi baik secara konseptual maupun praktikal dan mampu melanjutkan studi di bidang teknik informatika dan teknologi informasi 2 | mampu meningkatkan pengetahuan dan kemampuan terkait pemanfaatan database dalam mendukung perkembangan teknologi informasi e | memiliki pengetahuan yang memadai terkait dengan cara membangun teknik informatika berdasarkan metodologi yang teruji dan diterapkan secara internasional d,0.4948 | 0.4532 | 0.4281 | 0.3906 | 0.3884,0.431,0.4948,Not Aligned
TIF351,Sistem Informasi Manajemen,"Deskripsi Mata Kuliah Mata kuliah ini membahas sistem informasi sebagai salah satu alat utama yang tersedia bagi manajer bisnis untuk mencapai keunggulan operasional, mengembangkan produk dan layanan baru, meningkatkan pengambilan keputusan, dan mencapai keunggulan kompetitif. hal ini juga membahas bagaimana perusahaan bisnis saat ini menggunakan teknologi dan sistem informasi untuk mencapai tujuan perusahaan. Tujuan kursus Setelah menyelesaikan kursus ini, siswa harus mampu memahami dasar-dasar pengelolaan perusahaan digital termasuk konsep organisasi, manajemen, dan jaringan perusahaan, infrastruktur teknologi informasi, aplikasi sistem utama untuk era digital, dan membangun dan mengelola sistem. (c1) harus mampu memahami sistem informasi dalam bisnis global, bisnis elektronik global dan kolaborasi, sistem informasi, organisasi dan strategi, masalah etika dan sosial dalam sistem informasi. (c1) akan dapat mengetahui infrastruktur dan teknologi baru, landasan basis data intelijen bisnis dan manajemen informasi, telekomunikasi, internet, dan teknologi nirkabel, serta pengamanan sistem informasi. (c2) akan mampu menjelaskan pencapaian keunggulan operasional dan keintiman pelanggan aplikasi perusahaan, pasar digital e commerce, barang digital, pengelolaan pengetahuan dan peningkatan pengambilan keputusan. (c3) akan mampu menganalisis membangun sistem informasi, dan mengelola proyek. (c3) metode pengajaran pengajaran di kelas terdiri dari ceramah dan pemecahan masalah praktis, dilengkapi dengan alat bantu visual yang dirancang untuk membantu siswa agar berhasil mencapai tujuan pembelajaran kursus. sangat penting bahwa siswa mengambil minat aktif dalam kursus. untuk berhasil dalam mata kuliah ini, siswa harus membaca, berpikir, dan menulis secara kritis dan analitis dan ini membutuhkan waktu dan latihan. latihan seperti itu hanya dapat dicapai dengan latihan kerja. ketika masalah muncul, dan masalah itu akan terjadi, siswa harus mengajukan pertanyaan yang mungkin ditujukan kepada instruktur atau siswa lain dalam berbagai cara. f silabus ppkr1 tif351 (rencana pembelajaran semester) siswa juga didorong untuk bekerja sama dalam kumpulan masalah sebagai bagian dari latihan mereka. namun, individu pada akhirnya harus menunjukkan pemahaman materi dengan menuliskan solusinya sendiri tanpa bantuan siswa lain atau karya tertulis mereka. rata-rata siswa perlu menghabiskan sekitar, setidaknya, 9 jam belajar dan persiapan per minggu untuk kursus ini.",Hard,5,CPL-TIF-07 | CPL-TIF-05 | CPL-TIF-02 | CPL-TIF-09 | CPL-TIF-11,memiliki keahlian bidang bisnis dan teknologi baik secara konseptual maupun praktikal dan mampu melanjutkan studi di bidang teknik informatika dan teknologi informasi 2 | mempunyai kemampuan komunikasi dalam mendefinisikan kebutuhan organisasi akan teknik informatika secara detail dan menyeluruh f | mampu bersaing di pasar global dengan pengetahuan dan kemampuan yang memadai terkait penerapan teknik informatikateknologi informasi dalam organisasi c | mampu berkontribusi dalam meningkatkan pemberdayaan masyarakat berbasis pengetahuan di bidang teknik informatika melalui penerapan keilmuan pemenuhan prinsipprinsip etika dan pengembagan ilmu pengetahuan dan teknologi informasi penelitian untuk menjawab kebutuhan masyarakat dalam mengatasi permasalahannya 3 | mampu memberikan wawasan keilmuan dan keunggulan dalam bidang teknik informatika untuk berkarya melalui pengalaman kerja serta meningkatkan sikap dan mental kewirausahaan secara profesional,0.6708 | 0.652 | 0.6418 | 0.5652 | 0.5407,0.6141,0.6708,Aligned
TIF352,Tata Kelola Sistem Informasi,"deskripsi mata kuliah sistem informasi dan strategi pengelolaannya berubah dengan cepat, namun konsep yang memandu keduanya sering kali tidak lekang oleh waktu. prinsip-prinsip ini menjadi tulang punggung survei lapangan yang komprehensif ini, yang dirancang untuk kursus pertama siswa dalam sistem informasi. dengan menyajikan rincian dan gambaran besarnya, kursus ini menempatkan pembelajaran dalam mengelola sistem informasi ke dalam konteks yang dapat dimengerti. prinsip keseluruhannya adalah bahwa informasi yang benar, jika disampaikan kepada orang yang tepat, dengan cara yang benar, dan pada waktu yang tepat, dapat meningkatkan dan menjamin efektivitas dan efisiensi organisasi. tujuan kursus kursus ini bertujuan untuk memberikan siswa konsep dasar sistem informasi. pengenalan dimulai dari esensi sistem informasi, infrastruktur, globalisasi, investasi dan strategi, e-commerce, web 0, intelijen bisnis, perusahaan, pengembangan dan akuisisi, keamanan dan kontrol, serta etika & kejahatan. pada akhir kursus ini, siswa harus mampu  menunjukkan pemahaman tentang konsep-konsep penting sistem informasi.  menunjukkan pemahaman manfaat sistem informasi.  menunjukkan kompetensi dalam penerapan sistem informasi dalam organisasi.  menunjukkan kompetensi dalam penerapan sistem informasi dalam bisnis.  menunjukkan pemahaman tentang isu-isu, perolehan pengembangan sistem informasi.  menunjukkan pemahaman tentang keamanan dan kontrol dalam sistem informasi. metode pengajaran pengajaran di kelas terdiri dari ceramah dan pemecahan masalah, dilengkapi dengan alat bantu visual yang dirancang untuk membantu siswa agar berhasil mencapai tujuan pembelajaran kursus. silabus [tif 106] hal. 2/5",Hard,5,CPL-TIF-09 | CPL-TIF-02 | CPL-TIF-05 | CPL-TIF-04 | CPL-TIF-07,mampu berkontribusi dalam meningkatkan pemberdayaan masyarakat berbasis pengetahuan di bidang teknik informatika melalui penerapan keilmuan pemenuhan prinsipprinsip etika dan pengembagan ilmu pengetahuan dan teknologi informasi penelitian untuk menjawab kebutuhan masyarakat dalam mengatasi permasalahannya 3 | mampu bersaing di pasar global dengan pengetahuan dan kemampuan yang memadai terkait penerapan teknik informatikateknologi informasi dalam organisasi c | mempunyai kemampuan komunikasi dalam mendefinisikan kebutuhan organisasi akan teknik informatika secara detail dan menyeluruh f | mampu meningkatkan pengetahuan dan kemampuan terkait pemanfaatan database dalam mendukung perkembangan teknologi informasi e | memiliki keahlian bidang bisnis dan teknologi baik secara konseptual maupun praktikal dan mampu melanjutkan studi di bidang teknik informatika dan teknologi informasi 2,0.5615 | 0.5493 | 0.5489 | 0.5357 | 0.5077,0.5406,0.5615,Not Aligned
TIF354,Data Warehouse dan Mining,"Deskripsi Kursus Kursus ini akan membahas terutama tentang pengenalan key data warehouse dan data mining. Selain itu, mahasiswa diharapkan memperoleh pengetahuan dan keterampilan terkini untuk menjelaskan peran data warehouse dan data mining dalam lingkungan bisnis; membuat penyimpanan data yang bersih dan konsisten dalam gudang data menggunakan alat sumber terbuka yang tersedia; memanfaatkan berbagai teknik yang dikembangkan untuk penambangan data untuk menemukan pola menarik dalam database besar; menggunakan alat sumber terbuka yang ada untuk melakukan tugas penambangan data guna memecahkan masalah nyata dalam bisnis dan perdagangan; memaparkan siswa pada teknik dan ide baru yang dapat digunakan untuk meningkatkan efektivitas alat penambangan data saat ini. Error 500 (Server Error)!!1500.That’s an error.There was an error. Please try again later.That’s all we know. Error 500 (Server Error)!!1500.That’s an error.There was an error. Please try again later.That’s all we know.",Hard,5,CPL-TIF-04 | CPL-TIF-07 | CPL-TIF-09 | CPL-TIF-02 | CPL-TIF-03,mampu meningkatkan pengetahuan dan kemampuan terkait pemanfaatan database dalam mendukung perkembangan teknologi informasi e | memiliki keahlian bidang bisnis dan teknologi baik secara konseptual maupun praktikal dan mampu melanjutkan studi di bidang teknik informatika dan teknologi informasi 2 | mampu berkontribusi dalam meningkatkan pemberdayaan masyarakat berbasis pengetahuan di bidang teknik informatika melalui penerapan keilmuan pemenuhan prinsipprinsip etika dan pengembagan ilmu pengetahuan dan teknologi informasi penelitian untuk menjawab kebutuhan masyarakat dalam mengatasi permasalahannya 3 | mampu bersaing di pasar global dengan pengetahuan dan kemampuan yang memadai terkait penerapan teknik informatikateknologi informasi dalam organisasi c | memiliki pengetahuan yang memadai terkait dengan cara membangun teknik informatika berdasarkan metodologi yang teruji dan diterapkan secara internasional d,0.6061 | 0.5153 | 0.5096 | 0.4908 | 0.4577,0.5159,0.6061,Aligned
TIF356,Pengolahan Citra,"deskripsi kursus kursus ini memperkenalkan kepada siswa landasan luas berikut dalam isu seputar pemrosesan gambar – peran sistem pemrosesan gambar – desain sistem pemrosesan gambar – operasi dasar yang mendasari konsep dan representasi gambar, konvolusi pemrosesan gambar spasial dan pemrosesan domain frekuensi kompresi dan transmisi gambar, segmentasi gambar, steganografi. kesetiaan tujuan kursus setelah menyelesaikan kursus ini, siswa harus dapat memahami relevansi dan infrastruktur yang mendasari sistem pemrosesan gambar. memahami teknologi pemrosesan gambar inti menyadari faktor-faktor yang terlibat dalam kinerja sistem pemrosesan gambar, integrasi dan evaluasi topik dalam modul mencakup pengenalan berikut aplikasi pemrosesan gambar dan persyaratan representasi dasar gambar, persepsi manusia, peralatan, dan aplikasi. kompresi gambar – pengkode transformasi persepsi untuk gambar/video (misalnya, jpeg, mpeg, h.263, dll.), – pengkode yang dapat diskalakan (misalnya, pengkode piramida), f ppkr1 silabus tif356 (rencana pembelajaran semester) – aplikasi dan algoritma pemrosesan gambar dan video. tepi segmentasi gambar, warna, objek. data menyembunyikan domain piksel vs mengubah kriteria fidelitas domain subyektif, objektif Tujuan yang disebutkan di atas harus diselaraskan ke dalam kompetensi berikut a. pengetahuan (informasi plus pemahaman) a.pengetahuan umum tentang sistem pengolahan citra a.dasar-dasar representasi citra, persepsi, peralatan, aplikasi a.operasi dasar pada citra a.pemrosesan histogram pada citra a.konvolusi citra dan pemrosesan domain transformasi a.memahami dasar-dasar penyempurnaan citra a.segmentasi citra berdasarkan tepi, warna, dan objek a.kompresi citra a.aplikasi pengolahan citra termasuk penyembunyian data dan fidelitas b. keterampilan (penerapan pengetahuan) b.mengenali dan menerapkan berbagai algoritme dan teknologi pemrosesan gambar untuk tujuan yang berbeda b.mengidentifikasi format yang berbeda untuk data gambar b.menghitung pengukuran kualitas data multimedia b.mengidentifikasi dan menggunakan operasi yang berbeda pada data gambar b.mengidentifikasi redundansi data multimedia dan menerapkan metode kompresi data b.mengidentifikasi teknik lanjutan yang diubah domain b.mengidentifikasi dan menggunakan metode penilaian kualitas yang berbeda c. nilai dan sikap c.menghargai nilai dasar sistem pengolahan citra dan penggunaannya c.mengembangkan pemahaman tentang berbagai metode dan teknik yang digunakan dalam sistem pengolahan citra c.mengembangkan keterampilan dasar analisis dan pemecahan masalah melalui penerapan sistem pengolahan citra metode pengajaran pengajaran di kelas terdiri dari ceramah dan pemecahan masalah praktis, dilengkapi dengan alat bantu visual yang dirancang untuk membantu siswa agar berhasil mencapai tujuan pembelajaran kursus. sangat penting bahwa siswa mengambil minat aktif dalam kursus. untuk berhasil dalam mata kuliah ini, siswa harus membaca, berpikir, dan menulis secara kritis dan analitis dan ini membutuhkan waktu dan latihan. praktik seperti itu hanya dapat dicapai dengan melakukan latihan teori dan praktik. ketika masalah muncul, dan masalah itu akan terjadi, siswa harus mengajukan pertanyaan yang mungkin ditujukan kepada instruktur atau siswa lain dalam berbagai cara. siswa juga didorong untuk bekerja sama dalam kumpulan masalah sebagai bagian dari latihan mereka. namun, individu pada akhirnya harus menunjukkan pemahaman materi dengan menuliskan solusinya sendiri tanpa bantuan siswa lain atau karya tertulis mereka. rata-rata siswa perlu menghabiskan setidaknya 6 jam belajar dan persiapan per minggu untuk kursus ini.",Hard,5,CPL-TIF-06 | CPL-TIF-05 | CPL-TIF-07 | CPL-TIF-03 | CPL-TIF-09,mampu membuat desain secara holistik sebuah model dan arsitektur teknik informatika yang mendukung organisasi dan bisnisnya dengan menggunakan standar internasional g | mempunyai kemampuan komunikasi dalam mendefinisikan kebutuhan organisasi akan teknik informatika secara detail dan menyeluruh f | memiliki keahlian bidang bisnis dan teknologi baik secara konseptual maupun praktikal dan mampu melanjutkan studi di bidang teknik informatika dan teknologi informasi 2 | memiliki pengetahuan yang memadai terkait dengan cara membangun teknik informatika berdasarkan metodologi yang teruji dan diterapkan secara internasional d | mampu berkontribusi dalam meningkatkan pemberdayaan masyarakat berbasis pengetahuan di bidang teknik informatika melalui penerapan keilmuan pemenuhan prinsipprinsip etika dan pengembagan ilmu pengetahuan dan teknologi informasi penelitian untuk menjawab kebutuhan masyarakat dalam mengatasi permasalahannya 3,0.3935 | 0.3758 | 0.3688 | 0.3581 | 0.3389,0.367,0.3935,Not Aligned
TIF357,Ethical Hacking,"deskripsi mata kuliah deskripsi matakuliah mata kuliah ini dirancang untuk membahas apa itu aktivitas hacking dan apa arti etika dalam judul etika hacking dalam penerapannya. siswa akan dikenalkan dengan berbagai jenis dan tahapan proses hacking yang dilakukan pada berbagai sistem pada situasi saat ini. sesuai dengan judulnya, selain mengenal teknik hacking itu sendiri, namun juga bagaimana memanfaatkan teknik tersebut untuk tujuan yang baik dan sesuai dengan etika dan hukum yang berlaku. dalam hal ini cara mengatasi serangan hacking tersebut dan mencegahnya di kemudian hari dengan melakukan pengujian penetrasi. course objectives sasaran kompetensi lulusan yang dibebankan pada matakuliah by the end of this course, students should be able to  understand what hacking is, and its behavior and examples in the real world  identify differences with ethical hacking, ethics and applicable law in cybersecurity  understand and identify the general stages of the hacking process on the system  understand and identify the types of hacking techniques carried out by hackers  understand and identify strategies and steps that must be taken to handle and prevent hacking attacks  understand and identify system weaknesses and provide input for improvement through penetration testing di akhir perkuliahan ini, mahasiswa mampu f ppkr1 syllabus (rencana pembelajaran semester) [tif 207/tif 31w] pg. 2/5  memahami apa itu hacking, serta perilaku dan contohnya di dunia nyata  mengidentifikasi perbedaan dengan ethical hacking, etika dan hukum yang berlaku dalam keamanan siber  memahami dan mengidentifikasi tahap tahap umum proses hacking pada sistem  memahami dan mengidentifikasi jenis jenis teknik hacking yang dilakukan oleh hacker  memahami dan mengidentifikasi strategi dan langkah langkah yang harus dilakukan untuk melakukan penanganan dan pencegahan terhadap serangan serangan hacking  memahami dan mengidentifikasi kelemahan sistem serta memberikan masukkan untuk perbaikan melalui penetration testing methods instruction metode pembelajaran literature/material study, problem based learning, case study, assignments, and group discussion. pembelajaran materi, pembelajaran berbasis studi kasus atau masalah, tugas, dan diskusi kelompok",Hard,5,CPL-TIF-09 | CPL-TIF-11 | CPL-TIF-08 | CPL-TIF-05 | CPL-TIF-03,mampu berkontribusi dalam meningkatkan pemberdayaan masyarakat berbasis pengetahuan di bidang teknik informatika melalui penerapan keilmuan pemenuhan prinsipprinsip etika dan pengembagan ilmu pengetahuan dan teknologi informasi penelitian untuk menjawab kebutuhan masyarakat dalam mengatasi permasalahannya 3 | mampu memberikan wawasan keilmuan dan keunggulan dalam bidang teknik informatika untuk berkarya melalui pengalaman kerja serta meningkatkan sikap dan mental kewirausahaan secara profesional | mampu mengembangkan kepribadian yang berkualitas berintegritas dan bersemangat kemandirian yang inovatifkreatif didukung penguasaan teknologi teknik informatika yang baik secara konseptual maupun praktikal b | mempunyai kemampuan komunikasi dalam mendefinisikan kebutuhan organisasi akan teknik informatika secara detail dan menyeluruh f | memiliki pengetahuan yang memadai terkait dengan cara membangun teknik informatika berdasarkan metodologi yang teruji dan diterapkan secara internasional d,0.467 | 0.3191 | 0.294 | 0.2937 | 0.2911,0.333,0.467,Not Aligned
TIF358,Manajemen Jaringan,"Error 500 (Server Error)!!1500.That’s an error.There was an error. Please try again later.That’s all we know. tujuan kursus setelah menyelesaikan kursus ini, siswa harus mampu (cid 136) menjelaskan konsep perilaku sistem jaringan dari sudut pandang pengguna. (cid 136) membahas persyaratan operasional yang timbul dari permintaan pengguna. (cid 136) mengevaluasi dampak berbagai jenis aplikasi pada sistem komunikasi. (cid 136) mengetahui efektivitas berbagai mekanisme dan protokol komunikasi dalam penanganan dampak tersebut. (cid 136) menyadari perlunya manajemen dalam lingkungan jaringan, dan memahami bagaimana kebutuhan tersebut dapat dipenuhi. (cid 136) memilih metodologi pengumpulan informasi yang sesuai untuk memungkinkan perilaku jaringan dikendalikan. (cid 136) menerapkan teknik simulasi untuk memprediksi perilaku jaringan. metode pengajaran pengajaran kelas virtual terdiri dari ceramah dan pemecahan masalah praktis, dilengkapi dengan alat bantu visual yang dirancang untuk membantu siswa agar berhasil mencapai tujuan pembelajaran kursus. sangat penting bahwa siswa mengambil minat aktif dalam kursus. untuk berhasil dalam mata kuliah ini, siswa harus membaca, berpikir, dan menulis secara kritis dan analitis dan ini membutuhkan waktu dan latihan. latihan seperti itu hanya dapat dicapai dengan latihan kerja. ketika masalah muncul, dan masalah itu akan terjadi, siswa harus mengajukan pertanyaan yang mungkin ditujukan kepada instruktur atau siswa lain dalam berbagai cara. siswa juga didorong untuk bekerja sama dalam kumpulan masalah sebagai bagian dari latihan mereka. namun, individu pada akhirnya harus menunjukkan pemahaman materi dengan menuliskan solusinya sendiri tanpa bantuan siswa lain atau karya tertulis mereka. rata-rata siswa perlu menghabiskan setidaknya 6 jam belajar dan persiapan per minggu untuk kursus ini. f silabus ppkr1 tif358 (rencana pembelajaran semester)",Hard,5,CPL-TIF-05 | CPL-TIF-10 | CPL-TIF-09 | CPL-TIF-03 | CPL-TIF-04,mempunyai kemampuan komunikasi dalam mendefinisikan kebutuhan organisasi akan teknik informatika secara detail dan menyeluruh f | mampu meningkatkan kemampuan komunikasi efektif secara lisan dan tertulis dalam memberikan kontribusi manfaat yang positif bagi organisasi dengan memahami ketentuan hukum yang berlaku serta tatanannorma dalam masyarakat b | mampu berkontribusi dalam meningkatkan pemberdayaan masyarakat berbasis pengetahuan di bidang teknik informatika melalui penerapan keilmuan pemenuhan prinsipprinsip etika dan pengembagan ilmu pengetahuan dan teknologi informasi penelitian untuk menjawab kebutuhan masyarakat dalam mengatasi permasalahannya 3 | memiliki pengetahuan yang memadai terkait dengan cara membangun teknik informatika berdasarkan metodologi yang teruji dan diterapkan secara internasional d | mampu meningkatkan pengetahuan dan kemampuan terkait pemanfaatan database dalam mendukung perkembangan teknologi informasi e,0.454 | 0.3545 | 0.3376 | 0.3178 | 0.3146,0.3557,0.454,Not Aligned
TIF401,IT Security,"Deskripsi kursus Kursus ini akan membahas topik dasar-dasar keamanan komputer dan informasi. topik di kelas ini dapat dibagi menjadi enam bagian utama teknologi dan prinsip keamanan komputer (dengan fokus pada otentikasi pengguna, kontrol akses, database, serangan penolakan layanan, deteksi intrusi, pencegahan intrusi dan firewall), keamanan perangkat lunak dan sistem tepercaya (dengan fokus pada buffer overflow, sistem operasi, komputasi tepercaya, dan keamanan bertingkat), manajemen masalah yang terkait dengan keamanan komputer (dengan fokus pada manajemen keamanan, kontrol, infrastruktur, sumber daya manusia, audit dan aspek hukum), keamanan terkait informasi (dengan fokus pada tata kelola keamanan informasi, manajemen risiko informasi dan kepatuhan, pengembangan dan manajemen program keamanan informasi, manajemen insiden keamanan informasi), algoritma kriptografi (dengan fokus pada enkripsi simetris, kunci publik, otentikasi dan kerahasiaan pesan), keamanan jaringan (dengan fokus pada protokol keamanan internet, standar, aplikasi otentikasi dan keamanan nirkabel). Error 500 (Server Error)!!1500.That’s an error.There was an error. Please try again later.That’s all we know.",Hard,5,CPL-TIF-09 | CPL-TIF-07 | CPL-TIF-05 | CPL-TIF-04 | CPL-TIF-02,mampu berkontribusi dalam meningkatkan pemberdayaan masyarakat berbasis pengetahuan di bidang teknik informatika melalui penerapan keilmuan pemenuhan prinsipprinsip etika dan pengembagan ilmu pengetahuan dan teknologi informasi penelitian untuk menjawab kebutuhan masyarakat dalam mengatasi permasalahannya 3 | memiliki keahlian bidang bisnis dan teknologi baik secara konseptual maupun praktikal dan mampu melanjutkan studi di bidang teknik informatika dan teknologi informasi 2 | mempunyai kemampuan komunikasi dalam mendefinisikan kebutuhan organisasi akan teknik informatika secara detail dan menyeluruh f | mampu meningkatkan pengetahuan dan kemampuan terkait pemanfaatan database dalam mendukung perkembangan teknologi informasi e | mampu bersaing di pasar global dengan pengetahuan dan kemampuan yang memadai terkait penerapan teknik informatikateknologi informasi dalam organisasi c,0.4975 | 0.4323 | 0.4283 | 0.38 | 0.3401,0.4157,0.4975,Not Aligned
TIF402,Interaksi Manusia dan Komputer,"deskripsi kursus gambaran umum kursus ini bertujuan untuk membekali siswa dengan pengetahuan komputer manusia dalam topik interaksi dan keterampilan merancang pengalaman pengguna antarmuka pengguna dan menyelidiki masalah spesifik hci. Tujuan kursus Setelah menyelesaikan kursus ini, mahasiswa diharapkan memiliki pengetahuan tentang konsep dasar perancangan pengalaman pengguna antarmuka pengguna. memiliki pengetahuan tentang konsep dasar penyelidikan masalah spesifik hci. Error 500 (Server Error)!!1500.That’s an error.There was an error. Please try again later.That’s all we know.",Hard,5,CPL-TIF-09 | CPL-TIF-03 | CPL-TIF-05 | CPL-TIF-07 | CPL-TIF-04,mampu berkontribusi dalam meningkatkan pemberdayaan masyarakat berbasis pengetahuan di bidang teknik informatika melalui penerapan keilmuan pemenuhan prinsipprinsip etika dan pengembagan ilmu pengetahuan dan teknologi informasi penelitian untuk menjawab kebutuhan masyarakat dalam mengatasi permasalahannya 3 | memiliki pengetahuan yang memadai terkait dengan cara membangun teknik informatika berdasarkan metodologi yang teruji dan diterapkan secara internasional d | mempunyai kemampuan komunikasi dalam mendefinisikan kebutuhan organisasi akan teknik informatika secara detail dan menyeluruh f | memiliki keahlian bidang bisnis dan teknologi baik secara konseptual maupun praktikal dan mampu melanjutkan studi di bidang teknik informatika dan teknologi informasi 2 | mampu meningkatkan pengetahuan dan kemampuan terkait pemanfaatan database dalam mendukung perkembangan teknologi informasi e,0.4314 | 0.3853 | 0.384 | 0.378 | 0.3767,0.3911,0.4314,Not Aligned
TIF452,Rekayasa Ilmu,"Deskripsi kursus Pengantar Rekayasa Pengetahuan menyajikan eksplorasi sederhana namun terperinci dari pekerjaan saat ini dan yang sudah ada di bidang sistem berbasis pengetahuan dan teknologi terkait. pembahasannya terhadap semakin banyaknya variasi sistem tersebut dirancang untuk memberi pembaca landasan substansial dalam teknologi seperti sistem pakar, jaringan saraf, algoritme genetika, sistem penalaran berbasis kasus, penambangan data, agen cerdas, serta teknik dan metodologi terkait. silabus ini secara eksklusif membahas kemungkinan sinergi antara disiplin ilmu rekayasa pengetahuan dan manajemen pengetahuan. manajemen pengetahuan mengajarkan kita untuk belajar dari orang lain dan untuk berbagi dan membina orang lain dan bukan untuk menemukan kembali roda. sayangnya, komunitas manajemen pengetahuan berada dalam keadaan paradoks karena kita tidak belajar dari disiplin ilmu lain, terutama bidang rekayasa pengetahuan. Metodologi, teknik, dan alat sistem berbasis pakar dan pengetahuan dapat meningkatkan kemajuan terkini dalam manajemen pengetahuan. realisasi ini perlu disebarluaskan dan diserap ke seluruh komunitas manajemen pengetahuan, dan dengan demikian, silabus ini diharapkan dapat memenuhi fungsi tersebut. setiap manajer pengetahuan, kepala petugas pengetahuan, direktur modal intelektual, analis pengetahuan, insinyur pengetahuan, atau pengguna manajemen pengetahuan/sistem cerdas harus belajar dari rekayasa pengetahuan dan manajemen pengetahuan. seorang siswa mengambil manajemen pengetahuan atau bahkan rekayasa pengetahuan / ai / sistem pakar / sistem pendukung keputusan tujuan kursus setelah menyelesaikan kursus siswa harus mampu siswa harus mampu menerapkan rekayasa pengetahuan. siswa harus mampu mendemonstrasikan data, informasi dan pengetahuan, keterampilan seorang insinyur pengetahuan. siswa harus mampu menerapkan pengenalan sistem berbasis pengetahuan. siswa harus mampu jenis sistem berbasis pengetahuan. siswa harus mampu menerapkan sistem pakar, jaringan saraf, penalaran berbasis kasus, algoritma genetika, agen cerdas, dan penambangan data. siswa harus mampu menerapkan perolehan pengetahuan, representasi pengetahuan dan penalaran. siswa harus mampu menerapkan siklus hidup dan metodologi. f silabus ppkr1 ftk452 / tif71 (rencana pembelajaran semester) mahasiswa harus mampu menjelaskan tentang penalaran tak tentu, sistem berbasis pengetahuan hybrid. metode pengajaran pengajaran di kelas terdiri dari ceramah dan pemecahan masalah praktis, dilengkapi dengan alat bantu visual yang dirancang untuk membantu siswa agar berhasil mencapai tujuan pembelajaran kursus.",Hard,5,CPL-TIF-09 | CPL-TIF-07 | CPL-TIF-11 | CPL-TIF-03 | CPL-TIF-04,mampu berkontribusi dalam meningkatkan pemberdayaan masyarakat berbasis pengetahuan di bidang teknik informatika melalui penerapan keilmuan pemenuhan prinsipprinsip etika dan pengembagan ilmu pengetahuan dan teknologi informasi penelitian untuk menjawab kebutuhan masyarakat dalam mengatasi permasalahannya 3 | memiliki keahlian bidang bisnis dan teknologi baik secara konseptual maupun praktikal dan mampu melanjutkan studi di bidang teknik informatika dan teknologi informasi 2 | mampu memberikan wawasan keilmuan dan keunggulan dalam bidang teknik informatika untuk berkarya melalui pengalaman kerja serta meningkatkan sikap dan mental kewirausahaan secara profesional | memiliki pengetahuan yang memadai terkait dengan cara membangun teknik informatika berdasarkan metodologi yang teruji dan diterapkan secara internasional d | mampu meningkatkan pengetahuan dan kemampuan terkait pemanfaatan database dalam mendukung perkembangan teknologi informasi e,0.5785 | 0.5045 | 0.4999 | 0.4912 | 0.4911,0.513,0.5785,Not Aligned
TIF454,Mobil Computing,"deskripsi kursus kursus ini dimaksudkan untuk digunakan dalam pengantar pemrograman seluler. Munculnya komputasi mobile memberikan kemampuan untuk mengakses informasi kapan saja dan di mana saja. namun, karena lingkungan komputasi seluler memiliki faktor bawaan seperti daya, penyimpanan, biaya komunikasi asimetris, dan keterbatasan bandwidth, akses informasi seluler yang efisien telah menjadi tantangan penerapan teknologi seluler. Secara umum, perangkat seluler didefinisikan sebagai peralatan elektronik yang beroperasi tanpa kabel untuk keperluan komunikasi, pemrosesan data, dan pertukaran. tujuan kursus setelah menyelesaikan kursus siswa harus dapat memahami pemrosesan data seluler tersedia karena kemajuan teknologi nirkabel, dan deteksi lokasi dan sistem penentuan posisi. memahami komunikasi antara pengguna ponsel dan server diperlukan untuk melakukan transaksi dan pengambilan informasi. memahami setiap pengguna seluler berkomunikasi dengan stasiun pangkalan seluler (mbs) untuk melakukan aktivitas apa pun seperti transaksi dan pengambilan informasi. memahami cara mengirim data ke server dan aplikasi seluler mampu menampilkan data tersebut. Oleh karena itu perangkat jarak jauh dapat dipantau dari jarak jauh/ponsel. memahami komunikasi modbus rtu menggunakan rs485. mengerti mengirim data menggunakan arduino mega 2560 ke internet. memvisualisasikan data dari internet di ponsel cerdas dan situs web di desktop. Error 500 (Server Error)!!1500.That’s an error.There was an error. Please try again later.That’s all we know.",Hard,5,CPL-TIF-05 | CPL-TIF-07 | CPL-TIF-09 | CPL-TIF-04 | CPL-TIF-02,mempunyai kemampuan komunikasi dalam mendefinisikan kebutuhan organisasi akan teknik informatika secara detail dan menyeluruh f | memiliki keahlian bidang bisnis dan teknologi baik secara konseptual maupun praktikal dan mampu melanjutkan studi di bidang teknik informatika dan teknologi informasi 2 | mampu berkontribusi dalam meningkatkan pemberdayaan masyarakat berbasis pengetahuan di bidang teknik informatika melalui penerapan keilmuan pemenuhan prinsipprinsip etika dan pengembagan ilmu pengetahuan dan teknologi informasi penelitian untuk menjawab kebutuhan masyarakat dalam mengatasi permasalahannya 3 | mampu meningkatkan pengetahuan dan kemampuan terkait pemanfaatan database dalam mendukung perkembangan teknologi informasi e | mampu bersaing di pasar global dengan pengetahuan dan kemampuan yang memadai terkait penerapan teknik informatikateknologi informasi dalam organisasi c,0.5166 | 0.4463 | 0.4274 | 0.4196 | 0.3728,0.4365,0.5166,Not Aligned
TIF455,Advanced Broadband Networking,"uraian mata kuliah pada kuliah ini akan membahas tentang konsep, struktur dan mekanisme jaringan broadband. ini juga menyajikan, sejelas dan selengkap mungkin, sifat dan karakteristik jaringan pita lebar tingkat lanjut. topik-topiknya akan mencakup gambaran umum tentang jaringan broadband, layanan triple play generasi berikutnya, desain tulang punggung, jaringan aksesnya, protokol akses yang tepat, evolusi dalam akses broadband jarak jauh, kualitas penerapan layanan, kontrol sesi pengguna dinamis, keamanan broadband, jaringan seluler, teknologi broadband nirkabel, broadband seluler, dan dasar-dasar jaringan seluler 5g. Tujuan kursus Setelah menyelesaikan kursus ini, siswa harus dapat memahami konsep, struktur, dan mekanisme jaringan broadband. menyajikan, sejelas mungkin, sifat dan karakteristik layanan triple play generasi berikutnya serta kualitas layanannya. memiliki pengetahuan tentang jaringan seluler. memiliki pengetahuan tentang keamanan broadband. memiliki pengetahuan tentang teknologi broadband nirkabel. memiliki pengetahuan tentang broadband seluler. memiliki pengetahuan tentang dasar-dasar jaringan 5g. metode pengajaran pengajaran di kelas terdiri dari ceramah dan pemecahan masalah praktis, dilengkapi dengan alat bantu visual yang dirancang untuk membantu siswa agar berhasil memenuhi tujuan pembelajaran kursus. sangat penting bahwa siswa mengambil minat aktif dalam kursus. untuk berhasil dalam mata kuliah ini, siswa harus membaca, berpikir, dan menulis secara kritis dan analitis dan ini membutuhkan waktu dan latihan. latihan seperti itu hanya dapat dicapai dengan latihan kerja. ketika masalah muncul, dan masalah itu akan terjadi, siswa harus mengajukan pertanyaan yang mungkin ditujukan kepada instruktur atau siswa lain dalam berbagai cara. siswa juga didorong untuk bekerja sama dalam kumpulan masalah sebagai bagian dari latihan mereka. namun, individu pada akhirnya harus menunjukkan pemahaman materi dengan menuliskan solusinya sendiri tanpa bantuan siswa lain atau karya tertulis mereka. rata-rata siswa perlu menghabiskan setidaknya 4 jam belajar dan persiapan per minggu untuk kursus ini.",Hard,5,CPL-TIF-05 | CPL-TIF-07 | CPL-TIF-09 | CPL-TIF-03 | CPL-TIF-06,mempunyai kemampuan komunikasi dalam mendefinisikan kebutuhan organisasi akan teknik informatika secara detail dan menyeluruh f | memiliki keahlian bidang bisnis dan teknologi baik secara konseptual maupun praktikal dan mampu melanjutkan studi di bidang teknik informatika dan teknologi informasi 2 | mampu berkontribusi dalam meningkatkan pemberdayaan masyarakat berbasis pengetahuan di bidang teknik informatika melalui penerapan keilmuan pemenuhan prinsipprinsip etika dan pengembagan ilmu pengetahuan dan teknologi informasi penelitian untuk menjawab kebutuhan masyarakat dalam mengatasi permasalahannya 3 | memiliki pengetahuan yang memadai terkait dengan cara membangun teknik informatika berdasarkan metodologi yang teruji dan diterapkan secara internasional d | mampu membuat desain secara holistik sebuah model dan arsitektur teknik informatika yang mendukung organisasi dan bisnisnya dengan menggunakan standar internasional g,0.452 | 0.3719 | 0.3516 | 0.3487 | 0.3242,0.3697,0.452,Not Aligned
TIF456,Computer Vision,"deskripsi kursus menjelaskan materi pelajaran, pendekatan, luasnya, dan penerapan kursus. [penjelasan ini biasanya Merujuk pada garis garis besar program pengajaran yang terkait dengan kurikulum] kursus ini dirancang untuk membantu siswa mencapai keberhasilan yang mereka inginkan. secara khusus, kursus ini akan membantu siswa meningkatkan efektivitas kerja, pengembangan karir, dan kesejahteraan umum. Kelas ini memberikan siswa kesempatan untuk  meningkatkan kesadaran diri siswa (misalnya, tujuan, gaya, kekuatan, kelemahan, bagaimana siswa dipandang oleh orang lain)  Mengembangkan pemahaman dan apresiasi yang lebih dalam terhadap kompleksitas hubungan manusia dalam organisasi  Memahami pentingnya hubungan berkualitas tinggi di tempat kerja  Mempelajari keterampilan yang akan membantu siswa mengembangkan hubungan kerja yang efektif dan menyenangkan. Kursus dimulai dengan pengenalan visi komputer. topiknya meliputi deteksi tepi, segmentasi gambar, stereopsis, gerakan dan aliran optik, mosaik gambar, rekonstruksi bentuk 3d, dan pengenalan objek. siswa diminta untuk mengimplementasikan beberapa algoritma yang dibahas dalam kursus dan menyelesaikan tugas akhir. tujuan kursus menunjukkan daftar tujuan kursus. daftarnya biasanya terdiri dari lima atau enam pernyataan, umum tetapi komprehensif. daftar tersebut mungkin mencakup keterampilan atau teknik khusus yang diharapkan dikuasai siswa setelah menyelesaikan kursus. pada akhir kursus ini, siswa harus mampu menunjukkan kompetensi dalam kesadaran diri. menunjukkan kompetensi dalam dasar-dasar keterampilan interpersonal dalam hubungan organisasi. menunjukkan kompetensi dalam mengembangkan kepercayaan. menunjukkan kompetensi dalam komunikasi lisan dan interpersonal termasuk komunikasi satu lawan satu, komunikasi kelompok kecil, dan presentasi publik. menunjukkan pemahaman tentang dasar-dasar hubungan antar budaya menunjukkan pemahaman tentang negosiasi. menggunakan konflik pengelolaan bisnis. silabus pk pea 01/r1 [computer vision] hal. 2/4 menunjukkan pemahaman dalam mengambil keputusan dan memecahkan masalah secara kreatif menunjukkan pemahaman jaringan menunjukkan pemahaman mantoring menunjukkan pemahaman manajemen proyek metode pengajaran menjelaskan bagaimana kursus akan dilakukan, misalnya. perkuliahan, perkuliahan/lab, diskusi kelompok, presentasi kelompok, persyaratan membaca, kuis interim, kunjungan lapangan, dll. dosen dapat menggunakan studi kasus, ceramah, pembicara tamu, pertanyaan dan latihan dari buku teks, video, online, perubahan teknologi terkini dalam proses komunikasi, peristiwa terkini, transparansi, presentasi power point, serta pengalaman dan tanggapan mahasiswa",Hard,5,CPL-TIF-05 | CPL-TIF-11 | CPL-TIF-09 | CPL-TIF-10 | CPL-TIF-08,mempunyai kemampuan komunikasi dalam mendefinisikan kebutuhan organisasi akan teknik informatika secara detail dan menyeluruh f | mampu memberikan wawasan keilmuan dan keunggulan dalam bidang teknik informatika untuk berkarya melalui pengalaman kerja serta meningkatkan sikap dan mental kewirausahaan secara profesional | mampu berkontribusi dalam meningkatkan pemberdayaan masyarakat berbasis pengetahuan di bidang teknik informatika melalui penerapan keilmuan pemenuhan prinsipprinsip etika dan pengembagan ilmu pengetahuan dan teknologi informasi penelitian untuk menjawab kebutuhan masyarakat dalam mengatasi permasalahannya 3 | mampu meningkatkan kemampuan komunikasi efektif secara lisan dan tertulis dalam memberikan kontribusi manfaat yang positif bagi organisasi dengan memahami ketentuan hukum yang berlaku serta tatanannorma dalam masyarakat b | mampu mengembangkan kepribadian yang berkualitas berintegritas dan bersemangat kemandirian yang inovatifkreatif didukung penguasaan teknologi teknik informatika yang baik secara konseptual maupun praktikal b,0.4237 | 0.4012 | 0.3898 | 0.3877 | 0.3387,0.3882,0.4237,Not Aligned
UNI101,Bahasa Indonesia,"course description mata kuliah ini berisi materi pengajaran bahasa indonesia secara teori dan praktik untuk penggunaan ragam tulis dan lisan. mata kuliah ini bertujuan agar mahasiswa memiliki potensi memadai dalam menggunakan bahasa indonesia yang baik dan benar secara tertulis dan lisan untuk diterapkan dalam keperluan bidang akademik, khususnya dalam program studi yang ditekuni dan diterapkan pula pada saat mahasiswa memasuki dunia kerja. methods instruction /metode pembelajaran diskusi kelompok, studi kasus, pembelajaran berbasis masalah.",Hard,5,CPL-TIF-10 | CPL-TIF-03 | CPL-TIF-05 | CPL-TIF-07 | CPL-TIF-06,mampu meningkatkan kemampuan komunikasi efektif secara lisan dan tertulis dalam memberikan kontribusi manfaat yang positif bagi organisasi dengan memahami ketentuan hukum yang berlaku serta tatanannorma dalam masyarakat b | memiliki pengetahuan yang memadai terkait dengan cara membangun teknik informatika berdasarkan metodologi yang teruji dan diterapkan secara internasional d | mempunyai kemampuan komunikasi dalam mendefinisikan kebutuhan organisasi akan teknik informatika secara detail dan menyeluruh f | memiliki keahlian bidang bisnis dan teknologi baik secara konseptual maupun praktikal dan mampu melanjutkan studi di bidang teknik informatika dan teknologi informasi 2 | mampu membuat desain secara holistik sebuah model dan arsitektur teknik informatika yang mendukung organisasi dan bisnisnya dengan menggunakan standar internasional g,0.3718 | 0.3633 | 0.3006 | 0.2696 | 0.2613,0.3133,0.3718,Not Aligned
UNI102,Agama,"Deskripsi Mata Kuliah Mata kuliah Islam yang merupakan bagian dari mata kuliah agama (agama), termasuk dalam mata kuliah pengembangan kepribadian (character building). Sebagai mata kuliah pengembangan kepribadian, kajian Islam tidak hanya berorientasi pada pengayaan ilmu keislaman yang mencakup berbagai aspek, seperti aspek sumber ajaran, sejarah, teologi, filsafat, akhlak, ritual, hukum, ekonomi, dan kontak Islam dengan modernitas, namun juga mendorong peserta didik untuk menghayati dan mengamalkan aspek praktis dari ajaran Islam. Mata kuliah ini akan mengantarkan mahasiswa memiliki sikap beragama yang inklusif, terbuka, dan toleran terhadap perbedaan pendapat yang ada di kalangan umat Islam serta menghargai dan bekerja sama dengan pemeluk agama lain untuk membangun dunia yang lebih damai, harmonis, adil, dan sejahtera. .. course objectives studi islam 1 kompetensi yang diharapkan kontrak belajar penjelasan singkat pokok pokok bahasan studi islam. topic manusia dan agama  ceramah interaktif  robertson, roland. interpretasi  diskusi sosial atas agama. jakarta sub topics rajawali, pengertian agama dan tujuan  nasution, harun. islam ditinjau beragama dari berbagai aspeknya, jakarta mengapa manusia membutuhkan ui press, agama  nottingham, elizabeth k. agama 2 dimensi dimensi agama dan masyarakat, jakarta fungsi agama bagi masyarakat rajawali, modern  puspito, hendro. sosiologi agama. jakarta kanisius,  smart, ninian. the world’s religions. cambridge university press. topic islam sebagai agama dunia  ceramah interaktif  al faruqi, ismail r dan al faruqi, 3  diskusi lois lamya, atlas budaya sub topics  aktif debat menjelajah khazanah dan session targeted competencies topic & sub topics forms of instruction & material references assessment indicators duration (sesi) (kemampuan akhir) (materi pembelajaran) (sumber pembelajaran) (indikator penilaian) (bentuk & waktu pembelajaran) pengertian islam  role play peradaban gemilang. bandung aqidah, syari’ah, dan akhlaq mizan, prinsip prinsip universalisme islam  dahlan, azis, “akidah,” dalam taufik abdullah, ensiklopedi tematis dunia islam, jakarta ichtiar baru van hoeve,  nasution, harun. islam ditinjau dari berbagai aspeknya, jakarta ui press,  rakhmat, jalaluddin, islam dan pluralisme, jakarta serambi,  _____, dahulukan akhlak di atas fiqih, bandung mizan,  syarifuddin, amir, ushul fiqh, jil. i, jakarta logos wacana ilmu, 4 topic sumber ajaran islam al qur’an  ceramah interaktif  taufik adnan amal, “al qur’an,” dan hadits  diskusi dalam ensiklopedi tematis dunia sub topics  role play islam akar dan awal, jilid 1, pengertian, sejarah, fungsi, dan jakarta ichtiar baru van hoeve,  reading assignment kedudukan al qur’an tema tema pokok dan tafsir al  muhammad quraish shihab, qur’an membumikan al qur’an fungsi pengertian, sejarah, fungsi, dan dan peran wahyu dalam kedudukan al hadis kehidupan masyarakat. signifikansi al qur’an dan al hadis  abuddin nata, al qur’an dan dalam kehidupan modern hadits dirasah islamiyah i.  harun nasution, islam ditinjau dari berbagai aspeknya, jilid session targeted competencies topic & sub topics forms of instruction & material references assessment indicators duration (sesi) (kemampuan akhir) (materi pembelajaran) (sumber pembelajaran) (indikator penilaian) (bentuk & waktu pembelajaran)  ismail raji al faruqi, cultural atlas of islam (atlas budaya islam), bandung mizan,  azyumardi azra, historiografi islam kontemporer, jakarta gramedia,  ahmad qodri abdillah azizy, “hadis dan sunah,” dalam ensiklopedi tematis dunia islam akar dan awal, jilid  m.m. abu syuhbah, kutubus sittah, surabaya pustaka progressif, 5 topic aspek hukum dalam islam  ceramah interaktif  abdillah, masykuri, “ pertum sub topics  diskusi buhan ilmu fiqh, ushul fiqh, dan pengertian syari’ah dan fiqh.  role play qawaid fiqhiyyah,” dalam sumber sumber hukum islam al mimbar agama & budaya, vol. qur’an, al sunnah, dan ijtihad. xvii, no. 3, madzhab madzhab hukum dalam  ashshiddieqy, t.m. hasbi, islam. pengantar ilmu fiqh. jakarta cv hukum islam dan masalah mulya, kontemporer.  ahmad, zainal abidin, ushul fiqh. jakarta bulan bintang, 1974  zein, satria effendi muh., “usul fikih,” dalam ensiklopedi tematis dunia islam ajaran. jakarta ikhtiar baru van houve, 2002 session targeted competencies topic & sub topics forms of instruction & material references assessment indicators duration (sesi) (kemampuan akhir) (materi pembelajaran) (sumber pembelajaran) (indikator penilaian) (bentuk & waktu pembelajaran) 6 topic aspek ibadah dalam islam  ceramah interaktif  hasanuddin af, “fikih ibadah,” sub topics  diskusi dalam ensiklopedi tematik dunia pengertian dan fungsi ritual/ibadah. islam ajaran (jakarta ichtiar shalat, zakat, puasa, dan haji. baru van houve, 2002). praktek tilawah dan ibadah.  ahmad azharudin latif dkk., pengantar fiqh (jakarta psw uin jakarta, 2005).  harun nasution, islam ditinjau dari berbagai aspeknya, jilid i (jakarta ui press, 1985).  t.m. hasbi ashshiddieqy, pengantar ilmu fiqh (jakarta cv mulya, 1967) mid semester examination 7 topic sejarah peradaban islam  seminar/diskusi  philip k. hitti, history of the sub topics  aktif debat arabs, london macmillan press, sejarah peradaban islam masa nabi  role play 1970 muhammad dan khulafa al rasyidin  badri yatim, sejarah peradaban masa kejayaan dan kemunduran daulah islam, jakarta rajagrafindo islamiyah masa klasik persada, 2006 peradaban islam masa turki usmani,  mukti ali, islam dan sekularisme mughal dan shafawi di turki usmani, jakarta kolonialisme barat di dunia islam dan djambatan, 1994 munculnya negara islam modern  binnaz toprak, islam and political development in turkey, leiden e.j.brill, 1981  ismail r. al faruqi dan lois lamya al faruqi, atlas budaya menjelajah khazanah dan peradaban gemilang, bandung session targeted competencies topic & sub topics forms of instruction & material references assessment indicators duration (sesi) (kemampuan akhir) (materi pembelajaran) (sumber pembelajaran) (indikator penilaian) (bentuk & waktu pembelajaran) mizan,8 topic aspek teologi/kalam  seminar/diskusi  nasution, harun, islam ditinjau sub topic  aktif debat dari berbagai aspeknya, jilid i pengertian teologi/kalam  role play dan ii, ui press, jakarta, tema tema pokok dalam teologi  nurdin, m. amin dan fauzi, afifi islam (eds.), sejarah pemikiran islam signifikansi teologi islam dalam teologi/i. kalam, jilid i dan ii, masyarakat muslim modern jakarta pustaka antara, isu isu teologi islam kontemporer  faruqi, ismail dan faruki, l. lois, lingkungan atlas budaya islam, bandung  kemiskinan mizan, jakarta, gender, dll  nasr, seyyed hossein, dan oliver leaman, ensiklopedi tematis filsafat islam, bandung mizan,  dahlan, abdul azis, “falsafat”, dalam ensiklopedi dunia islam, jakarta ichtiar baru.  tim penulis iain syarif hidayatullah, ensiklopedi islam indonesia, jakarta djambatan, 9 topic aspek politik  seminar/diskusi  antony black, pemikiran politik sub topic  aktif debat islam, dari masa nabi hingga masa kini, serambi, 2001 “good governance” dalam islam reading assignment  john l esposito, islam and politic dinamika politik islam (revised, second edition), kompabilitas islam atas demokrasi syracuse university press dan isu isu kontemporer  pulungan ,ma dan dr.j.suyuthi.fiqh session targeted competencies topic & sub topics forms of instruction & material references assessment indicators duration (sesi) (kemampuan akhir) (materi pembelajaran) (sumber pembelajaran) (indikator penilaian) (bentuk & waktu pembelajaran) siyasah ajaran sejarah dan pemikiran.jakarta pt.raja grafindo persada.  saiful mujani. muslim demokrat islam, budaya demokrasi, dan partisipasi politik di indonesia pasca orde baru. jakarta pt. gramedia pustaka utama 10 topic akhlak dan tasawuf dalam islam  seminar/diskusi  affandi mukhtar, akhlak, dalam sub topic  aktif debat ensiklopedi tematik dunia islam, pengertian etika, akhlak dan tasawuf jakarta ichtiar baru van houve, aspek akhlak dalam al qur’an dan hadis  asmaraman, pengantar studi ajaran ajaran dalam tasawuf akhlak, jakarta rajagrafindo problem moralitas dan praktek persada, 1994 tasawuf dalam kehidupan modern  harun nasution, falsafat dan mistisisme dalam islam, jakarta bulan bintang, 1978  kautsar azhari noer, tasawuf, dalam ensiklopedi tematik dunia islam, jakarta ichtiar baru van houve, 2002  k. bertens, etika, jakarta gramedia pustaka utama, 1997  yunahar ilyas, kuliah akhlak, yogyakarta pustaka pelajar, 2001 11 topic science dalam islam  seminar/diskusi  al attas, syed muhammad sub topic  aktif debat naquib, islam dan filsafat session targeted competencies topic & sub topics forms of instruction & material references assessment indicators duration (sesi) (kemampuan akhir) (materi pembelajaran) (sumber pembelajaran) (indikator penilaian) (bentuk & waktu pembelajaran) wacana al qur’an tentang sains sains. terjemahan oleh saiful pembagian ilmu pengetahuan dalam muzani dari islam and the islam philosophy of science. kontribusi intelektual muslim dalam bandung mizan, pengembangan sains  baiquni, ahmad, al qur'an, ilmu pengetahuan` dan teknologi. jakarta dana bhaktu wakaf,  bucaille, maurice, bibel, quran, dan sains modern. terjemahan oleh h.m. rasyidi dari la bible la coran et la science (1976). jakarta bulan bintang,  harun yahya, pustaka sains populer islami, tatacipta dirgantara, trjm. bandung dzikra,  zar, sirajuddin, konsep penciptaan alam dalam pemikiran islam, sains, dan al quran. jakarta pt rajagrafindo persada, 12 topic aspek ekonomi dan enterpreneurship  seminar/diskusi  tim pusat pengkajian dan  aktif debat pengembangan ekonomi uii dan sub topic  reading assignment bank indonesia, ekonomi islam, pengertian, sejarah, dan prinsip jakarta rajawali, 2008 ekonomi islam  adiwarman azwar karim, lembaga lembaga ekonomi islam sejarah pemikiran ekonomi etos kerja dan enterpreneurship islam, cet. ketiga, jakarta raja dalam islam grafindo persada, 2004 session targeted competencies topic & sub topics forms of instruction & material references assessment indicators duration (sesi) (kemampuan akhir) (materi pembelajaran) (sumber pembelajaran) (indikator penilaian) (bentuk & waktu pembelajaran) etika bisnis dalam islam  adiwarman karim, ekonomi penerapan ekonomi islam di makro islami, jakarta the indonesia peluang dan tantangan international institute of islamic thught, 2002  irfan abu bakar, bunga bank sama dengan riba? masalah tentang riba dalam al qur’an dan al sunnah, jakarta pusat bahasa dan budaya (pbb) uin dan konrad adenaur sifftung (kas), 2003  ahmad muhammad al assal dan fathi ahmad abdul karim, sistem, prinsip dan tujuan ekonomi islam, terj. imam saefudin, bandung pustaka setia, 13 topic islam di indonesia  seminar/diskusi  nurcholish madjid, islam sub topic  aktif debat doktrin dan peradaban. kedatangan islam di indonesia  role play  fachry ali dan bahtiar effendy, kerajaan islam nusantara merambah jalan baru islam. gerakan gerakan islam abad 19 dan  m. abdul mannan, ekonomi 20 di indonesia islam teori dan praktek. gerakan gerakan islam kontemporer  badri yatim, sejarah peradaban islam.  hasan asari, menyingkap zaman keemasan islam  azyumardi azra, jaringan ulama, timur tengah dan kepulauan nusantara abad xvii dan xviii, session targeted competencies topic & sub topics forms of instruction & material references assessment indicators duration (sesi) (kemampuan akhir) (materi pembelajaran) (sumber pembelajaran) (indikator penilaian) (bentuk & waktu pembelajaran) bandung mizan, 1998  muhammad hasan al aydrus, penyebaran islam di asia tenggara, jakarta lentera basritama,  hasjmi, sejarah masuk dan berkembangnya islam di indonesia, bandung al ma’arif, 1989 musyrifah sunanto, sejarah peradaban islam indonesia. 14 topic realitas masyarakat muslim di  seminar/diskusi  ahmad muhammad al assal indonesia  aktif debat dan fathi ahmad abdul karim, sub topic  role play sistem, prinsip dan tujuan realitas sosial budaya ekonomi islam, terj. imam realitas ekonomi saefudin, bandung pustaka realitas politik setia, solusi bagi problem sosial politik  john l esposito, islam and ekonomi dan budaya umat islam di politic (revised, second indonesia edition), syracuse university press  madjid, nurcholish, . islam doktrin dan peradaban. jakarta paramadina, .  noer, deliar, gerakan modern islam di indonesia 1900 1942, jakarta, lp3es,  samuel p huntington, the clash of the civilization and the remaking of world order, the session targeted competencies topic & sub topics forms of instruction & material references assessment indicators duration (sesi) (kemampuan akhir) (materi pembelajaran) (sumber pembelajaran) (indikator penilaian) (bentuk & waktu pembelajaran) free press,final examination form rancangan tugas mahasiswa (rtm) f ehb 02 universitas bakrie no form f ehb 02 fakultas ftik tgl form 23 feb 2022 program studi information system revform  periode 20211 metode pengajaran/metode pembelajaran  ceramah interaktif  studi kasus  seminar/diskusi  debat aktif  permainan peran  tugas membaca  kritik film  lain-lain",Hard,5,CPL-TIF-08 | CPL-TIF-06 | CPL-TIF-11 | CPL-TIF-07 | CPL-TIF-10,mampu mengembangkan kepribadian yang berkualitas berintegritas dan bersemangat kemandirian yang inovatifkreatif didukung penguasaan teknologi teknik informatika yang baik secara konseptual maupun praktikal b | mampu membuat desain secara holistik sebuah model dan arsitektur teknik informatika yang mendukung organisasi dan bisnisnya dengan menggunakan standar internasional g | mampu memberikan wawasan keilmuan dan keunggulan dalam bidang teknik informatika untuk berkarya melalui pengalaman kerja serta meningkatkan sikap dan mental kewirausahaan secara profesional | memiliki keahlian bidang bisnis dan teknologi baik secara konseptual maupun praktikal dan mampu melanjutkan studi di bidang teknik informatika dan teknologi informasi 2 | mampu meningkatkan kemampuan komunikasi efektif secara lisan dan tertulis dalam memberikan kontribusi manfaat yang positif bagi organisasi dengan memahami ketentuan hukum yang berlaku serta tatanannorma dalam masyarakat b,0.4165 | 0.3241 | 0.2972 | 0.259 | 0.2584,0.3111,0.4165,Not Aligned
UNI104,English for Academic Purposes 1,Error 500 (Server Error)!!1500.That’s an error.There was an error. Please try again later.That’s all we know. Error 500 (Server Error)!!1500.That’s an error.There was an error. Please try again later.That’s all we know.,Hard,5,CPL-TIF-05 | CPL-TIF-04 | CPL-TIF-10 | CPL-TIF-07 | CPL-TIF-02,mempunyai kemampuan komunikasi dalam mendefinisikan kebutuhan organisasi akan teknik informatika secara detail dan menyeluruh f | mampu meningkatkan pengetahuan dan kemampuan terkait pemanfaatan database dalam mendukung perkembangan teknologi informasi e | mampu meningkatkan kemampuan komunikasi efektif secara lisan dan tertulis dalam memberikan kontribusi manfaat yang positif bagi organisasi dengan memahami ketentuan hukum yang berlaku serta tatanannorma dalam masyarakat b | memiliki keahlian bidang bisnis dan teknologi baik secara konseptual maupun praktikal dan mampu melanjutkan studi di bidang teknik informatika dan teknologi informasi 2 | mampu bersaing di pasar global dengan pengetahuan dan kemampuan yang memadai terkait penerapan teknik informatikateknologi informasi dalam organisasi c,0.042 | 0.0278 | 0.0037 | 0.0002 | -0.0196,0.0108,0.042,Not Aligned
UNI106,Pendidikan Pancasila dan Kewarganegaraan,"Deskripsi Mata Kuliah Mata kuliah Pendidikan Pancasila dan Kewarganegaraan (ppkn) merupakan salah satu mata kuliah yang akan mengantarkan mahasiswa memantapkan kepribadiannya serta mampu konsisten menerapkan nilai-nilai pancasila dalam kehidupan sehari-hari sehingga menjadi warga negara yang berkarakter dan berwawasan kebangsaan, berkepribadian santun dan berkepribadian tinggi. bermoral, mampu berpikir kritis dan analitis, serta mampu proaktif dalam menyikapi dan menjadi solusi terhadap sejumlah tantangan dan permasalahan yang dihadapi bangsa Indonesia ke depan, khususnya di tingkat global. melalui mata kuliah ini diharapkan mahasiswa dapat membangun landasan pengetahuan yang kuat mengenai pentingnya peranan pancasila dalam kehidupan bernegara, dasar-dasar kewarganegaraan (civic knowledge), keterampilan kewarganegaraan (civic skills), sikap kewarganegaraan (civic disposition) dan etika kewarganegaraan (civicetics) dalam menghargai keberagaman bangsa Indonesia, bersikap demokratis dan menjaga bangunan persatuan dan kesatuan bangsa. Dengan diperolehnya materi dan diskusi yang terstruktur dengan baik, diharapkan mahasiswa mampu memantapkan pemahaman mahasiswa terhadap wawasan sejarah, yuridis, dan kewilayahan negara, serta memberikan wawasan geopolitik dan geostrategis dalam upaya pengembangan segala bidang dalam upaya mendorong peran dan keunggulan Indonesia dalam berpartisipasi. dan mewujudkan perdamaian dunia berdasarkan kemerdekaan. Metode pengajaran/metode pembelajaran di kelas menggunakan kombinasi metode ceramah, studi kasus, interaksi kelas melalui diskusi, proses pembelajaran personal, dan kegiatan di luar kelas yang dilakukan siswa secara berkelompok. untuk membangun suasana pembelajaran yang dinamis dan interaktif di dalam kelas juga digunakan fasilitas multimedia dan jaringan internet. dalam pembelajaran personal fokus kegiatan dilakukan melalui metode refleksi individu terhadap materi perkuliahan yang dikaitkan dengan kegiatan kelompok dalam menyelesaikan proyek individu/kelompok bersama-sama. proyek individu/kelompok disajikan secara bergantian sesuai waktu dan jadwal yang ditentukan. mahasiswa dengan pembelajaran interaktif f ppkr1 diarahkan untuk mampu membangun interaksi langsung antar mereka, mengemukakan pendapat pribadi dan berdiskusi di kelas dalam mengulas realitas nyata yang terjadi dari permasalahan bangsa yang relevan dengan materi perkuliahan setiap minggunya. di akhir proses perkuliahan, setiap mahasiswa mempunyai tugas untuk mengungkapkan pemikiran dan gagasannya tentang masa depan bangsa sebagai cerminan dari ilmu yang diperolehnya selama perkuliahan.",Hard,5,CPL-TIF-08 | CPL-TIF-03 | CPL-TIF-10 | CPL-TIF-06 | CPL-TIF-09,mampu mengembangkan kepribadian yang berkualitas berintegritas dan bersemangat kemandirian yang inovatifkreatif didukung penguasaan teknologi teknik informatika yang baik secara konseptual maupun praktikal b | memiliki pengetahuan yang memadai terkait dengan cara membangun teknik informatika berdasarkan metodologi yang teruji dan diterapkan secara internasional d | mampu meningkatkan kemampuan komunikasi efektif secara lisan dan tertulis dalam memberikan kontribusi manfaat yang positif bagi organisasi dengan memahami ketentuan hukum yang berlaku serta tatanannorma dalam masyarakat b | mampu membuat desain secara holistik sebuah model dan arsitektur teknik informatika yang mendukung organisasi dan bisnisnya dengan menggunakan standar internasional g | mampu berkontribusi dalam meningkatkan pemberdayaan masyarakat berbasis pengetahuan di bidang teknik informatika melalui penerapan keilmuan pemenuhan prinsipprinsip etika dan pengembagan ilmu pengetahuan dan teknologi informasi penelitian untuk menjawab kebutuhan masyarakat dalam mengatasi permasalahannya 3,0.3617 | 0.3465 | 0.3201 | 0.2884 | 0.2879,0.3209,0.3617,Not Aligned
UNI204,English AP2,"deskripsi kursus bahasa inggris untuk tujuan akademik 2 dirancang untuk tingkat universitas, latihan terbimbing diperlukan untuk mengembangkan pola kalimat bahasa inggris. pendekatan pendidikan ini bersifat praktis, menekankan bahwa keterampilan menulis sangat penting untuk kemajuan karir dan menulis adalah bagian penting dari banyak pekerjaan. metode pengajaran /metode pembelajaran mata kuliah ini akan dilaksanakan dengan metode pengajaran umum (gt) yang dikombinasikan dengan metode “student centered learning” (scl). Tentu saja akan memberikan perhatian lebih pada proses belajar siswa dengan menggunakan banyak diskusi tentang topik dan keterampilan yang kami berikan.",Hard,5,CPL-TIF-10 | CPL-TIF-03 | CPL-TIF-09 | CPL-TIF-11 | CPL-TIF-05,mampu meningkatkan kemampuan komunikasi efektif secara lisan dan tertulis dalam memberikan kontribusi manfaat yang positif bagi organisasi dengan memahami ketentuan hukum yang berlaku serta tatanannorma dalam masyarakat b | memiliki pengetahuan yang memadai terkait dengan cara membangun teknik informatika berdasarkan metodologi yang teruji dan diterapkan secara internasional d | mampu berkontribusi dalam meningkatkan pemberdayaan masyarakat berbasis pengetahuan di bidang teknik informatika melalui penerapan keilmuan pemenuhan prinsipprinsip etika dan pengembagan ilmu pengetahuan dan teknologi informasi penelitian untuk menjawab kebutuhan masyarakat dalam mengatasi permasalahannya 3 | mampu memberikan wawasan keilmuan dan keunggulan dalam bidang teknik informatika untuk berkarya melalui pengalaman kerja serta meningkatkan sikap dan mental kewirausahaan secara profesional | mempunyai kemampuan komunikasi dalam mendefinisikan kebutuhan organisasi akan teknik informatika secara detail dan menyeluruh f,0.4244 | 0.4176 | 0.3558 | 0.3461 | 0.3302,0.3748,0.4244,Not Aligned
