occupation_id,occupation_name,competency_unit
TIK.ITG0901,PEMIMPIN INFORMASI (CHIEF INFORMATION OFFICER),orang yang bertanggung jawab untuk memimpin dan mengelola teknologi informasi (ti) organisasi dengan menggunakan keterampilan teknis dan non-teknis untuk memastikan bahwa ti dapat mendukung strategi bisnis organisasi.
TIK.ITG0901,PEMIMPIN INFORMASI (CHIEF INFORMATION OFFICER),mengembangkan dan mengimplementasikan strategi teknologi informasi
TIK.ITG0901,PEMIMPIN INFORMASI (CHIEF INFORMATION OFFICER),mengelola dan mengoptimalkan aset ti
TIK.ITG0901,PEMIMPIN INFORMASI (CHIEF INFORMATION OFFICER),berintegritas
TIK.ITG0901,PEMIMPIN INFORMASI (CHIEF INFORMATION OFFICER),analitis
TIK.ITG0901,PEMIMPIN INFORMASI (CHIEF INFORMATION OFFICER),mengatasi masalah (problem-solving)
TIK.ITG0901,PEMIMPIN INFORMASI (CHIEF INFORMATION OFFICER),merencanakan dan mengorganisasi pekerjaan
TIK.ITG0901,PEMIMPIN INFORMASI (CHIEF INFORMATION OFFICER),memimpin tim
TIK.ITG0901,PEMIMPIN INFORMASI (CHIEF INFORMATION OFFICER),bertanggung jawab
TIK.ITG0901,PEMIMPIN INFORMASI (CHIEF INFORMATION OFFICER),mampu mengarahkan dan mempunyai visi
TIK.ITG0901,PEMIMPIN INFORMASI (CHIEF INFORMATION OFFICER),memberi motivasi
TIK.ITG0901,PEMIMPIN INFORMASI (CHIEF INFORMATION OFFICER),memimpin perubahan
TIK.ITG0901,PEMIMPIN INFORMASI (CHIEF INFORMATION OFFICER),mengembangkan dan menerapkan program kepatuhan tik perusahaan
TIK.ITG0901,PEMIMPIN INFORMASI (CHIEF INFORMATION OFFICER),melakukan pemantauan dan evaluasi kepatuhan perusahaan
TIK.ITG0901,PEMIMPIN INFORMASI (CHIEF INFORMATION OFFICER),memberikan saran dan nasihat kepada manajemen tentang kepatuhan tik
TIK.ITG0901,PEMIMPIN INFORMASI (CHIEF INFORMATION OFFICER),menyelesaikan masalah kepatuhan tik
TIK.ITG0901,PEMIMPIN INFORMASI (CHIEF INFORMATION OFFICER),meningkatkan kesadaran kepatuhan tik di seluruh perusahaan
TIK.ITG0901,PEMIMPIN INFORMASI (CHIEF INFORMATION OFFICER),mengembangkan dan mengimplementasikan kebijakan dan prosedur kepatuhan
TIK.ITG0901,PEMIMPIN INFORMASI (CHIEF INFORMATION OFFICER),melakukan pemantauan dan evaluasi kepatuhan
TIK.ITG0901,PEMIMPIN INFORMASI (CHIEF INFORMATION OFFICER),berkonsultasi dengan pihak-pihak terkait
TIK.ITG0901,PEMIMPIN INFORMASI (CHIEF INFORMATION OFFICER),"pengetahuan yang mendalam tentang hukum, peraturan, dan kebijakan yang berkaitan dengan teknologi informasi;"
TIK.ITG0901,PEMIMPIN INFORMASI (CHIEF INFORMATION OFFICER),kemampuan untuk berpikir strategis dan analitis;
TIK.ITG0901,PEMIMPIN INFORMASI (CHIEF INFORMATION OFFICER),kemampuan untuk berkomunikasi secara efektif.
TIK.ITG0901,PEMIMPIN INFORMASI (CHIEF INFORMATION OFFICER),manage innovation and continuous improvement (mengelola inovasi dan peningkatan berkelanjutan)
TIK.ITG0901,PEMIMPIN INFORMASI (CHIEF INFORMATION OFFICER),develop a knowledge management strategy (mengembangkan strategi manajemen pengetahuan)
TIK.ITG0901,PEMIMPIN INFORMASI (CHIEF INFORMATION OFFICER),implement a knowledge management strategy
TIK.ITG0901,PEMIMPIN INFORMASI (CHIEF INFORMATION OFFICER),lead the evaluation and implementation of current industry-specific technologies
TIK.ITG0901,PEMIMPIN INFORMASI (CHIEF INFORMATION OFFICER),design and implement a security system
TIK.ITG0901,PEMIMPIN INFORMASI (CHIEF INFORMATION OFFICER),"manage security, privacy and compliance of cloud service deployment"
TIK.ITG0901,PEMIMPIN INFORMASI (CHIEF INFORMATION OFFICER),manage and control it project risks
TIK.ITG0901,PEMIMPIN INFORMASI (CHIEF INFORMATION OFFICER),conduct knowledge audits
TIK.ITG0901,PEMIMPIN INFORMASI (CHIEF INFORMATION OFFICER),manage assessment and validation of it solutions
TIK.ITG0901,PEMIMPIN INFORMASI (CHIEF INFORMATION OFFICER),implement change-management processes
TIK.ITG0901,PEMIMPIN INFORMASI (CHIEF INFORMATION OFFICER),integrate sustainability in ict planning and design projects
TIK.ITG0901,PEMIMPIN INFORMASI (CHIEF INFORMATION OFFICER),establish a business case for sustainability and competitive advantage in ict projects
TIK.ITG0901,PEMIMPIN INFORMASI (CHIEF INFORMATION OFFICER),produce technical solutions from business specifications
TIK.ITG0901,PEMIMPIN INFORMASI (CHIEF INFORMATION OFFICER),produce an ict network architecture design
TIK.ITG0901,PEMIMPIN INFORMASI (CHIEF INFORMATION OFFICER),mengorganisasi dan mengatur proyek perencanaan jaringan terpadu
TIK.ITG0901,PEMIMPIN INFORMASI (CHIEF INFORMATION OFFICER),mengesahkan dan menerapkan layanan kepada pengguna
TIK.ITG0902,PEMIMPIN KEPATUHAN (CHIEF COMPLIANCE OFFICER (CCO)),"orang yang bertanggung jawab untuk memastikan kepatuhan perusahaan terhadap semua peraturan dan undang-undang yang berlaku. dalam bidang tik, cco bertanggung jawab untuk memastikan bahwa perusahaan mematuhi peraturan dan undang-undang yang berkaitan dengan teknologi informasi, seperti undang-undang perlindungan data, undang-undang keamanan siber, dan undang-undang perdagangan elektronik."
TIK.ITG0902,PEMIMPIN KEPATUHAN (CHIEF COMPLIANCE OFFICER (CCO)),mengembangkan dan mengimplementasikan kebijakan dan prosedur kepatuhan
TIK.ITG0902,PEMIMPIN KEPATUHAN (CHIEF COMPLIANCE OFFICER (CCO)),meningkatkan kesadaran kepatuhan di perusahaan
TIK.ITG0902,PEMIMPIN KEPATUHAN (CHIEF COMPLIANCE OFFICER (CCO)),berintegritas
TIK.ITG0902,PEMIMPIN KEPATUHAN (CHIEF COMPLIANCE OFFICER (CCO)),mampu memimpin tim
TIK.ITG0902,PEMIMPIN KEPATUHAN (CHIEF COMPLIANCE OFFICER (CCO)),komunikatif
TIK.ITG0902,PEMIMPIN KEPATUHAN (CHIEF COMPLIANCE OFFICER (CCO)),teliti
TIK.ITG0902,PEMIMPIN KEPATUHAN (CHIEF COMPLIANCE OFFICER (CCO)),mampu berpikir kritis
TIK.ITG0902,PEMIMPIN KEPATUHAN (CHIEF COMPLIANCE OFFICER (CCO)),mampu mengatasi masalah
TIK.ITG0902,PEMIMPIN KEPATUHAN (CHIEF COMPLIANCE OFFICER (CCO)),memimpin dan mengelola tim ti
TIK.ITG0902,PEMIMPIN KEPATUHAN (CHIEF COMPLIANCE OFFICER (CCO)),mendefinisikan dan mengimplementasikan strategi ti
TIK.ITG0902,PEMIMPIN KEPATUHAN (CHIEF COMPLIANCE OFFICER (CCO)),mengembangkan dan menerapkan solusi ti
TIK.ITG0902,PEMIMPIN KEPATUHAN (CHIEF COMPLIANCE OFFICER (CCO)),mengelola infrastruktur ti
TIK.ITG0902,PEMIMPIN KEPATUHAN (CHIEF COMPLIANCE OFFICER (CCO)),mengakses dan menggunakan ti
TIK.ITG0902,PEMIMPIN KEPATUHAN (CHIEF COMPLIANCE OFFICER (CCO)),melakukan perubahan pada infrastruktur ti
TIK.ITG0902,PEMIMPIN KEPATUHAN (CHIEF COMPLIANCE OFFICER (CCO)),melakukan kolaborasi dengan berbagai pihak
TIK.ITG0902,PEMIMPIN KEPATUHAN (CHIEF COMPLIANCE OFFICER (CCO)),melakukan investasi pada teknologi ti
TIK.ITG0902,PEMIMPIN KEPATUHAN (CHIEF COMPLIANCE OFFICER (CCO)),memiliki pemahaman mendalam mengenai pengelolaan teknologi informasi.
TIK.ITG0902,PEMIMPIN KEPATUHAN (CHIEF COMPLIANCE OFFICER (CCO)),menentukan metode pemodelan arsitektur bisnis dan business building block yang diperlukan
TIK.ITG0902,PEMIMPIN KEPATUHAN (CHIEF COMPLIANCE OFFICER (CCO)),"menetapkan baseline dan target arsitektur bisnis, serta kesenjangan antara baseline dan target arsitektur bisnis"
TIK.ITG0902,PEMIMPIN KEPATUHAN (CHIEF COMPLIANCE OFFICER (CCO)),menyusun roadmap arsitektur bisnis
TIK.ITG0902,PEMIMPIN KEPATUHAN (CHIEF COMPLIANCE OFFICER (CCO)),memfinalisasikan arsitektur bisnis
TIK.ITG0902,PEMIMPIN KEPATUHAN (CHIEF COMPLIANCE OFFICER (CCO)),mengelola proyek secara terintegrasi (project integration management)
TIK.ITG0902,PEMIMPIN KEPATUHAN (CHIEF COMPLIANCE OFFICER (CCO)),mengelola risiko proyek (project risk management)
TIK.ITG0902,PEMIMPIN KEPATUHAN (CHIEF COMPLIANCE OFFICER (CCO)),mengelola pengadaan-pengadaan proyek (project procurement management)
TIK.ITG0902,PEMIMPIN KEPATUHAN (CHIEF COMPLIANCE OFFICER (CCO)),mengelola stakeholder proyek (project stakeholder management)
TIK.ITG0801,KEPALA ARSITEKTUR PERUSAHAAN (LEAD ENTERPRISE ARCHITECTURE),"orang yang bertanggung jawab untuk mengembangkan dan mengelola arsitektur perusahaan yang koheren dan mendukung tujuan bisnis. cea bekerja sama dengan berbagai pemangku kepentingan di seluruh organisasi untuk memastikan bahwa arsitektur perusahaan selaras dengan strategi bisnis, persyaratan operasional, dan peraturan."
TIK.ITG0801,KEPALA ARSITEKTUR PERUSAHAAN (LEAD ENTERPRISE ARCHITECTURE),mengelola arsitektur yang mendukung tujuan bisnis
TIK.ITG0801,KEPALA ARSITEKTUR PERUSAHAAN (LEAD ENTERPRISE ARCHITECTURE),melakukan pengembangan pada arsitektur perusahaan
TIK.ITG0801,KEPALA ARSITEKTUR PERUSAHAAN (LEAD ENTERPRISE ARCHITECTURE),bertaqwa kepada tuhan yang maha esa
TIK.ITG0801,KEPALA ARSITEKTUR PERUSAHAAN (LEAD ENTERPRISE ARCHITECTURE),"memiliki moral, etika dan kepribadian yang baik di dalam menyelesaikan tugasnya"
TIK.ITG0801,KEPALA ARSITEKTUR PERUSAHAAN (LEAD ENTERPRISE ARCHITECTURE),berperan sebagai warga negara yang bangga dan cinta tanah air serta mendukung perdamaian dunia
TIK.ITG0801,KEPALA ARSITEKTUR PERUSAHAAN (LEAD ENTERPRISE ARCHITECTURE),mampu bekerja sama dan memiliki kepekaan sosial dan kepedulian yang tinggi terhadap masyarakat dan lingkungannya
TIK.ITG0801,KEPALA ARSITEKTUR PERUSAHAAN (LEAD ENTERPRISE ARCHITECTURE),"menghargai keanekaragaman budaya, pandangan, kepercayaan, dan agama serta pendapat/temuan orisinal orang lain"
TIK.ITG0801,KEPALA ARSITEKTUR PERUSAHAAN (LEAD ENTERPRISE ARCHITECTURE),menjunjung tinggi penegakan hukum serta memiliki semangat untuk mendahulukan kepentingan bangsa serta masyarakat luas
TIK.ITG0801,KEPALA ARSITEKTUR PERUSAHAAN (LEAD ENTERPRISE ARCHITECTURE),mendefinisikan dan mengimplementasikan arsitektur perusahaan yang koheren dan mendukung tujuan bisnis
TIK.ITG0801,KEPALA ARSITEKTUR PERUSAHAAN (LEAD ENTERPRISE ARCHITECTURE),memimpin dan mengelola tim arsitek perusahaan
TIK.ITG0801,KEPALA ARSITEKTUR PERUSAHAAN (LEAD ENTERPRISE ARCHITECTURE),"bekerja sama dengan pemangku kepentingan di seluruh organisasi untuk memastikan bahwa arsitektur perusahaan selaras dengan strategi bisnis, persyaratan operasional, dan peraturan"
TIK.ITG0801,KEPALA ARSITEKTUR PERUSAHAAN (LEAD ENTERPRISE ARCHITECTURE),mengelola perubahan arsitektur perusahaan
TIK.ITG0801,KEPALA ARSITEKTUR PERUSAHAAN (LEAD ENTERPRISE ARCHITECTURE),melakukan penelitian dan pengembangan di bidang arsitektur perusahaan
TIK.ITG0801,KEPALA ARSITEKTUR PERUSAHAAN (LEAD ENTERPRISE ARCHITECTURE),menetapkan visi dan strategi arsitektur perusahaan
TIK.ITG0801,KEPALA ARSITEKTUR PERUSAHAAN (LEAD ENTERPRISE ARCHITECTURE),mengembangkan dan menerapkan arsitektur perusahaan
TIK.ITG0801,KEPALA ARSITEKTUR PERUSAHAAN (LEAD ENTERPRISE ARCHITECTURE),mengawasi pelaksanaan arsitektur perusahaan
TIK.ITG0801,KEPALA ARSITEKTUR PERUSAHAAN (LEAD ENTERPRISE ARCHITECTURE),mengelola sumber daya arsitektur perusahaan
TIK.ITG0801,KEPALA ARSITEKTUR PERUSAHAAN (LEAD ENTERPRISE ARCHITECTURE),mengembangkan dan memelihara hubungan dengan pemangku kepentingan
TIK.ITG0801,KEPALA ARSITEKTUR PERUSAHAAN (LEAD ENTERPRISE ARCHITECTURE),memiliki pemahaman mendalam mengenai pengelolaan teknologi informasi.
TIK.ITG0801,KEPALA ARSITEKTUR PERUSAHAAN (LEAD ENTERPRISE ARCHITECTURE),lead innovative thinking and practice (memimpin pemikiran dan praktik inovatif)
TIK.ITG0801,KEPALA ARSITEKTUR PERUSAHAAN (LEAD ENTERPRISE ARCHITECTURE),develop and cultivate collaborative partnerships and relationships
TIK.ITG0801,KEPALA ARSITEKTUR PERUSAHAAN (LEAD ENTERPRISE ARCHITECTURE),conduct a business case study for integrating sustainability in ict planning and design projects
TIK.ITG0801,KEPALA ARSITEKTUR PERUSAHAAN (LEAD ENTERPRISE ARCHITECTURE),use ict to improve sustainability outcomes
TIK.ITG0801,KEPALA ARSITEKTUR PERUSAHAAN (LEAD ENTERPRISE ARCHITECTURE),manage improvements in ict sustainability
TIK.ITG0801,KEPALA ARSITEKTUR PERUSAHAAN (LEAD ENTERPRISE ARCHITECTURE),lead applied research in ict sustainability
TIK.ITG0802,KEPALA PENASIHAT TI (LEAD IT ADVISOR),perencanaan teknologi informasi (ti)
TIK.ITG0802,KEPALA PENASIHAT TI (LEAD IT ADVISOR),implementasi teknologi informasi (ti)
TIK.ITG0802,KEPALA PENASIHAT TI (LEAD IT ADVISOR),kemampuan untuk mengelola proyek dan tim
TIK.ITG0802,KEPALA PENASIHAT TI (LEAD IT ADVISOR),kemampuan untuk berkomunikasi secara efektif dengan berbagai pemangku kepentingan
TIK.ITG0802,KEPALA PENASIHAT TI (LEAD IT ADVISOR),kemampuan untuk berpikir kritis dan memecahkan masalah
TIK.ITG0802,KEPALA PENASIHAT TI (LEAD IT ADVISOR),kemampuan untuk beradaptasi dengan perubahan
TIK.ITG0802,KEPALA PENASIHAT TI (LEAD IT ADVISOR),"memberikan saran dan nasihat teknis kepada manajemen dan tim it tentang strategi, perencanaan, dan penerapan teknologi informasi"
TIK.ITG0802,KEPALA PENASIHAT TI (LEAD IT ADVISOR),memimpin dan mengawasi proyek-proyek teknologi informasi yang kompleks.
TIK.ITG0802,KEPALA PENASIHAT TI (LEAD IT ADVISOR),melakukan riset dan pengembangan teknologi baru
TIK.ITG0802,KEPALA PENASIHAT TI (LEAD IT ADVISOR),memberikan pelatihan dan pengembangan kepada tim it
TIK.ITG0802,KEPALA PENASIHAT TI (LEAD IT ADVISOR),membangun hubungan dengan pemangku kepentingan internal dan eksternal
TIK.ITG0802,KEPALA PENASIHAT TI (LEAD IT ADVISOR),mengembangkan dan mengimplementasikan strategi it
TIK.ITG0802,KEPALA PENASIHAT TI (LEAD IT ADVISOR),memberikan nasihat dan saran kepada manajemen tentang masalah it
TIK.ITG0802,KEPALA PENASIHAT TI (LEAD IT ADVISOR),memimpin dan mengelola tim it
TIK.ITG0802,KEPALA PENASIHAT TI (LEAD IT ADVISOR),mengembangkan dan memelihara hubungan dengan pemangku kepentingan internal dan eksternal
TIK.ITG0802,KEPALA PENASIHAT TI (LEAD IT ADVISOR),"keahlian teknis: keahlian teknis yang luas dalam berbagai bidang ti, termasuk infrastruktur ti, keamanan ti, dan manajemen data;"
TIK.ITG0802,KEPALA PENASIHAT TI (LEAD IT ADVISOR),"keahlian interpersonal: kemampuan komunikasi dan interpersonal yang kuat, serta kemampuan untuk bekerja sama dengan berbagai pemangku kepentingan."
TIK.ITG0802,KEPALA PENASIHAT TI (LEAD IT ADVISOR),direct ict services
TIK.ITG0802,KEPALA PENASIHAT TI (LEAD IT ADVISOR),synchronise ict projects
TIK.ITG0802,KEPALA PENASIHAT TI (LEAD IT ADVISOR),manage an information architecture project
TIK.ITG0802,KEPALA PENASIHAT TI (LEAD IT ADVISOR),develop a business intelligence framework
TIK.ITG0802,KEPALA PENASIHAT TI (LEAD IT ADVISOR),manage ict services
TIK.ITG0802,KEPALA PENASIHAT TI (LEAD IT ADVISOR),manage automated ict system applications using enterprise wide operating system
TIK.ITG0802,KEPALA PENASIHAT TI (LEAD IT ADVISOR),manage improvements in ict sustainability
TIK.ITG0802,KEPALA PENASIHAT TI (LEAD IT ADVISOR),lead applied research in ict sustainability
TIK.ITG0803,KEPALA MANAJEMEN PROGRAM (LEAD PROGRAM MANAGEMENT),"orang yang bertanggung jawab atas perencanaan, pengelolaan, dan pelaksanaan program teknologi informasi dan komunikasi (tik) dalam suatu organisasi. lpm bekerja sama dengan berbagai pihak, termasuk pemangku kepentingan internal dan eksternal, untuk memastikan program tik berjalan sesuai dengan tujuan dan anggaran yang telah ditetapkan."
TIK.ITG0803,KEPALA MANAJEMEN PROGRAM (LEAD PROGRAM MANAGEMENT),memimpin dan mengelola tim pengembangan dan implementasi program ti perusahaan
TIK.ITG0803,KEPALA MANAJEMEN PROGRAM (LEAD PROGRAM MANAGEMENT),memastikan bahwa program ti perusahaan sesuai dengan kebutuhan bisnis dan keamanan
TIK.ITG0803,KEPALA MANAJEMEN PROGRAM (LEAD PROGRAM MANAGEMENT),komunikatif
TIK.ITG0803,KEPALA MANAJEMEN PROGRAM (LEAD PROGRAM MANAGEMENT),senang dengan teknologi baru
TIK.ITG0803,KEPALA MANAJEMEN PROGRAM (LEAD PROGRAM MANAGEMENT),teamwork
TIK.ITG0803,KEPALA MANAJEMEN PROGRAM (LEAD PROGRAM MANAGEMENT),merencanakan dan mengorganisasi pekerjaan
TIK.ITG0803,KEPALA MANAJEMEN PROGRAM (LEAD PROGRAM MANAGEMENT),sadar biaya
TIK.ITG0803,KEPALA MANAJEMEN PROGRAM (LEAD PROGRAM MANAGEMENT),teliti
TIK.ITG0803,KEPALA MANAJEMEN PROGRAM (LEAD PROGRAM MANAGEMENT),merancang dan mengimplementasikan strategi program tik
TIK.ITG0803,KEPALA MANAJEMEN PROGRAM (LEAD PROGRAM MANAGEMENT),mengelola tim program tik
TIK.ITG0803,KEPALA MANAJEMEN PROGRAM (LEAD PROGRAM MANAGEMENT),mengembangkan dan memelihara hubungan dengan pemangku kepentingan internal dan eksternal
TIK.ITG0803,KEPALA MANAJEMEN PROGRAM (LEAD PROGRAM MANAGEMENT),mengevaluasi dan melaporkan kemajuan program tik
TIK.ITG0803,KEPALA MANAJEMEN PROGRAM (LEAD PROGRAM MANAGEMENT),menyelesaikan masalah dan tantangan program tik
TIK.ITG0803,KEPALA MANAJEMEN PROGRAM (LEAD PROGRAM MANAGEMENT),merancang antarmuka pengguna yang sesuai dengan kebutuhan proyek tujuan bisnis
TIK.ITG0803,KEPALA MANAJEMEN PROGRAM (LEAD PROGRAM MANAGEMENT),mengembangkan kode program sesuai kebutuhan
TIK.ITG0803,KEPALA MANAJEMEN PROGRAM (LEAD PROGRAM MANAGEMENT),mengintegrasikan layanan pihak ketiga
TIK.ITG0803,KEPALA MANAJEMEN PROGRAM (LEAD PROGRAM MANAGEMENT),mengoptimalisasikan kinerja situs web
TIK.ITG0803,KEPALA MANAJEMEN PROGRAM (LEAD PROGRAM MANAGEMENT),menentukan prioritas proyek dan menyesuaikan kecepatan pelaksanaan dengan memaksimalkan sumber daya yang ada
TIK.ITG0803,KEPALA MANAJEMEN PROGRAM (LEAD PROGRAM MANAGEMENT),mengelola beberapa proyek terkait untuk peningkatan kinerja organisasi
TIK.ITG0804,KEPALA PORTOFOLIO PROYEK TI (LEAD IT PROJECT PORTFOLIO),"orang yang bertanggung jawab atas pengelolaan portofolio proyek ti suatu organisasi. peran ini mencakup berbagai tanggung jawab yang berkaitan dengan perencanaan, pengawasan, dan pengelolaan sejumlah proyek ti yang berbeda dalam satu portofolio."
TIK.ITG0804,KEPALA PORTOFOLIO PROYEK TI (LEAD IT PROJECT PORTFOLIO),memimpin dan mengelola tim pengembangan dan implementasi portofolio proyek ti perusahaan
TIK.ITG0804,KEPALA PORTOFOLIO PROYEK TI (LEAD IT PROJECT PORTFOLIO),memastikan bahwa portofolio proyek ti perusahaan sesuai dengan strategi ti perusahaan dan kebutuhan bisnis
TIK.ITG0804,KEPALA PORTOFOLIO PROYEK TI (LEAD IT PROJECT PORTFOLIO),komunikatif
TIK.ITG0804,KEPALA PORTOFOLIO PROYEK TI (LEAD IT PROJECT PORTFOLIO),senang dengan teknologi baru
TIK.ITG0804,KEPALA PORTOFOLIO PROYEK TI (LEAD IT PROJECT PORTFOLIO),teamwork
TIK.ITG0804,KEPALA PORTOFOLIO PROYEK TI (LEAD IT PROJECT PORTFOLIO),merencanakan dan mengorganisasi pekerjaan
TIK.ITG0804,KEPALA PORTOFOLIO PROYEK TI (LEAD IT PROJECT PORTFOLIO),sadar biaya
TIK.ITG0804,KEPALA PORTOFOLIO PROYEK TI (LEAD IT PROJECT PORTFOLIO),teliti
TIK.ITG0804,KEPALA PORTOFOLIO PROYEK TI (LEAD IT PROJECT PORTFOLIO),mengoptimalkan kinerja aplikasi dan perangkat lunak yang dikembangkan
TIK.ITG0804,KEPALA PORTOFOLIO PROYEK TI (LEAD IT PROJECT PORTFOLIO),"memelihara aplikasi yang ada, mencakup perbaikan bug, pembaruan perangkat lunak dan peningkatan fungsionalitas sesuai kebutuhan"
TIK.ITG0804,KEPALA PORTOFOLIO PROYEK TI (LEAD IT PROJECT PORTFOLIO),"mengelola dan memelihara server unix, mengonfigurasi system dan memecahkan masalah system"
TIK.ITG0804,KEPALA PORTOFOLIO PROYEK TI (LEAD IT PROJECT PORTFOLIO),melakukan negosiasi dengan pemangku kepentingan internal dan eksternal
TIK.ITG0804,KEPALA PORTOFOLIO PROYEK TI (LEAD IT PROJECT PORTFOLIO),mendelegasikan tugas kepada tim proyek tik
TIK.ITG0804,KEPALA PORTOFOLIO PROYEK TI (LEAD IT PROJECT PORTFOLIO),menganggarkan dan mengalokasikan sumber daya
TIK.ITG0804,KEPALA PORTOFOLIO PROYEK TI (LEAD IT PROJECT PORTFOLIO),mengambil keputusan terkait portofolio proyek tik
TIK.ITG0804,KEPALA PORTOFOLIO PROYEK TI (LEAD IT PROJECT PORTFOLIO),mengawasi perubahan dan memperkirakan resikonya
TIK.ITG0804,KEPALA PORTOFOLIO PROYEK TI (LEAD IT PROJECT PORTFOLIO),mengelola penyebaran sumber daya organisasi
TIK.ITG0804,KEPALA PORTOFOLIO PROYEK TI (LEAD IT PROJECT PORTFOLIO),mengestimasi biaya dan pengalokasiannya
TIK.ITG0805,SPESIALIS PENASIHAT TI (SPECIALIST IT ADVISOR),membantu merancang dan menerapkan solusi it
TIK.ITG0805,SPESIALIS PENASIHAT TI (SPECIALIST IT ADVISOR),memberikan nasihat dan saran teknis kepada manajemen dan karyawan
TIK.ITG0805,SPESIALIS PENASIHAT TI (SPECIALIST IT ADVISOR),kemampuan untuk mengelola proyek dan tim
TIK.ITG0805,SPESIALIS PENASIHAT TI (SPECIALIST IT ADVISOR),kemampuan untuk berkomunikasi secara efektif dengan berbagai pemangku kepentingan
TIK.ITG0805,SPESIALIS PENASIHAT TI (SPECIALIST IT ADVISOR),kemampuan untuk berpikir kritis dan memecahkan masalah
TIK.ITG0805,SPESIALIS PENASIHAT TI (SPECIALIST IT ADVISOR),kemampuan untuk beradaptasi dengan perubahan
TIK.ITG0805,SPESIALIS PENASIHAT TI (SPECIALIST IT ADVISOR),memberikan nasihat dan saran teknis kepada manajemen dan karyawan di bidang teknologi informasi
TIK.ITG0805,SPESIALIS PENASIHAT TI (SPECIALIST IT ADVISOR),membantu merancang dan menerapkan solusi it yang memenuhi kebutuhan bisnis
TIK.ITG0805,SPESIALIS PENASIHAT TI (SPECIALIST IT ADVISOR),melakukan audit dan evaluasi sistem it
TIK.ITG0805,SPESIALIS PENASIHAT TI (SPECIALIST IT ADVISOR),mengelola proyek it
TIK.ITG0805,SPESIALIS PENASIHAT TI (SPECIALIST IT ADVISOR),memberikan pelatihan dan dukungan teknis kepada karyawan
TIK.ITG0805,SPESIALIS PENASIHAT TI (SPECIALIST IT ADVISOR),memberikan saran dan nasihat kepada manajemen perusahaan tentang strategi dan kebijakan it
TIK.ITG0805,SPESIALIS PENASIHAT TI (SPECIALIST IT ADVISOR),mengembangkan dan mengelola rencana it perusahaan
TIK.ITG0805,SPESIALIS PENASIHAT TI (SPECIALIST IT ADVISOR),memimpin tim it perusahaan
TIK.ITG0805,SPESIALIS PENASIHAT TI (SPECIALIST IT ADVISOR),"pengetahuan yang luas tentang teknologi it, termasuk jaringan, sistem operasi, database, dan perangkat lunak aplikasi;"
TIK.ITG0805,SPESIALIS PENASIHAT TI (SPECIALIST IT ADVISOR),kemampuan untuk berkomunikasi secara efektif dengan berbagai pemangku kepentingan;
TIK.ITG0805,SPESIALIS PENASIHAT TI (SPECIALIST IT ADVISOR),kemampuan untuk bekerja secara mandiri dan sebagai bagian dari tim.
TIK.ITG0805,SPESIALIS PENASIHAT TI (SPECIALIST IT ADVISOR),provide ict advice to clients
TIK.ITG0805,SPESIALIS PENASIHAT TI (SPECIALIST IT ADVISOR),integrate sustainability in ict planning and design projects
TIK.ITG0805,SPESIALIS PENASIHAT TI (SPECIALIST IT ADVISOR),establish a business case for sustainability and competitive advantage in ict projects
TIK.ITG0805,SPESIALIS PENASIHAT TI (SPECIALIST IT ADVISOR),conduct a business case study for integrating sustainability in ict planning and design projects
TIK.ITG0805,SPESIALIS PENASIHAT TI (SPECIALIST IT ADVISOR),manage improvements in ict sustainability
TIK.ITG0805,SPESIALIS PENASIHAT TI (SPECIALIST IT ADVISOR),provide consultancy and technical support in the customer premises equipment sector
TIK.ITG0805,SPESIALIS PENASIHAT TI (SPECIALIST IT ADVISOR),provide expert advice and support on complex faults
TIK.ITG0806,KEPALA KONSULTAN TI (LEAD IT CONSULTANT),menganalisis kebutuhan klien
TIK.ITG0806,KEPALA KONSULTAN TI (LEAD IT CONSULTANT),menyusun dan mengembangkan solusi it
TIK.ITG0806,KEPALA KONSULTAN TI (LEAD IT CONSULTANT),kemampuan untuk mengelola proyek dan tim
TIK.ITG0806,KEPALA KONSULTAN TI (LEAD IT CONSULTANT),kemampuan untuk berkomunikasi secara efektif dengan berbagai pemangku kepentingan
TIK.ITG0806,KEPALA KONSULTAN TI (LEAD IT CONSULTANT),kemampuan untuk berpikir kritis dan memecahkan masalah
TIK.ITG0806,KEPALA KONSULTAN TI (LEAD IT CONSULTANT),kemampuan untuk beradaptasi dengan perubahan
TIK.ITG0806,KEPALA KONSULTAN TI (LEAD IT CONSULTANT),melakukan analisis kebutuhan klien dan mendefinisikan masalah yang dihadapi
TIK.ITG0806,KEPALA KONSULTAN TI (LEAD IT CONSULTANT),mengembangkan solusi ti yang inovatif dan tepat sasaran
TIK.ITG0806,KEPALA KONSULTAN TI (LEAD IT CONSULTANT),menyusun rencana dan anggaran untuk pelaksanaan solusi
TIK.ITG0806,KEPALA KONSULTAN TI (LEAD IT CONSULTANT),memimpin tim proyek dalam pelaksanaan solusi
TIK.ITG0806,KEPALA KONSULTAN TI (LEAD IT CONSULTANT),melakukan pelatihan dan dukungan kepada klien
TIK.ITG0806,KEPALA KONSULTAN TI (LEAD IT CONSULTANT),mengembangkan dan mendefinisikan strategi it untuk organisasi
TIK.ITG0806,KEPALA KONSULTAN TI (LEAD IT CONSULTANT),mengembangkan dan mengimplementasikan solusi it untuk memenuhi kebutuhan bisnis
TIK.ITG0806,KEPALA KONSULTAN TI (LEAD IT CONSULTANT),mengelola proyek it besar dan kompleks
TIK.ITG0806,KEPALA KONSULTAN TI (LEAD IT CONSULTANT),memimpin dan melatih tim it
TIK.ITG0806,KEPALA KONSULTAN TI (LEAD IT CONSULTANT),mengembangkan dan memelihara hubungan dengan klien
TIK.ITG0806,KEPALA KONSULTAN TI (LEAD IT CONSULTANT),"memiliki kemampuan di bidang teknologi perangkat keras dan lunak, arsitektur ti, keamanan ti, manajemen proyek, komunikasi."
TIK.ITG0806,KEPALA KONSULTAN TI (LEAD IT CONSULTANT),endorse business plan components for a new initiative
TIK.ITG0806,KEPALA KONSULTAN TI (LEAD IT CONSULTANT),direct research and business response to new ict technology
TIK.ITG0806,KEPALA KONSULTAN TI (LEAD IT CONSULTANT),direct the development of a knowledge management strategy for a business
TIK.ITG0806,KEPALA KONSULTAN TI (LEAD IT CONSULTANT),facilitate business analysis
TIK.ITG0807,KEPALA MANAJEMEN SISTEM (LEAD SYSTEMS MANAGEMENT),"orang yang bertanggung jawab atas perencanaan, pengembangan, dan pelaksanaan sistem informasi dan keamanan di sebuah organisasi. mereka bekerja sama dengan berbagai pihak, termasuk manajer bisnis, teknisi, dan pengguna akhir, untuk memastikan bahwa sistem informasi memenuhi kebutuhan organisasi dan melindungi data dan infrastrukturnya."
TIK.ITG0807,KEPALA MANAJEMEN SISTEM (LEAD SYSTEMS MANAGEMENT),pengelolaan infrastruktur ti
TIK.ITG0807,KEPALA MANAJEMEN SISTEM (LEAD SYSTEMS MANAGEMENT),strategi ti
TIK.ITG0807,KEPALA MANAJEMEN SISTEM (LEAD SYSTEMS MANAGEMENT),berintegritas
TIK.ITG0807,KEPALA MANAJEMEN SISTEM (LEAD SYSTEMS MANAGEMENT),analitis
TIK.ITG0807,KEPALA MANAJEMEN SISTEM (LEAD SYSTEMS MANAGEMENT),mengatasi masalah (problem-solving)
TIK.ITG0807,KEPALA MANAJEMEN SISTEM (LEAD SYSTEMS MANAGEMENT),merencanakan dan mengorganisasi pekerjaan
TIK.ITG0807,KEPALA MANAJEMEN SISTEM (LEAD SYSTEMS MANAGEMENT),memimpin tim
TIK.ITG0807,KEPALA MANAJEMEN SISTEM (LEAD SYSTEMS MANAGEMENT),bertanggung jawab
TIK.ITG0807,KEPALA MANAJEMEN SISTEM (LEAD SYSTEMS MANAGEMENT),mampu mengarahkan dan mempunyai visi
TIK.ITG0807,KEPALA MANAJEMEN SISTEM (LEAD SYSTEMS MANAGEMENT),memberi motivasi
TIK.ITG0807,KEPALA MANAJEMEN SISTEM (LEAD SYSTEMS MANAGEMENT),memimpin perubahan
TIK.ITG0807,KEPALA MANAJEMEN SISTEM (LEAD SYSTEMS MANAGEMENT),menetapkan strategi sistem informasi untuk organisasi
TIK.ITG0807,KEPALA MANAJEMEN SISTEM (LEAD SYSTEMS MANAGEMENT),memimpin pengembangan dan pemeliharaan sistem informasi
TIK.ITG0807,KEPALA MANAJEMEN SISTEM (LEAD SYSTEMS MANAGEMENT),mengelola tim teknis yang bertanggung jawab atas operasi sistem informasi
TIK.ITG0807,KEPALA MANAJEMEN SISTEM (LEAD SYSTEMS MANAGEMENT),menangani keamanan sistem informasi
TIK.ITG0807,KEPALA MANAJEMEN SISTEM (LEAD SYSTEMS MANAGEMENT),memantau kinerja sistem informasi
TIK.ITG0807,KEPALA MANAJEMEN SISTEM (LEAD SYSTEMS MANAGEMENT),pengetahuan tentang berbagai teknologi sistem informasi
TIK.ITG0807,KEPALA MANAJEMEN SISTEM (LEAD SYSTEMS MANAGEMENT),kemampuan kepemimpinan dan manajemen;
TIK.ITG0807,KEPALA MANAJEMEN SISTEM (LEAD SYSTEMS MANAGEMENT),kemampuan untuk berpikir strategis dan memecahkan masalah.
TIK.ITG0807,KEPALA MANAJEMEN SISTEM (LEAD SYSTEMS MANAGEMENT),develop and cultivate collaborative partnerships and relationships (mengembangkan dan membina kemitraan dan hubungan kolaboratif)
TIK.ITG0807,KEPALA MANAJEMEN SISTEM (LEAD SYSTEMS MANAGEMENT),lead research into identifying new marketplace opportunities (memimpin penelitian dalam mengidentifikasi peluang pasar baru)
TIK.ITG0807,KEPALA MANAJEMEN SISTEM (LEAD SYSTEMS MANAGEMENT),direct ict services
TIK.ITG0807,KEPALA MANAJEMEN SISTEM (LEAD SYSTEMS MANAGEMENT),endorse business plan components for a new initiative
TIK.ITG0807,KEPALA MANAJEMEN SISTEM (LEAD SYSTEMS MANAGEMENT),direct ict in a supply chain
TIK.ITG0807,KEPALA MANAJEMEN SISTEM (LEAD SYSTEMS MANAGEMENT),direct ict procurement
TIK.ITG0807,KEPALA MANAJEMEN SISTEM (LEAD SYSTEMS MANAGEMENT),direct outsourced ict services (memimpin layanan ict yang dialihdayakan)
TIK.ITG0807,KEPALA MANAJEMEN SISTEM (LEAD SYSTEMS MANAGEMENT),direct the development of a knowledge management strategy for a business
TIK.ITG0807,KEPALA MANAJEMEN SISTEM (LEAD SYSTEMS MANAGEMENT),facilitate business analysis
TIK.ITG0807,KEPALA MANAJEMEN SISTEM (LEAD SYSTEMS MANAGEMENT),synchronise it projects
TIK.ITG0807,KEPALA MANAJEMEN SISTEM (LEAD SYSTEMS MANAGEMENT),manage an information architecture project
TIK.ITG0807,KEPALA MANAJEMEN SISTEM (LEAD SYSTEMS MANAGEMENT),develop a business intelligence framework (mengembangkan kerangka kerja intelijen bisnis)
TIK.ITG0807,KEPALA MANAJEMEN SISTEM (LEAD SYSTEMS MANAGEMENT),manage it services
TIK.ITG0807,KEPALA MANAJEMEN SISTEM (LEAD SYSTEMS MANAGEMENT),plan and manage virtualisation for it sustainability
TIK.ITG0807,KEPALA MANAJEMEN SISTEM (LEAD SYSTEMS MANAGEMENT),conduct a business case study for integrating sustainability in it planning and design projects
TIK.ITG0807,KEPALA MANAJEMEN SISTEM (LEAD SYSTEMS MANAGEMENT),research strategies using sap solutions for sustainable economic and environmental outcomes
TIK.ITG0807,KEPALA MANAJEMEN SISTEM (LEAD SYSTEMS MANAGEMENT),use ict to improve sustainability outcomes
TIK.ITG0807,KEPALA MANAJEMEN SISTEM (LEAD SYSTEMS MANAGEMENT),manage improvements in ict sustainability
TIK.ITG0808,PEJABAT PENGAWAS PDP (DATA PROTECTION OFFICER),kepatuhan terhadap peraturan perundang-undangan terkait pdp di seluruh yurisdiksi dimana pemrosesan data pribadi dilaksanakan
TIK.ITG0808,PEJABAT PENGAWAS PDP (DATA PROTECTION OFFICER),mitigasi risiko pelanggaran pelindungan data pribadi
TIK.ITG0808,PEJABAT PENGAWAS PDP (DATA PROTECTION OFFICER),berintegritas
TIK.ITG0808,PEJABAT PENGAWAS PDP (DATA PROTECTION OFFICER),bertanggung jawab
TIK.ITG0808,PEJABAT PENGAWAS PDP (DATA PROTECTION OFFICER),mampu memimpin tim
TIK.ITG0808,PEJABAT PENGAWAS PDP (DATA PROTECTION OFFICER),komunikatif
TIK.ITG0808,PEJABAT PENGAWAS PDP (DATA PROTECTION OFFICER),mampu mengatasi masalah
TIK.ITG0808,PEJABAT PENGAWAS PDP (DATA PROTECTION OFFICER),bebas benturan kepentingan
TIK.ITG0808,PEJABAT PENGAWAS PDP (DATA PROTECTION OFFICER),menginformasikan dan memberikan saran agar mematuhi ketentuan dalam pelindungan data pribadi
TIK.ITG0808,PEJABAT PENGAWAS PDP (DATA PROTECTION OFFICER),memantau dan memastikan kepatuhan terhadap ketentuan dalam pelindungan data pribadi dan kebijakan pengendali data pribadi atau prosesor data pribadi
TIK.ITG0808,PEJABAT PENGAWAS PDP (DATA PROTECTION OFFICER),memberikan saran mengenai penilaian dampak pelindungan data pribadi
TIK.ITG0808,PEJABAT PENGAWAS PDP (DATA PROTECTION OFFICER),memantau kinerja organisasi baik sebagai pengendali data pribadi dan atau prosesor data pribadi
TIK.ITG0808,PEJABAT PENGAWAS PDP (DATA PROTECTION OFFICER),"mengawal kepatuhan transfer data pribadi ke luar wilayah negara republik indonesia (perjanjian, uji kelayakan, dan pencatatan)"
TIK.ITG0808,PEJABAT PENGAWAS PDP (DATA PROTECTION OFFICER),memeriksa pelaksanaan pdp
TIK.ITG0808,PEJABAT PENGAWAS PDP (DATA PROTECTION OFFICER),memberi saran penilaian dampak
TIK.ITG0808,PEJABAT PENGAWAS PDP (DATA PROTECTION OFFICER),menjadi narahubung ke lembaga
TIK.ITG0808,PEJABAT PENGAWAS PDP (DATA PROTECTION OFFICER),"mengeskalasi temuan pelanggaran pdp kepada pimpinan puncak; apabila tidak diperbaiki dalam jangka wajar, ppdp berwenang melaporkan kepada lembaga sesuai ketentuan, dengan perlindungan pelapor (whistleblower)"
TIK.ITG0808,PEJABAT PENGAWAS PDP (DATA PROTECTION OFFICER),"telah mendapatkan pelatihan secara khusus terkait pelaksanaan hak subjek data pribadi, penanganan persetujuan, penanganan insiden kegagalan pdp, penyusunan rekaman pemrosesan, praktek penghapusan dan pemusnahan data pribadi sesuai kebijakan retensi, kepatuhan, audit, dan semua hal terkait kewajiban pengendali dan atau prosesor data pribadi; dan"
TIK.ITG0808,PEJABAT PENGAWAS PDP (DATA PROTECTION OFFICER),menentukan landasan program kerja pelindungan data pribadi
TIK.ITG0808,PEJABAT PENGAWAS PDP (DATA PROTECTION OFFICER),menentukan kebutuhan struktur tim pelindungan data pribadi
TIK.ITG0808,PEJABAT PENGAWAS PDP (DATA PROTECTION OFFICER),menentukan kerangka kerja pelindungan data pribadi
TIK.ITG0808,PEJABAT PENGAWAS PDP (DATA PROTECTION OFFICER),mengidentifikasi peraturan perundang-undangan terkait
TIK.ITG0808,PEJABAT PENGAWAS PDP (DATA PROTECTION OFFICER),pelindungan data pribadi menentukan strategi pelindungan data pribadi
TIK.ITG0808,PEJABAT PENGAWAS PDP (DATA PROTECTION OFFICER),menyusun kriteria matriks risiko pelindungan data pribadi
TIK.ITG0808,PEJABAT PENGAWAS PDP (DATA PROTECTION OFFICER),melakukan penilaian dampak pelindungan data pribadi
TIK.ITG0808,PEJABAT PENGAWAS PDP (DATA PROTECTION OFFICER),menguji efektivitas program kerja pelindungan data pribadi
TIK.ITG0808,PEJABAT PENGAWAS PDP (DATA PROTECTION OFFICER),menyusun tata kelola pelindungan data pribadi
TIK.ITG0808,PEJABAT PENGAWAS PDP (DATA PROTECTION OFFICER),menyusun manajemen pelindungan data pribadi pada domainnya
TIK.ITG0808,PEJABAT PENGAWAS PDP (DATA PROTECTION OFFICER),menerapkan program kerja pelindungan data pribadi
TIK.ITG0808,PEJABAT PENGAWAS PDP (DATA PROTECTION OFFICER),melakukan pemantauan program kerja pelindungan data pribadi sesuai kepatuhan terhadap regulasi
TIK.ITG0808,PEJABAT PENGAWAS PDP (DATA PROTECTION OFFICER),merumuskan saran kepada manajemen terkait
TIK.ITG0808,PEJABAT PENGAWAS PDP (DATA PROTECTION OFFICER),mengelola audit berkaitan dengan program kerja pelindungan data pribadi
TIK.ITG0808,PEJABAT PENGAWAS PDP (DATA PROTECTION OFFICER),memastikan tindak lanjut terhadap hasil audit pelindungan data pribadi dilakukan oleh unit terkait
TIK.ITG0808,PEJABAT PENGAWAS PDP (DATA PROTECTION OFFICER),merumuskan proses perolehan persetujuan pemrosesan data pribadi
TIK.ITG0808,PEJABAT PENGAWAS PDP (DATA PROTECTION OFFICER),memberikan respons terhadap permintaan informasi data pribadi sesuai ketentuan
TIK.ITG0808,PEJABAT PENGAWAS PDP (DATA PROTECTION OFFICER),memastikan pelindungan data pribadi telah terintegrasi dalam manajemen respons insiden
TIK.ITG0808,PEJABAT PENGAWAS PDP (DATA PROTECTION OFFICER),memastikan berjalannya manajemen respons insiden terkait kegagalan pelindungan data pribadi
TIK.ITG0808,PEJABAT PENGAWAS PDP (DATA PROTECTION OFFICER),mengidentifikasi tindak lanjut audit teknologi informasi
TIK.ITG0809,PEJABAT PELAKSANA PDP (DATA PROTECTION EXECUTIVE),melaksanakan pemenuhan kepatuhan terhadap peraturan perundang-undangan terkait pdp di seluruh yurisdiksi dimana pemrosesan data pribadi dilaksanakan
TIK.ITG0809,PEJABAT PELAKSANA PDP (DATA PROTECTION EXECUTIVE),melaksanakan mitigasi risiko pelanggaran pelindungan data pribadi
TIK.ITG0809,PEJABAT PELAKSANA PDP (DATA PROTECTION EXECUTIVE),berintegritas
TIK.ITG0809,PEJABAT PELAKSANA PDP (DATA PROTECTION EXECUTIVE),bertanggung jawab
TIK.ITG0809,PEJABAT PELAKSANA PDP (DATA PROTECTION EXECUTIVE),mampu memimpin tim
TIK.ITG0809,PEJABAT PELAKSANA PDP (DATA PROTECTION EXECUTIVE),komunikatif
TIK.ITG0809,PEJABAT PELAKSANA PDP (DATA PROTECTION EXECUTIVE),mampu mengatasi masalah
TIK.ITG0809,PEJABAT PELAKSANA PDP (DATA PROTECTION EXECUTIVE),memastikan kepatuhan terhadap peraturan perundang-undangan pdp di yurisdiksi dan sektor terkait
TIK.ITG0809,PEJABAT PELAKSANA PDP (DATA PROTECTION EXECUTIVE),memastikan pelaksanaan kewajiban pengendali data pribadi atau prosesor data pribadi
TIK.ITG0809,PEJABAT PELAKSANA PDP (DATA PROTECTION EXECUTIVE),"berkoordinasi untuk isu yang berkaitan dengan pemrosesan data pribadi, bertindak sebagai narahubung untuk isu yang berkaitan dengan pemrosesan data pribadi"
TIK.ITG0809,PEJABAT PELAKSANA PDP (DATA PROTECTION EXECUTIVE),"memperhatikan risiko terkait pemrosesan data pribadi, dengan mempertimbangkan sifat, ruang lingkup, konteks, dan tujuan pemrosesan dengan basis dokumen penilaian dampak pdp dan peta risiko"
TIK.ITG0809,PEJABAT PELAKSANA PDP (DATA PROTECTION EXECUTIVE),memiliki kewenangan penuh terhadap pelaksanaan program pdp di organisasi dan mengkoordinasi seluruh bagian organisasi yang berhubungan dengan pdp termasuk unit yang mengelola sistem komputasi awan atau pihak ketiga di luar wilayah negara republik indonesia
TIK.ITG0809,PEJABAT PELAKSANA PDP (DATA PROTECTION EXECUTIVE),menjadi narahubung ke subjek data pribadi
TIK.ITG0809,PEJABAT PELAKSANA PDP (DATA PROTECTION EXECUTIVE),"telah mendapatkan pelatihan secara khusus terkait pelaksanaan hak subjek data pribadi, penanganan persetujuan, penanganan insiden kegagalan pdp, penyusunan rekaman pemrosesan, praktek penghapusan dan pemusnahan data pribadi sesuai kebijakan retensi, kepatuhan, audit, dan rekaman pemrosesan data pribadi, dan semua hal terkait kewajiban pengendali dan atau prosesor data pribadi; dan"
TIK.ITG0809,PEJABAT PELAKSANA PDP (DATA PROTECTION EXECUTIVE),menentukan landasan program kerja pelindungan data pribadi
TIK.ITG0809,PEJABAT PELAKSANA PDP (DATA PROTECTION EXECUTIVE),menentukan kebutuhan struktur tim pelindungan data pribadi
TIK.ITG0809,PEJABAT PELAKSANA PDP (DATA PROTECTION EXECUTIVE),menentukan kerangka kerja pelindungan data pribadi
TIK.ITG0809,PEJABAT PELAKSANA PDP (DATA PROTECTION EXECUTIVE),mengidentifikasi peraturan perundang-undangan terkait pelindungan data pribadi
TIK.ITG0809,PEJABAT PELAKSANA PDP (DATA PROTECTION EXECUTIVE),menentukan strategi pelindungan data pribadi
TIK.ITG0809,PEJABAT PELAKSANA PDP (DATA PROTECTION EXECUTIVE),menyusun kriteria matriks risiko pelindungan data
TIK.ITG0809,PEJABAT PELAKSANA PDP (DATA PROTECTION EXECUTIVE),pribadi melakukan penilaian dampak pelindungan data pribadi
TIK.ITG0809,PEJABAT PELAKSANA PDP (DATA PROTECTION EXECUTIVE),menguji efektivitas program kerja pelindungan data pribadi
TIK.ITG0809,PEJABAT PELAKSANA PDP (DATA PROTECTION EXECUTIVE),menyusun tata kelola pelindungan data pribadi
TIK.ITG0809,PEJABAT PELAKSANA PDP (DATA PROTECTION EXECUTIVE),menyusun manajemen pelindungan data pribadi pada domainnya
TIK.ITG0809,PEJABAT PELAKSANA PDP (DATA PROTECTION EXECUTIVE),menerapkan program kerja pelindungan data pribadi
TIK.ITG0809,PEJABAT PELAKSANA PDP (DATA PROTECTION EXECUTIVE),melakukan pemantauan program kerja pelindungan data pribadi sesuai kepatuhan terhadap regulasi
TIK.ITG0809,PEJABAT PELAKSANA PDP (DATA PROTECTION EXECUTIVE),merumuskan saran kepada manajemen terkait
TIK.ITG0809,PEJABAT PELAKSANA PDP (DATA PROTECTION EXECUTIVE),mengelola audit berkaitan dengan program kerja pelindungan data pribadi
TIK.ITG0809,PEJABAT PELAKSANA PDP (DATA PROTECTION EXECUTIVE),memastikan tindak lanjut terhadap hasil audit pelindungan data pribadi dilakukan oleh unit terkait
TIK.ITG0809,PEJABAT PELAKSANA PDP (DATA PROTECTION EXECUTIVE),merumuskan proses perolehan persetujuan pemrosesan data pribadi
TIK.ITG0809,PEJABAT PELAKSANA PDP (DATA PROTECTION EXECUTIVE),memberikan respons terhadap permintaan informasi data pribadi sesuai ketentuan
TIK.ITG0809,PEJABAT PELAKSANA PDP (DATA PROTECTION EXECUTIVE),memastikan pelindungan data pribadi telah terintegrasi dalam manajemen respons insiden
TIK.ITG0809,PEJABAT PELAKSANA PDP (DATA PROTECTION EXECUTIVE),memastikan berjalannya manajemen respons insiden terkait kegagalan pelindungan data pribadi
TIK.ITG0701,MANAJER PEMULIHAN BENCANA (DISASTER RECOVERY MANAGER),orang yang bertanggung jawab untuk mengembangkan dan mengimplementasikan rencana pemulihan bencana (disaster recovery plan) untuk infrastruktur ti dengan menggunakan keterampilan teknis dan non-teknis untuk memastikan bahwa organisasi dapat pulih dari bencana dan tetap beroperasi dengan lancar.
TIK.ITG0701,MANAJER PEMULIHAN BENCANA (DISASTER RECOVERY MANAGER),mengembangkan dan mengimplementasikan rencana pemulihan bencana
TIK.ITG0701,MANAJER PEMULIHAN BENCANA (DISASTER RECOVERY MANAGER),mengelola dan menguji rencana pemulihan bencana
TIK.ITG0701,MANAJER PEMULIHAN BENCANA (DISASTER RECOVERY MANAGER),beretika
TIK.ITG0701,MANAJER PEMULIHAN BENCANA (DISASTER RECOVERY MANAGER),komunikatif
TIK.ITG0701,MANAJER PEMULIHAN BENCANA (DISASTER RECOVERY MANAGER),bekerja dalam tim
TIK.ITG0701,MANAJER PEMULIHAN BENCANA (DISASTER RECOVERY MANAGER),teliti
TIK.ITG0701,MANAJER PEMULIHAN BENCANA (DISASTER RECOVERY MANAGER),berpikir kritis
TIK.ITG0701,MANAJER PEMULIHAN BENCANA (DISASTER RECOVERY MANAGER),selalu belajar hal baru
TIK.ITG0701,MANAJER PEMULIHAN BENCANA (DISASTER RECOVERY MANAGER),mengembangkan dan mengimplementasikan rencana pemulihan bencana
TIK.ITG0701,MANAJER PEMULIHAN BENCANA (DISASTER RECOVERY MANAGER),mengelola infrastruktur pemulihan bencana
TIK.ITG0701,MANAJER PEMULIHAN BENCANA (DISASTER RECOVERY MANAGER),melakukan latihan dan simulasi pemulihan bencana
TIK.ITG0701,MANAJER PEMULIHAN BENCANA (DISASTER RECOVERY MANAGER),mengawasi dan memelihara rencana pemulihan bencana
TIK.ITG0701,MANAJER PEMULIHAN BENCANA (DISASTER RECOVERY MANAGER),mengakses dan menggunakan data pemulihan bencana
TIK.ITG0701,MANAJER PEMULIHAN BENCANA (DISASTER RECOVERY MANAGER),melakukan perubahan pada infrastruktur ti
TIK.ITG0701,MANAJER PEMULIHAN BENCANA (DISASTER RECOVERY MANAGER),melakukan kolaborasi dengan berbagai pihak
TIK.ITG0701,MANAJER PEMULIHAN BENCANA (DISASTER RECOVERY MANAGER),memiliki pemahaman mendalam mengenai pemulihan bencana.
TIK.ITG0701,MANAJER PEMULIHAN BENCANA (DISASTER RECOVERY MANAGER),merancang pemulihan jaringan
TIK.ITG0701,MANAJER PEMULIHAN BENCANA (DISASTER RECOVERY MANAGER),memantau keamanan sistem
TIK.ITG0701,MANAJER PEMULIHAN BENCANA (DISASTER RECOVERY MANAGER),mengelola insiden yang terjadi
TIK.ITG0702,MANAJER PEMULIHAN BENCANA DAN KELANGSUNGAN BISNIS (DISASTER RECOVERY AND,orang yang bertanggung jawab untuk mengembangkan dan mengimplementasikan rencana pemulihan bencana dan kelangsungan bisnis dengan menggunakan keterampilan teknis dan non-teknis untuk memastikan bahwa organisasi dapat pulih dari bencana dan tetap beroperasi dengan lancar.
TIK.ITG0702,MANAJER PEMULIHAN BENCANA DAN KELANGSUNGAN BISNIS (DISASTER RECOVERY AND,mengembangkan dan mengimplementasikan rencana pemulihan bencana dan kelangsungan bisnis
TIK.ITG0702,MANAJER PEMULIHAN BENCANA DAN KELANGSUNGAN BISNIS (DISASTER RECOVERY AND,mengelola dan menguji rencana pemulihan bencana dan kelangsungan bisnis
TIK.ITG0702,MANAJER PEMULIHAN BENCANA DAN KELANGSUNGAN BISNIS (DISASTER RECOVERY AND,beretika
TIK.ITG0702,MANAJER PEMULIHAN BENCANA DAN KELANGSUNGAN BISNIS (DISASTER RECOVERY AND,komunikatif
TIK.ITG0702,MANAJER PEMULIHAN BENCANA DAN KELANGSUNGAN BISNIS (DISASTER RECOVERY AND,bekerja dalam tim
TIK.ITG0702,MANAJER PEMULIHAN BENCANA DAN KELANGSUNGAN BISNIS (DISASTER RECOVERY AND,teliti
TIK.ITG0702,MANAJER PEMULIHAN BENCANA DAN KELANGSUNGAN BISNIS (DISASTER RECOVERY AND,berpikir kritis
TIK.ITG0702,MANAJER PEMULIHAN BENCANA DAN KELANGSUNGAN BISNIS (DISASTER RECOVERY AND,selalu belajar hal baru
TIK.ITG0702,MANAJER PEMULIHAN BENCANA DAN KELANGSUNGAN BISNIS (DISASTER RECOVERY AND,mengembangkan dan mengimplementasikan rencana pemulihan bencana
TIK.ITG0702,MANAJER PEMULIHAN BENCANA DAN KELANGSUNGAN BISNIS (DISASTER RECOVERY AND,mengembangkan dan mengimplementasikan rencana kelangsungan bisnis
TIK.ITG0702,MANAJER PEMULIHAN BENCANA DAN KELANGSUNGAN BISNIS (DISASTER RECOVERY AND,melakukan latihan dan simulasi pemulihan bencana
TIK.ITG0702,MANAJER PEMULIHAN BENCANA DAN KELANGSUNGAN BISNIS (DISASTER RECOVERY AND,mengawasi dan memelihara rencana pemulihan bencana
TIK.ITG0702,MANAJER PEMULIHAN BENCANA DAN KELANGSUNGAN BISNIS (DISASTER RECOVERY AND,mengakses dan menggunakan data pemulihan bencana
TIK.ITG0702,MANAJER PEMULIHAN BENCANA DAN KELANGSUNGAN BISNIS (DISASTER RECOVERY AND,melakukan perubahan pada infrastruktur ti
TIK.ITG0702,MANAJER PEMULIHAN BENCANA DAN KELANGSUNGAN BISNIS (DISASTER RECOVERY AND,melakukan kolaborasi dengan berbagai pihak
TIK.ITG0702,MANAJER PEMULIHAN BENCANA DAN KELANGSUNGAN BISNIS (DISASTER RECOVERY AND,memiliki pemahaman mendalam mengenai pemulihan bencana dan kelangsungan bisnis.
TIK.ITG0702,MANAJER PEMULIHAN BENCANA DAN KELANGSUNGAN BISNIS (DISASTER RECOVERY AND,mengelola sistem pertahanan dan perlindungan keamanan informasi
TIK.ITG0702,MANAJER PEMULIHAN BENCANA DAN KELANGSUNGAN BISNIS (DISASTER RECOVERY AND,mengelola aspek keamanan sistem informasi pada setiap kegiatan upgrade/peremajaan sistem informasi
TIK.ITG0702,MANAJER PEMULIHAN BENCANA DAN KELANGSUNGAN BISNIS (DISASTER RECOVERY AND,melaksanakan uji coba sistem pertahanan keamanan informasi
TIK.ITG0702,MANAJER PEMULIHAN BENCANA DAN KELANGSUNGAN BISNIS (DISASTER RECOVERY AND,mendeteksi kerentanan (vulnerabilitas) keamanan dan potensi pelanggaran
TIK.ITG0702,MANAJER PEMULIHAN BENCANA DAN KELANGSUNGAN BISNIS (DISASTER RECOVERY AND,melaksanakan evaluasi kelemahan (vulnerabilitas) keamanan
TIK.ITG0702,MANAJER PEMULIHAN BENCANA DAN KELANGSUNGAN BISNIS (DISASTER RECOVERY AND,mengimplementasikan koreksi atas kerentanan keamanan informasi
TIK.ITG0702,MANAJER PEMULIHAN BENCANA DAN KELANGSUNGAN BISNIS (DISASTER RECOVERY AND,mengelola insiden keamanan informasi
TIK.ITG0702,MANAJER PEMULIHAN BENCANA DAN KELANGSUNGAN BISNIS (DISASTER RECOVERY AND,mengimplementasikan manajemen perbaikan/respon yang terkait dengan keamanan informasi
TIK.ITG0702,MANAJER PEMULIHAN BENCANA DAN KELANGSUNGAN BISNIS (DISASTER RECOVERY AND,mengelola integritas informasi
TIK.ITG0702,MANAJER PEMULIHAN BENCANA DAN KELANGSUNGAN BISNIS (DISASTER RECOVERY AND,merancang dan mengelola sistem backup
TIK.ITG0702,MANAJER PEMULIHAN BENCANA DAN KELANGSUNGAN BISNIS (DISASTER RECOVERY AND,melaksanakan kegiatan pemulihan data
TIK.ITG0702,MANAJER PEMULIHAN BENCANA DAN KELANGSUNGAN BISNIS (DISASTER RECOVERY AND,merancang pemulihan jaringan
TIK.ITG0702,MANAJER PEMULIHAN BENCANA DAN KELANGSUNGAN BISNIS (DISASTER RECOVERY AND,menerapkan prinsip perlindungan informasi
TIK.ITG0702,MANAJER PEMULIHAN BENCANA DAN KELANGSUNGAN BISNIS (DISASTER RECOVERY AND,menerapkan standarstandar keamanan informasi yang berlaku
TIK.ITG0702,MANAJER PEMULIHAN BENCANA DAN KELANGSUNGAN BISNIS (DISASTER RECOVERY AND,mengaplikasikan ketentuan/persyaratan keamanan informasi
TIK.ITG0703,MANAJER PROYEK TIK  (ICT PROJECT MANAGER),"orang yang memimpin dan mengelola pelaksanaan proyek tik dalam suatu organisasi. manajer proyek tik berfokus pada aspek teknis proyek dan bekerja sama dengan tim untuk memastikan proyek selesai tepat waktu, sesuai anggaran, dan dengan kualitas yang baik."
TIK.ITG0703,MANAJER PROYEK TIK  (ICT PROJECT MANAGER),memimpin dan mengelola proyek ti perusahaan
TIK.ITG0703,MANAJER PROYEK TIK  (ICT PROJECT MANAGER),memastikan bahwa proyek ti berjalan sesuai dengan anggaran dan jadwal
TIK.ITG0703,MANAJER PROYEK TIK  (ICT PROJECT MANAGER),komunikatif
TIK.ITG0703,MANAJER PROYEK TIK  (ICT PROJECT MANAGER),teamwork
TIK.ITG0703,MANAJER PROYEK TIK  (ICT PROJECT MANAGER),memimpin tim
TIK.ITG0703,MANAJER PROYEK TIK  (ICT PROJECT MANAGER),teliti
TIK.ITG0703,MANAJER PROYEK TIK  (ICT PROJECT MANAGER),responsif
TIK.ITG0703,MANAJER PROYEK TIK  (ICT PROJECT MANAGER),mengembangkan dan mengelola rencana proyek
TIK.ITG0703,MANAJER PROYEK TIK  (ICT PROJECT MANAGER),mengawasi dan mengelola kemajuan proyek
TIK.ITG0703,MANAJER PROYEK TIK  (ICT PROJECT MANAGER),mengelola risiko dan masalah proyek
TIK.ITG0703,MANAJER PROYEK TIK  (ICT PROJECT MANAGER),mengkomunikasikan kemajuan proyek kepada pemangku kepentingan
TIK.ITG0703,MANAJER PROYEK TIK  (ICT PROJECT MANAGER),membangun dan mengelola tim proyek
TIK.ITG0703,MANAJER PROYEK TIK  (ICT PROJECT MANAGER),memastikan bahwa proyek memenuhi persyaratan dan harapan pemangku kepentingan
TIK.ITG0703,MANAJER PROYEK TIK  (ICT PROJECT MANAGER),mengambil keputusan tentang alokasi sumber daya proyek
TIK.ITG0703,MANAJER PROYEK TIK  (ICT PROJECT MANAGER),mengevaluasi kinerja tim proyek
TIK.ITG0703,MANAJER PROYEK TIK  (ICT PROJECT MANAGER),membuat perubahan pada rencana proyek
TIK.ITG0703,MANAJER PROYEK TIK  (ICT PROJECT MANAGER),bernegosiasi dengan pemangku kepentingan proyek
TIK.ITG0703,MANAJER PROYEK TIK  (ICT PROJECT MANAGER),menyelesaikan konflik proyek
TIK.ITG0703,MANAJER PROYEK TIK  (ICT PROJECT MANAGER),mengelola proyek secara terintegrasi (project integration management)
TIK.ITG0703,MANAJER PROYEK TIK  (ICT PROJECT MANAGER),mengelola ruang lingkup proyek (project scope management)
TIK.ITG0703,MANAJER PROYEK TIK  (ICT PROJECT MANAGER),mengelola jadwal waktu proyek (project time management)
TIK.ITG0703,MANAJER PROYEK TIK  (ICT PROJECT MANAGER),mengelola biaya proyek (project cost management)
TIK.ITG0703,MANAJER PROYEK TIK  (ICT PROJECT MANAGER),mengelola kualitas proyek (project quality management)
TIK.ITG0703,MANAJER PROYEK TIK  (ICT PROJECT MANAGER),mengelola sumber daya manusia proyek (project human resource management)
TIK.ITG0703,MANAJER PROYEK TIK  (ICT PROJECT MANAGER),mengelola risiko proyek (project risk management)
TIK.ITG0703,MANAJER PROYEK TIK  (ICT PROJECT MANAGER),mengelola komunikasi proyek (project communication management)
TIK.ITG0703,MANAJER PROYEK TIK  (ICT PROJECT MANAGER),mengelola pengadaan-pengadaan proyek (project procurement management)
TIK.ITG0703,MANAJER PROYEK TIK  (ICT PROJECT MANAGER),mengelola stakeholder proyek (project stakeholder management)
TIK.ITG0704,MANAJER ARSITEKTUR PERUSAHAAN (ENTERPRISE ARCHITECTURE MANAGER),"orang yang bertanggung jawab untuk mengembangkan dan mengelola arsitektur enterprise suatu organisasi. arsitektur enterprise adalah gambaran holistik dari semua aspek organisasi, termasuk proses bisnis, sistem informasi, infrastruktur teknologi, dan sumber daya manusia. eam bekerja dengan berbagai pemangku kepentingan, termasuk eksekutif, manajer, dan teknisi, untuk memastikan bahwa arsitektur enterprise mendukung strategi bisnis organisasi dan memenuhi kebutuhannya."
TIK.ITG0704,MANAJER ARSITEKTUR PERUSAHAAN (ENTERPRISE ARCHITECTURE MANAGER),memimpin pengembangan rencana arsitektur enterprise
TIK.ITG0704,MANAJER ARSITEKTUR PERUSAHAAN (ENTERPRISE ARCHITECTURE MANAGER),mengoordinasikan pengembangan model arsitektur enterprise
TIK.ITG0704,MANAJER ARSITEKTUR PERUSAHAAN (ENTERPRISE ARCHITECTURE MANAGER),menyusun dokumentasi arsitektur enterprise
TIK.ITG0704,MANAJER ARSITEKTUR PERUSAHAAN (ENTERPRISE ARCHITECTURE MANAGER),melakukan penilaian arsitektur enterprise
TIK.ITG0704,MANAJER ARSITEKTUR PERUSAHAAN (ENTERPRISE ARCHITECTURE MANAGER),bertaqwa kepada tuhan yang maha esa
TIK.ITG0704,MANAJER ARSITEKTUR PERUSAHAAN (ENTERPRISE ARCHITECTURE MANAGER),"memiliki moral, etika dan kepribadian yang baik di dalam menyelesaikan tugasnya"
TIK.ITG0704,MANAJER ARSITEKTUR PERUSAHAAN (ENTERPRISE ARCHITECTURE MANAGER),berperan sebagai warga negara yang bangga dan cinta tanah air serta mendukung perdamaian dunia
TIK.ITG0704,MANAJER ARSITEKTUR PERUSAHAAN (ENTERPRISE ARCHITECTURE MANAGER),mampu bekerja sama dan memiliki kepekaan sosial dan kepedulian yang tinggi terhadap masyarakat dan lingkungannya
TIK.ITG0704,MANAJER ARSITEKTUR PERUSAHAAN (ENTERPRISE ARCHITECTURE MANAGER),"menghargai keanekaragaman budaya, pandangan, kepercayaan, dan agama serta pendapat/temuan original orang lain"
TIK.ITG0704,MANAJER ARSITEKTUR PERUSAHAAN (ENTERPRISE ARCHITECTURE MANAGER),menjunjung tinggi penegakan hukum serta memiliki semangat untuk mendahulukan kepentingan bangsa serta masyarakat luas
TIK.ITG0704,MANAJER ARSITEKTUR PERUSAHAAN (ENTERPRISE ARCHITECTURE MANAGER),memimpin pengembangan dan pemeliharaan arsitektur enterprise
TIK.ITG0704,MANAJER ARSITEKTUR PERUSAHAAN (ENTERPRISE ARCHITECTURE MANAGER),merumuskan dan mengkomunikasikan visi arsitektur enterprise
TIK.ITG0704,MANAJER ARSITEKTUR PERUSAHAAN (ENTERPRISE ARCHITECTURE MANAGER),menyelaraskan arsitektur enterprise dengan strategi bisnis
TIK.ITG0704,MANAJER ARSITEKTUR PERUSAHAAN (ENTERPRISE ARCHITECTURE MANAGER),mengidentifikasi dan mengatasi kesenjangan arsitektur
TIK.ITG0704,MANAJER ARSITEKTUR PERUSAHAAN (ENTERPRISE ARCHITECTURE MANAGER),mengelola proyek-proyek arsitektur
TIK.ITG0704,MANAJER ARSITEKTUR PERUSAHAAN (ENTERPRISE ARCHITECTURE MANAGER),menjaga arsitektur enterprise tetap terkini
TIK.ITG0704,MANAJER ARSITEKTUR PERUSAHAAN (ENTERPRISE ARCHITECTURE MANAGER),pemahaman yang mendalam tentang arsitektur enterprise;
TIK.ITG0704,MANAJER ARSITEKTUR PERUSAHAAN (ENTERPRISE ARCHITECTURE MANAGER),kemampuan untuk memahami dan menganalisis kebutuhan bisnis;
TIK.ITG0704,MANAJER ARSITEKTUR PERUSAHAAN (ENTERPRISE ARCHITECTURE MANAGER),kemampuan untuk berkomunikasi secara efektif dengan pemangku kepentingan;
TIK.ITG0704,MANAJER ARSITEKTUR PERUSAHAAN (ENTERPRISE ARCHITECTURE MANAGER),kemampuan untuk mengelola proyek;
TIK.ITG0704,MANAJER ARSITEKTUR PERUSAHAAN (ENTERPRISE ARCHITECTURE MANAGER),kemampuan untuk berpikir strategis.
TIK.ITG0704,MANAJER ARSITEKTUR PERUSAHAAN (ENTERPRISE ARCHITECTURE MANAGER),menentukan metode pemodelan arsitektur bisnis dan business building block yang diperlukan
TIK.ITG0704,MANAJER ARSITEKTUR PERUSAHAAN (ENTERPRISE ARCHITECTURE MANAGER),"menetapkan matriks, diagram, dan jenis kebutuhan (requirements) yang diperlukan pada arsitektur bisnis"
TIK.ITG0704,MANAJER ARSITEKTUR PERUSAHAAN (ENTERPRISE ARCHITECTURE MANAGER),"menetapkan baseline dan target arsitektur bisnis, serta kesenjangan antara baseline dan target arsitektur bisnis"
TIK.ITG0704,MANAJER ARSITEKTUR PERUSAHAAN (ENTERPRISE ARCHITECTURE MANAGER),menyusun roadmap arsitektur bisnis
TIK.ITG0704,MANAJER ARSITEKTUR PERUSAHAAN (ENTERPRISE ARCHITECTURE MANAGER),mengevaluasi artefak arsitektur dalam architecture landscape yang terkait dengan arsitektur bisnis
TIK.ITG0704,MANAJER ARSITEKTUR PERUSAHAAN (ENTERPRISE ARCHITECTURE MANAGER),memfinalisasikan arsitektur bisnis
TIK.ITG0704,MANAJER ARSITEKTUR PERUSAHAAN (ENTERPRISE ARCHITECTURE MANAGER),"menentukan metode pemodelan, sudut pandang dan perangkat bantu untuk merancang arsitektur data"
TIK.ITG0704,MANAJER ARSITEKTUR PERUSAHAAN (ENTERPRISE ARCHITECTURE MANAGER),menyusun roadmap dan komponen arsitektur data
TIK.ITG0705,PERENCANA TRANSFORMASI DIGITAL 4.0 (DIGITAL TRANSFORMATION PLANNER 4.0),"orang yang bertanggung jawab untuk merencanakan dan mengimplementasikan transformasi digital di sebuah organisasi. selain itu, profesi ini juga berperan dalam memastikan bahwa transformasi digital berjalan dengan lancar dan efektif."
TIK.ITG0705,PERENCANA TRANSFORMASI DIGITAL 4.0 (DIGITAL TRANSFORMATION PLANNER 4.0),menentukan strategi transformasi digital
TIK.ITG0705,PERENCANA TRANSFORMASI DIGITAL 4.0 (DIGITAL TRANSFORMATION PLANNER 4.0),mengelola proyek transformasi digital
TIK.ITG0705,PERENCANA TRANSFORMASI DIGITAL 4.0 (DIGITAL TRANSFORMATION PLANNER 4.0),bertaqwa kepada tuhan yang maha esa
TIK.ITG0705,PERENCANA TRANSFORMASI DIGITAL 4.0 (DIGITAL TRANSFORMATION PLANNER 4.0),"memiliki moral, etika dan kepribadian yang baik di dalam menyelesaikan tugasnya"
TIK.ITG0705,PERENCANA TRANSFORMASI DIGITAL 4.0 (DIGITAL TRANSFORMATION PLANNER 4.0),berperan sebagai warga negara yang bangga dan cinta tanah air serta mendukung perdamaian dunia
TIK.ITG0705,PERENCANA TRANSFORMASI DIGITAL 4.0 (DIGITAL TRANSFORMATION PLANNER 4.0),mampu bekerja sama dan memiliki kepekaan sosial dan kepedulian yang tinggi terhadap masyarakat dan lingkungannya
TIK.ITG0705,PERENCANA TRANSFORMASI DIGITAL 4.0 (DIGITAL TRANSFORMATION PLANNER 4.0),"menghargai keanekaragaman budaya, pandangan, kepercayaan, dan agama serta pendapat/temuan original orang lain"
TIK.ITG0705,PERENCANA TRANSFORMASI DIGITAL 4.0 (DIGITAL TRANSFORMATION PLANNER 4.0),menjunjung tinggi penegakan hukum serta memiliki semangat untuk mendahulukan kepentingan bangsa serta masyarakat luas
TIK.ITG0705,PERENCANA TRANSFORMASI DIGITAL 4.0 (DIGITAL TRANSFORMATION PLANNER 4.0),memahami kebutuhan organisasi dan menyusun rencana transformasi digital yang sesuai
TIK.ITG0705,PERENCANA TRANSFORMASI DIGITAL 4.0 (DIGITAL TRANSFORMATION PLANNER 4.0),melakukan analisis dan riset untuk mengidentifikasi teknologi yang tepat untuk digunakan dalam transformasi digital
TIK.ITG0705,PERENCANA TRANSFORMASI DIGITAL 4.0 (DIGITAL TRANSFORMATION PLANNER 4.0),membangun tim dan mengelola proyek transformasi digital
TIK.ITG0705,PERENCANA TRANSFORMASI DIGITAL 4.0 (DIGITAL TRANSFORMATION PLANNER 4.0),melakukan komunikasi dan edukasi kepada seluruh pemangku kepentingan terkait transformasi digital
TIK.ITG0705,PERENCANA TRANSFORMASI DIGITAL 4.0 (DIGITAL TRANSFORMATION PLANNER 4.0),mengoptimalkan penggunaan teknologi digital untuk meningkatkan kinerja organisasi
TIK.ITG0705,PERENCANA TRANSFORMASI DIGITAL 4.0 (DIGITAL TRANSFORMATION PLANNER 4.0),memimpin dan mengoordinasikan tim pelaksana digital transformasi
TIK.ITG0705,PERENCANA TRANSFORMASI DIGITAL 4.0 (DIGITAL TRANSFORMATION PLANNER 4.0),melakukan komunikasi dan koordinasi dengan pemangku kepentingan
TIK.ITG0705,PERENCANA TRANSFORMASI DIGITAL 4.0 (DIGITAL TRANSFORMATION PLANNER 4.0),"pengetahuan yang mendalam tentang teknologi digital, seperti cloud computing, big data, artificial intelligence, dan machine learning;"
TIK.ITG0705,PERENCANA TRANSFORMASI DIGITAL 4.0 (DIGITAL TRANSFORMATION PLANNER 4.0),kemampuan untuk menganalisis dan mengelola proyek;
TIK.ITG0705,PERENCANA TRANSFORMASI DIGITAL 4.0 (DIGITAL TRANSFORMATION PLANNER 4.0),kemampuan komunikasi dan kepemimpinan yang baik.
TIK.ITG0705,PERENCANA TRANSFORMASI DIGITAL 4.0 (DIGITAL TRANSFORMATION PLANNER 4.0),merumuskan aspirasi transformasi industri 4.0
TIK.ITG0705,PERENCANA TRANSFORMASI DIGITAL 4.0 (DIGITAL TRANSFORMATION PLANNER 4.0),merumuskan peluang penerapan transformasi industri 4.0
TIK.ITG0705,PERENCANA TRANSFORMASI DIGITAL 4.0 (DIGITAL TRANSFORMATION PLANNER 4.0),merencanakan transformasi industri 4.0
TIK.ITG0705,PERENCANA TRANSFORMASI DIGITAL 4.0 (DIGITAL TRANSFORMATION PLANNER 4.0),menentukan metode pemodelan arsitektur bisnis dan business building block yang diperlukan
TIK.ITG0705,PERENCANA TRANSFORMASI DIGITAL 4.0 (DIGITAL TRANSFORMATION PLANNER 4.0),mengevaluasi artefak arsitektur dalam architecture landscape yang terkait dengan arsitektur bisnis
TIK.ITG0705,PERENCANA TRANSFORMASI DIGITAL 4.0 (DIGITAL TRANSFORMATION PLANNER 4.0),memfinalisasikan arsitektur bisnis
TIK.ITG0705,PERENCANA TRANSFORMASI DIGITAL 4.0 (DIGITAL TRANSFORMATION PLANNER 4.0),"menetapkan matriks, diagram, dan jenis kebutuhan (requirements) yang diperlukan pada arsitektur bisnis"
TIK.ITG0705,PERENCANA TRANSFORMASI DIGITAL 4.0 (DIGITAL TRANSFORMATION PLANNER 4.0),"menetapkan baseline dan target arsitektur bisnis, serta kesenjangan antara baseline dan target arsitektur bisnis"
TIK.ITG0705,PERENCANA TRANSFORMASI DIGITAL 4.0 (DIGITAL TRANSFORMATION PLANNER 4.0),menyusun roadmap arsitektur bisnis
TIK.ITG0706,MANAJER KONSULTAN TI (IT CONSULTANT MANAGER),"orang yang memberikan saran, pedoman, dan sitemap untuk mencari, memanfaatkan, dan mengelola aset dan sumber daya teknologi informasi. mereka bekerja dengan klien untuk memahami kebutuhan bisnis mereka dan mengembangkan solusi it yang dapat membantu mereka mencapai tujuan mereka."
TIK.ITG0706,MANAJER KONSULTAN TI (IT CONSULTANT MANAGER),melakukan analisis kebutuhan bisnis
TIK.ITG0706,MANAJER KONSULTAN TI (IT CONSULTANT MANAGER),memberikan pelatihan dan dukungan
TIK.ITG0706,MANAJER KONSULTAN TI (IT CONSULTANT MANAGER),kemampuan untuk mengelola proyek dan tim
TIK.ITG0706,MANAJER KONSULTAN TI (IT CONSULTANT MANAGER),kemampuan untuk berkomunikasi secara efektif dengan berbagai pemangku kepentingan
TIK.ITG0706,MANAJER KONSULTAN TI (IT CONSULTANT MANAGER),kemampuan untuk berpikir kritis dan memecahkan masalah
TIK.ITG0706,MANAJER KONSULTAN TI (IT CONSULTANT MANAGER),kemampuan untuk beradaptasi dengan perubahan
TIK.ITG0706,MANAJER KONSULTAN TI (IT CONSULTANT MANAGER),melakukan analisis kebutuhan bisnis
TIK.ITG0706,MANAJER KONSULTAN TI (IT CONSULTANT MANAGER),mengembangkan solusi it
TIK.ITG0706,MANAJER KONSULTAN TI (IT CONSULTANT MANAGER),memimpin proyek it
TIK.ITG0706,MANAJER KONSULTAN TI (IT CONSULTANT MANAGER),memberikan pelatihan dan dukungan
TIK.ITG0706,MANAJER KONSULTAN TI (IT CONSULTANT MANAGER),memiliki kemampuan analisis dan pemecahan masalah.
TIK.ITG0706,MANAJER KONSULTAN TI (IT CONSULTANT MANAGER),determine appropriate ict strategies and solutions
TIK.ITG0706,MANAJER KONSULTAN TI (IT CONSULTANT MANAGER),plan and manage virtualisation for ict sustainability
TIK.ITG0706,MANAJER KONSULTAN TI (IT CONSULTANT MANAGER),conduct a business case study for integrating sustainability in ict planning and design projects
TIK.ITG0706,MANAJER KONSULTAN TI (IT CONSULTANT MANAGER),research strategies using sap solutions for sustainable economic and environmental outcomes
TIK.ITG0706,MANAJER KONSULTAN TI (IT CONSULTANT MANAGER),manage project risk
TIK.ITG0706,MANAJER KONSULTAN TI (IT CONSULTANT MANAGER),manage project integration
TIK.ITG0707,MANAJER AUDIT TI (IT AUDIT MANAGER),"orang yang mampu merencanakan dan mengelola sumber daya audit teknologi informasi di bawah tanggung jawabnya, dan mengevaluasi secara komprehensif pelaksanaan penugasan audit teknologi informasi dengan memanfaatkan ilmu pengetahuan dan teknologi untuk memperoleh keyakinan yang memadai bahwa teknologi informasi telah mencapai tujuan kontrol teknologi informasi. mampu memecahkan permasalahan ilmu pengetahuan dan teknologi di dalam bidang audit teknologi informasi melalui pendekatan monodisipliner. mampu mengambil keputusan strategis dengan akuntabilitas dan tanggung jawab penuh atas semua aspek yang berada di bawah tanggung jawab bidang audit teknologi informasi."
TIK.ITG0707,MANAJER AUDIT TI (IT AUDIT MANAGER),memanajemeni fungsi audit teknologi informasi
TIK.ITG0707,MANAJER AUDIT TI (IT AUDIT MANAGER),independen dalam menentukan cakupan audit teknologi informasi
TIK.ITG0707,MANAJER AUDIT TI (IT AUDIT MANAGER),objektif dalam menentukan cakupan audit teknologi informasi
TIK.ITG0707,MANAJER AUDIT TI (IT AUDIT MANAGER),teliti dalam menentukan cakupan audit teknologi informasi
TIK.ITG0707,MANAJER AUDIT TI (IT AUDIT MANAGER),teliti dalam mengalokasikan sumber daya audit teknologi informasi
TIK.ITG0707,MANAJER AUDIT TI (IT AUDIT MANAGER),kreatif dalam mengalokasikan sumber daya audit teknologi informasi
TIK.ITG0707,MANAJER AUDIT TI (IT AUDIT MANAGER),ketepatan dalam mengidentifikasi kebutuhan personel audit teknologi informasi berdasarkan rencana prosedur audit teknologi informasi
TIK.ITG0707,MANAJER AUDIT TI (IT AUDIT MANAGER),ketepatan dalam memaparkan hasil audit teknologi informasi berdasarkan laporan audit teknologi informasi
TIK.ITG0707,MANAJER AUDIT TI (IT AUDIT MANAGER),menetapkan tujuan audit teknologi informasi
TIK.ITG0707,MANAJER AUDIT TI (IT AUDIT MANAGER),mendefinisikan lingkup audit teknologi informasi
TIK.ITG0707,MANAJER AUDIT TI (IT AUDIT MANAGER),menetapkan kriteria audit teknologi informasi
TIK.ITG0707,MANAJER AUDIT TI (IT AUDIT MANAGER),mengestimasi kebutuhan sumber daya audit teknologi informasi
TIK.ITG0707,MANAJER AUDIT TI (IT AUDIT MANAGER),menentukan sumber daya audit teknologi informasi
TIK.ITG0707,MANAJER AUDIT TI (IT AUDIT MANAGER),mengkomunikasikan hasil audit teknologi informasi
TIK.ITG0707,MANAJER AUDIT TI (IT AUDIT MANAGER),mengolah tanggapan auditan atas hasil audit teknologi informasi
TIK.ITG0707,MANAJER AUDIT TI (IT AUDIT MANAGER),memecahkan permasalahan ilmu pengetahuan dan teknologi di dalam bidang audit teknologi informasi melalui pendekatan monodisipliner
TIK.ITG0707,MANAJER AUDIT TI (IT AUDIT MANAGER),mengambil keputusan strategis dengan akuntabilitas dan tanggung jawab penuh atas semua aspek yang berada di bawah tanggung jawab bidang audit teknologi informasi
TIK.ITG0707,MANAJER AUDIT TI (IT AUDIT MANAGER),pernah mengikuti pelatihan bidang audit teknologi informasi; atau
TIK.ITG0707,MANAJER AUDIT TI (IT AUDIT MANAGER),menentukan cakupan audit teknologi informasi
TIK.ITG0707,MANAJER AUDIT TI (IT AUDIT MANAGER),mengalokasikan sumber daya audit teknologi informasi
TIK.ITG0707,MANAJER AUDIT TI (IT AUDIT MANAGER),menyajikan laporan audit teknologi informasi
TIK.ITG0707,MANAJER AUDIT TI (IT AUDIT MANAGER),menyusun rencana audit teknologi informasi
TIK.ITG0707,MANAJER AUDIT TI (IT AUDIT MANAGER),merencanakan audit tahunan
TIK.ITG0708,PENJAMIN KUALITAS TI (IT QUALITY ASSURANCE),"orang yang profesional bertanggung jawab untuk menjaga dan meningkatkan kualitas produk dan layanan teknologi informasi. mereka bertanggung jawab untuk menilai kualitas produk dan layanan, dan memastikan bahwa mereka memenuhi harapan pelanggan. penjamin kualitas ti memainkan peran penting dalam memastikan bahwa produk dan layanan ti memenuhi standar dan persyaratan. mereka melakukan ini dengan mengembangkan dan menerapkan proses dan prosedur untuk menilai kualitas, serta dengan mengidentifikasi dan memperbaiki masalah kualitas."
TIK.ITG0708,PENJAMIN KUALITAS TI (IT QUALITY ASSURANCE),pengembangan dan implementasi proses qa
TIK.ITG0708,PENJAMIN KUALITAS TI (IT QUALITY ASSURANCE),uji kualitas (quality testing)
TIK.ITG0708,PENJAMIN KUALITAS TI (IT QUALITY ASSURANCE),berintegritas
TIK.ITG0708,PENJAMIN KUALITAS TI (IT QUALITY ASSURANCE),analitis
TIK.ITG0708,PENJAMIN KUALITAS TI (IT QUALITY ASSURANCE),mengatasi masalah (problem-solving)
TIK.ITG0708,PENJAMIN KUALITAS TI (IT QUALITY ASSURANCE),merencanakan dan mengorganisasi pekerjaan
TIK.ITG0708,PENJAMIN KUALITAS TI (IT QUALITY ASSURANCE),memimpin tim
TIK.ITG0708,PENJAMIN KUALITAS TI (IT QUALITY ASSURANCE),bertanggung jawab
TIK.ITG0708,PENJAMIN KUALITAS TI (IT QUALITY ASSURANCE),mampu mengarahkan dan mempunyai visi
TIK.ITG0708,PENJAMIN KUALITAS TI (IT QUALITY ASSURANCE),memberi motivasi
TIK.ITG0708,PENJAMIN KUALITAS TI (IT QUALITY ASSURANCE),memimpin perubahan
TIK.ITG0708,PENJAMIN KUALITAS TI (IT QUALITY ASSURANCE),"memastikan bahwa sistem informasi dirancang, dikembangkan, dan dipelihara dengan cara yang memenuhi kebutuhan pelanggan"
TIK.ITG0708,PENJAMIN KUALITAS TI (IT QUALITY ASSURANCE),"memastikan bahwa sistem informasi aman, andal, dan efisien"
TIK.ITG0708,PENJAMIN KUALITAS TI (IT QUALITY ASSURANCE),membantu organisasi dalam mencapai tujuannya melalui penggunaan teknologi informasi
TIK.ITG0708,PENJAMIN KUALITAS TI (IT QUALITY ASSURANCE),melakukan audit dan pengujian sistem informasi
TIK.ITG0708,PENJAMIN KUALITAS TI (IT QUALITY ASSURANCE),membuat dan mengelola proses pengembangan sistem informasi
TIK.ITG0708,PENJAMIN KUALITAS TI (IT QUALITY ASSURANCE),menyusun dan menerapkan standar dan prosedur keamanan informasi
TIK.ITG0708,PENJAMIN KUALITAS TI (IT QUALITY ASSURANCE),melakukan pelatihan dan edukasi kepada pengguna sistem informasi
TIK.ITG0708,PENJAMIN KUALITAS TI (IT QUALITY ASSURANCE),memiliki pemahaman yang kuat tentang metodologi pengujian perangkat lunak.
TIK.ITG0708,PENJAMIN KUALITAS TI (IT QUALITY ASSURANCE),melakukan debugging
TIK.ITG0708,PENJAMIN KUALITAS TI (IT QUALITY ASSURANCE),melakukan profiling program
TIK.ITG0708,PENJAMIN KUALITAS TI (IT QUALITY ASSURANCE),melaksanakan pengujian unit program
TIK.ITG0708,PENJAMIN KUALITAS TI (IT QUALITY ASSURANCE),melaksanakan pengujian integrasi program
TIK.ITG0708,PENJAMIN KUALITAS TI (IT QUALITY ASSURANCE),melaksanakan pengujian program sistem
TIK.ITG0708,PENJAMIN KUALITAS TI (IT QUALITY ASSURANCE),melaksanakan stress test
TIK.ITG0708,PENJAMIN KUALITAS TI (IT QUALITY ASSURANCE),melaksanakan prosedur audit atas aplikasi teknologi informasi
TIK.ITG0708,PENJAMIN KUALITAS TI (IT QUALITY ASSURANCE),melaksanakan prosedur audit atas infrastruktur teknologi informasi
TIK.ITG0708,PENJAMIN KUALITAS TI (IT QUALITY ASSURANCE),menyusun hasil audit teknologi informasi
TIK.ITG0708,PENJAMIN KUALITAS TI (IT QUALITY ASSURANCE),menyusun rekomendasi audit teknologi informasi
TIK.ITG0708,PENJAMIN KUALITAS TI (IT QUALITY ASSURANCE),menetapkan resolusi dan masalah terhadap seluruh aktivitas seluruh siklus hidup ti
TIK.ITG0708,PENJAMIN KUALITAS TI (IT QUALITY ASSURANCE),memantau pelayanan prosedur tingkat layanan
TIK.ITG0709,MANAJER PENJAMINAN KUALITAS (QUALITY ASSURANCE MANAGER),"orang yang profesional bertanggung jawab untuk memastikan bahwa produk dan layanan teknologi informasi (tik) memenuhi standar kualitas yang ditetapkan perusahaan. qa manager bertanggung jawab untuk mengembangkan dan menerapkan proses dan prosedur qa, memimpin tim qa, dan bekerja sama dengan tim pengembangan dan desain untuk memastikan produk dan layanan yang berkualitas."
TIK.ITG0709,MANAJER PENJAMINAN KUALITAS (QUALITY ASSURANCE MANAGER),memimpin tim qa dalam melakukan pengujian dan evaluasi layanan tik
TIK.ITG0709,MANAJER PENJAMINAN KUALITAS (QUALITY ASSURANCE MANAGER),melakukan analisis penyebab masalah kualitas
TIK.ITG0709,MANAJER PENJAMINAN KUALITAS (QUALITY ASSURANCE MANAGER),berintegritas
TIK.ITG0709,MANAJER PENJAMINAN KUALITAS (QUALITY ASSURANCE MANAGER),analitis
TIK.ITG0709,MANAJER PENJAMINAN KUALITAS (QUALITY ASSURANCE MANAGER),mengatasi masalah (problem-solving)
TIK.ITG0709,MANAJER PENJAMINAN KUALITAS (QUALITY ASSURANCE MANAGER),merencanakan dan mengorganisasi pekerjaan
TIK.ITG0709,MANAJER PENJAMINAN KUALITAS (QUALITY ASSURANCE MANAGER),bertanggung jawab
TIK.ITG0709,MANAJER PENJAMINAN KUALITAS (QUALITY ASSURANCE MANAGER),mampu mengarahkan dan mempunyai visi
TIK.ITG0709,MANAJER PENJAMINAN KUALITAS (QUALITY ASSURANCE MANAGER),memberi motivasi
TIK.ITG0709,MANAJER PENJAMINAN KUALITAS (QUALITY ASSURANCE MANAGER),memimpin perubahan
TIK.ITG0709,MANAJER PENJAMINAN KUALITAS (QUALITY ASSURANCE MANAGER),mendefinisikan dan menerapkan standar kualitas untuk produk dan layanan tik
TIK.ITG0709,MANAJER PENJAMINAN KUALITAS (QUALITY ASSURANCE MANAGER),memimpin tim qa dalam melakukan pengujian dan evaluasi produk dan layanan tik
TIK.ITG0709,MANAJER PENJAMINAN KUALITAS (QUALITY ASSURANCE MANAGER),mengidentifikasi dan melaporkan masalah kualitas
TIK.ITG0709,MANAJER PENJAMINAN KUALITAS (QUALITY ASSURANCE MANAGER),melakukan analisis akar penyebab masalah kualitas
TIK.ITG0709,MANAJER PENJAMINAN KUALITAS (QUALITY ASSURANCE MANAGER),berkoordinasi dengan tim pengembangan dan desain untuk memperbaiki masalah kualitas
TIK.ITG0709,MANAJER PENJAMINAN KUALITAS (QUALITY ASSURANCE MANAGER),memantau kinerja produk dan layanan tik untuk memastikan kualitas tetap terjaga
TIK.ITG0709,MANAJER PENJAMINAN KUALITAS (QUALITY ASSURANCE MANAGER),pengetahuan yang mendalam tentang proses dan metodologi qa;
TIK.ITG0709,MANAJER PENJAMINAN KUALITAS (QUALITY ASSURANCE MANAGER),keterampilan komunikasi dan interpersonal yang kuat;
TIK.ITG0709,MANAJER PENJAMINAN KUALITAS (QUALITY ASSURANCE MANAGER),kemampuan untuk bekerja secara mandiri dan sebagai bagian dari tim.
TIK.ITG0709,MANAJER PENJAMINAN KUALITAS (QUALITY ASSURANCE MANAGER),melakukan debugging
TIK.ITG0709,MANAJER PENJAMINAN KUALITAS (QUALITY ASSURANCE MANAGER),melakukan profiling program
TIK.ITG0709,MANAJER PENJAMINAN KUALITAS (QUALITY ASSURANCE MANAGER),melaksanakan pengujian unit program
TIK.ITG0709,MANAJER PENJAMINAN KUALITAS (QUALITY ASSURANCE MANAGER),melaksanakan pengujian integrasi program
TIK.ITG0709,MANAJER PENJAMINAN KUALITAS (QUALITY ASSURANCE MANAGER),melaksanakan pengujian program sistem
TIK.ITG0709,MANAJER PENJAMINAN KUALITAS (QUALITY ASSURANCE MANAGER),melaksanakan stress test
TIK.ITG0709,MANAJER PENJAMINAN KUALITAS (QUALITY ASSURANCE MANAGER),melaksanakan prosedur audit atas aplikasi teknologi informasi
TIK.ITG0709,MANAJER PENJAMINAN KUALITAS (QUALITY ASSURANCE MANAGER),melaksanakan prosedur audit atas infrastruktur teknologi informasi
TIK.ITG0709,MANAJER PENJAMINAN KUALITAS (QUALITY ASSURANCE MANAGER),menyusun hasil audit teknologi informasi
TIK.ITG0709,MANAJER PENJAMINAN KUALITAS (QUALITY ASSURANCE MANAGER),menyusun rekomendasi audit teknologi informasi
TIK.ITG0709,MANAJER PENJAMINAN KUALITAS (QUALITY ASSURANCE MANAGER),menetapkan resolusi dan masalah terhadap seluruh aktivitas seluruh siklus hidup ti
TIK.ITG0709,MANAJER PENJAMINAN KUALITAS (QUALITY ASSURANCE MANAGER),memantau pelayanan prosedur tingkat layanan
TIK.ITG0710,- MANAJER TATA KELOLA PDP (PDP GOVERNANCE MANAGER),"orang yang bertanggung jawab terkait penyiapan tata kelola organisasi dan seluruh kebijakan yang berhubungan dengan pdp, pelaksanaan, penegakannya, pelaksanaan pembuatan rekaman kegiatan pemrosesan (ropa) dan penilaian dampak pdp (dpia), serta penyiapan konsep training, awareness, dan komunikasi kebijakan dan prosedur pdp ke internal organisasi serta pengawasan kontraktual pemrosesan data pribadi."
TIK.ITG0710,- MANAJER TATA KELOLA PDP (PDP GOVERNANCE MANAGER),memastikan kepatuhan terhadap peraturan perundang-undangan terkait pdp di seluruh yurisdiksi dimana pemrosesan data pribadi dilaksanakan
TIK.ITG0710,- MANAJER TATA KELOLA PDP (PDP GOVERNANCE MANAGER),kepemimpinan
TIK.ITG0710,- MANAJER TATA KELOLA PDP (PDP GOVERNANCE MANAGER),bertanggung jawab
TIK.ITG0710,- MANAJER TATA KELOLA PDP (PDP GOVERNANCE MANAGER),berintegritas
TIK.ITG0710,- MANAJER TATA KELOLA PDP (PDP GOVERNANCE MANAGER),"mengidentifikasi kebutuhan kebijakan, standar, dan prosedur terkait pdp"
TIK.ITG0710,- MANAJER TATA KELOLA PDP (PDP GOVERNANCE MANAGER),mengidentifikasi tata kelola yang sudah ada yang membutuhkan pemutakhiran terkait pdp
TIK.ITG0710,- MANAJER TATA KELOLA PDP (PDP GOVERNANCE MANAGER),"melakukan pemutakhiran tata kelola, merumuskan tata kelola baru yang belum ada serta mengkomunikasikan tata kelola tersebut kepada anggota organisasi"
TIK.ITG0710,- MANAJER TATA KELOLA PDP (PDP GOVERNANCE MANAGER),melakukan pengawasan kepada semua pihak yang memproses data pribadi atas nama pengendali data pribadi termasuk di dalamnya pengawasan kepada internal organisasi dan prosesor data pribadi
TIK.ITG0710,- MANAJER TATA KELOLA PDP (PDP GOVERNANCE MANAGER),menegakkan aturan terkait pelanggaran tata kelola pdp
TIK.ITG0710,- MANAJER TATA KELOLA PDP (PDP GOVERNANCE MANAGER),merumuskan kebijakan pemrosesan data pribadi dan mengajukannya kepada pejabat pengawas dan pelaksana pdp
TIK.ITG0710,- MANAJER TATA KELOLA PDP (PDP GOVERNANCE MANAGER),"memilih standar yang dipakai, membuat atau memperbaiki prosedur terkait pelaksanaan pdp"
TIK.ITG0710,- MANAJER TATA KELOLA PDP (PDP GOVERNANCE MANAGER),"mengkomunikasikan, melaksanakan penindakan terkait pelanggaran internal"
TIK.ITG0710,- MANAJER TATA KELOLA PDP (PDP GOVERNANCE MANAGER),memberikan saran terkait kontraktual pemrosesan data pribadi
TIK.ITG0710,- MANAJER TATA KELOLA PDP (PDP GOVERNANCE MANAGER),memeriksa persyaratan kontraktual transfer data pribadi ke luar wilayah negara republik indonesia melalui klausul kontrak standar
TIK.ITG0710,- MANAJER TATA KELOLA PDP (PDP GOVERNANCE MANAGER),"telah mendapatkan pelatihan umum terkait peraturan undang - undang terkait pelindungan data pribadi dan secara khusus terkait manajemen risiko, kepatuhan, audit, dan rekaman pemrosesan data pribadi; dan"
TIK.ITG0710,- MANAJER TATA KELOLA PDP (PDP GOVERNANCE MANAGER),menentukan kerangka kerja pelindungan data pribadi
TIK.ITG0710,- MANAJER TATA KELOLA PDP (PDP GOVERNANCE MANAGER),mengidentifikasi peraturan perundang-undangan terkait pelindungan data pribadi
TIK.ITG0710,- MANAJER TATA KELOLA PDP (PDP GOVERNANCE MANAGER),menyusun kriteria matriks risiko pelindungan data pribadi
TIK.ITG0710,- MANAJER TATA KELOLA PDP (PDP GOVERNANCE MANAGER),melakukan penilaian dampak pelindungan data pribadi
TIK.ITG0710,- MANAJER TATA KELOLA PDP (PDP GOVERNANCE MANAGER),menguji efektivitas program kerja pelindungan data pribadi
TIK.ITG0710,- MANAJER TATA KELOLA PDP (PDP GOVERNANCE MANAGER),menyusun tata kelola pelindungan data pribadi
TIK.ITG0710,- MANAJER TATA KELOLA PDP (PDP GOVERNANCE MANAGER),melakukan pemantauan program kerja pelindungan data pribadi sesuai kepatuhan terhadap organisasi
TIK.ITG0710,- MANAJER TATA KELOLA PDP (PDP GOVERNANCE MANAGER),mengelola audit berkaitan dengan program kerja pelindungan data pribadi
TIK.ITG0601,- AHLI METODE SCRUM (SCRUM MASTER),orang yang bertanggung jawab untuk memastikan bahwa tim scrum dapat menerapkan scrum secara efektif.
TIK.ITG0601,- AHLI METODE SCRUM (SCRUM MASTER),memastikan bahwa tim scrum memahami dan menerapkan prinsip-prinsip scrum dengan benar
TIK.ITG0601,- AHLI METODE SCRUM (SCRUM MASTER),memimpin dan mengelola tim scrum
TIK.ITG0601,- AHLI METODE SCRUM (SCRUM MASTER),komunikatif
TIK.ITG0601,- AHLI METODE SCRUM (SCRUM MASTER),teamwork
TIK.ITG0601,- AHLI METODE SCRUM (SCRUM MASTER),memimpin tim
TIK.ITG0601,- AHLI METODE SCRUM (SCRUM MASTER),teliti
TIK.ITG0601,- AHLI METODE SCRUM (SCRUM MASTER),responsif
TIK.ITG0601,- AHLI METODE SCRUM (SCRUM MASTER),problem solving
TIK.ITG0601,- AHLI METODE SCRUM (SCRUM MASTER),membantu tim untuk memahami dan mengikuti prinsip-prinsip dan praktik scrum
TIK.ITG0601,- AHLI METODE SCRUM (SCRUM MASTER),memastikan bahwa tim scrum memiliki semua yang mereka butuhkan untuk berhasil
TIK.ITG0601,- AHLI METODE SCRUM (SCRUM MASTER),membantu tim untuk mengatasi hambatan yang dapat menghambat kemajuan mereka
TIK.ITG0601,- AHLI METODE SCRUM (SCRUM MASTER),"memfasilitasi pertemuan scrum, seperti sprint planning, daily scrum, dan sprint review"
TIK.ITG0601,- AHLI METODE SCRUM (SCRUM MASTER),menjaga agar tim tetap fokus pada tujuan bisnis
TIK.ITG0601,- AHLI METODE SCRUM (SCRUM MASTER),memfasilitasi pertemuan scrum
TIK.ITG0601,- AHLI METODE SCRUM (SCRUM MASTER),membantu tim untuk memahami dan mengikuti prinsip-prinsip dan praktik scrum
TIK.ITG0601,- AHLI METODE SCRUM (SCRUM MASTER),membantu tim untuk mengatasi hambatan yang dapat menghambat kemajuan mereka
TIK.ITG0601,- AHLI METODE SCRUM (SCRUM MASTER),menjaga agar tim tetap fokus pada tujuan bisnis
TIK.ITG0601,- AHLI METODE SCRUM (SCRUM MASTER),memahami prinsip-prinsip scrum belum ada di memimpin dan memfasilitasi tim scrum belum ada di mengelola proses scrum belum ada di mengukur dan meningkatkan kinerja tim scrum belum ada di berkolaborasi dengan berbagai pemangku kepentingan belum ada di mengkomunikasikan backlog produk kepada tim pengembangan belum ada di
TIK.ITG0601,- AHLI METODE SCRUM (SCRUM MASTER),mengaplikasikan metodologi pengembangan perangkat lunak
TIK.ITG0601,- AHLI METODE SCRUM (SCRUM MASTER),melakukan identifikasi sumber kebutuhan
TIK.ITG0601,- AHLI METODE SCRUM (SCRUM MASTER),menyusun kebutuhan dokumentasi spesifikasi perangkat lunak
TIK.ITG0601,- AHLI METODE SCRUM (SCRUM MASTER),menyusun spesifikasi kebutuhan sistem
TIK.ITG0602,PEMILIK PRODUK (PRODUCT OWNER),orang yang bertanggung jawab untuk memaksimalkan nilai produk yang dihasilkan dari kerja tim scrum.
TIK.ITG0602,PEMILIK PRODUK (PRODUCT OWNER),memahami kebutuhan pengguna dan bisnis
TIK.ITG0602,PEMILIK PRODUK (PRODUCT OWNER),membangun dan memelihara hubungan dengan pemangku kepentingan
TIK.ITG0602,PEMILIK PRODUK (PRODUCT OWNER),komunikatif
TIK.ITG0602,PEMILIK PRODUK (PRODUCT OWNER),teamwork
TIK.ITG0602,PEMILIK PRODUK (PRODUCT OWNER),memimpin tim
TIK.ITG0602,PEMILIK PRODUK (PRODUCT OWNER),teliti
TIK.ITG0602,PEMILIK PRODUK (PRODUCT OWNER),responsif
TIK.ITG0602,PEMILIK PRODUK (PRODUCT OWNER),menentukan visi dan tujuan produk
TIK.ITG0602,PEMILIK PRODUK (PRODUCT OWNER),mengembangkan backlog produk
TIK.ITG0602,PEMILIK PRODUK (PRODUCT OWNER),mengkomunikasikan backlog produk kepada tim pengembangan
TIK.ITG0602,PEMILIK PRODUK (PRODUCT OWNER),memantau kemajuan pengembangan produk
TIK.ITG0602,PEMILIK PRODUK (PRODUCT OWNER),mengambil keputusan tentang fitur dan perubahan produk
TIK.ITG0602,PEMILIK PRODUK (PRODUCT OWNER),menentukan prioritas fitur dan perubahan produk
TIK.ITG0602,PEMILIK PRODUK (PRODUCT OWNER),menyetujui atau menolak fitur dan perubahan produk
TIK.ITG0602,PEMILIK PRODUK (PRODUCT OWNER),melakukan perubahan pada backlog produk
TIK.ITG0602,PEMILIK PRODUK (PRODUCT OWNER),memiliki kompetensi untuk berkomunikasi secara efektif dengan tim proyek dan manajemen.
TIK.ITG0602,PEMILIK PRODUK (PRODUCT OWNER),mengelola ruang lingkup proyek
TIK.ITG0602,PEMILIK PRODUK (PRODUCT OWNER),mengelola jadwal waktu proyek
TIK.ITG0602,PEMILIK PRODUK (PRODUCT OWNER),mengelola komunikasi proyek
TIK.ITG0602,PEMILIK PRODUK (PRODUCT OWNER),melakukan identifikasi sumber kebutuhan
TIK.ITG0602,PEMILIK PRODUK (PRODUCT OWNER),menentukan teknik elisitasi yang sesuai
TIK.ITG0602,PEMILIK PRODUK (PRODUCT OWNER),meninjau ulang (review) kebutuhan perangkat lunak melalui spesifikasi dan prototipe
TIK.ITG0602,PEMILIK PRODUK (PRODUCT OWNER),melakukan validasi model dan uji penerimaan pengguna
TIK.ITG0602,PEMILIK PRODUK (PRODUCT OWNER),merancang komponen perangkat lunak
TIK.ITG0602,PEMILIK PRODUK (PRODUCT OWNER),memberikan pelayanan produk-produk teknologi informasi sesuai kebutuhan bisnis
TIK.ITG0602,PEMILIK PRODUK (PRODUCT OWNER),mengelola instalasi dan pemeliharaan sistem perangkat lunak
TIK.ITG0602,PEMILIK PRODUK (PRODUCT OWNER),mengelola kemampuan dan fungsionalitas dari seluruh komponen ti
TIK.ITG0602,PEMILIK PRODUK (PRODUCT OWNER),menyusun rencana sprint belum ada di menentukan visi dan tujuan produk belum ada di mengembangkan backlog produk belum ada di memantau kemajuan pengembangan produk belum ada di
TIK.ITG0603,ARSITEK PERUSAHAAN (ENTERPRISE ARCHITECT),"orang yang bertanggung jawab untuk merancang dan mengelola arsitektur enterprise. arsitektur enterprise adalah kerangka kerja yang menjelaskan bagaimana sistem informasi suatu organisasi dirancang, dibangun, dan dioperasikan."
TIK.ITG0603,ARSITEK PERUSAHAAN (ENTERPRISE ARCHITECT),merancang dan mengelola arsitektur enterprise yang memenuhi kebutuhan bisnis
TIK.ITG0603,ARSITEK PERUSAHAAN (ENTERPRISE ARCHITECT),memastikan arsitektur enterprise dapat mendukung perubahan bisnis
TIK.ITG0603,ARSITEK PERUSAHAAN (ENTERPRISE ARCHITECT),mengkomunikasikan arsitektur enterprise kepada pemangku kepentingan
TIK.ITG0603,ARSITEK PERUSAHAAN (ENTERPRISE ARCHITECT),bertaqwa kepada tuhan yang maha esa
TIK.ITG0603,ARSITEK PERUSAHAAN (ENTERPRISE ARCHITECT),"memiliki moral, etika dan kepribadian yang baik di dalam menyelesaikan tugasnya"
TIK.ITG0603,ARSITEK PERUSAHAAN (ENTERPRISE ARCHITECT),berperan sebagai warga negara yang bangga dan cinta tanah air serta mendukung perdamaian dunia
TIK.ITG0603,ARSITEK PERUSAHAAN (ENTERPRISE ARCHITECT),mampu bekerja sama dan memiliki kepekaan sosial dan kepedulian yang tinggi terhadap masyarakat dan lingkungannya
TIK.ITG0603,ARSITEK PERUSAHAAN (ENTERPRISE ARCHITECT),"menghargai keanekaragaman budaya, pandangan, kepercayaan, dan agama serta pendapat/temuan original orang lain"
TIK.ITG0603,ARSITEK PERUSAHAAN (ENTERPRISE ARCHITECT),menjunjung tinggi penegakan hukum serta memiliki semangat untuk mendahulukan kepentingan bangsa serta masyarakat luas
TIK.ITG0603,ARSITEK PERUSAHAAN (ENTERPRISE ARCHITECT),menentukan kebutuhan bisnis untuk arsitektur enterprise
TIK.ITG0603,ARSITEK PERUSAHAAN (ENTERPRISE ARCHITECT),menganalisis arsitektur enterprise yang ada
TIK.ITG0603,ARSITEK PERUSAHAAN (ENTERPRISE ARCHITECT),merancang arsitektur enterprise baru atau diperbarui
TIK.ITG0603,ARSITEK PERUSAHAAN (ENTERPRISE ARCHITECT),mengelola implementasi arsitektur enterprise
TIK.ITG0603,ARSITEK PERUSAHAAN (ENTERPRISE ARCHITECT),melakukan pemeliharaan dan peningkatan arsitektur enterprise
TIK.ITG0603,ARSITEK PERUSAHAAN (ENTERPRISE ARCHITECT),memberikan bimbingan dan dukungan teknis kepada tim pengembangan
TIK.ITG0603,ARSITEK PERUSAHAAN (ENTERPRISE ARCHITECT),mendefinisikan dan mengimplementasikan strategi teknologi
TIK.ITG0603,ARSITEK PERUSAHAAN (ENTERPRISE ARCHITECT),"pengetahuan yang mendalam tentang teknologi informasi, bisnis, dan manajemen;"
TIK.ITG0603,ARSITEK PERUSAHAAN (ENTERPRISE ARCHITECT),keterampilan komunikasi dan interpersonal yang kuat.
TIK.ITG0603,ARSITEK PERUSAHAAN (ENTERPRISE ARCHITECT),menentukan metode pemodelan arsitektur bisnis dan business building block yang diperlukan
TIK.ITG0603,ARSITEK PERUSAHAAN (ENTERPRISE ARCHITECT),menyusun roadmap arsitektur bisnis
TIK.ITG0603,ARSITEK PERUSAHAAN (ENTERPRISE ARCHITECT),mengevaluasi artefak arsitektur dalam architecture landscape yang terkait dengan arsitektur bisnis
TIK.ITG0603,ARSITEK PERUSAHAAN (ENTERPRISE ARCHITECT),memfinalisasikan arsitektur bisnis
TIK.ITG0603,ARSITEK PERUSAHAAN (ENTERPRISE ARCHITECT),"menentukan metode pemodelan, sudut pandang dan perangkat bantu untuk merancang arsitektur aplikasi"
TIK.ITG0603,ARSITEK PERUSAHAAN (ENTERPRISE ARCHITECT),menyusun roadmap dan komponen arsitektur data
TIK.ITG0603,ARSITEK PERUSAHAAN (ENTERPRISE ARCHITECT),memfinalisasikan arsitektur data
TIK.ITG0603,ARSITEK PERUSAHAAN (ENTERPRISE ARCHITECT),"menentukan metode pemodelan, sudut pandang dan perangkat bantu untuk merancang arsitektur aplikasi"
TIK.ITG0603,ARSITEK PERUSAHAAN (ENTERPRISE ARCHITECT),menyusun roadmap dan komponen arsitektur aplikasi
TIK.ITG0603,ARSITEK PERUSAHAAN (ENTERPRISE ARCHITECT),menentukan metode pemodelan arsitektur teknologi dan technology building block yang diperlukan
TIK.ITG0603,ARSITEK PERUSAHAAN (ENTERPRISE ARCHITECT),menyusun roadmap dan komponen arsitektur teknologi
TIK.ITG0603,ARSITEK PERUSAHAAN (ENTERPRISE ARCHITECT),memfinalisasikan arsitektur teknologi
TIK.ITG0603,ARSITEK PERUSAHAAN (ENTERPRISE ARCHITECT),"menetapkan matriks, diagram, dan jenis kebutuhan (requirements) yang diperlukan pada arsitektur bisnis"
TIK.ITG0603,ARSITEK PERUSAHAAN (ENTERPRISE ARCHITECT),"menetapkan baseline dan target arsitektur bisnis, serta kesenjangan antara baseline dan target arsitektur bisnis"
TIK.ITG0604,ARSITEK TEKNOLOGI (TECHNOLOGY ARCHITECT),"orang yang bertanggung jawab untuk merancang, membangun, dan memelihara arsitektur teknologi informasi (ti) suatu organisasi. arsitektur ti adalah blueprint yang menggambarkan bagaimana teknologi ti suatu organisasi digunakan untuk mencapai tujuan bisnisnya."
TIK.ITG0604,ARSITEK TEKNOLOGI (TECHNOLOGY ARCHITECT),mengidentifikasi kebutuhan bisnis dan menentukan bagaimana teknologi dapat memenuhi kebutuhan tersebut
TIK.ITG0604,ARSITEK TEKNOLOGI (TECHNOLOGY ARCHITECT),merancang arsitektur ti yang memenuhi kebutuhan bisnis dan dapat diimplementasikan secara efektif
TIK.ITG0604,ARSITEK TEKNOLOGI (TECHNOLOGY ARCHITECT),membangun dan memelihara arsitektur ti yang sesuai dengan perubahan kebutuhan bisnis
TIK.ITG0604,ARSITEK TEKNOLOGI (TECHNOLOGY ARCHITECT),bertaqwa kepada tuhan yang maha esa
TIK.ITG0604,ARSITEK TEKNOLOGI (TECHNOLOGY ARCHITECT),"memiliki moral, etika dan kepribadian yang baik di dalam menyelesaikan tugasnya"
TIK.ITG0604,ARSITEK TEKNOLOGI (TECHNOLOGY ARCHITECT),berperan sebagai warga negara yang bangga dan cinta tanah air serta mendukung perdamaian dunia
TIK.ITG0604,ARSITEK TEKNOLOGI (TECHNOLOGY ARCHITECT),mampu bekerja sama dan memiliki kepekaan sosial dan kepedulian yang tinggi terhadap masyarakat dan lingkungannya
TIK.ITG0604,ARSITEK TEKNOLOGI (TECHNOLOGY ARCHITECT),"menghargai keanekaragaman budaya, pandangan, kepercayaan, dan agama serta pendapat/temuan original orang lain"
TIK.ITG0604,ARSITEK TEKNOLOGI (TECHNOLOGY ARCHITECT),menjunjung tinggi penegakan hukum serta memiliki semangat untuk mendahulukan kepentingan bangsa serta masyarakat luas
TIK.ITG0604,ARSITEK TEKNOLOGI (TECHNOLOGY ARCHITECT),melakukan analisis bisnis untuk memahami kebutuhan bisnis
TIK.ITG0604,ARSITEK TEKNOLOGI (TECHNOLOGY ARCHITECT),melakukan analisis teknis untuk menentukan solusi ti yang tepat
TIK.ITG0604,ARSITEK TEKNOLOGI (TECHNOLOGY ARCHITECT),mendokumentasikan arsitektur ti
TIK.ITG0604,ARSITEK TEKNOLOGI (TECHNOLOGY ARCHITECT),memimpin tim pengembangan dan implementasi arsitektur ti
TIK.ITG0604,ARSITEK TEKNOLOGI (TECHNOLOGY ARCHITECT),melakukan pemeliharaan dan evaluasi arsitektur ti
TIK.ITG0604,ARSITEK TEKNOLOGI (TECHNOLOGY ARCHITECT),mengembangkan dan memelihara strategi ti
TIK.ITG0604,ARSITEK TEKNOLOGI (TECHNOLOGY ARCHITECT),mengevaluasi dan merekomendasikan teknologi baru
TIK.ITG0604,ARSITEK TEKNOLOGI (TECHNOLOGY ARCHITECT),memiliki wewenang untuk menyetujui atau menolak perubahan pada sistem ti
TIK.ITG0604,ARSITEK TEKNOLOGI (TECHNOLOGY ARCHITECT),"memiliki keterampilan dan kemampuan analisis, berpikir kritis, komunikasi yang baik, dan mampu bekerja sama."
TIK.ITG0604,ARSITEK TEKNOLOGI (TECHNOLOGY ARCHITECT),melakukan instalasi application server dan database sistem erp
TIK.ITG0604,ARSITEK TEKNOLOGI (TECHNOLOGY ARCHITECT),menentukan teknologi cloud computing
TIK.ITG0604,ARSITEK TEKNOLOGI (TECHNOLOGY ARCHITECT),merekayasa arsitektur virtualisasi sistem public/private/hybrid/sovereign cloud
TIK.ITG0604,ARSITEK TEKNOLOGI (TECHNOLOGY ARCHITECT),menentukan metode pemodelan arsitektur teknologi dan technology building block yang diperlukan
TIK.ITG0604,ARSITEK TEKNOLOGI (TECHNOLOGY ARCHITECT),menyusun roadmap dan komponen arsitektur teknologi
TIK.ITG0605,KONSULTAN TI (IT CONSULTANT),"orang yang entry-level dalam profesi konsultan it. konsultan it junior bertanggung jawab untuk membantu perusahaan memecahkan masalah dan meningkatkan kinerja mereka dengan menggunakan teknologi. mereka biasanya bekerja di bawah bimbingan konsultan senior, tetapi juga dapat diberi tanggung jawab untuk proyek mandiri."
TIK.ITG0605,KONSULTAN TI (IT CONSULTANT),mengumpulkan dan menganalisis informasi tentang kebutuhan klien
TIK.ITG0605,KONSULTAN TI (IT CONSULTANT),membantu mengimplementasikan solusi it
TIK.ITG0605,KONSULTAN TI (IT CONSULTANT),kemampuan untuk mengelola proyek dan tim
TIK.ITG0605,KONSULTAN TI (IT CONSULTANT),kemampuan untuk berkomunikasi secara efektif dengan berbagai pemangku kepentingan
TIK.ITG0605,KONSULTAN TI (IT CONSULTANT),kemampuan untuk berpikir kritis dan memecahkan masalah
TIK.ITG0605,KONSULTAN TI (IT CONSULTANT),kemampuan untuk beradaptasi dengan perubahan
TIK.ITG0605,KONSULTAN TI (IT CONSULTANT),mengumpulkan dan menganalisis informasi tentang kebutuhan bisnis klien
TIK.ITG0605,KONSULTAN TI (IT CONSULTANT),mengembangkan dan merekomendasikan solusi it yang memenuhi kebutuhan bisnis klien
TIK.ITG0605,KONSULTAN TI (IT CONSULTANT),membantu mengimplementasikan solusi it
TIK.ITG0605,KONSULTAN TI (IT CONSULTANT),prepare a project brief
TIK.ITG0605,KONSULTAN TI (IT CONSULTANT),prepare project specifications
TIK.ITG0605,KONSULTAN TI (IT CONSULTANT),prepare for the build phase of an ict system
TIK.ITG0605,KONSULTAN TI (IT CONSULTANT),coordinate the build phase of an ict system
TIK.ITG0605,KONSULTAN TI (IT CONSULTANT),develop integration blueprint for ict systems
TIK.ITG0606,AUDITOR TI (IT AUDITOR),"orang yang mampu mengaplikasikan bidang audit teknologi informasi dan memanfaatkan ilmu pengetahuan, teknologi, dan/atau seni pada bidang audit teknologi informasi dalam penyelesaian masalah serta mampu beradaptasi terhadap situasi yang dihadapi. menguasai konsep teoretis bidang pengetahuan risiko, kontrol, dan audit teknologi informasi secara umum, serta mampu memformulasikan penyelesaian masalah pelaksanaan prosedur audit teknologi informasi. mampu mengambil keputusan yang tepat berdasarkan analisis informasi dan data, dan mampu memberikan petunjuk dalam memilih berbagai alternatif solusi audit teknologi informasi secara mandiri dan kelompok. bertanggung jawab pada pekerjaan sendiri dan dapat diberi tanggung jawab atas pencapaian hasil kerja tim audit teknologi informasi."
TIK.ITG0606,AUDITOR TI (IT AUDITOR),"melaksanakan audit teknologi informasi dengan melakukan analisis risiko dan penyusunan rencana audit, evaluasi hasil pelaksanaan prosedur audit, penyusunan hasil dan rekomendasi audit teknologi informasi"
TIK.ITG0606,AUDITOR TI (IT AUDITOR),independen dalam menganalisis risiko audit teknologi informasi
TIK.ITG0606,AUDITOR TI (IT AUDITOR),objektif dalam menganalisis risiko audit teknologi informasi
TIK.ITG0606,AUDITOR TI (IT AUDITOR),teliti dalam menganalisis risiko audit teknologi informasi
TIK.ITG0606,AUDITOR TI (IT AUDITOR),independen dalam menyusun rencana prosedur audit teknologi informasi
TIK.ITG0606,AUDITOR TI (IT AUDITOR),objektif dalam menyusun rencana prosedur audit teknologi informasi
TIK.ITG0606,AUDITOR TI (IT AUDITOR),teliti dalam menyusun rencana prosedur audit teknologi informasi
TIK.ITG0606,AUDITOR TI (IT AUDITOR),teliti dalam menyimpulkan pencapaian tujuan kontrol teknologi informasi
TIK.ITG0606,AUDITOR TI (IT AUDITOR),independen dalam menyusun hasil audit teknologi informasi
TIK.ITG0606,AUDITOR TI (IT AUDITOR),objektif dalam menyusun hasil audit teknologi informasi
TIK.ITG0606,AUDITOR TI (IT AUDITOR),teliti dalam menyusun hasil audit teknologi informasi
TIK.ITG0606,AUDITOR TI (IT AUDITOR),asertif dalam menyusun hasil audit teknologi informasi
TIK.ITG0606,AUDITOR TI (IT AUDITOR),menjaga kerahasiaan dalam menyusun hasil audit teknologi informasi
TIK.ITG0606,AUDITOR TI (IT AUDITOR),independen dalam menyusun rekomendasi audit teknologi informasi
TIK.ITG0606,AUDITOR TI (IT AUDITOR),objektif dalam menyusun rekomendasi audit teknologi informasi
TIK.ITG0606,AUDITOR TI (IT AUDITOR),teliti dalam menyusun rekomendasi audit teknologi informasi
TIK.ITG0606,AUDITOR TI (IT AUDITOR),asertif dalam menyusun rekomendasi audit teknologi informasi
TIK.ITG0606,AUDITOR TI (IT AUDITOR),independen dalam memverifikasi kelayakan tindak lanjut audit teknologi informasi
TIK.ITG0606,AUDITOR TI (IT AUDITOR),objektif dalam memverifikasi kelayakan tindak lanjut audit teknologi informasi
TIK.ITG0606,AUDITOR TI (IT AUDITOR),teliti dalam memverifikasi kelayakan tindak lanjut audit teknologi informasi
TIK.ITG0606,AUDITOR TI (IT AUDITOR),menentukan batasan dan aset teknologi informasi yang diaudit
TIK.ITG0606,AUDITOR TI (IT AUDITOR),mengevaluasi risiko audit teknologi informasi
TIK.ITG0606,AUDITOR TI (IT AUDITOR),menentukan kontrol teknologi informasi yang akan diuji
TIK.ITG0606,AUDITOR TI (IT AUDITOR),mendokumentasikan prosedur audit teknologi informasi
TIK.ITG0606,AUDITOR TI (IT AUDITOR),menganalisis pencapaian tujuan kontrol teknologi informasi
TIK.ITG0606,AUDITOR TI (IT AUDITOR),menyimpulkan pencapaian tujuan kontrol teknologi informasi
TIK.ITG0606,AUDITOR TI (IT AUDITOR),mengolah hasil pelaksanaan prosedur audit teknologi informasi
TIK.ITG0606,AUDITOR TI (IT AUDITOR),mendokumentasikan laporan hasil pelaksanaan audit teknologi informasi
TIK.ITG0606,AUDITOR TI (IT AUDITOR),mengevaluasi kelemahan kontrol teknologi informasi
TIK.ITG0606,AUDITOR TI (IT AUDITOR),menentukan rekomendasi audit teknologi informasi
TIK.ITG0606,AUDITOR TI (IT AUDITOR),menganalisis bukti tindak lanjut audit teknologi informasi
TIK.ITG0606,AUDITOR TI (IT AUDITOR),mengevaluasi kelayakan tindak lanjut audit teknologi informasi
TIK.ITG0606,AUDITOR TI (IT AUDITOR),"mengambil keputusan yang tepat berdasarkan analisis informasi dan data, dan"
TIK.ITG0606,AUDITOR TI (IT AUDITOR),memberikan petunjuk dalam memilih berbagai alternatif solusi audit teknologi informasi secara mandiri dan kelompok
TIK.ITG0606,AUDITOR TI (IT AUDITOR),pernah mengikuti pelatihan bidang audit teknologi informasi; atau
TIK.ITG0606,AUDITOR TI (IT AUDITOR),menganalisis risiko audit teknologi informasi
TIK.ITG0606,AUDITOR TI (IT AUDITOR),menyusun rencana audit teknologi informasi
TIK.ITG0606,AUDITOR TI (IT AUDITOR),menilai hasil pelaksanaan prosedur audit atas kontrol teknologi informasi
TIK.ITG0606,AUDITOR TI (IT AUDITOR),menyusun hasil audit teknologi informasi
TIK.ITG0606,AUDITOR TI (IT AUDITOR),menyusun rekomendasi audit teknologi informasi
TIK.ITG0606,AUDITOR TI (IT AUDITOR),memverifikasi kelayakan tindak lanjut audit teknologi informasi
TIK.ITG0606,AUDITOR TI (IT AUDITOR),mengidentifikasi kontrol teknologi informasi
TIK.ITG0606,AUDITOR TI (IT AUDITOR),mengevaluasi rancangan kontrol teknologi informasi
TIK.ITG0606,AUDITOR TI (IT AUDITOR),mengevaluasi pelaksanaan kontrol teknologi informasi
TIK.ITG0606,AUDITOR TI (IT AUDITOR),menganalisis risiko dari kondisi kontrol teknologi informasi
TIK.ITG0607,SUPERVISOR AUDIT TI (IT AUDIT SUPERVISOR),"orang yang mengaplikasikan bidang audit teknologi informasi dan memanfaatkan ilmu pengetahuan, teknologi, dan/atau seni pada bidang audit teknologi informasi dalam penyelesaian masalah serta mampu beradaptasi terhadap situasi yang dihadapi. menguasai konsep teoretis bidang pengetahuan risiko, kontrol, dan audit teknologi informasi secara umum, serta mampu memformulasikan penyelesaian masalah pelaksanaan prosedur audit teknologi informasi. mampu mengambil keputusan yang tepat berdasarkan analisis informasi dan data, dan mampu memberikan petunjuk dalam memilih berbagai alternatif solusi audit teknologi informasi secara mandiri dan kelompok. bertanggung jawab pada pekerjaan sendiri dan dapat diberi tanggung jawab atas pencapaian hasil kerja tim audit teknologi informasi."
TIK.ITG0607,SUPERVISOR AUDIT TI (IT AUDIT SUPERVISOR),melaksanakan penyeliaan atas pelaksanaan audit teknologi informasi
TIK.ITG0607,SUPERVISOR AUDIT TI (IT AUDIT SUPERVISOR),independen dalam menyupervisi kelayakan pelaksanaan prosedur audit teknologi informasi
TIK.ITG0607,SUPERVISOR AUDIT TI (IT AUDIT SUPERVISOR),objektif dalam menyupervisi kelayakan pelaksanaan prosedur audit teknologi informasi
TIK.ITG0607,SUPERVISOR AUDIT TI (IT AUDIT SUPERVISOR),teliti dalam menyupervisi kelayakan pelaksanaan prosedur audit teknologi informasi
TIK.ITG0607,SUPERVISOR AUDIT TI (IT AUDIT SUPERVISOR),asertif dalam menyupervisi kelayakan pelaksanaan prosedur audit teknologi informasi
TIK.ITG0607,SUPERVISOR AUDIT TI (IT AUDIT SUPERVISOR),independen dalam menyupervisi kelayakan dokumentasi pelaksanaan prosedur audit teknologi informasi
TIK.ITG0607,SUPERVISOR AUDIT TI (IT AUDIT SUPERVISOR),objektif dalam menyupervisi kelayakan dokumentasi pelaksanaan prosedur audit teknologi informasi
TIK.ITG0607,SUPERVISOR AUDIT TI (IT AUDIT SUPERVISOR),teliti dalam menyupervisi kelayakan dokumentasi pelaksanaan prosedur audit teknologi informasi
TIK.ITG0607,SUPERVISOR AUDIT TI (IT AUDIT SUPERVISOR),asertif dalam menyupervisi kelayakan dokumentasi pelaksanaan prosedur audit teknologi informasi
TIK.ITG0607,SUPERVISOR AUDIT TI (IT AUDIT SUPERVISOR),menjabarkan prosedur audit teknologi informasi yang direncanakan
TIK.ITG0607,SUPERVISOR AUDIT TI (IT AUDIT SUPERVISOR),mengevaluasi kelayakan pelaksanaan prosedur audit teknologi informasi
TIK.ITG0607,SUPERVISOR AUDIT TI (IT AUDIT SUPERVISOR),menjabarkan dokumentasi hasil pelaksanaan prosedur audit teknologi informasi
TIK.ITG0607,SUPERVISOR AUDIT TI (IT AUDIT SUPERVISOR),mengevaluasi kelayakan dokumentasi hasil pelaksanaan prosedur audit teknologi informasi
TIK.ITG0607,SUPERVISOR AUDIT TI (IT AUDIT SUPERVISOR),"mengambil keputusan yang tepat berdasarkan analisis informasi dan data, dan"
TIK.ITG0607,SUPERVISOR AUDIT TI (IT AUDIT SUPERVISOR),memberikan petunjuk dalam memilih berbagai alternatif solusi audit teknologi informasi secara mandiri dan kelompok
TIK.ITG0607,SUPERVISOR AUDIT TI (IT AUDIT SUPERVISOR),pernah mengikuti pelatihan bidang audit teknologi informasi; atau
TIK.ITG0607,SUPERVISOR AUDIT TI (IT AUDIT SUPERVISOR),mensupervisi kelayakan pelaksanaan prosedur audit teknologi informasi
TIK.ITG0607,SUPERVISOR AUDIT TI (IT AUDIT SUPERVISOR),mensupervisi kelayakan dokumentasi hasil pelaksanaan prosedur audit teknologi informasi
TIK.ITG0608,- ANALIS RISIKO PDP (PDP RISK ANALYST),"orang yang bertanggung jawab dalam melakukan analisis risiko pdp baik di sisi korporasi, operasional, dan insiden."
TIK.ITG0608,- ANALIS RISIKO PDP (PDP RISK ANALYST),memastikan kepatuhan terkait peraturan perundang-undangan pdp yang berhubungan dengan manajemen risiko serta melakukan analisis untuk mitigasi risikonya terhadap pelanggaran pdp
TIK.ITG0608,- ANALIS RISIKO PDP (PDP RISK ANALYST),analitis
TIK.ITG0608,- ANALIS RISIKO PDP (PDP RISK ANALYST),bertanggung jawab
TIK.ITG0608,- ANALIS RISIKO PDP (PDP RISK ANALYST),berintegritas
TIK.ITG0608,- ANALIS RISIKO PDP (PDP RISK ANALYST),"melakukan analisis risiko terkait sanksi pidana, perdata, dan administrasi sesuai metodologi baku"
TIK.ITG0608,- ANALIS RISIKO PDP (PDP RISK ANALYST),"melaksanakan manajemen risiko legal, operasional, dan terkait insiden."
TIK.ITG0608,- ANALIS RISIKO PDP (PDP RISK ANALYST),melaksanakan dokumentasi penilaian dampak pdp pada pemrosesan data pribadi yang memiliki potensi risiko tinggi
TIK.ITG0608,- ANALIS RISIKO PDP (PDP RISK ANALYST),bekerja sama dengan tim insiden kegagalan pdp dalam melakukan analisis dampak subjek data pribadi terkait insiden tersebut
TIK.ITG0608,- ANALIS RISIKO PDP (PDP RISK ANALYST),"berkoordinasi dengan pihak yang melakukan pemrosesan data pribadi dalam pembuatan dokumen penilaian dampak pdp, meminta informasi, melakukan update, menentukan tingkatan risiko pemrosesan serta pembuatan peta risiko"
TIK.ITG0608,- ANALIS RISIKO PDP (PDP RISK ANALYST),"menganalisis risiko legal terkait risiko organisasi dalam sanksi pidana, sanksi administrasi, dan gugatan ganti rugi"
TIK.ITG0608,- ANALIS RISIKO PDP (PDP RISK ANALYST),"menganalisis risiko operasional terkait penilaian dampak pemrosesan risiko tinggi, penilaian dampak transfer data pribadi ke luar wilayah negara republik indonesia, dan penilaian dasar pemrosesan pemenuhan kepentingan sah lainnya (legitimate interest assessment)"
TIK.ITG0608,- ANALIS RISIKO PDP (PDP RISK ANALYST),menganalisis risiko insiden kegagalan pdp terhadap organisasi dan subjek data pribadi yang terdampak insiden
TIK.ITG0608,- ANALIS RISIKO PDP (PDP RISK ANALYST),melaporkan hasil analisis kepada manajer operasional pdp
TIK.ITG0608,- ANALIS RISIKO PDP (PDP RISK ANALYST),telah mendapatkan pelatihan umum terkait peraturan undang - undang terkait pelindungan data pribadi dan secara khusus terkait manajemen risiko pelindungan data pribadi di yurisdiksi terkait; dan
TIK.ITG0608,- ANALIS RISIKO PDP (PDP RISK ANALYST),mengidentifikasi peraturan perundang-undangan terkait pelindungan data pribadi
TIK.ITG0608,- ANALIS RISIKO PDP (PDP RISK ANALYST),menyusun kriteria matriks risiko pelindungan data pribadi
TIK.ITG0608,- ANALIS RISIKO PDP (PDP RISK ANALYST),melakukan penilaian dampak pelindungan data pribadi
TIK.ITG0501,PERENCANA KAPASITAS MUDA (ASSOCIATE CAPACITY PLANNER),orang yang bertanggung jawab untuk memimpin dan mengelola tim capacity planning dengan menggunakan keterampilan teknis dan nonteknis untuk memastikan bahwa kapasitas infrastruktur ti dapat memenuhi kebutuhan bisnis.
TIK.ITG0501,PERENCANA KAPASITAS MUDA (ASSOCIATE CAPACITY PLANNER),mengembangkan dan mengimplementasikan strategi kapasitas
TIK.ITG0501,PERENCANA KAPASITAS MUDA (ASSOCIATE CAPACITY PLANNER),mengelola dan mengontrol kapasitas
TIK.ITG0501,PERENCANA KAPASITAS MUDA (ASSOCIATE CAPACITY PLANNER),beretika
TIK.ITG0501,PERENCANA KAPASITAS MUDA (ASSOCIATE CAPACITY PLANNER),komunikatif
TIK.ITG0501,PERENCANA KAPASITAS MUDA (ASSOCIATE CAPACITY PLANNER),bekerja dalam tim
TIK.ITG0501,PERENCANA KAPASITAS MUDA (ASSOCIATE CAPACITY PLANNER),teliti
TIK.ITG0501,PERENCANA KAPASITAS MUDA (ASSOCIATE CAPACITY PLANNER),berpikir kritis
TIK.ITG0501,PERENCANA KAPASITAS MUDA (ASSOCIATE CAPACITY PLANNER),selalu belajar hal baru
TIK.ITG0501,PERENCANA KAPASITAS MUDA (ASSOCIATE CAPACITY PLANNER),memimpin dan mengelola tim capacity planning
TIK.ITG0501,PERENCANA KAPASITAS MUDA (ASSOCIATE CAPACITY PLANNER),mengembangkan dan mengimplementasikan strategi capacity planning
TIK.ITG0501,PERENCANA KAPASITAS MUDA (ASSOCIATE CAPACITY PLANNER),mengelola proses capacity planning
TIK.ITG0501,PERENCANA KAPASITAS MUDA (ASSOCIATE CAPACITY PLANNER),melakukan analisis kapasitas
TIK.ITG0501,PERENCANA KAPASITAS MUDA (ASSOCIATE CAPACITY PLANNER),melakukan koordinasi dengan berbagai pihak
TIK.ITG0501,PERENCANA KAPASITAS MUDA (ASSOCIATE CAPACITY PLANNER),mengakses dan menggunakan data kapasitas
TIK.ITG0501,PERENCANA KAPASITAS MUDA (ASSOCIATE CAPACITY PLANNER),melakukan perubahan pada infrastruktur ti
TIK.ITG0501,PERENCANA KAPASITAS MUDA (ASSOCIATE CAPACITY PLANNER),melakukan kolaborasi dengan berbagai pihak
TIK.ITG0501,PERENCANA KAPASITAS MUDA (ASSOCIATE CAPACITY PLANNER),memiliki pemahaman mendalam mengenai capacity planning.
TIK.ITG0501,PERENCANA KAPASITAS MUDA (ASSOCIATE CAPACITY PLANNER),review and update disaster recovery and contingency plans
TIK.ITG0501,PERENCANA KAPASITAS MUDA (ASSOCIATE CAPACITY PLANNER),undertake ict system capacity planning
TIK.ITG0501,PERENCANA KAPASITAS MUDA (ASSOCIATE CAPACITY PLANNER),memantau pelayanan prosedur tingkat layanan
TIK.ITG0502,ARSITEK PERUSAHAAN MUDA (ASSOCIATE ENTERPRISE ARCHITECT),seorang profesional ti yang bertanggung jawab untuk membantu arsitek perusahaan dalam mengembangkan dan mengimplementasikan arsitektur perusahaan. associate enterprise architect memiliki pemahaman yang kuat tentang prinsip-prinsip arsitektur perusahaan.
TIK.ITG0502,ARSITEK PERUSAHAAN MUDA (ASSOCIATE ENTERPRISE ARCHITECT),membantu arsitek perusahaan dalam mengembangkan dan memelihara arsitektur perusahaan
TIK.ITG0502,ARSITEK PERUSAHAAN MUDA (ASSOCIATE ENTERPRISE ARCHITECT),membantu tim ti dalam menerapkan arsitektur perusahaan
TIK.ITG0502,ARSITEK PERUSAHAAN MUDA (ASSOCIATE ENTERPRISE ARCHITECT),mendukung bisnis dalam memahami dan memanfaatkan arsitektur perusahaan
TIK.ITG0502,ARSITEK PERUSAHAAN MUDA (ASSOCIATE ENTERPRISE ARCHITECT),bertaqwa kepada tuhan yang maha esa
TIK.ITG0502,ARSITEK PERUSAHAAN MUDA (ASSOCIATE ENTERPRISE ARCHITECT),"memiliki moral, etika dan kepribadian yang baik di dalam menyelesaikan tugasnya"
TIK.ITG0502,ARSITEK PERUSAHAAN MUDA (ASSOCIATE ENTERPRISE ARCHITECT),berperan sebagai warga negara yang bangga dan cinta tanah air serta mendukung perdamaian dunia
TIK.ITG0502,ARSITEK PERUSAHAAN MUDA (ASSOCIATE ENTERPRISE ARCHITECT),mampu bekerja sama dan memiliki kepekaan sosial dan kepedulian yang tinggi terhadap masyarakat dan lingkungannya
TIK.ITG0502,ARSITEK PERUSAHAAN MUDA (ASSOCIATE ENTERPRISE ARCHITECT),"menghargai keanekaragaman budaya, pandangan, kepercayaan, dan agama serta pendapat/temuan orisinal orang lain; dan"
TIK.ITG0502,ARSITEK PERUSAHAAN MUDA (ASSOCIATE ENTERPRISE ARCHITECT),menjunjung tinggi penegakan hukum serta memiliki semangat untuk mendahulukan kepentingan bangsa serta masyarakat luas
TIK.ITG0502,ARSITEK PERUSAHAAN MUDA (ASSOCIATE ENTERPRISE ARCHITECT),membantu mengembangkan rencana arsitektur enterprise
TIK.ITG0502,ARSITEK PERUSAHAAN MUDA (ASSOCIATE ENTERPRISE ARCHITECT),membantu menganalisis dan menguji arsitektur
TIK.ITG0502,ARSITEK PERUSAHAAN MUDA (ASSOCIATE ENTERPRISE ARCHITECT),membantu mengembangkan dan mengimplementasikan solusi arsitektur
TIK.ITG0502,ARSITEK PERUSAHAAN MUDA (ASSOCIATE ENTERPRISE ARCHITECT),membantu memelihara arsitektur
TIK.ITG0502,ARSITEK PERUSAHAAN MUDA (ASSOCIATE ENTERPRISE ARCHITECT),membantu memberikan dukungan teknis kepada pengguna
TIK.ITG0502,ARSITEK PERUSAHAAN MUDA (ASSOCIATE ENTERPRISE ARCHITECT),"membantu dalam pengembangan arsitektur enterprise, termasuk arsitektur bisnis, arsitektur data, arsitektur aplikasi, dan arsitektur teknologi"
TIK.ITG0502,ARSITEK PERUSAHAAN MUDA (ASSOCIATE ENTERPRISE ARCHITECT),"membantu dalam penerapan dan pengujian solusi teknologi, termasuk instalasi, konfigurasi, dan pengujian fungsionalitas"
TIK.ITG0502,ARSITEK PERUSAHAAN MUDA (ASSOCIATE ENTERPRISE ARCHITECT),pemahaman yang kuat tentang prinsip-prinsip arsitektur perusahaan;
TIK.ITG0502,ARSITEK PERUSAHAAN MUDA (ASSOCIATE ENTERPRISE ARCHITECT),kemampuan untuk bekerja secara mandiri dan dalam tim;
TIK.ITG0502,ARSITEK PERUSAHAAN MUDA (ASSOCIATE ENTERPRISE ARCHITECT),kemampuan untuk berkomunikasi secara efektif dengan pemangku kepentingan bisnis dan teknis.
TIK.ITG0502,ARSITEK PERUSAHAAN MUDA (ASSOCIATE ENTERPRISE ARCHITECT),memfinalisasikan arsitektur data
TIK.ITG0502,ARSITEK PERUSAHAAN MUDA (ASSOCIATE ENTERPRISE ARCHITECT),"menentukan metode pemodelan, sudut pandang dan perangkat bantu untuk merancang arsitektur aplikasi"
TIK.ITG0502,ARSITEK PERUSAHAAN MUDA (ASSOCIATE ENTERPRISE ARCHITECT),memfinalisasikan arsitektur aplikasi
TIK.ITG0502,ARSITEK PERUSAHAAN MUDA (ASSOCIATE ENTERPRISE ARCHITECT),menentukan metode pemodelan arsitektur teknologi dan technology building block yang diperlukan
TIK.ITG0502,ARSITEK PERUSAHAAN MUDA (ASSOCIATE ENTERPRISE ARCHITECT),menyusun roadmap dan komponen arsitektur data
TIK.ITG0502,ARSITEK PERUSAHAAN MUDA (ASSOCIATE ENTERPRISE ARCHITECT),menyusun roadmap dan komponen arsitektur aplikasi
TIK.ITG0502,ARSITEK PERUSAHAAN MUDA (ASSOCIATE ENTERPRISE ARCHITECT),menyusun roadmap dan komponen arsitektur teknologi
TIK.ITG0503,KONSULTAN TI MUDA (ASSOCIATE IT CONSULTANT),seorang profesional di bidang teknologi informasi (ti) yang bertanggung jawab untuk mengawasi dan mengelola tim konsultan ti. profesi ini juga bertanggung jawab untuk mengembangkan dan meningkatkan keterampilan tim konsultan ti.
TIK.ITG0503,KONSULTAN TI MUDA (ASSOCIATE IT CONSULTANT),mengelola tim konsultan ti
TIK.ITG0503,KONSULTAN TI MUDA (ASSOCIATE IT CONSULTANT),mengidentifikasi solusi ti yang tepat
TIK.ITG0503,KONSULTAN TI MUDA (ASSOCIATE IT CONSULTANT),kemampuan untuk mengelola proyek dan tim
TIK.ITG0503,KONSULTAN TI MUDA (ASSOCIATE IT CONSULTANT),kemampuan untuk berkomunikasi secara efektif dengan berbagai pemangku kepentingan
TIK.ITG0503,KONSULTAN TI MUDA (ASSOCIATE IT CONSULTANT),kemampuan untuk berpikir kritis dan memecahkan masalah
TIK.ITG0503,KONSULTAN TI MUDA (ASSOCIATE IT CONSULTANT),kemampuan untuk beradaptasi dengan perubahan
TIK.ITG0503,KONSULTAN TI MUDA (ASSOCIATE IT CONSULTANT),memimpin dan mengelola tim konsultan ti
TIK.ITG0503,KONSULTAN TI MUDA (ASSOCIATE IT CONSULTANT),menentukan kebutuhan dan persyaratan klien
TIK.ITG0503,KONSULTAN TI MUDA (ASSOCIATE IT CONSULTANT),mengidentifikasi solusi ti yang tepat untuk memenuhi kebutuhan klien
TIK.ITG0503,KONSULTAN TI MUDA (ASSOCIATE IT CONSULTANT),mengoordinasikan dan mengawasi pelaksanaan proyek ti
TIK.ITG0503,KONSULTAN TI MUDA (ASSOCIATE IT CONSULTANT),mengelola anggaran dan jadwal proyek
TIK.ITG0503,KONSULTAN TI MUDA (ASSOCIATE IT CONSULTANT),menyelesaikan masalah dan keluhan klien
TIK.ITG0503,KONSULTAN TI MUDA (ASSOCIATE IT CONSULTANT),memiliki kemampuan komunikasi dan interpersonal yang baik;
TIK.ITG0503,KONSULTAN TI MUDA (ASSOCIATE IT CONSULTANT),memiliki kemampuan kepemimpinan dan manajemen tim;
TIK.ITG0503,KONSULTAN TI MUDA (ASSOCIATE IT CONSULTANT),memiliki kemampuan analisis dan problem solving yang baik;
TIK.ITG0503,KONSULTAN TI MUDA (ASSOCIATE IT CONSULTANT),"memiliki pengetahuan dan pemahaman yang luas tentang teknologi informasi, termasuk tren terkini."
TIK.ITG0503,KONSULTAN TI MUDA (ASSOCIATE IT CONSULTANT),support small scale ict projects
TIK.ITG0503,KONSULTAN TI MUDA (ASSOCIATE IT CONSULTANT),apply skills in object-oriented design
TIK.ITG0503,KONSULTAN TI MUDA (ASSOCIATE IT CONSULTANT),manage a software component re-use library
TIK.ITG0503,KONSULTAN TI MUDA (ASSOCIATE IT CONSULTANT),analyse software requirements
TIK.ITG0503,KONSULTAN TI MUDA (ASSOCIATE IT CONSULTANT),prepare software development review
TIK.ITG0503,KONSULTAN TI MUDA (ASSOCIATE IT CONSULTANT),design network projects
TIK.ITG0503,KONSULTAN TI MUDA (ASSOCIATE IT CONSULTANT),customise content management system (menyesuaikan sistem manajemen konten)
TIK.ITG0503,KONSULTAN TI MUDA (ASSOCIATE IT CONSULTANT),menjelaskan mobile network management
TIK.ITG0504,ASISTEN AUDIT TI (IT AUDIT ASSISTANT),"orang yang mampu menyelesaikan pekerjaan sesuai dengan lingkup audit teknologi informasi dan melaksanakan prosedur audit teknologi informasi dengan metode yang sesuai dengan rencana prosedur audit teknologi informasi dan menganalisis bukti audit teknologi informasi yang diperoleh. mampu menunjukkan kinerja dengan mutu dan kuantitas audit teknologi informasi yang terukur. menguasai konsep teoritis bidang pengetahuan risiko, kontrol, dan audit teknologi informasi secara umum, serta mampu memformulasikan penyelesaian masalah pelaksanaan prosedur audit teknologi informasi. bertanggung jawab pada pekerjaan sendiri dan dapat diberi tanggung jawab atas pencapaian hasil kerja sesama asisten audit teknologi informasi lain."
TIK.ITG0504,ASISTEN AUDIT TI (IT AUDIT ASSISTANT),membantu pelaksanaan audit teknologi informasi dengan melakukan identifikasi dan evaluasi kontrol dan risiko teknologi informasi
TIK.ITG0504,ASISTEN AUDIT TI (IT AUDIT ASSISTANT),teliti dalam menjabarkan kontrol teknologi informasi
TIK.ITG0504,ASISTEN AUDIT TI (IT AUDIT ASSISTANT),teliti dalam mengidentifikasi persyaratan dalam kriteria yang relevan
TIK.ITG0504,ASISTEN AUDIT TI (IT AUDIT ASSISTANT),asertif dalam menganalisis kecukupan pemenuhan persyaratan dalam kriteria pada rancangan kontrol teknologi informasi
TIK.ITG0504,ASISTEN AUDIT TI (IT AUDIT ASSISTANT),asertif dalam menganalisis pemenuhan persyaratan bukti pelaksanaan kontrol teknologi informasi
TIK.ITG0504,ASISTEN AUDIT TI (IT AUDIT ASSISTANT),teliti dalam mengidentifikasi risiko dari kondisi kontrol teknologi informasi
TIK.ITG0504,ASISTEN AUDIT TI (IT AUDIT ASSISTANT),independen dalam mengidentifikasi tindak lanjut audit teknologi informasi
TIK.ITG0504,ASISTEN AUDIT TI (IT AUDIT ASSISTANT),objektif dalam mengidentifikasi tindak lanjut audit teknologi informasi
TIK.ITG0504,ASISTEN AUDIT TI (IT AUDIT ASSISTANT),teliti dalam mengidentifikasi tindak lanjut audit teknologi informasi
TIK.ITG0504,ASISTEN AUDIT TI (IT AUDIT ASSISTANT),menjabarkan tujuan kontrol teknologi informasi
TIK.ITG0504,ASISTEN AUDIT TI (IT AUDIT ASSISTANT),menjabarkan proses kontrol teknologi informasi
TIK.ITG0504,ASISTEN AUDIT TI (IT AUDIT ASSISTANT),mengidentifikasi kriteria yang relevan dengan rancangan kontrol teknologi informasi
TIK.ITG0504,ASISTEN AUDIT TI (IT AUDIT ASSISTANT),menganalisis kelayakan rancangan kontrol teknologi informasi
TIK.ITG0504,ASISTEN AUDIT TI (IT AUDIT ASSISTANT),mengidentifikasi bukti pelaksanaan kontrol teknologi informasi
TIK.ITG0504,ASISTEN AUDIT TI (IT AUDIT ASSISTANT),mengoleksi bukti pelaksanaan kontrol teknologi informasi
TIK.ITG0504,ASISTEN AUDIT TI (IT AUDIT ASSISTANT),menganalisis kesesuaian pelaksanaan kontrol teknologi informasi
TIK.ITG0504,ASISTEN AUDIT TI (IT AUDIT ASSISTANT),menganalisis risiko teknologi informasi karena ketidaklayakan rancangan kontrol teknologi informasi
TIK.ITG0504,ASISTEN AUDIT TI (IT AUDIT ASSISTANT),menganalisis risiko teknologi informasi karena ketidaksesuaian pelaksanaan kontrol teknologi informasi
TIK.ITG0504,ASISTEN AUDIT TI (IT AUDIT ASSISTANT),menganalisis tindak lanjut audit teknologi informasi
TIK.ITG0504,ASISTEN AUDIT TI (IT AUDIT ASSISTANT),menjabarkan tindak lanjut audit teknologi informasi
TIK.ITG0504,ASISTEN AUDIT TI (IT AUDIT ASSISTANT),memformulasikan penyelesaian masalah dalam pelaksanaan prosedur audit teknologi informasi
TIK.ITG0504,ASISTEN AUDIT TI (IT AUDIT ASSISTANT),pernah mengikuti pelatihan bidang audit teknologi informasi.
TIK.ITG0504,ASISTEN AUDIT TI (IT AUDIT ASSISTANT),mengidentifikasi kontrol teknologi informasi
TIK.ITG0504,ASISTEN AUDIT TI (IT AUDIT ASSISTANT),mengevaluasi rancangan kontrol teknologi informasi
TIK.ITG0504,ASISTEN AUDIT TI (IT AUDIT ASSISTANT),mengevaluasi pelaksanaan kontrol teknologi informasi
TIK.ITG0504,ASISTEN AUDIT TI (IT AUDIT ASSISTANT),mengevaluasi risiko dari kondisi kontrol teknologi
TIK.ITG0504,ASISTEN AUDIT TI (IT AUDIT ASSISTANT),mengidentifikasi tindak lanjut audit teknologi informasi
TIK.ITG0504,ASISTEN AUDIT TI (IT AUDIT ASSISTANT),menyusun dokumentasi pelaksanaan prosedur audit teknologi informasi
TIK.ITG0504,ASISTEN AUDIT TI (IT AUDIT ASSISTANT),menyusun dokumentasi bukti audit teknologi informasi
TIK.ITG0505,PENGUJI PENJAMINAN KUALITAS PERANGKAT LUNAK MUDA (ASSOCIATE SOFTWARE QA,"orang yang bertanggung jawab untuk memastikan bahwa perangkat lunak yang dikembangkan atau dimodifikasi memenuhi standar kualitas yang ditetapkan. pengujian perangkat lunak menjadi salah satu tugas pekerjaan ini untuk memastikan bahwa perangkat lunak aman, andal, dan mudah digunakan."
TIK.ITG0505,PENGUJI PENJAMINAN KUALITAS PERANGKAT LUNAK MUDA (ASSOCIATE SOFTWARE QA,perencanaan pengujian
TIK.ITG0505,PENGUJI PENJAMINAN KUALITAS PERANGKAT LUNAK MUDA (ASSOCIATE SOFTWARE QA,melakukan pengujian
TIK.ITG0505,PENGUJI PENJAMINAN KUALITAS PERANGKAT LUNAK MUDA (ASSOCIATE SOFTWARE QA,merekam hasil pengujian dan membuat laporan
TIK.ITG0505,PENGUJI PENJAMINAN KUALITAS PERANGKAT LUNAK MUDA (ASSOCIATE SOFTWARE QA,berintegritas
TIK.ITG0505,PENGUJI PENJAMINAN KUALITAS PERANGKAT LUNAK MUDA (ASSOCIATE SOFTWARE QA,analitis
TIK.ITG0505,PENGUJI PENJAMINAN KUALITAS PERANGKAT LUNAK MUDA (ASSOCIATE SOFTWARE QA,mengatasi masalah (problem-solving)
TIK.ITG0505,PENGUJI PENJAMINAN KUALITAS PERANGKAT LUNAK MUDA (ASSOCIATE SOFTWARE QA,merencanakan dan mengorganisasi pekerjaan
TIK.ITG0505,PENGUJI PENJAMINAN KUALITAS PERANGKAT LUNAK MUDA (ASSOCIATE SOFTWARE QA,bertanggung jawab
TIK.ITG0505,PENGUJI PENJAMINAN KUALITAS PERANGKAT LUNAK MUDA (ASSOCIATE SOFTWARE QA,mampu mengarahkan dan mempunyai visi
TIK.ITG0505,PENGUJI PENJAMINAN KUALITAS PERANGKAT LUNAK MUDA (ASSOCIATE SOFTWARE QA,memberi motivasi
TIK.ITG0505,PENGUJI PENJAMINAN KUALITAS PERANGKAT LUNAK MUDA (ASSOCIATE SOFTWARE QA,memimpin perubahan
TIK.ITG0505,PENGUJI PENJAMINAN KUALITAS PERANGKAT LUNAK MUDA (ASSOCIATE SOFTWARE QA,merencanakan strategi pengujian berdasarkan persyaratan proyek dan desain perangkat lunak
TIK.ITG0505,PENGUJI PENJAMINAN KUALITAS PERANGKAT LUNAK MUDA (ASSOCIATE SOFTWARE QA,membuat skenario pengujian dan kasus uji berdasarkan spesifikasi fungsional dan nonfungsional
TIK.ITG0505,PENGUJI PENJAMINAN KUALITAS PERANGKAT LUNAK MUDA (ASSOCIATE SOFTWARE QA,melakukan pengujian fungsional untuk memastikan bahwa perangkat lunak berperilaku seperti yang diharapkan
TIK.ITG0505,PENGUJI PENJAMINAN KUALITAS PERANGKAT LUNAK MUDA (ASSOCIATE SOFTWARE QA,"melakukan pengujian non fungsional seperti kinerja, keamanan, dan kompatibilitas"
TIK.ITG0505,PENGUJI PENJAMINAN KUALITAS PERANGKAT LUNAK MUDA (ASSOCIATE SOFTWARE QA,"melakukan pengujian otomatis dan manual untuk mengidentifikasi bug, kelemahan, atau masalah kualitas lainnya"
TIK.ITG0505,PENGUJI PENJAMINAN KUALITAS PERANGKAT LUNAK MUDA (ASSOCIATE SOFTWARE QA,merekam hasil pengujian dan membuat laporan tentang keberhasilan atau kegagalan pengujian
TIK.ITG0505,PENGUJI PENJAMINAN KUALITAS PERANGKAT LUNAK MUDA (ASSOCIATE SOFTWARE QA,mendokumentasikan temuan bug dengan rinci dan memberikan informasi yang cukup untuk pengembang untuk memperbaikinya
TIK.ITG0505,PENGUJI PENJAMINAN KUALITAS PERANGKAT LUNAK MUDA (ASSOCIATE SOFTWARE QA,"keterampilan teknis yang relevan, seperti kemampuan untuk menggunakan alat dan perangkat lunak pengujian."
TIK.ITG0505,PENGUJI PENJAMINAN KUALITAS PERANGKAT LUNAK MUDA (ASSOCIATE SOFTWARE QA,gather data to identify business requirements (mengumpulkan data untuk mengidentifikasi persyaratan bisnis)
TIK.ITG0505,PENGUJI PENJAMINAN KUALITAS PERANGKAT LUNAK MUDA (ASSOCIATE SOFTWARE QA,determine appropriate it strategies and solutions
TIK.ITG0505,PENGUJI PENJAMINAN KUALITAS PERANGKAT LUNAK MUDA (ASSOCIATE SOFTWARE QA,develop configuration management protocols
TIK.ITG0505,PENGUJI PENJAMINAN KUALITAS PERANGKAT LUNAK MUDA (ASSOCIATE SOFTWARE QA,monitor and troubleshoot virtual computing environments
TIK.ITG0401,ASISTEN PENJAMINAN KUALITAS (QA ASSISTANT),"orang yang memiliki peran kunci dalam memastikan bahwa produk atau layanan yang dihasilkan oleh tim pengembangan atau perusahaan memenuhi standar kualitas yang ditetapkan. selain hal itu, quality assurance assistant juga bertugas untuk meningkatkan proses pengembangan dengan memberikan umpan balik konstruktif kepada tim pengembangan, mengidentifikasi dan memecahkan masalah kualitas yang terkait dengan produk atau layanan tik."
TIK.ITG0401,ASISTEN PENJAMINAN KUALITAS (QA ASSISTANT),melakukan uji fungsional
TIK.ITG0401,ASISTEN PENJAMINAN KUALITAS (QA ASSISTANT),mengidentifikasi bug dan permasalahan
TIK.ITG0401,ASISTEN PENJAMINAN KUALITAS (QA ASSISTANT),mendokumentasikan pengujian
TIK.ITG0401,ASISTEN PENJAMINAN KUALITAS (QA ASSISTANT),berintegritas
TIK.ITG0401,ASISTEN PENJAMINAN KUALITAS (QA ASSISTANT),analitis
TIK.ITG0401,ASISTEN PENJAMINAN KUALITAS (QA ASSISTANT),mengatasi masalah (problem-solving)
TIK.ITG0401,ASISTEN PENJAMINAN KUALITAS (QA ASSISTANT),merencanakan dan mengorganisasi pekerjaan
TIK.ITG0401,ASISTEN PENJAMINAN KUALITAS (QA ASSISTANT),bertanggung jawab
TIK.ITG0401,ASISTEN PENJAMINAN KUALITAS (QA ASSISTANT),mampu mengarahkan dan mempunyai visi
TIK.ITG0401,ASISTEN PENJAMINAN KUALITAS (QA ASSISTANT),memberi motivasi
TIK.ITG0401,ASISTEN PENJAMINAN KUALITAS (QA ASSISTANT),memimpin perubahan
TIK.ITG0401,ASISTEN PENJAMINAN KUALITAS (QA ASSISTANT),merancang dan mengimplementasikan rencana pengujian yang komprehensif untuk memastikan semua fitur dan fungsionalitas diuji secara menyeluruh
TIK.ITG0401,ASISTEN PENJAMINAN KUALITAS (QA ASSISTANT),melakukan pengujian fungsional untuk memverifikasi bahwa produk atau layanan berfungsi sesuai dengan spesifikasi
TIK.ITG0401,ASISTEN PENJAMINAN KUALITAS (QA ASSISTANT),melakukan pengujian performa dan beban untuk menilai responsivitas dan kinerja sistem dalam kondisi berat
TIK.ITG0401,ASISTEN PENJAMINAN KUALITAS (QA ASSISTANT),"mengidentifikasi, melacak, dan melaporkan bug serta masalah kualitas lainnya kepada tim pengembangan"
TIK.ITG0401,ASISTEN PENJAMINAN KUALITAS (QA ASSISTANT),memastikan bahwa berbagai komponen sistem dapat berinteraksi dan berintegrasi dengan baik
TIK.ITG0401,ASISTEN PENJAMINAN KUALITAS (QA ASSISTANT),memastikan bahwa sistem atau aplikasi tik memiliki langkah-langkah keamanan yang memadai
TIK.ITG0401,ASISTEN PENJAMINAN KUALITAS (QA ASSISTANT),kemampuan analisis yang kuat untuk mengidentifikasi dan memecahkan masalah dengan cepat;
TIK.ITG0401,ASISTEN PENJAMINAN KUALITAS (QA ASSISTANT),kemampuan berkomunikasi dengan jelas dan efektif.
TIK.ITG0401,ASISTEN PENJAMINAN KUALITAS (QA ASSISTANT),manage it projects (mengelola proyek ti)
TIK.ITG0401,ASISTEN PENJAMINAN KUALITAS (QA ASSISTANT),manage a project using software management tools (mengelola proyek menggunakan alat manajemen perangkat lunak)
TIK.ITG0401,ASISTEN PENJAMINAN KUALITAS (QA ASSISTANT),develop integration blueprint for it systems
TIK.ITG0401,ASISTEN PENJAMINAN KUALITAS (QA ASSISTANT),apply testing techniques for software development
TIK.ITG0402,ASISTEN SISTEM INFORMASI (INFORMATION SYSTEMS ASSISTANT),"orang yang memiliki tanggung jawab utama untuk merencanakan, mengimplementasikan, dan mengelola sistem informasi dalam suatu organisasi. pekerjaan ini melibatkan berbagai aspek, termasuk perangkat keras (hardware), perangkat lunak (software), jaringan, dan database."
TIK.ITG0402,ASISTEN SISTEM INFORMASI (INFORMATION SYSTEMS ASSISTANT),menganalisis kebutuhan sistem
TIK.ITG0402,ASISTEN SISTEM INFORMASI (INFORMATION SYSTEMS ASSISTANT),mengimplementasikan sistem
TIK.ITG0402,ASISTEN SISTEM INFORMASI (INFORMATION SYSTEMS ASSISTANT),berintegritas
TIK.ITG0402,ASISTEN SISTEM INFORMASI (INFORMATION SYSTEMS ASSISTANT),analitis
TIK.ITG0402,ASISTEN SISTEM INFORMASI (INFORMATION SYSTEMS ASSISTANT),mengatasi masalah (problem-solving)
TIK.ITG0402,ASISTEN SISTEM INFORMASI (INFORMATION SYSTEMS ASSISTANT),merencanakan dan mengorganisasi pekerjaan
TIK.ITG0402,ASISTEN SISTEM INFORMASI (INFORMATION SYSTEMS ASSISTANT),bertanggung jawab
TIK.ITG0402,ASISTEN SISTEM INFORMASI (INFORMATION SYSTEMS ASSISTANT),mampu mengarahkan dan mempunyai visi
TIK.ITG0402,ASISTEN SISTEM INFORMASI (INFORMATION SYSTEMS ASSISTANT),memberi motivasi
TIK.ITG0402,ASISTEN SISTEM INFORMASI (INFORMATION SYSTEMS ASSISTANT),memimpin perubahan
TIK.ITG0402,ASISTEN SISTEM INFORMASI (INFORMATION SYSTEMS ASSISTANT),melakukan analisis kebutuhan organisasi untuk sistem informasi
TIK.ITG0402,ASISTEN SISTEM INFORMASI (INFORMATION SYSTEMS ASSISTANT),berinteraksi dengan pengguna dan pemangku kepentingan untuk memahami kebutuhan bisnis dan teknis
TIK.ITG0402,ASISTEN SISTEM INFORMASI (INFORMATION SYSTEMS ASSISTANT),merancang solusi sistem informasi yang sesuai dengan kebutuhan organisasi
TIK.ITG0402,ASISTEN SISTEM INFORMASI (INFORMATION SYSTEMS ASSISTANT),mengidentifikasi teknologi yang tepat untuk implementasi
TIK.ITG0402,ASISTEN SISTEM INFORMASI (INFORMATION SYSTEMS ASSISTANT),menyediakan dukungan teknis kepada pengguna untuk memecahkan masalah dan pertanyaan
TIK.ITG0402,ASISTEN SISTEM INFORMASI (INFORMATION SYSTEMS ASSISTANT),"membuat dokumentasi lengkap mengenai sistem informasi, konfigurasi, dan prosedur"
TIK.ITG0402,ASISTEN SISTEM INFORMASI (INFORMATION SYSTEMS ASSISTANT),kemampuan analisis yang kuat untuk mengidentifikasi dan memecahkan masalah dengan cepat;
TIK.ITG0402,ASISTEN SISTEM INFORMASI (INFORMATION SYSTEMS ASSISTANT),kemampuan berkomunikasi dengan jelas dan efektif.
TIK.ITG0402,ASISTEN SISTEM INFORMASI (INFORMATION SYSTEMS ASSISTANT),manage media assets (mengelola aset media)
TIK.ITG0402,ASISTEN SISTEM INFORMASI (INFORMATION SYSTEMS ASSISTANT),monitor and improve knowledge management system (memantau dan meningkatkan sistem manajemen pengetahuan)
TIK.ITG0402,ASISTEN SISTEM INFORMASI (INFORMATION SYSTEMS ASSISTANT),create a data warehouse (membuat sebuah gudang data)
TIK.ITG0402,ASISTEN SISTEM INFORMASI (INFORMATION SYSTEMS ASSISTANT),select new technology models for business (memilih model teknologi baru untuk bisnis)
TIK.ITG0402,ASISTEN SISTEM INFORMASI (INFORMATION SYSTEMS ASSISTANT),implement and evaluate systems for regulatory and standards compliance
TIK.ITG0301,STAF AUDIT TI (IT AUDIT STAFF),"orang yang mampu melaksanakan penyusunan dokumentasi audit teknologi informasi, dengan menggunakan alat, dan informasi, dan prosedur kerja yang lazim dilakukan, serta menunjukkan kinerja dengan mutu yang terukur, di bawah pengawasan langsung asisten auditor teknologi informasi atau auditor teknologi informasi. memiliki pengetahuan operasional dasar dan pengetahuan faktual bidang dokumentasi audit teknologi informasi, sehingga mampu memilih penyelesaian yang tersedia terhadap masalah yang lazim timbul. bertanggung jawab pada pekerjaan sendiri dan dapat diberi tanggung jawab membimbing sesama staf audit teknologi informasi."
TIK.ITG0301,STAF AUDIT TI (IT AUDIT STAFF),mendukung pelaksanaan audit teknologi informasi dengan melakukan penyusunan dokumentasi pelaksanaan dan bukti audit teknologi informasi
TIK.ITG0301,STAF AUDIT TI (IT AUDIT STAFF),independen dalam menyusun dokumentasi pelaksanaan prosedur audit teknologi informasi
TIK.ITG0301,STAF AUDIT TI (IT AUDIT STAFF),objektif dalam menyusun dokumentasi pelaksanaan prosedur audit teknologi informasi
TIK.ITG0301,STAF AUDIT TI (IT AUDIT STAFF),teliti dalam menyusun dokumentasi pelaksanaan prosedur audit teknologi informasi
TIK.ITG0301,STAF AUDIT TI (IT AUDIT STAFF),independen dalam menyusun dokumentasi bukti audit teknologi informasi
TIK.ITG0301,STAF AUDIT TI (IT AUDIT STAFF),objektif dalam menyusun dokumentasi bukti audit teknologi informasi
TIK.ITG0301,STAF AUDIT TI (IT AUDIT STAFF),teliti dalam menyusun dokumentasi bukti audit teknologi informasi
TIK.ITG0301,STAF AUDIT TI (IT AUDIT STAFF),asertif dalam menyusun dokumentasi bukti audit teknologi informasi analisis pemenuhan persyaratan bukti pelaksanaan kontrol teknologi informasi
TIK.ITG0301,STAF AUDIT TI (IT AUDIT STAFF),membantu asisten auditor teknologi informasi atau auditor teknologi informasi dalam pelaksanaan audit teknologi informasi dengan
TIK.ITG0301,STAF AUDIT TI (IT AUDIT STAFF),menyiapkan dokumentasi pelaksanaan audit teknologi informasi
TIK.ITG0301,STAF AUDIT TI (IT AUDIT STAFF),melengkapi dokumentasi pelaksanaan audit teknologi informasi
TIK.ITG0301,STAF AUDIT TI (IT AUDIT STAFF),mengumpulkan bukti audit teknologi informasi
TIK.ITG0301,STAF AUDIT TI (IT AUDIT STAFF),mendokumentasikan bukti audit teknologi informasi
TIK.ITG0301,STAF AUDIT TI (IT AUDIT STAFF),memilih penyelesaian yang tersedia terhadap masalah yang lazim timbul dalam penyusunan dokumentasi audit teknologi informasi
TIK.ITG0301,STAF AUDIT TI (IT AUDIT STAFF),menyusun dokumentasi pelaksanaan prosedur audit teknologi informasi
TIK.ITG0301,STAF AUDIT TI (IT AUDIT STAFF),menyusun dokumentasi bukti audit teknologi informasi
TIK.DEV0901,PEMIMPIN APLIKASI BISNIS (CHIEF BUSINESS APPLICATIONS OFFICER),"orang yang bertanggung jawab atas pengembangan, pengelolaan, dan pemeliharaan aplikasi bisnis di sebuah organisasi. mereka bekerja sama dengan tim bisnis dan teknologi untuk memastikan bahwa aplikasi bisnis memenuhi kebutuhan bisnis dan memenuhi tujuan strategis organisasi."
TIK.DEV0901,PEMIMPIN APLIKASI BISNIS (CHIEF BUSINESS APPLICATIONS OFFICER),memimpin dan mengembangkan tim business applications
TIK.DEV0901,PEMIMPIN APLIKASI BISNIS (CHIEF BUSINESS APPLICATIONS OFFICER),mendefinisikan dan mengelola persyaratan aplikasi bisnis
TIK.DEV0901,PEMIMPIN APLIKASI BISNIS (CHIEF BUSINESS APPLICATIONS OFFICER),menerapkan dan mengelola proses pengembangan aplikasi bisnis
TIK.DEV0901,PEMIMPIN APLIKASI BISNIS (CHIEF BUSINESS APPLICATIONS OFFICER),menjamin kualitas dan kinerja aplikasi bisnis
TIK.DEV0901,PEMIMPIN APLIKASI BISNIS (CHIEF BUSINESS APPLICATIONS OFFICER),komunikatif
TIK.DEV0901,PEMIMPIN APLIKASI BISNIS (CHIEF BUSINESS APPLICATIONS OFFICER),paham dengan pengembangan aplikasi
TIK.DEV0901,PEMIMPIN APLIKASI BISNIS (CHIEF BUSINESS APPLICATIONS OFFICER),leadership
TIK.DEV0901,PEMIMPIN APLIKASI BISNIS (CHIEF BUSINESS APPLICATIONS OFFICER),merencanakan dan mengorganisasi pekerjaan
TIK.DEV0901,PEMIMPIN APLIKASI BISNIS (CHIEF BUSINESS APPLICATIONS OFFICER),teliti
TIK.DEV0901,PEMIMPIN APLIKASI BISNIS (CHIEF BUSINESS APPLICATIONS OFFICER),memimpin tim pengembangan aplikasi bisnis
TIK.DEV0901,PEMIMPIN APLIKASI BISNIS (CHIEF BUSINESS APPLICATIONS OFFICER),mendefinisikan dan mengelola persyaratan aplikasi bisnis
TIK.DEV0901,PEMIMPIN APLIKASI BISNIS (CHIEF BUSINESS APPLICATIONS OFFICER),menerapkan dan mengelola proses pengembangan aplikasi bisnis
TIK.DEV0901,PEMIMPIN APLIKASI BISNIS (CHIEF BUSINESS APPLICATIONS OFFICER),mengelola anggaran dan sumber daya untuk pengembangan aplikasi bisnis
TIK.DEV0901,PEMIMPIN APLIKASI BISNIS (CHIEF BUSINESS APPLICATIONS OFFICER),menjamin kualitas dan kinerja aplikasi bisnis
TIK.DEV0901,PEMIMPIN APLIKASI BISNIS (CHIEF BUSINESS APPLICATIONS OFFICER),memastikan keamanan dan kepatuhan aplikasi bisnis
TIK.DEV0901,PEMIMPIN APLIKASI BISNIS (CHIEF BUSINESS APPLICATIONS OFFICER),memimpin dan mengelola tim pengembangan dan penerapan aplikasi bisnis
TIK.DEV0901,PEMIMPIN APLIKASI BISNIS (CHIEF BUSINESS APPLICATIONS OFFICER),memberikan arahan dan instruksi kepada tim
TIK.DEV0901,PEMIMPIN APLIKASI BISNIS (CHIEF BUSINESS APPLICATIONS OFFICER),menyetujui atau menolak perubahan pada rencana pengembangan dan penerapan aplikasi bisnis
TIK.DEV0901,PEMIMPIN APLIKASI BISNIS (CHIEF BUSINESS APPLICATIONS OFFICER),memilih teknologi dan platform pengembangan aplikasi yang tepat
TIK.DEV0901,PEMIMPIN APLIKASI BISNIS (CHIEF BUSINESS APPLICATIONS OFFICER),lead research into identifying new marketplace opportunities (memimpin riset menuju identifikasi kesempatan yang pasar baru)
TIK.DEV0901,PEMIMPIN APLIKASI BISNIS (CHIEF BUSINESS APPLICATIONS OFFICER),manage organisational change (mengelola perubahan organisasi)
TIK.DEV0901,PEMIMPIN APLIKASI BISNIS (CHIEF BUSINESS APPLICATIONS OFFICER),lead innovative thinking and practice (memimpin pemikiran dan praktek inovatif)
TIK.DEV0901,PEMIMPIN APLIKASI BISNIS (CHIEF BUSINESS APPLICATIONS OFFICER),develop a knowledge management strategy (mengembangkan strategi manajemen pengetahuan)
TIK.DEV0901,PEMIMPIN APLIKASI BISNIS (CHIEF BUSINESS APPLICATIONS OFFICER),manage it projects (mengelola proyek ti)
TIK.DEV0901,PEMIMPIN APLIKASI BISNIS (CHIEF BUSINESS APPLICATIONS OFFICER),ensure team effectiveness (memastikan efektifas tim)
TIK.DEV0901,PEMIMPIN APLIKASI BISNIS (CHIEF BUSINESS APPLICATIONS OFFICER),manage innovation and continuous improvement (mengelola inovasi dan peningkatan berkelanjutan)
TIK.DEV0901,PEMIMPIN APLIKASI BISNIS (CHIEF BUSINESS APPLICATIONS OFFICER),determine project specifications and secure client agreement (menentukan spesifikasi proyek dan mengamankan perjanjian klien)
TIK.DEV0901,PEMIMPIN APLIKASI BISNIS (CHIEF BUSINESS APPLICATIONS OFFICER),manage an enterprise virtual computing environment (mengelola lingkungan komputasi virtual enterprise)
TIK.DEV0902,PEMIMPIN TEKNOLOGI (CHIEF TECHNOLOGY OFFICER),"orang yang memiliki posisi eksekutif tertinggi dalam bidang teknologi di suatu perusahaan. bertanggung jawab atas keseluruhan strategi dan penerapan teknologi dalam perusahaan, mulai dari perencanaan jangka panjang, pengembangan dan penerapan teknologi, hingga memastikan sistem dan infrastruktur teknologi berfungsi dengan baik."
TIK.DEV0902,PEMIMPIN TEKNOLOGI (CHIEF TECHNOLOGY OFFICER),merancang strategi teknologi perusahaan
TIK.DEV0902,PEMIMPIN TEKNOLOGI (CHIEF TECHNOLOGY OFFICER),mengimplementasikan strategi yang telah dibuat
TIK.DEV0902,PEMIMPIN TEKNOLOGI (CHIEF TECHNOLOGY OFFICER),memastikan sistem dan infrastruktur teknologi perusahaan berjalan dengan lancar dan aman
TIK.DEV0902,PEMIMPIN TEKNOLOGI (CHIEF TECHNOLOGY OFFICER),kreatif dan inovatif
TIK.DEV0902,PEMIMPIN TEKNOLOGI (CHIEF TECHNOLOGY OFFICER),komunikatif
TIK.DEV0902,PEMIMPIN TEKNOLOGI (CHIEF TECHNOLOGY OFFICER),mampu merencanakan dan mengorganisasi
TIK.DEV0902,PEMIMPIN TEKNOLOGI (CHIEF TECHNOLOGY OFFICER),mampu bekerjasama
TIK.DEV0902,PEMIMPIN TEKNOLOGI (CHIEF TECHNOLOGY OFFICER),memiliki leadership
TIK.DEV0902,PEMIMPIN TEKNOLOGI (CHIEF TECHNOLOGY OFFICER),mampu melakukan research & development di bidang teknologi
TIK.DEV0902,PEMIMPIN TEKNOLOGI (CHIEF TECHNOLOGY OFFICER),mengikuti perkembangan teknologi dunia
TIK.DEV0902,PEMIMPIN TEKNOLOGI (CHIEF TECHNOLOGY OFFICER),merumuskan dan mengimplementasikan strategi teknologi perusahaan yang sejalan dengan visi dan misi perusahaan
TIK.DEV0902,PEMIMPIN TEKNOLOGI (CHIEF TECHNOLOGY OFFICER),"memimpin pengembangan dan penerapan teknologi baru yang dapat meningkatkan efisiensi, efektivitas, dan daya saing perusahaan"
TIK.DEV0902,PEMIMPIN TEKNOLOGI (CHIEF TECHNOLOGY OFFICER),memastikan sistem dan infrastruktur teknologi perusahaan berjalan dengan lancar dan aman
TIK.DEV0902,PEMIMPIN TEKNOLOGI (CHIEF TECHNOLOGY OFFICER),membangun dan mengelola tim teknologi yang kompeten
TIK.DEV0902,PEMIMPIN TEKNOLOGI (CHIEF TECHNOLOGY OFFICER),mengembangkan strategi tik
TIK.DEV0902,PEMIMPIN TEKNOLOGI (CHIEF TECHNOLOGY OFFICER),mengelola infrastruktur tik
TIK.DEV0902,PEMIMPIN TEKNOLOGI (CHIEF TECHNOLOGY OFFICER),mengelola sumber daya manusia tik
TIK.DEV0902,PEMIMPIN TEKNOLOGI (CHIEF TECHNOLOGY OFFICER),kemampuan kepemimpinan dan manajemen;
TIK.DEV0902,PEMIMPIN TEKNOLOGI (CHIEF TECHNOLOGY OFFICER),kemampuan komunikasi dan negosiasi;
TIK.DEV0902,PEMIMPIN TEKNOLOGI (CHIEF TECHNOLOGY OFFICER),kemampuan beradaptasi dengan perubahan.
TIK.DEV0902,PEMIMPIN TEKNOLOGI (CHIEF TECHNOLOGY OFFICER),develop and cultivate collaborative partnerships and relationships (mengembangkan dan memupuk kemitraan dan hubungan kolaboratif)
TIK.DEV0902,PEMIMPIN TEKNOLOGI (CHIEF TECHNOLOGY OFFICER),lead research into identifying new marketplace opportunities (memimpin riset menuju identifikasi kesempatan pasar yang baru)
TIK.DEV0902,PEMIMPIN TEKNOLOGI (CHIEF TECHNOLOGY OFFICER),direct outsourced ict services (memimpin layanan tik yang dialihdayakan)
TIK.DEV0902,PEMIMPIN TEKNOLOGI (CHIEF TECHNOLOGY OFFICER),manage it projects (mengelola proyek ti)
TIK.DEV0902,PEMIMPIN TEKNOLOGI (CHIEF TECHNOLOGY OFFICER),manage innovation and continuous improvement (mengelola inovasi dan peningkatan berkelanjutan)
TIK.DEV0902,PEMIMPIN TEKNOLOGI (CHIEF TECHNOLOGY OFFICER),lead innovative thinking and practice
TIK.DEV0902,PEMIMPIN TEKNOLOGI (CHIEF TECHNOLOGY OFFICER),develop workplace policy and procedures for sustainability (mengembangkan kebijakan dan prosedur di tempat kerja untuk keberlanjutan)
TIK.DEV0902,PEMIMPIN TEKNOLOGI (CHIEF TECHNOLOGY OFFICER),menyusun roadmap dan komponen arsitektur data
TIK.DEV0902,PEMIMPIN TEKNOLOGI (CHIEF TECHNOLOGY OFFICER),menyusun roadmap dan komponen arsitektur aplikasi
TIK.DEV0902,PEMIMPIN TEKNOLOGI (CHIEF TECHNOLOGY OFFICER),menyusun roadmap dan komponen arsitektur teknologi
TIK.DEV0801,KEPALA PEMROGRAM (LEAD PROGRAMMER),"mengembangkan dan memelihara perangkat lunak, termasuk aplikasi web, aplikasi mobile, dan sistem perangkat lunak lainnya"
TIK.DEV0801,KEPALA PEMROGRAM (LEAD PROGRAMMER),menganalisis dan memecahkan masalah
TIK.DEV0801,KEPALA PEMROGRAM (LEAD PROGRAMMER),mendokumentasikan dan menguji perangkat lunak
TIK.DEV0801,KEPALA PEMROGRAM (LEAD PROGRAMMER),memimpin dan melatih tim pengembang
TIK.DEV0801,KEPALA PEMROGRAM (LEAD PROGRAMMER),komunikatif
TIK.DEV0801,KEPALA PEMROGRAM (LEAD PROGRAMMER),mampu bekerja sama
TIK.DEV0801,KEPALA PEMROGRAM (LEAD PROGRAMMER),leadership
TIK.DEV0801,KEPALA PEMROGRAM (LEAD PROGRAMMER),teliti
TIK.DEV0801,KEPALA PEMROGRAM (LEAD PROGRAMMER),mampu manajemen pembagian tugas
TIK.DEV0801,KEPALA PEMROGRAM (LEAD PROGRAMMER),merancang dan mengembangkan sistem perangkat lunak
TIK.DEV0801,KEPALA PEMROGRAM (LEAD PROGRAMMER),melakukan debugging dan troubleshooting
TIK.DEV0801,KEPALA PEMROGRAM (LEAD PROGRAMMER),menulis kode yang berkualitas dan mudah dipahami
TIK.DEV0801,KEPALA PEMROGRAM (LEAD PROGRAMMER),melakukan manajemen proyek
TIK.DEV0801,KEPALA PEMROGRAM (LEAD PROGRAMMER),memimpin tim programmer
TIK.DEV0801,KEPALA PEMROGRAM (LEAD PROGRAMMER),memberikan bimbingan kepada programmer junior
TIK.DEV0801,KEPALA PEMROGRAM (LEAD PROGRAMMER),mengambil keputusan tentang desain dan implementasi sistem
TIK.DEV0801,KEPALA PEMROGRAM (LEAD PROGRAMMER),memimpin dan memantau proyek pengembangan perangkat lunak
TIK.DEV0801,KEPALA PEMROGRAM (LEAD PROGRAMMER),mengajar dan melatih anggota tim programmer junior
TIK.DEV0801,KEPALA PEMROGRAM (LEAD PROGRAMMER),berkonsultasi dengan klien atau pengguna akhir
TIK.DEV0801,KEPALA PEMROGRAM (LEAD PROGRAMMER),menentukan lingkup quality assurance untuk proses pengembangan perangkat lunak
TIK.DEV0801,KEPALA PEMROGRAM (LEAD PROGRAMMER),mengevaluasi pelaksanaan penjaminan kualitas perangkat lunak
TIK.DEV0801,KEPALA PEMROGRAM (LEAD PROGRAMMER),menganalisis tools
TIK.DEV0801,KEPALA PEMROGRAM (LEAD PROGRAMMER),menggunakan struktur data
TIK.DEV0801,KEPALA PEMROGRAM (LEAD PROGRAMMER),mengimplementasikan user interface
TIK.DEV0801,KEPALA PEMROGRAM (LEAD PROGRAMMER),merancang user experience
TIK.DEV0801,KEPALA PEMROGRAM (LEAD PROGRAMMER),mengimplementasikan rancangan entitas dan keterkaitan antar entitas
TIK.DEV0801,KEPALA PEMROGRAM (LEAD PROGRAMMER),menerapkan pemecahan permasalahan menjadi subrutin
TIK.DEV0801,KEPALA PEMROGRAM (LEAD PROGRAMMER),menerapkan metode dan praktik penggunaan kembali (reusable) subrutin-subrutin
TIK.DEV0801,KEPALA PEMROGRAM (LEAD PROGRAMMER),"menyusun fungsi, file atau sumber daya pemrograman yang lain dalam organisasi yang rapi"
TIK.DEV0801,KEPALA PEMROGRAM (LEAD PROGRAMMER),menulis kode dengan prinsip sesuai guidelines dan best practices
TIK.DEV0801,KEPALA PEMROGRAM (LEAD PROGRAMMER),mengimplementasikan pemrograman berorientasi objek
TIK.DEV0801,KEPALA PEMROGRAM (LEAD PROGRAMMER),menggunakan library atau komponen pre-existing
TIK.DEV0801,KEPALA PEMROGRAM (LEAD PROGRAMMER),mengimplementasikan algoritma pemrograman
TIK.DEV0801,KEPALA PEMROGRAM (LEAD PROGRAMMER),membuat dokumen kode program
TIK.DEV0801,KEPALA PEMROGRAM (LEAD PROGRAMMER),melakukan debugging
TIK.DEV0801,KEPALA PEMROGRAM (LEAD PROGRAMMER),menerapkan source code versioning
TIK.DEV0801,KEPALA PEMROGRAM (LEAD PROGRAMMER),melakukan profiling program
TIK.DEV0801,KEPALA PEMROGRAM (LEAD PROGRAMMER),menerapkan code review
TIK.DEV0801,KEPALA PEMROGRAM (LEAD PROGRAMMER),melaksanakan pengujian integrasi program
TIK.DEV0801,KEPALA PEMROGRAM (LEAD PROGRAMMER),melaksanakan pengujian program sistem
TIK.DEV0801,KEPALA PEMROGRAM (LEAD PROGRAMMER),melaksanakan stress test
TIK.DEV0801,KEPALA PEMROGRAM (LEAD PROGRAMMER),melaksanakan pengujian oleh pengguna (uat)
TIK.DEV0801,KEPALA PEMROGRAM (LEAD PROGRAMMER),memberikan petunjuk teknis kepada pelanggan
TIK.DEV0801,KEPALA PEMROGRAM (LEAD PROGRAMMER),membuat paket instalasi perangkat lunak
TIK.DEV0801,KEPALA PEMROGRAM (LEAD PROGRAMMER),"melaksanakan konfigurasi perangkat lunak sesuai environment (development, staging, production)"
TIK.DEV0801,KEPALA PEMROGRAM (LEAD PROGRAMMER),menganalisis dampak perubahan terhadap aplikasi
TIK.DEV0801,KEPALA PEMROGRAM (LEAD PROGRAMMER),menerapkan alert notification jika aplikasi bermasalah
TIK.DEV0801,KEPALA PEMROGRAM (LEAD PROGRAMMER),melakukan pemantauan resource yang digunakan aplikasi
TIK.DEV0801,KEPALA PEMROGRAM (LEAD PROGRAMMER),melakukan logging aplikasi
TIK.DEV0801,KEPALA PEMROGRAM (LEAD PROGRAMMER),menerapkan standarstandar keamanan informasi yang berlaku
TIK.DEV0701,MANAJER PENGEMBANGAN SISTEM (SYSTEM DEVELOPMENT MANAGER),"orang yang bertanggung jawab atas pengembangan sistem informasi di sebuah perusahaan atau organisasi. sdh memiliki tugas dan tanggung jawab yang luas, mulai dari perencanaan dan desain sistem, pengembangan dan implementasi, hingga pemeliharaan dan dukungan."
TIK.DEV0701,MANAJER PENGEMBANGAN SISTEM (SYSTEM DEVELOPMENT MANAGER),merencanakan dan mengoordinasikan proses pengembangan sistem informasi
TIK.DEV0701,MANAJER PENGEMBANGAN SISTEM (SYSTEM DEVELOPMENT MANAGER),memastikan sistem yang dikembangkan dapat memenuhi kebutuhan organisasi dan memberikan nilai tambah bagi bisnis
TIK.DEV0701,MANAJER PENGEMBANGAN SISTEM (SYSTEM DEVELOPMENT MANAGER),komunikatif
TIK.DEV0701,MANAJER PENGEMBANGAN SISTEM (SYSTEM DEVELOPMENT MANAGER),mampu bekerja sama
TIK.DEV0701,MANAJER PENGEMBANGAN SISTEM (SYSTEM DEVELOPMENT MANAGER),leadership
TIK.DEV0701,MANAJER PENGEMBANGAN SISTEM (SYSTEM DEVELOPMENT MANAGER),teliti
TIK.DEV0701,MANAJER PENGEMBANGAN SISTEM (SYSTEM DEVELOPMENT MANAGER),mampu manajemen pembagian tugas
TIK.DEV0701,MANAJER PENGEMBANGAN SISTEM (SYSTEM DEVELOPMENT MANAGER),memimpin dan mengelola tim pengembangan sistem informasi
TIK.DEV0701,MANAJER PENGEMBANGAN SISTEM (SYSTEM DEVELOPMENT MANAGER),merencanakan dan mengoordinasikan proses pengembangan sistem informasi
TIK.DEV0701,MANAJER PENGEMBANGAN SISTEM (SYSTEM DEVELOPMENT MANAGER),mengawasi dan memastikan kualitas sistem informasi yang dikembangkan
TIK.DEV0701,MANAJER PENGEMBANGAN SISTEM (SYSTEM DEVELOPMENT MANAGER),melakukan evaluasi dan pengembangan sistem informasi
TIK.DEV0701,MANAJER PENGEMBANGAN SISTEM (SYSTEM DEVELOPMENT MANAGER),membuat penugasan dan jadwal kerja untuk anggota tim
TIK.DEV0701,MANAJER PENGEMBANGAN SISTEM (SYSTEM DEVELOPMENT MANAGER),mengevaluasi kinerja anggota tim
TIK.DEV0701,MANAJER PENGEMBANGAN SISTEM (SYSTEM DEVELOPMENT MANAGER),mengambil keputusan dalam hal teknis
TIK.DEV0701,MANAJER PENGEMBANGAN SISTEM (SYSTEM DEVELOPMENT MANAGER),menyelesaikan masalah dan konflik
TIK.DEV0701,MANAJER PENGEMBANGAN SISTEM (SYSTEM DEVELOPMENT MANAGER),memiliki kemampuan manajerial.
TIK.DEV0701,MANAJER PENGEMBANGAN SISTEM (SYSTEM DEVELOPMENT MANAGER),menganalisis tools
TIK.DEV0701,MANAJER PENGEMBANGAN SISTEM (SYSTEM DEVELOPMENT MANAGER),menganalisis skalabilitas perangkat lunak
TIK.DEV0701,MANAJER PENGEMBANGAN SISTEM (SYSTEM DEVELOPMENT MANAGER),"melakukan identifikasi library, komponen, atau framework yang diperlukan"
TIK.DEV0701,MANAJER PENGEMBANGAN SISTEM (SYSTEM DEVELOPMENT MANAGER),menggunakan struktur data
TIK.DEV0701,MANAJER PENGEMBANGAN SISTEM (SYSTEM DEVELOPMENT MANAGER),merancang user experience
TIK.DEV0701,MANAJER PENGEMBANGAN SISTEM (SYSTEM DEVELOPMENT MANAGER),mengimplementasikan rancangan entitas dan keterkaitan antar entitas
TIK.DEV0701,MANAJER PENGEMBANGAN SISTEM (SYSTEM DEVELOPMENT MANAGER),merancang arsitektur aplikasi
TIK.DEV0701,MANAJER PENGEMBANGAN SISTEM (SYSTEM DEVELOPMENT MANAGER),menulis kode dengan prinsip sesuai guidelines dan best practices
TIK.DEV0701,MANAJER PENGEMBANGAN SISTEM (SYSTEM DEVELOPMENT MANAGER),mengimplementasikan algoritma pemrograman
TIK.DEV0701,MANAJER PENGEMBANGAN SISTEM (SYSTEM DEVELOPMENT MANAGER),membuat dokumen kode program
TIK.DEV0701,MANAJER PENGEMBANGAN SISTEM (SYSTEM DEVELOPMENT MANAGER),mengimplementasikan network programming
TIK.DEV0701,MANAJER PENGEMBANGAN SISTEM (SYSTEM DEVELOPMENT MANAGER),menerapkan pemrograman real time
TIK.DEV0701,MANAJER PENGEMBANGAN SISTEM (SYSTEM DEVELOPMENT MANAGER),menerapkan pemrograman paralel
TIK.DEV0701,MANAJER PENGEMBANGAN SISTEM (SYSTEM DEVELOPMENT MANAGER),menerapkan pemrograman multimedia
TIK.DEV0701,MANAJER PENGEMBANGAN SISTEM (SYSTEM DEVELOPMENT MANAGER),melakukan profiling program
TIK.DEV0701,MANAJER PENGEMBANGAN SISTEM (SYSTEM DEVELOPMENT MANAGER),menerapkan code review
TIK.DEV0701,MANAJER PENGEMBANGAN SISTEM (SYSTEM DEVELOPMENT MANAGER),melaksanakan pengujian integrasi program
TIK.DEV0701,MANAJER PENGEMBANGAN SISTEM (SYSTEM DEVELOPMENT MANAGER),melaksanakan pengujian program sistem
TIK.DEV0701,MANAJER PENGEMBANGAN SISTEM (SYSTEM DEVELOPMENT MANAGER),melaksanakan pengujian kode program secara statis
TIK.DEV0701,MANAJER PENGEMBANGAN SISTEM (SYSTEM DEVELOPMENT MANAGER),melaksanakan stress test
TIK.DEV0701,MANAJER PENGEMBANGAN SISTEM (SYSTEM DEVELOPMENT MANAGER),melaksanakan pengujian oleh pengguna (uat)
TIK.DEV0701,MANAJER PENGEMBANGAN SISTEM (SYSTEM DEVELOPMENT MANAGER),memberikan petunjuk teknis kepada pelanggan
TIK.DEV0701,MANAJER PENGEMBANGAN SISTEM (SYSTEM DEVELOPMENT MANAGER),melaksanakan cutover aplikasi
TIK.DEV0701,MANAJER PENGEMBANGAN SISTEM (SYSTEM DEVELOPMENT MANAGER),menganalisis dampak perubahan terhadap aplikasi
TIK.DEV0701,MANAJER PENGEMBANGAN SISTEM (SYSTEM DEVELOPMENT MANAGER),menerapkan alert notification jika aplikasi bermasalah
TIK.DEV0701,MANAJER PENGEMBANGAN SISTEM (SYSTEM DEVELOPMENT MANAGER),melakukan pemantauan resource yang digunakan aplikasi
TIK.DEV0701,MANAJER PENGEMBANGAN SISTEM (SYSTEM DEVELOPMENT MANAGER),melakukan pembaharuan perangkat lunak
TIK.DEV0701,MANAJER PENGEMBANGAN SISTEM (SYSTEM DEVELOPMENT MANAGER),mengelola proyek secara terintegrasi (project integration management)
TIK.DEV0701,MANAJER PENGEMBANGAN SISTEM (SYSTEM DEVELOPMENT MANAGER),mengelola ruang lingkup proyek (project scope management)
TIK.DEV0701,MANAJER PENGEMBANGAN SISTEM (SYSTEM DEVELOPMENT MANAGER),menentukan arsitektur perangkat keras
TIK.DEV0702,MANAJER REKAYASA PERANGKAT LUNAK (SOFTWARE ENGINEERING MANAGER),"orang yang bertanggung jawab atas pengembangan dan pengiriman produk perangkat lunak yang berkualitas tinggi. mereka bekerja sama dengan tim insinyur perangkat lunak untuk merencanakan, mendesain, dan menguji produk perangkat lunak. mereka juga memastikan bahwa produk perangkat lunak memenuhi kebutuhan pelanggan dan anggaran."
TIK.DEV0702,MANAJER REKAYASA PERANGKAT LUNAK (SOFTWARE ENGINEERING MANAGER),memimpin dan mengelola tim insinyur perangkat lunak dalam pengembangan dan penerapan perangkat lunak
TIK.DEV0702,MANAJER REKAYASA PERANGKAT LUNAK (SOFTWARE ENGINEERING MANAGER),memastikan bahwa perangkat lunak yang dikembangkan memenuhi kebutuhan pengguna dan berkualitas tinggi
TIK.DEV0702,MANAJER REKAYASA PERANGKAT LUNAK (SOFTWARE ENGINEERING MANAGER),berintegritas
TIK.DEV0702,MANAJER REKAYASA PERANGKAT LUNAK (SOFTWARE ENGINEERING MANAGER),independen
TIK.DEV0702,MANAJER REKAYASA PERANGKAT LUNAK (SOFTWARE ENGINEERING MANAGER),objektif
TIK.DEV0702,MANAJER REKAYASA PERANGKAT LUNAK (SOFTWARE ENGINEERING MANAGER),kritis
TIK.DEV0702,MANAJER REKAYASA PERANGKAT LUNAK (SOFTWARE ENGINEERING MANAGER),analitis
TIK.DEV0702,MANAJER REKAYASA PERANGKAT LUNAK (SOFTWARE ENGINEERING MANAGER),menyusun dan mengimplementasikan strategi pengembangan perangkat lunak untuk organisasi
TIK.DEV0702,MANAJER REKAYASA PERANGKAT LUNAK (SOFTWARE ENGINEERING MANAGER),mengelola anggaran dan sumber daya untuk pengembangan perangkat lunak
TIK.DEV0702,MANAJER REKAYASA PERANGKAT LUNAK (SOFTWARE ENGINEERING MANAGER),mengoordinasikan dengan tim ti lain untuk memastikan pengembangan perangkat lunak yang lancar
TIK.DEV0702,MANAJER REKAYASA PERANGKAT LUNAK (SOFTWARE ENGINEERING MANAGER),memimpin dan membimbing tim insinyur perangkat lunak
TIK.DEV0702,MANAJER REKAYASA PERANGKAT LUNAK (SOFTWARE ENGINEERING MANAGER),menangani masalah dan keluhan terkait pengembangan perangkat lunak
TIK.DEV0702,MANAJER REKAYASA PERANGKAT LUNAK (SOFTWARE ENGINEERING MANAGER),memantau kinerja pengembangan perangkat lunak untuk memastikan kepatuhan terhadap standar dan persyaratan
TIK.DEV0702,MANAJER REKAYASA PERANGKAT LUNAK (SOFTWARE ENGINEERING MANAGER),merekomendasikan peningkatan dan perubahan untuk pengembangan perangkat lunak
TIK.DEV0702,MANAJER REKAYASA PERANGKAT LUNAK (SOFTWARE ENGINEERING MANAGER),menyetujui anggaran dan sumber daya untuk pengembangan perangkat lunak
TIK.DEV0702,MANAJER REKAYASA PERANGKAT LUNAK (SOFTWARE ENGINEERING MANAGER),mendelegasikan tugas dan tanggung jawab kepada staf
TIK.DEV0702,MANAJER REKAYASA PERANGKAT LUNAK (SOFTWARE ENGINEERING MANAGER),mewakili tim pengembangan perangkat lunak kepada manajemen dan pelanggan
TIK.DEV0702,MANAJER REKAYASA PERANGKAT LUNAK (SOFTWARE ENGINEERING MANAGER),membuat keputusan terkait pengembangan perangkat lunak
TIK.DEV0702,MANAJER REKAYASA PERANGKAT LUNAK (SOFTWARE ENGINEERING MANAGER),manage organisational change (mengelola perubahan organisasi)
TIK.DEV0702,MANAJER REKAYASA PERANGKAT LUNAK (SOFTWARE ENGINEERING MANAGER),manage innovation and continuous improvement (mengelola inovasi dan peningkatan berkelanjutan)
TIK.DEV0702,MANAJER REKAYASA PERANGKAT LUNAK (SOFTWARE ENGINEERING MANAGER),determine and confirm client business requirements (menentukan dan mengkonfirmasikan persyaratan bisnis klien)
TIK.DEV0702,MANAJER REKAYASA PERANGKAT LUNAK (SOFTWARE ENGINEERING MANAGER),comply with organisational requirements for protection and use of intellectual property (mematuhi persyaratan organisasi untuk perlindungan dan penggunaan kekayaan intelektual)
TIK.DEV0702,MANAJER REKAYASA PERANGKAT LUNAK (SOFTWARE ENGINEERING MANAGER),manage it project planning (mengelola perencanaan proyek it)
TIK.DEV0702,MANAJER REKAYASA PERANGKAT LUNAK (SOFTWARE ENGINEERING MANAGER),merancang struktur perangkat lunak
TIK.DEV0702,MANAJER REKAYASA PERANGKAT LUNAK (SOFTWARE ENGINEERING MANAGER),merancang komponen perangkat lunak
TIK.DEV0702,MANAJER REKAYASA PERANGKAT LUNAK (SOFTWARE ENGINEERING MANAGER),menyusun rekomendasi penjaminan kualitas perangkat lunak bagi stakeholder
TIK.DEV0702,MANAJER REKAYASA PERANGKAT LUNAK (SOFTWARE ENGINEERING MANAGER),mengevaluasi pelaksanaan penjaminan kualitas perangkat lunak
TIK.DEV0702,MANAJER REKAYASA PERANGKAT LUNAK (SOFTWARE ENGINEERING MANAGER),determine project specifications and secure client agreement (menentukan spesifikasi proyek dan mengamankan perjanjian klien)
TIK.DEV0702,MANAJER REKAYASA PERANGKAT LUNAK (SOFTWARE ENGINEERING MANAGER),conduct post-implementation it system reviews (melakukan evaluasi sistem ti pasca-implementasi)
TIK.DEV0702,MANAJER REKAYASA PERANGKAT LUNAK (SOFTWARE ENGINEERING MANAGER),develop workplace policy and procedures for sustainability (mengembangkan kebijakan dan prosedur di tempat kerja untuk keberlanjutan)
TIK.DEV0703,MANAJER PERANGKAT LUNAK SISTEM (SYSTEMS SOFTWARE MANAGER),"orang yang bertanggung jawab atas pengembangan dan pengiriman perangkat lunak sistem, seperti sistem operasi, sistem manajemen database, dan sistem jaringan. mereka bekerja sama dengan tim insinyur perangkat lunak untuk merencanakan, mendesain, dan menguji perangkat lunak sistem. mereka juga memastikan bahwa perangkat lunak sistem memenuhi kebutuhan bisnis dan anggaran."
TIK.DEV0703,MANAJER PERANGKAT LUNAK SISTEM (SYSTEMS SOFTWARE MANAGER),memimpin dan mengelola tim pengembangan perangkat lunak sistem dalam pengembangan dan penerapan perangkat lunak sistem
TIK.DEV0703,MANAJER PERANGKAT LUNAK SISTEM (SYSTEMS SOFTWARE MANAGER),memastikan bahwa perangkat lunak sistem yang dikembangkan memenuhi kebutuhan pengguna dan berkualitas tinggi
TIK.DEV0703,MANAJER PERANGKAT LUNAK SISTEM (SYSTEMS SOFTWARE MANAGER),berintegritas
TIK.DEV0703,MANAJER PERANGKAT LUNAK SISTEM (SYSTEMS SOFTWARE MANAGER),independen
TIK.DEV0703,MANAJER PERANGKAT LUNAK SISTEM (SYSTEMS SOFTWARE MANAGER),objektif
TIK.DEV0703,MANAJER PERANGKAT LUNAK SISTEM (SYSTEMS SOFTWARE MANAGER),kritis
TIK.DEV0703,MANAJER PERANGKAT LUNAK SISTEM (SYSTEMS SOFTWARE MANAGER),analitis
TIK.DEV0703,MANAJER PERANGKAT LUNAK SISTEM (SYSTEMS SOFTWARE MANAGER),menyusun dan mengimplementasikan strategi pengembangan sistem perangkat lunak untuk organisasi
TIK.DEV0703,MANAJER PERANGKAT LUNAK SISTEM (SYSTEMS SOFTWARE MANAGER),mengelola anggaran dan sumber daya untuk pengembangan sistem perangkat lunak
TIK.DEV0703,MANAJER PERANGKAT LUNAK SISTEM (SYSTEMS SOFTWARE MANAGER),mengoordinasikan dengan tim ti lain untuk memastikan pengembangan sistem perangkat lunak yang lancar
TIK.DEV0703,MANAJER PERANGKAT LUNAK SISTEM (SYSTEMS SOFTWARE MANAGER),memimpin dan membimbing tim pengembang sistem perangkat lunak
TIK.DEV0703,MANAJER PERANGKAT LUNAK SISTEM (SYSTEMS SOFTWARE MANAGER),menangani masalah dan keluhan terkait pengembangan sistem perangkat lunak
TIK.DEV0703,MANAJER PERANGKAT LUNAK SISTEM (SYSTEMS SOFTWARE MANAGER),memantau kinerja pengembangan sistem perangkat lunak untuk memastikan kepatuhan terhadap standar dan persyaratan
TIK.DEV0703,MANAJER PERANGKAT LUNAK SISTEM (SYSTEMS SOFTWARE MANAGER),merekomendasikan peningkatan dan perubahan untuk pengembangan sistem perangkat lunak
TIK.DEV0703,MANAJER PERANGKAT LUNAK SISTEM (SYSTEMS SOFTWARE MANAGER),menyetujui anggaran dan sumber daya untuk pengembangan sistem perangkat lunak
TIK.DEV0703,MANAJER PERANGKAT LUNAK SISTEM (SYSTEMS SOFTWARE MANAGER),mendelegasikan tugas dan tanggung jawab kepada staf
TIK.DEV0703,MANAJER PERANGKAT LUNAK SISTEM (SYSTEMS SOFTWARE MANAGER),mewakili tim pengembangan sistem perangkat lunak kepada manajemen dan pelanggan
TIK.DEV0703,MANAJER PERANGKAT LUNAK SISTEM (SYSTEMS SOFTWARE MANAGER),membuat keputusan terkait pengembangan sistem perangkat lunak
TIK.DEV0703,MANAJER PERANGKAT LUNAK SISTEM (SYSTEMS SOFTWARE MANAGER),manage innovation and continuous improvement (mengelola inovasi dan peningkatan berkelanjutan)
TIK.DEV0703,MANAJER PERANGKAT LUNAK SISTEM (SYSTEMS SOFTWARE MANAGER),merekayasa arsitektur virtualisasi sistem public/private/ hybrid/sovereign cloud
TIK.DEV0703,MANAJER PERANGKAT LUNAK SISTEM (SYSTEMS SOFTWARE MANAGER),merancang mobile cloud computing
TIK.DEV0703,MANAJER PERANGKAT LUNAK SISTEM (SYSTEMS SOFTWARE MANAGER),merancang spesifikasi teknis smart phone/tablet sesuai kebutuhan pengguna
TIK.DEV0703,MANAJER PERANGKAT LUNAK SISTEM (SYSTEMS SOFTWARE MANAGER),menunjukkan penguasaan konsep dan teknis mobile sensor untuk mobile computing
TIK.DEV0703,MANAJER PERANGKAT LUNAK SISTEM (SYSTEMS SOFTWARE MANAGER),merancang spesifikasi teknis wearable computing
TIK.DEV0703,MANAJER PERANGKAT LUNAK SISTEM (SYSTEMS SOFTWARE MANAGER),mengidentifikasi layanan geolocation dan geofencing
TIK.DEV0703,MANAJER PERANGKAT LUNAK SISTEM (SYSTEMS SOFTWARE MANAGER),menentukan lingkup quality assurance untuk proses pengembangan perangkat lunak
TIK.DEV0703,MANAJER PERANGKAT LUNAK SISTEM (SYSTEMS SOFTWARE MANAGER),mengintegrasikan penjaminan kualitas ke dalam organisasi pengembang
TIK.DEV0703,MANAJER PERANGKAT LUNAK SISTEM (SYSTEMS SOFTWARE MANAGER),manage a small team (mengelola tim kecil)
TIK.DEV0703,MANAJER PERANGKAT LUNAK SISTEM (SYSTEMS SOFTWARE MANAGER),manage it projects (mengelola proyek ti)
TIK.DEV0703,MANAJER PERANGKAT LUNAK SISTEM (SYSTEMS SOFTWARE MANAGER),menulis kode dengan prinsip sesuai guidelines dan best practices
TIK.DEV0703,MANAJER PERANGKAT LUNAK SISTEM (SYSTEMS SOFTWARE MANAGER),"melaksanakan konfigurasi perangkat lunak sesuai environment (development, staging, production)"
TIK.DEV0703,MANAJER PERANGKAT LUNAK SISTEM (SYSTEMS SOFTWARE MANAGER),menganalisis dampak perubahan terhadap aplikasi
TIK.DEV0703,MANAJER PERANGKAT LUNAK SISTEM (SYSTEMS SOFTWARE MANAGER),manage innovation and continuous improvement (mengelola inovasi dan peningkatan berkelanjutan)
TIK.DEV0703,MANAJER PERANGKAT LUNAK SISTEM (SYSTEMS SOFTWARE MANAGER),comply with organisational requirements for protection and use of intellectual property (mematuhi persyaratan organisasi untuk perlindungan dan penggunaan kekayaan intelektual)
TIK.DEV0704,MANAJER APLIKASI AUTOMASI PERKANTORAN (OFFICE AUTOMATION APPLICATIONS,"orang yang bertanggung jawab atas perencanaan, pengembangan, dan implementasi aplikasi otomatisasi kantor, seperti perangkat lunak pengolah kata, perangkat lunak spreadsheet, dan perangkat lunak email. mereka bekerja sama dengan tim pengembang aplikasi untuk merencanakan, mendesain, dan mengimplementasikan aplikasi otomatisasi kantor yang memenuhi kebutuhan bisnis. mereka juga memastikan bahwa aplikasi otomatisasi kantor beroperasi dengan lancar dan memenuhi anggaran."
TIK.DEV0704,MANAJER APLIKASI AUTOMASI PERKANTORAN (OFFICE AUTOMATION APPLICATIONS,memimpin dan mengelola tim pengembangan aplikasi perkantoran dalam pengembangan dan penerapan aplikasi perkantoran
TIK.DEV0704,MANAJER APLIKASI AUTOMASI PERKANTORAN (OFFICE AUTOMATION APPLICATIONS,memastikan bahwa aplikasi perkantoran yang dikembangkan memenuhi kebutuhan pengguna dan berkualitas tinggi
TIK.DEV0704,MANAJER APLIKASI AUTOMASI PERKANTORAN (OFFICE AUTOMATION APPLICATIONS,berintegritas
TIK.DEV0704,MANAJER APLIKASI AUTOMASI PERKANTORAN (OFFICE AUTOMATION APPLICATIONS,independen
TIK.DEV0704,MANAJER APLIKASI AUTOMASI PERKANTORAN (OFFICE AUTOMATION APPLICATIONS,objektif
TIK.DEV0704,MANAJER APLIKASI AUTOMASI PERKANTORAN (OFFICE AUTOMATION APPLICATIONS,kritis
TIK.DEV0704,MANAJER APLIKASI AUTOMASI PERKANTORAN (OFFICE AUTOMATION APPLICATIONS,analitis
TIK.DEV0704,MANAJER APLIKASI AUTOMASI PERKANTORAN (OFFICE AUTOMATION APPLICATIONS,menyusun dan mengimplementasikan strategi aplikasi otomatisasi kantor untuk organisasi
TIK.DEV0704,MANAJER APLIKASI AUTOMASI PERKANTORAN (OFFICE AUTOMATION APPLICATIONS,mengelola anggaran dan sumber daya untuk aplikasi otomatisasi kantor
TIK.DEV0704,MANAJER APLIKASI AUTOMASI PERKANTORAN (OFFICE AUTOMATION APPLICATIONS,mengoordinasikan dengan tim ti lain untuk memastikan aplikasi otomatisasi kantor yang lancar.
TIK.DEV0704,MANAJER APLIKASI AUTOMASI PERKANTORAN (OFFICE AUTOMATION APPLICATIONS,memimpin dan membimbing tim aplikasi otomatisasi kantor
TIK.DEV0704,MANAJER APLIKASI AUTOMASI PERKANTORAN (OFFICE AUTOMATION APPLICATIONS,menangani masalah dan keluhan terkait aplikasi otomatisasi kantor
TIK.DEV0704,MANAJER APLIKASI AUTOMASI PERKANTORAN (OFFICE AUTOMATION APPLICATIONS,memantau kinerja aplikasi otomatisasi kantor untuk memastikan kepatuhan terhadap standar dan persyaratan
TIK.DEV0704,MANAJER APLIKASI AUTOMASI PERKANTORAN (OFFICE AUTOMATION APPLICATIONS,merekomendasikan peningkatan dan perubahan untuk aplikasi otomatisasi kantor
TIK.DEV0704,MANAJER APLIKASI AUTOMASI PERKANTORAN (OFFICE AUTOMATION APPLICATIONS,menyetujui anggaran dan sumber daya untuk aplikasi otomatisasi kantor
TIK.DEV0704,MANAJER APLIKASI AUTOMASI PERKANTORAN (OFFICE AUTOMATION APPLICATIONS,mendelegasikan tugas dan tanggung jawab kepada staf
TIK.DEV0704,MANAJER APLIKASI AUTOMASI PERKANTORAN (OFFICE AUTOMATION APPLICATIONS,mewakili tim aplikasi otomatisasi kantor kepada manajemen dan pelanggan
TIK.DEV0704,MANAJER APLIKASI AUTOMASI PERKANTORAN (OFFICE AUTOMATION APPLICATIONS,membuat keputusan terkait aplikasi otomatisasi kantor
TIK.DEV0704,MANAJER APLIKASI AUTOMASI PERKANTORAN (OFFICE AUTOMATION APPLICATIONS,manage innovation and continuous improvement (mengelola inovasi dan peningkatan berkelanjutan)
TIK.DEV0704,MANAJER APLIKASI AUTOMASI PERKANTORAN (OFFICE AUTOMATION APPLICATIONS,determine and confirm client business requirements (menentukan dan mengkonfirmasi persyaratan bisnis klien)
TIK.DEV0704,MANAJER APLIKASI AUTOMASI PERKANTORAN (OFFICE AUTOMATION APPLICATIONS,comply with organisational requirements for protection and use of intellectual property (mematuhi persyaratan organisasi untuk perlindungan dan penggunaan kekayaan intelektual)
TIK.DEV0704,MANAJER APLIKASI AUTOMASI PERKANTORAN (OFFICE AUTOMATION APPLICATIONS,develop workplace policy and procedures for sustainability (mengembangkan kebijakan dan prosedur di tempat kerja untuk keberlanjutan)
TIK.DEV0704,MANAJER APLIKASI AUTOMASI PERKANTORAN (OFFICE AUTOMATION APPLICATIONS,"use, communicate and search securely on the internet (menggunakan, berkomunikasi dan melakukan pencarian yang aman di internet)"
TIK.DEV0704,MANAJER APLIKASI AUTOMASI PERKANTORAN (OFFICE AUTOMATION APPLICATIONS,use digital devices (menggunakan perangkat digital)
TIK.DEV0704,MANAJER APLIKASI AUTOMASI PERKANTORAN (OFFICE AUTOMATION APPLICATIONS,use personal productivity tools (menggunakan perangkat produktivitas pribadi)
TIK.DEV0704,MANAJER APLIKASI AUTOMASI PERKANTORAN (OFFICE AUTOMATION APPLICATIONS,use computer operating systems and hardware (penggunaan sistem operasi dan perangkat keras komputer)
TIK.DEV0705,MANAJER PEMROGRAMAN APLIKASI (APPLICATIONS PROGRAMMING MANAGER),"orang yang bertanggung jawab atas pengembangan dan implementasi aplikasi perangkat lunak yang memenuhi kebutuhan bisnis. mereka bekerja sama dengan tim pemrogram aplikasi untuk merencanakan, mendesain, dan mengimplementasikan aplikasi. mereka juga memastikan bahwa aplikasi memenuhi kebutuhan pengguna dan anggaran."
TIK.DEV0705,MANAJER PEMROGRAMAN APLIKASI (APPLICATIONS PROGRAMMING MANAGER),memimpin dan mengelola tim pemrograman aplikasi dalam pengembangan dan penerapan aplikasi perangkat lunak
TIK.DEV0705,MANAJER PEMROGRAMAN APLIKASI (APPLICATIONS PROGRAMMING MANAGER),memastikan bahwa aplikasi perangkat lunak yang dikembangkan memenuhi kebutuhan pengguna dan berkualitas tinggi
TIK.DEV0705,MANAJER PEMROGRAMAN APLIKASI (APPLICATIONS PROGRAMMING MANAGER),berintegritas
TIK.DEV0705,MANAJER PEMROGRAMAN APLIKASI (APPLICATIONS PROGRAMMING MANAGER),independen
TIK.DEV0705,MANAJER PEMROGRAMAN APLIKASI (APPLICATIONS PROGRAMMING MANAGER),objektif
TIK.DEV0705,MANAJER PEMROGRAMAN APLIKASI (APPLICATIONS PROGRAMMING MANAGER),kritis
TIK.DEV0705,MANAJER PEMROGRAMAN APLIKASI (APPLICATIONS PROGRAMMING MANAGER),analitis
TIK.DEV0705,MANAJER PEMROGRAMAN APLIKASI (APPLICATIONS PROGRAMMING MANAGER),menyusun dan mengimplementasikan strategi pemrograman aplikasi untuk organisasi
TIK.DEV0705,MANAJER PEMROGRAMAN APLIKASI (APPLICATIONS PROGRAMMING MANAGER),mengelola anggaran dan sumber daya untuk pemrograman aplikasi
TIK.DEV0705,MANAJER PEMROGRAMAN APLIKASI (APPLICATIONS PROGRAMMING MANAGER),mengoordinasikan dengan tim ti lain untuk memastikan pemrograman aplikasi yang lancar
TIK.DEV0705,MANAJER PEMROGRAMAN APLIKASI (APPLICATIONS PROGRAMMING MANAGER),memimpin dan membimbing tim pemrograman aplikasi
TIK.DEV0705,MANAJER PEMROGRAMAN APLIKASI (APPLICATIONS PROGRAMMING MANAGER),menangani masalah dan keluhan terkait pemrograman aplikasi
TIK.DEV0705,MANAJER PEMROGRAMAN APLIKASI (APPLICATIONS PROGRAMMING MANAGER),memantau kinerja pemrograman aplikasi untuk memastikan kepatuhan terhadap standar dan persyaratan
TIK.DEV0705,MANAJER PEMROGRAMAN APLIKASI (APPLICATIONS PROGRAMMING MANAGER),merekomendasikan peningkatan dan perubahan untuk pemrograman aplikasi
TIK.DEV0705,MANAJER PEMROGRAMAN APLIKASI (APPLICATIONS PROGRAMMING MANAGER),menyetujui anggaran dan sumber daya untuk pemrograman aplikasi
TIK.DEV0705,MANAJER PEMROGRAMAN APLIKASI (APPLICATIONS PROGRAMMING MANAGER),mendelegasikan tugas dan tanggung jawab kepada staf
TIK.DEV0705,MANAJER PEMROGRAMAN APLIKASI (APPLICATIONS PROGRAMMING MANAGER),mewakili tim pemrograman aplikasi kepada manajemen dan pelanggan
TIK.DEV0705,MANAJER PEMROGRAMAN APLIKASI (APPLICATIONS PROGRAMMING MANAGER),membuat keputusan terkait pemrograman aplikasi
TIK.DEV0705,MANAJER PEMROGRAMAN APLIKASI (APPLICATIONS PROGRAMMING MANAGER),manage innovation and continuous improvement (mengelola inovasi dan peningkatan berkelanjutan)
TIK.DEV0705,MANAJER PEMROGRAMAN APLIKASI (APPLICATIONS PROGRAMMING MANAGER),manage it project planning (mengelola perencanaan proyek ti)
TIK.DEV0705,MANAJER PEMROGRAMAN APLIKASI (APPLICATIONS PROGRAMMING MANAGER),develop a knowledge management strategy (mengembangkan strategi manajemen pengetahuan)
TIK.DEV0705,MANAJER PEMROGRAMAN APLIKASI (APPLICATIONS PROGRAMMING MANAGER),determine and confirm client business requirements (menentukan dan mengkonfirmasi persyaratan bisnis klien)
TIK.DEV0705,MANAJER PEMROGRAMAN APLIKASI (APPLICATIONS PROGRAMMING MANAGER),develop workplace policy and procedures for sustainability (mengembangkan kebijakan dan prosedur di tempat kerja untuk keberlanjutan )
TIK.DEV0705,MANAJER PEMROGRAMAN APLIKASI (APPLICATIONS PROGRAMMING MANAGER),"menyusun fungsi, file atau sumber daya pemrograman yang lain dalam organisasi yang rapi"
TIK.DEV0705,MANAJER PEMROGRAMAN APLIKASI (APPLICATIONS PROGRAMMING MANAGER),menerapkan pemrograman multimedia
TIK.DEV0705,MANAJER PEMROGRAMAN APLIKASI (APPLICATIONS PROGRAMMING MANAGER),melakukan profiling program
TIK.DEV0706,MANAJER INSINYUR PERANGKAT LUNAK (SOFTWARE ENGINEER MANAGER),"orang yang bertanggung jawab atas memimpin tim insinyur perangkat lunak dalam pengembangan dan pengiriman produk perangkat lunak yang berkualitas tinggi. mereka bekerja sama dengan manajer teknik perangkat lunak untuk merencanakan, mendesain, dan menguji produk perangkat lunak. mereka juga memastikan bahwa produk perangkat lunak memenuhi kebutuhan pelanggan dan anggaran."
TIK.DEV0706,MANAJER INSINYUR PERANGKAT LUNAK (SOFTWARE ENGINEER MANAGER),memimpin dan membimbing tim insinyur perangkat lunak dalam pengembangan dan penerapan perangkat lunak
TIK.DEV0706,MANAJER INSINYUR PERANGKAT LUNAK (SOFTWARE ENGINEER MANAGER),memastikan bahwa perangkat lunak yang dikembangkan memenuhi kebutuhan pengguna dan berkualitas tinggi
TIK.DEV0706,MANAJER INSINYUR PERANGKAT LUNAK (SOFTWARE ENGINEER MANAGER),berintegritas
TIK.DEV0706,MANAJER INSINYUR PERANGKAT LUNAK (SOFTWARE ENGINEER MANAGER),independen
TIK.DEV0706,MANAJER INSINYUR PERANGKAT LUNAK (SOFTWARE ENGINEER MANAGER),objektif
TIK.DEV0706,MANAJER INSINYUR PERANGKAT LUNAK (SOFTWARE ENGINEER MANAGER),kritis
TIK.DEV0706,MANAJER INSINYUR PERANGKAT LUNAK (SOFTWARE ENGINEER MANAGER),analitis
TIK.DEV0706,MANAJER INSINYUR PERANGKAT LUNAK (SOFTWARE ENGINEER MANAGER),memimpin dan membimbing tim insinyur perangkat lunak
TIK.DEV0706,MANAJER INSINYUR PERANGKAT LUNAK (SOFTWARE ENGINEER MANAGER),merancang dan mengembangkan perangkat lunak
TIK.DEV0706,MANAJER INSINYUR PERANGKAT LUNAK (SOFTWARE ENGINEER MANAGER),menguji dan menerapkan perangkat lunak
TIK.DEV0706,MANAJER INSINYUR PERANGKAT LUNAK (SOFTWARE ENGINEER MANAGER),menangani masalah dan keluhan terkait perangkat lunak
TIK.DEV0706,MANAJER INSINYUR PERANGKAT LUNAK (SOFTWARE ENGINEER MANAGER),memantau kinerja perangkat lunak untuk memastikan kepatuhan terhadap standar dan persyaratan
TIK.DEV0706,MANAJER INSINYUR PERANGKAT LUNAK (SOFTWARE ENGINEER MANAGER),merekomendasikan peningkatan dan perubahan untuk perangkat lunak
TIK.DEV0706,MANAJER INSINYUR PERANGKAT LUNAK (SOFTWARE ENGINEER MANAGER),menyetujui persyaratan perangkat lunak dari pengguna
TIK.DEV0706,MANAJER INSINYUR PERANGKAT LUNAK (SOFTWARE ENGINEER MANAGER),mengalokasikan tugas dan tanggung jawab kepada staf
TIK.DEV0706,MANAJER INSINYUR PERANGKAT LUNAK (SOFTWARE ENGINEER MANAGER),membuat keputusan terkait pengembangan perangkat lunak
TIK.DEV0706,MANAJER INSINYUR PERANGKAT LUNAK (SOFTWARE ENGINEER MANAGER),manage innovation and continuous improvement (mengelola inovasi dan peningkatan berkelanjutan)
TIK.DEV0706,MANAJER INSINYUR PERANGKAT LUNAK (SOFTWARE ENGINEER MANAGER),manage it projects (mengelola proyek ti)
TIK.DEV0706,MANAJER INSINYUR PERANGKAT LUNAK (SOFTWARE ENGINEER MANAGER),merancang struktur perangkat lunak
TIK.DEV0706,MANAJER INSINYUR PERANGKAT LUNAK (SOFTWARE ENGINEER MANAGER),merancang komponen perangkat lunak
TIK.DEV0706,MANAJER INSINYUR PERANGKAT LUNAK (SOFTWARE ENGINEER MANAGER),monitor and improve knowledge management system (memantau dan meningkatkan sistem manajemen pengetahuan)
TIK.DEV0706,MANAJER INSINYUR PERANGKAT LUNAK (SOFTWARE ENGINEER MANAGER),develop a knowledge management strategy (mengembangkan strategi manajemen pengetahuan)
TIK.DEV0706,MANAJER INSINYUR PERANGKAT LUNAK (SOFTWARE ENGINEER MANAGER),determine and confirm client business requirements (menentukan dan mengkonfirmasi persyaratan bisnis klien)
TIK.DEV0706,MANAJER INSINYUR PERANGKAT LUNAK (SOFTWARE ENGINEER MANAGER),determine project specifications and secure client agreement (menentukan spesifikasi proyek dan mengamankan perjanjian klien)
TIK.DEV0707,PENGEMBANG FULL STACK (FULL STACK DEVELOPER),"orang yang mengembangkan perangkat lunak yang bertanggung jawab untuk mengembangkan seluruh aspek sebuah aplikasi, mulai dari tampilan depan (front-end) hingga tampilan belakang (back-end). seorang full stack developer harus memiliki keterampilan dalam pemrograman, desain, dan manajemen proyek."
TIK.DEV0707,PENGEMBANG FULL STACK (FULL STACK DEVELOPER),mengembangkan tampilan depan aplikasi web atau mobile
TIK.DEV0707,PENGEMBANG FULL STACK (FULL STACK DEVELOPER),mengembangkan logika dan fungsionalitas aplikasi web atau mobile
TIK.DEV0707,PENGEMBANG FULL STACK (FULL STACK DEVELOPER),melakukan pemeliharaan dan pembaruan aplikasi
TIK.DEV0707,PENGEMBANG FULL STACK (FULL STACK DEVELOPER),berintegritas
TIK.DEV0707,PENGEMBANG FULL STACK (FULL STACK DEVELOPER),independen
TIK.DEV0707,PENGEMBANG FULL STACK (FULL STACK DEVELOPER),objektif
TIK.DEV0707,PENGEMBANG FULL STACK (FULL STACK DEVELOPER),kritis
TIK.DEV0707,PENGEMBANG FULL STACK (FULL STACK DEVELOPER),analitis
TIK.DEV0707,PENGEMBANG FULL STACK (FULL STACK DEVELOPER),"mengembangkan tampilan depan (front-end) aplikasi, termasuk desain, struktur, dan interaksi pengguna"
TIK.DEV0707,PENGEMBANG FULL STACK (FULL STACK DEVELOPER),"mengembangkan tampilan belakang (back-end) aplikasi, termasuk logika bisnis, database, dan keamanan"
TIK.DEV0707,PENGEMBANG FULL STACK (FULL STACK DEVELOPER),"mengembangkan dan memelihara infrastruktur yang mendukung aplikasi, termasuk server, jaringan, dan penyimpanan"
TIK.DEV0707,PENGEMBANG FULL STACK (FULL STACK DEVELOPER),"bekerja sama dengan tim lain, seperti desainer, manajer proyek, dan analis bisnis"
TIK.DEV0707,PENGEMBANG FULL STACK (FULL STACK DEVELOPER),membangun dan memelihara kode front-end dan back-end
TIK.DEV0707,PENGEMBANG FULL STACK (FULL STACK DEVELOPER),menangani masalah teknis dan memberikan solusi
TIK.DEV0707,PENGEMBANG FULL STACK (FULL STACK DEVELOPER),membuat spesifikasi kebutuhan perangkat lunak
TIK.DEV0707,PENGEMBANG FULL STACK (FULL STACK DEVELOPER),merancang struktur perangkat lunak
TIK.DEV0707,PENGEMBANG FULL STACK (FULL STACK DEVELOPER),meninjau ulang (review) kebutuhan perangkat lunak
TIK.DEV0707,PENGEMBANG FULL STACK (FULL STACK DEVELOPER),melakukan validasi spesifikasi dan menyusun uji penerimaan pengguna kebutuhan perangkat lunak
TIK.DEV0707,PENGEMBANG FULL STACK (FULL STACK DEVELOPER),menerapkan pemecahan permasalahan menjadi subrutin
TIK.DEV0707,PENGEMBANG FULL STACK (FULL STACK DEVELOPER),membuat kebutuhan dokumentasi spesifikasi perangkat lunak
TIK.DEV0707,PENGEMBANG FULL STACK (FULL STACK DEVELOPER),menerapkan akses basis data
TIK.DEV0707,PENGEMBANG FULL STACK (FULL STACK DEVELOPER),mengelola komunikasi proyek (project communication management)
TIK.DEV0707,PENGEMBANG FULL STACK (FULL STACK DEVELOPER),menggunakan library atau komponen pre-existing
TIK.DEV0707,PENGEMBANG FULL STACK (FULL STACK DEVELOPER),"menerapkan perintah eksekusi bahasa pemrograman berbasis teks, grafik, dan multimedia"
TIK.DEV0707,PENGEMBANG FULL STACK (FULL STACK DEVELOPER),mengimplementasikan user interface
TIK.DEV0707,PENGEMBANG FULL STACK (FULL STACK DEVELOPER),melakukan debugging
TIK.DEV0707,PENGEMBANG FULL STACK (FULL STACK DEVELOPER),melaksanakan pengujian unit program
TIK.DEV0708,INSINYUR PERANGKAT LUNAK (SOFTWARE ENGINEER),"orang yang bertanggung jawab untuk desain, pengembangan, dan pengujian produk perangkat lunak. mereka bekerja sama dengan tim insinyur perangkat lunak lainnya untuk merencanakan dan mengembangkan produk perangkat lunak yang memenuhi kebutuhan pelanggan dan anggaran."
TIK.DEV0708,INSINYUR PERANGKAT LUNAK (SOFTWARE ENGINEER),"merancang, mengembangkan, menguji, dan menerapkan perangkat lunak"
TIK.DEV0708,INSINYUR PERANGKAT LUNAK (SOFTWARE ENGINEER),mengembangkan dan memelihara proses pengembangan perangkat lunak
TIK.DEV0708,INSINYUR PERANGKAT LUNAK (SOFTWARE ENGINEER),berintegritas
TIK.DEV0708,INSINYUR PERANGKAT LUNAK (SOFTWARE ENGINEER),independen
TIK.DEV0708,INSINYUR PERANGKAT LUNAK (SOFTWARE ENGINEER),objektif
TIK.DEV0708,INSINYUR PERANGKAT LUNAK (SOFTWARE ENGINEER),kritis
TIK.DEV0708,INSINYUR PERANGKAT LUNAK (SOFTWARE ENGINEER),analitis
TIK.DEV0708,INSINYUR PERANGKAT LUNAK (SOFTWARE ENGINEER),"merancang, mengembangkan, menguji, dan menerapkan perangkat lunak"
TIK.DEV0708,INSINYUR PERANGKAT LUNAK (SOFTWARE ENGINEER),mengembangkan dan memelihara proses pengembangan perangkat lunak
TIK.DEV0708,INSINYUR PERANGKAT LUNAK (SOFTWARE ENGINEER),mengembangkan dan memelihara infrastruktur perangkat lunak
TIK.DEV0708,INSINYUR PERANGKAT LUNAK (SOFTWARE ENGINEER),melakukan penelitian dan pengembangan perangkat lunak
TIK.DEV0708,INSINYUR PERANGKAT LUNAK (SOFTWARE ENGINEER),mengembangkan dan memberikan pelatihan kepada software engineer lainnya
TIK.DEV0708,INSINYUR PERANGKAT LUNAK (SOFTWARE ENGINEER),menyetujui persyaratan perangkat lunak dari pengguna
TIK.DEV0708,INSINYUR PERANGKAT LUNAK (SOFTWARE ENGINEER),mengalokasikan tugas dan tanggung jawab kepada staf
TIK.DEV0708,INSINYUR PERANGKAT LUNAK (SOFTWARE ENGINEER),membuat keputusan terkait pengembangan perangkat lunak
TIK.DEV0708,INSINYUR PERANGKAT LUNAK (SOFTWARE ENGINEER),memiliki kemampuan komunikasi dan interaksi yang baik dengan tim pengembangan.
TIK.DEV0708,INSINYUR PERANGKAT LUNAK (SOFTWARE ENGINEER),melakukan identifikasi sumber kebutuhan perangkat lunak
TIK.DEV0708,INSINYUR PERANGKAT LUNAK (SOFTWARE ENGINEER),melakukan klasifikasi dan alokasi kebutuhan perangkat lunak
TIK.DEV0708,INSINYUR PERANGKAT LUNAK (SOFTWARE ENGINEER),membuat kebutuhan dokumentasi spesifikasi perangkat lunak
TIK.DEV0708,INSINYUR PERANGKAT LUNAK (SOFTWARE ENGINEER),membuat spesifikasi kebutuhan perangkat lunak
TIK.DEV0708,INSINYUR PERANGKAT LUNAK (SOFTWARE ENGINEER),merancang struktur perangkat lunak
TIK.DEV0708,INSINYUR PERANGKAT LUNAK (SOFTWARE ENGINEER),merancang komponen perangkat lunak
TIK.DEV0709,INSINYUR PENJAMINAN KUALITAS PERANGKAT LUNAK (SOFTWARE QA ENGINEER),"orang yang bertanggung jawab untuk memastikan kualitas perangkat lunak. sqa engineer bekerja dengan tim pengembangan perangkat lunak untuk mengidentifikasi dan memperbaiki bug, meningkatkan kinerja, dan memastikan bahwa perangkat lunak memenuhi persyaratan pengguna."
TIK.DEV0709,INSINYUR PENJAMINAN KUALITAS PERANGKAT LUNAK (SOFTWARE QA ENGINEER),melakukan perencanaan dan pelaksanaan pengujian software
TIK.DEV0709,INSINYUR PENJAMINAN KUALITAS PERANGKAT LUNAK (SOFTWARE QA ENGINEER),mengembangkan dan menerapkan alat dan teknik pengujian
TIK.DEV0709,INSINYUR PENJAMINAN KUALITAS PERANGKAT LUNAK (SOFTWARE QA ENGINEER),mendokumentasikan hasil pengujian
TIK.DEV0709,INSINYUR PENJAMINAN KUALITAS PERANGKAT LUNAK (SOFTWARE QA ENGINEER),berintegritas
TIK.DEV0709,INSINYUR PENJAMINAN KUALITAS PERANGKAT LUNAK (SOFTWARE QA ENGINEER),independen
TIK.DEV0709,INSINYUR PENJAMINAN KUALITAS PERANGKAT LUNAK (SOFTWARE QA ENGINEER),objektif
TIK.DEV0709,INSINYUR PENJAMINAN KUALITAS PERANGKAT LUNAK (SOFTWARE QA ENGINEER),kritis
TIK.DEV0709,INSINYUR PENJAMINAN KUALITAS PERANGKAT LUNAK (SOFTWARE QA ENGINEER),analitis
TIK.DEV0709,INSINYUR PENJAMINAN KUALITAS PERANGKAT LUNAK (SOFTWARE QA ENGINEER),melakukan pengujian perangkat lunak secara manual dan otomatis
TIK.DEV0709,INSINYUR PENJAMINAN KUALITAS PERANGKAT LUNAK (SOFTWARE QA ENGINEER),menganalisis hasil pengujian untuk mengidentifikasi bug
TIK.DEV0709,INSINYUR PENJAMINAN KUALITAS PERANGKAT LUNAK (SOFTWARE QA ENGINEER),mendokumentasikan bug dan melaporkannya kepada tim pengembangan
TIK.DEV0709,INSINYUR PENJAMINAN KUALITAS PERANGKAT LUNAK (SOFTWARE QA ENGINEER),bekerja sama dengan tim pengembangan untuk memperbaiki bug
TIK.DEV0709,INSINYUR PENJAMINAN KUALITAS PERANGKAT LUNAK (SOFTWARE QA ENGINEER),melakukan pengujian kinerja perangkat lunak
TIK.DEV0709,INSINYUR PENJAMINAN KUALITAS PERANGKAT LUNAK (SOFTWARE QA ENGINEER),melakukan pengujian keamanan perangkat lunak
TIK.DEV0709,INSINYUR PENJAMINAN KUALITAS PERANGKAT LUNAK (SOFTWARE QA ENGINEER),melakukan pengujian penerimaan pengguna (uat)
TIK.DEV0709,INSINYUR PENJAMINAN KUALITAS PERANGKAT LUNAK (SOFTWARE QA ENGINEER),merencanakan dan melaksanakan pengujian perangkat lunak
TIK.DEV0709,INSINYUR PENJAMINAN KUALITAS PERANGKAT LUNAK (SOFTWARE QA ENGINEER),mengevaluasi hasil pengujian
TIK.DEV0709,INSINYUR PENJAMINAN KUALITAS PERANGKAT LUNAK (SOFTWARE QA ENGINEER),pengetahuan tentang berbagai metode dan teknik pengujian;
TIK.DEV0709,INSINYUR PENJAMINAN KUALITAS PERANGKAT LUNAK (SOFTWARE QA ENGINEER),kemampuan memahami dan menganalisis persyaratan;
TIK.DEV0709,INSINYUR PENJAMINAN KUALITAS PERANGKAT LUNAK (SOFTWARE QA ENGINEER),kemampuan berpikir kritis dan memecahkan masalah;
TIK.DEV0709,INSINYUR PENJAMINAN KUALITAS PERANGKAT LUNAK (SOFTWARE QA ENGINEER),kemampuan berkomunikasi secara efektif.
TIK.DEV0709,INSINYUR PENJAMINAN KUALITAS PERANGKAT LUNAK (SOFTWARE QA ENGINEER),mengaplikasikan metodologi pengembangan perangkat lunak
TIK.DEV0709,INSINYUR PENJAMINAN KUALITAS PERANGKAT LUNAK (SOFTWARE QA ENGINEER),menentukan terminologi dan konsep cloud computing
TIK.DEV0709,INSINYUR PENJAMINAN KUALITAS PERANGKAT LUNAK (SOFTWARE QA ENGINEER),menentukan metode/framework
TIK.DEV0709,INSINYUR PENJAMINAN KUALITAS PERANGKAT LUNAK (SOFTWARE QA ENGINEER),menentukan lingkup quality assurance untuk perangkat lunak
TIK.DEV0709,INSINYUR PENJAMINAN KUALITAS PERANGKAT LUNAK (SOFTWARE QA ENGINEER),menentukan lingkup quality assurance untuk proses pengembangan perangkat lunak
TIK.DEV0709,INSINYUR PENJAMINAN KUALITAS PERANGKAT LUNAK (SOFTWARE QA ENGINEER),mengelola risiko penjaminan kualitas
TIK.DEV0709,INSINYUR PENJAMINAN KUALITAS PERANGKAT LUNAK (SOFTWARE QA ENGINEER),mendefinisikan sumber daya yang dibutuhkan
TIK.DEV0709,INSINYUR PENJAMINAN KUALITAS PERANGKAT LUNAK (SOFTWARE QA ENGINEER),mengintegrasikan penjaminan kualitas ke dalam organisasi pengembang
TIK.DEV0709,INSINYUR PENJAMINAN KUALITAS PERANGKAT LUNAK (SOFTWARE QA ENGINEER),memverifikasi pelaksanaan tahapan pengembangan perangkat lunak
TIK.DEV0709,INSINYUR PENJAMINAN KUALITAS PERANGKAT LUNAK (SOFTWARE QA ENGINEER),melakukan pengujian kualitas perangkat lunak secara manual
TIK.DEV0709,INSINYUR PENJAMINAN KUALITAS PERANGKAT LUNAK (SOFTWARE QA ENGINEER),melakukan pengujian kualitas perangkat lunak secara otomatis
TIK.DEV0709,INSINYUR PENJAMINAN KUALITAS PERANGKAT LUNAK (SOFTWARE QA ENGINEER),melakukan pengujian keamanan perangkat lunak
TIK.DEV0709,INSINYUR PENJAMINAN KUALITAS PERANGKAT LUNAK (SOFTWARE QA ENGINEER),menyusun rekomendasi penjaminan kualitas perangkat lunak bagi stakeholder
TIK.DEV0709,INSINYUR PENJAMINAN KUALITAS PERANGKAT LUNAK (SOFTWARE QA ENGINEER),mengevaluasi pelaksanaan penjaminan kualitas perangkat lunak
TIK.DEV0710,INSINYUR PERSYARATAN (REQUIREMENTS ENGINEER),"orang yang bertanggung jawab untuk mengumpulkan, menganalisis, dan mendokumentasikan kebutuhan pengguna dan sistem untuk pengembangan perangkat lunak atau proyek ti lainnya. peran ini sangat penting dalam siklus pengembangan perangkat lunak karena membantu memastikan bahwa solusi yang dihasilkan memenuhi kebutuhan dan harapan pemangku kepentingan."
TIK.DEV0710,INSINYUR PERSYARATAN (REQUIREMENTS ENGINEER),menganalisis kebutuhan pengguna
TIK.DEV0710,INSINYUR PERSYARATAN (REQUIREMENTS ENGINEER),memantau kinerja pengembang sesuai dengan permintaan pengguna
TIK.DEV0710,INSINYUR PERSYARATAN (REQUIREMENTS ENGINEER),berintegritas
TIK.DEV0710,INSINYUR PERSYARATAN (REQUIREMENTS ENGINEER),independen
TIK.DEV0710,INSINYUR PERSYARATAN (REQUIREMENTS ENGINEER),objektif
TIK.DEV0710,INSINYUR PERSYARATAN (REQUIREMENTS ENGINEER),kritis
TIK.DEV0710,INSINYUR PERSYARATAN (REQUIREMENTS ENGINEER),analitis
TIK.DEV0710,INSINYUR PERSYARATAN (REQUIREMENTS ENGINEER),menganalisis data dan dokumen untuk mengidentifikasi kebutuhan pengguna
TIK.DEV0710,INSINYUR PERSYARATAN (REQUIREMENTS ENGINEER),mendokumentasikan kebutuhan pengguna dalam bentuk yang mudah dipahami
TIK.DEV0710,INSINYUR PERSYARATAN (REQUIREMENTS ENGINEER),melakukan iterasi dan revisi terhadap dokumen persyaratan untuk memastikan bahwa kebutuhan pengguna terpenuhi
TIK.DEV0710,INSINYUR PERSYARATAN (REQUIREMENTS ENGINEER),mempresentasikan kebutuhan pengguna kepada pengembang dan manajer proyek
TIK.DEV0710,INSINYUR PERSYARATAN (REQUIREMENTS ENGINEER),bekerja sama dengan pengembang untuk mengembangkan spesifikasi perangkat lunak atau sistem yang memenuhi kebutuhan pengguna
TIK.DEV0710,INSINYUR PERSYARATAN (REQUIREMENTS ENGINEER),memantau proses pengembangan untuk memastikan bahwa kebutuhan pengguna tetap terpenuhi
TIK.DEV0710,INSINYUR PERSYARATAN (REQUIREMENTS ENGINEER),memantau proses pengembangan untuk memastikan bahwa kebutuhan pengguna tetap terpenuhi
TIK.DEV0710,INSINYUR PERSYARATAN (REQUIREMENTS ENGINEER),"berkolaborasi dengan pengguna, pengembang, dan manajer proyek untuk memastikan bahwa kebutuhan pengguna dipenuhi"
TIK.DEV0710,INSINYUR PERSYARATAN (REQUIREMENTS ENGINEER),"keterampilan komunikasi yang kuat, baik lisan maupun tertulis;"
TIK.DEV0710,INSINYUR PERSYARATAN (REQUIREMENTS ENGINEER),kemampuan untuk berpikir secara analitis dan memecahkan masalah.
TIK.DEV0710,INSINYUR PERSYARATAN (REQUIREMENTS ENGINEER),mengelola komunikasi proyek (project communication management)
TIK.DEV0710,INSINYUR PERSYARATAN (REQUIREMENTS ENGINEER),mengaplikasikan metodologi pengembangan perangkat lunak
TIK.DEV0710,INSINYUR PERSYARATAN (REQUIREMENTS ENGINEER),melakukan identifikasi sumber kebutuhan perangkat lunak
TIK.DEV0710,INSINYUR PERSYARATAN (REQUIREMENTS ENGINEER),menentukan teknik elisitasi yang sesuai
TIK.DEV0710,INSINYUR PERSYARATAN (REQUIREMENTS ENGINEER),melakukan klasifikasi dan alokasi kebutuhan perangkat lunak
TIK.DEV0710,INSINYUR PERSYARATAN (REQUIREMENTS ENGINEER),melakukan negosiasi kebutuhan perangkat lunak
TIK.DEV0710,INSINYUR PERSYARATAN (REQUIREMENTS ENGINEER),membuat kebutuhan dokumentasi spesifikasi perangkat lunak
TIK.DEV0710,INSINYUR PERSYARATAN (REQUIREMENTS ENGINEER),menyusun spesifikasi kebutuhan software environment
TIK.DEV0710,INSINYUR PERSYARATAN (REQUIREMENTS ENGINEER),membuat spesifikasi kebutuhan perangkat lunak
TIK.DEV0710,INSINYUR PERSYARATAN (REQUIREMENTS ENGINEER),meninjau ulang (review) kebutuhan perangkat lunak
TIK.DEV0710,INSINYUR PERSYARATAN (REQUIREMENTS ENGINEER),melakukan validasi spesifikasi dan menyusun uji penerimaan pengguna kebutuhan perangkat lunak
TIK.DEV0711,MANAJER ARSITEKTUR INFORMASI (INFORMATION ARCHITECTURE MANAGER),memimpin pengembangan produk dan layanan baru
TIK.DEV0711,MANAJER ARSITEKTUR INFORMASI (INFORMATION ARCHITECTURE MANAGER),melakukan penelitian dan pengembangan teknologi baru
TIK.DEV0711,MANAJER ARSITEKTUR INFORMASI (INFORMATION ARCHITECTURE MANAGER),membangun hubungan dengan pemasok teknologi
TIK.DEV0711,MANAJER ARSITEKTUR INFORMASI (INFORMATION ARCHITECTURE MANAGER),berpartisipasi dalam standar industri dan asosiasi
TIK.DEV0711,MANAJER ARSITEKTUR INFORMASI (INFORMATION ARCHITECTURE MANAGER),kreatif dan inovatif
TIK.DEV0711,MANAJER ARSITEKTUR INFORMASI (INFORMATION ARCHITECTURE MANAGER),komunikatif
TIK.DEV0711,MANAJER ARSITEKTUR INFORMASI (INFORMATION ARCHITECTURE MANAGER),mampu merencanakan dan mengorganisasi
TIK.DEV0711,MANAJER ARSITEKTUR INFORMASI (INFORMATION ARCHITECTURE MANAGER),mampu bekerjasama
TIK.DEV0711,MANAJER ARSITEKTUR INFORMASI (INFORMATION ARCHITECTURE MANAGER),memiliki leadership
TIK.DEV0711,MANAJER ARSITEKTUR INFORMASI (INFORMATION ARCHITECTURE MANAGER),mampu melakukan research & development di bidang teknologi
TIK.DEV0711,MANAJER ARSITEKTUR INFORMASI (INFORMATION ARCHITECTURE MANAGER),mengikuti perkembangan teknologi dunia
TIK.DEV0711,MANAJER ARSITEKTUR INFORMASI (INFORMATION ARCHITECTURE MANAGER),mendefinisikan dan mengimplementasikan strategi teknologi organisasi
TIK.DEV0711,MANAJER ARSITEKTUR INFORMASI (INFORMATION ARCHITECTURE MANAGER),memimpin tim teknis organisasi
TIK.DEV0711,MANAJER ARSITEKTUR INFORMASI (INFORMATION ARCHITECTURE MANAGER),memastikan bahwa sistem dan infrastruktur teknologi organisasi aman dan berfungsi
TIK.DEV0711,MANAJER ARSITEKTUR INFORMASI (INFORMATION ARCHITECTURE MANAGER),mengelola anggaran teknologi organisasi
TIK.DEV0711,MANAJER ARSITEKTUR INFORMASI (INFORMATION ARCHITECTURE MANAGER),menjadi penghubung antara organisasi dan komunitas teknologi
TIK.DEV0711,MANAJER ARSITEKTUR INFORMASI (INFORMATION ARCHITECTURE MANAGER),menetapkan kebijakan dan prosedur ia
TIK.DEV0711,MANAJER ARSITEKTUR INFORMASI (INFORMATION ARCHITECTURE MANAGER),memimpin dan mengelola tim ia
TIK.DEV0711,MANAJER ARSITEKTUR INFORMASI (INFORMATION ARCHITECTURE MANAGER),bekerja dengan pemangku kepentingan
TIK.DEV0711,MANAJER ARSITEKTUR INFORMASI (INFORMATION ARCHITECTURE MANAGER),keterampilan kepemimpinan dan manajemen yang kuat;
TIK.DEV0711,MANAJER ARSITEKTUR INFORMASI (INFORMATION ARCHITECTURE MANAGER),kemampuan untuk memahami kebutuhan bisnis dan menerapkan teknologi untuk mendukung kebutuhan tersebut.
TIK.DEV0711,MANAJER ARSITEKTUR INFORMASI (INFORMATION ARCHITECTURE MANAGER),manage it project planning (mengelola perencanaan proyek ti)
TIK.DEV0711,MANAJER ARSITEKTUR INFORMASI (INFORMATION ARCHITECTURE MANAGER),monitor and improve knowledge management system (memantau dan meningkatkan sistem manajemen pengetahuan)
TIK.DEV0711,MANAJER ARSITEKTUR INFORMASI (INFORMATION ARCHITECTURE MANAGER),develop a knowledge management strategy (mengembangkan strategi manajemen pengetahuan)
TIK.DEV0711,MANAJER ARSITEKTUR INFORMASI (INFORMATION ARCHITECTURE MANAGER),gather data to identify business requirement (mengumpulkan data untuk mengidentifikasi persyaratan bisnis)
TIK.DEV0711,MANAJER ARSITEKTUR INFORMASI (INFORMATION ARCHITECTURE MANAGER),"menetapkan baseline dan target arsitektur bisnis, serta kesenjangan antara baseline dan target arsitektur bisnis"
TIK.DEV0711,MANAJER ARSITEKTUR INFORMASI (INFORMATION ARCHITECTURE MANAGER),mengevaluasi artefak arsitektur dalam architecture landscape yang terkait dengan arsitektur bisnis
TIK.DEV0711,MANAJER ARSITEKTUR INFORMASI (INFORMATION ARCHITECTURE MANAGER),menyusun roadmap dan komponen arsitektur data
TIK.DEV0711,MANAJER ARSITEKTUR INFORMASI (INFORMATION ARCHITECTURE MANAGER),menyusun roadmap dan komponen arsitektur aplikasi
TIK.DEV0711,MANAJER ARSITEKTUR INFORMASI (INFORMATION ARCHITECTURE MANAGER),menyusun roadmap dan komponen arsitektur teknologi teknologi
TIK.DEV0711,MANAJER ARSITEKTUR INFORMASI (INFORMATION ARCHITECTURE MANAGER),mengelola instalasi dan pemeliharaan sistem perangkat lunak
TIK.DEV0711,MANAJER ARSITEKTUR INFORMASI (INFORMATION ARCHITECTURE MANAGER),melakukan komunikasi di tempat kerja
TIK.DEV0711,MANAJER ARSITEKTUR INFORMASI (INFORMATION ARCHITECTURE MANAGER),memberikan pelayanan produk-produk teknologi informasi sesuai kebutuhan bisnis
TIK.DEV0712,MANAJER DUKUNGAN TI (IT SUPPORT MANAGER),orang yang profesional di bidang teknologi informasi (ti) yang bertanggung jawab untuk mengelola dan mengawasi tim it support. tugas utama it support manager adalah memastikan bahwa sistem dan infrastruktur ti di perusahaan berjalan dengan lancar dan dapat memenuhi kebutuhan pengguna.
TIK.DEV0712,MANAJER DUKUNGAN TI (IT SUPPORT MANAGER),melakukan manajerial terhadap tim it
TIK.DEV0712,MANAJER DUKUNGAN TI (IT SUPPORT MANAGER),melakukan perencanaan dan pengembangan sistem ti
TIK.DEV0712,MANAJER DUKUNGAN TI (IT SUPPORT MANAGER),kreatif dan inovatif
TIK.DEV0712,MANAJER DUKUNGAN TI (IT SUPPORT MANAGER),komunikatif
TIK.DEV0712,MANAJER DUKUNGAN TI (IT SUPPORT MANAGER),mampu merencanakan dan mengorganisasi
TIK.DEV0712,MANAJER DUKUNGAN TI (IT SUPPORT MANAGER),mampu bekerjasama
TIK.DEV0712,MANAJER DUKUNGAN TI (IT SUPPORT MANAGER),memiliki leadership
TIK.DEV0712,MANAJER DUKUNGAN TI (IT SUPPORT MANAGER),mampu melakukan research & development di bidang teknologi
TIK.DEV0712,MANAJER DUKUNGAN TI (IT SUPPORT MANAGER),memimpin dan mengawasi tim it support
TIK.DEV0712,MANAJER DUKUNGAN TI (IT SUPPORT MANAGER),menentukan strategi dan kebijakan it support
TIK.DEV0712,MANAJER DUKUNGAN TI (IT SUPPORT MANAGER),menyusun anggaran it support
TIK.DEV0712,MANAJER DUKUNGAN TI (IT SUPPORT MANAGER),melakukan evaluasi kinerja tim it support
TIK.DEV0712,MANAJER DUKUNGAN TI (IT SUPPORT MANAGER),membangun hubungan baik dengan pengguna ti
TIK.DEV0712,MANAJER DUKUNGAN TI (IT SUPPORT MANAGER),melakukan koordinasi dengan departemen lain di perusahaan
TIK.DEV0712,MANAJER DUKUNGAN TI (IT SUPPORT MANAGER),melakukan perencanaan dan pengembangan sistem ti
TIK.DEV0712,MANAJER DUKUNGAN TI (IT SUPPORT MANAGER),mengelola proyek it
TIK.DEV0712,MANAJER DUKUNGAN TI (IT SUPPORT MANAGER),melakukan riset dan pengembangan teknologi baru
TIK.DEV0712,MANAJER DUKUNGAN TI (IT SUPPORT MANAGER),menjaga keamanan sistem ti
TIK.DEV0712,MANAJER DUKUNGAN TI (IT SUPPORT MANAGER),mengelola tim dukungan ti
TIK.DEV0712,MANAJER DUKUNGAN TI (IT SUPPORT MANAGER),membuat keputusan tentang peralatan dan perangkat lunak ti yang akan digunakan
TIK.DEV0712,MANAJER DUKUNGAN TI (IT SUPPORT MANAGER),keterampilan kepemimpinan dan manajemen yang kuat;
TIK.DEV0712,MANAJER DUKUNGAN TI (IT SUPPORT MANAGER),kemampuan untuk memahami kebutuhan bisnis dan menerapkan teknologi untuk mendukung kebutuhan tersebut.
TIK.DEV0712,MANAJER DUKUNGAN TI (IT SUPPORT MANAGER),manage innovation and continuous improvement (mengelola inovasi dan peningkatan berkelanjutan)
TIK.DEV0712,MANAJER DUKUNGAN TI (IT SUPPORT MANAGER),direct outsourced ict services (memimpin layanan tik yang dialihdayakan)
TIK.DEV0712,MANAJER DUKUNGAN TI (IT SUPPORT MANAGER),comply with organisational requirements for protection and use of intellectual property (mematuhi persyaratan organisasi untuk perlindungan dan penggunaan kekayaan intelektual)
TIK.DEV0712,MANAJER DUKUNGAN TI (IT SUPPORT MANAGER),develop and cultivate collaborative partnerships and relationships (mengembangkan dan memupuk kemitraan dan hubungan kolaboratif)
TIK.DEV0712,MANAJER DUKUNGAN TI (IT SUPPORT MANAGER),manage a small team (mengelola tim kecil)
TIK.DEV0712,MANAJER DUKUNGAN TI (IT SUPPORT MANAGER),"plan, implement and test enterprise communication solutions (merencanakan, melaksanakan dan solusi komunikasi tes perusahaan)"
TIK.DEV0712,MANAJER DUKUNGAN TI (IT SUPPORT MANAGER),melakukan komunikasi di tempat kerja
TIK.DEV0712,MANAJER DUKUNGAN TI (IT SUPPORT MANAGER),memberikan pelayanan produk-produk teknologi informasi sesuai kebutuhan bisnis
TIK.DEV0713,MANAJER SISTEM INFORMASI MANAJEMEN (MIS MANAGER),"orang yang bertanggung jawab untuk mengawasi penggunaan teknologi di sebuah perusahaan atau organisasi. mereka bertanggung jawab untuk memastikan bahwa sistem informasi perusahaan berfungsi secara efektif dan efisien, dan memenuhi kebutuhan bisnis perusahaan."
TIK.DEV0713,MANAJER SISTEM INFORMASI MANAJEMEN (MIS MANAGER),melakukan manajerial terhadap tim it
TIK.DEV0713,MANAJER SISTEM INFORMASI MANAJEMEN (MIS MANAGER),melakukan perencanaan dan pengembangan sistem ti
TIK.DEV0713,MANAJER SISTEM INFORMASI MANAJEMEN (MIS MANAGER),kreatif dan inovatif
TIK.DEV0713,MANAJER SISTEM INFORMASI MANAJEMEN (MIS MANAGER),komunikatif
TIK.DEV0713,MANAJER SISTEM INFORMASI MANAJEMEN (MIS MANAGER),mampu merencanakan dan mengorganisasi
TIK.DEV0713,MANAJER SISTEM INFORMASI MANAJEMEN (MIS MANAGER),mampu bekerjasama
TIK.DEV0713,MANAJER SISTEM INFORMASI MANAJEMEN (MIS MANAGER),memiliki leadership
TIK.DEV0713,MANAJER SISTEM INFORMASI MANAJEMEN (MIS MANAGER),mampu melakukan research & development di bidang teknologi
TIK.DEV0713,MANAJER SISTEM INFORMASI MANAJEMEN (MIS MANAGER),memimpin dan mengawasi tim it support
TIK.DEV0713,MANAJER SISTEM INFORMASI MANAJEMEN (MIS MANAGER),menentukan strategi dan kebijakan it support
TIK.DEV0713,MANAJER SISTEM INFORMASI MANAJEMEN (MIS MANAGER),menyusun anggaran it support
TIK.DEV0713,MANAJER SISTEM INFORMASI MANAJEMEN (MIS MANAGER),melakukan evaluasi kinerja tim it support
TIK.DEV0713,MANAJER SISTEM INFORMASI MANAJEMEN (MIS MANAGER),membangun hubungan baik dengan pengguna ti
TIK.DEV0713,MANAJER SISTEM INFORMASI MANAJEMEN (MIS MANAGER),melakukan koordinasi dengan departemen lain di perusahaan
TIK.DEV0713,MANAJER SISTEM INFORMASI MANAJEMEN (MIS MANAGER),melakukan perencanaan dan pengembangan sistem ti
TIK.DEV0713,MANAJER SISTEM INFORMASI MANAJEMEN (MIS MANAGER),mengelola proyek it
TIK.DEV0713,MANAJER SISTEM INFORMASI MANAJEMEN (MIS MANAGER),melakukan riset dan pengembangan teknologi baru
TIK.DEV0713,MANAJER SISTEM INFORMASI MANAJEMEN (MIS MANAGER),menjaga keamanan sistem ti
TIK.DEV0713,MANAJER SISTEM INFORMASI MANAJEMEN (MIS MANAGER),mengelola tim dukungan ti
TIK.DEV0713,MANAJER SISTEM INFORMASI MANAJEMEN (MIS MANAGER),membuat keputusan tentang peralatan dan perangkat lunak ti yang akan digunakan
TIK.DEV0713,MANAJER SISTEM INFORMASI MANAJEMEN (MIS MANAGER),keterampilan kepemimpinan dan manajemen yang kuat;
TIK.DEV0713,MANAJER SISTEM INFORMASI MANAJEMEN (MIS MANAGER),kemampuan untuk memahami kebutuhan bisnis dan menerapkan teknologi untuk mendukung kebutuhan tersebut.
TIK.DEV0713,MANAJER SISTEM INFORMASI MANAJEMEN (MIS MANAGER),manage it project planning (mengelola perencanaan proyek ti)
TIK.DEV0713,MANAJER SISTEM INFORMASI MANAJEMEN (MIS MANAGER),gather data to identify business requirement (mengumpulkan data untuk mengidentifikasi persyaratan bisnis)
TIK.DEV0713,MANAJER SISTEM INFORMASI MANAJEMEN (MIS MANAGER),"menetapkan baseline dan target arsitektur bisnis, serta kesenjangan antara baseline dan target arsitektur bisnis"
TIK.DEV0713,MANAJER SISTEM INFORMASI MANAJEMEN (MIS MANAGER),mengevaluasi artefak arsitektur dalam architecture landscape yang terkait dengan arsitektur bisnis
TIK.DEV0713,MANAJER SISTEM INFORMASI MANAJEMEN (MIS MANAGER),menyusun roadmap dan komponen arsitektur data
TIK.DEV0713,MANAJER SISTEM INFORMASI MANAJEMEN (MIS MANAGER),menyusun roadmap dan komponen arsitektur aplikasi
TIK.DEV0713,MANAJER SISTEM INFORMASI MANAJEMEN (MIS MANAGER),menyusun roadmap dan komponen arsitektur teknologi
TIK.DEV0713,MANAJER SISTEM INFORMASI MANAJEMEN (MIS MANAGER),manage a small team (mengelola tim kecil)
TIK.DEV0713,MANAJER SISTEM INFORMASI MANAJEMEN (MIS MANAGER),menentukan lingkup quality assurance untuk proses pengembangan perangkat lunak
TIK.DEV0713,MANAJER SISTEM INFORMASI MANAJEMEN (MIS MANAGER),mengintegrasikan penjaminan kualitas ke dalam organisasi pengembang
TIK.DEV0713,MANAJER SISTEM INFORMASI MANAJEMEN (MIS MANAGER),mengevaluasi pelaksanaan penjaminan kualitas perangkat lunak
TIK.DEV0714,PEMROGRAM MOBILE (MOBILE PROGRAMMER),merancang dan mengembangkan aplikasi mobile yang sesuai dengan kebutuhan klien
TIK.DEV0714,PEMROGRAM MOBILE (MOBILE PROGRAMMER),mengidentifikasi dan memperbaiki masalah dalam aplikasi mobile yang ada untuk meningkatkan kinerja dan fungsionalitas
TIK.DEV0714,PEMROGRAM MOBILE (MOBILE PROGRAMMER),memastikan aplikasi mobile berkinerja tinggi dan responsif di berbagai perangkat dan platform
TIK.DEV0714,PEMROGRAM MOBILE (MOBILE PROGRAMMER),berintegritas
TIK.DEV0714,PEMROGRAM MOBILE (MOBILE PROGRAMMER),independen
TIK.DEV0714,PEMROGRAM MOBILE (MOBILE PROGRAMMER),objektif
TIK.DEV0714,PEMROGRAM MOBILE (MOBILE PROGRAMMER),kritis
TIK.DEV0714,PEMROGRAM MOBILE (MOBILE PROGRAMMER),analitis
TIK.DEV0714,PEMROGRAM MOBILE (MOBILE PROGRAMMER),merancang dan mengembangkan aplikasi mobile yang sesuai dengan kebutuhan klien
TIK.DEV0714,PEMROGRAM MOBILE (MOBILE PROGRAMMER),memimpin dan mengawasi tim pengembang mobile dalam menghadapi tantangan teknis dan mencapai tujuan proyek
TIK.DEV0714,PEMROGRAM MOBILE (MOBILE PROGRAMMER),mengidentifikasi dan memperbaiki masalah dalam aplikasi mobile yang ada untuk meningkatkan kinerja dan fungsionalitas
TIK.DEV0714,PEMROGRAM MOBILE (MOBILE PROGRAMMER),memastikan aplikasi mobile berkinerja tinggi dan responsif di berbagai perangkat dan platform
TIK.DEV0714,PEMROGRAM MOBILE (MOBILE PROGRAMMER),memimpin tim pengembang mobile
TIK.DEV0714,PEMROGRAM MOBILE (MOBILE PROGRAMMER),mengambil keputusan strategis
TIK.DEV0714,PEMROGRAM MOBILE (MOBILE PROGRAMMER),memiliki pengetahuan dan keterampilan yang luas dalam pengembangan aplikasi mobile.
TIK.DEV0714,PEMROGRAM MOBILE (MOBILE PROGRAMMER),menganalisis tools
TIK.DEV0714,PEMROGRAM MOBILE (MOBILE PROGRAMMER),menganalisis skalabilitas perangkat lunak
TIK.DEV0714,PEMROGRAM MOBILE (MOBILE PROGRAMMER),"melakukan identifikasi library, komponen atau framework yang diperlukan"
TIK.DEV0714,PEMROGRAM MOBILE (MOBILE PROGRAMMER),merancang user experience
TIK.DEV0714,PEMROGRAM MOBILE (MOBILE PROGRAMMER),merancang arsitektur aplikasi
TIK.DEV0714,PEMROGRAM MOBILE (MOBILE PROGRAMMER),menerapkan pemrograman real time
TIK.DEV0714,PEMROGRAM MOBILE (MOBILE PROGRAMMER),menerapkan code review
TIK.DEV0714,PEMROGRAM MOBILE (MOBILE PROGRAMMER),melaksanakan pengujian kode program secara statis
TIK.DEV0714,PEMROGRAM MOBILE (MOBILE PROGRAMMER),melaksanakan pengujian oleh pengguna (uat)
TIK.DEV0714,PEMROGRAM MOBILE (MOBILE PROGRAMMER),melaksanakan cutover aplikasi
TIK.DEV0714,PEMROGRAM MOBILE (MOBILE PROGRAMMER),menganalisis dampak perubahan terhadap aplikasi
TIK.DEV0714,PEMROGRAM MOBILE (MOBILE PROGRAMMER),menerapkan alert notification jika aplikasi bermasalah
TIK.DEV0714,PEMROGRAM MOBILE (MOBILE PROGRAMMER),melakukan pemantauan resource yang digunakan aplikasi
TIK.DEV0714,PEMROGRAM MOBILE (MOBILE PROGRAMMER),melakukan pembaharuan perangkat lunak
TIK.DEV0714,PEMROGRAM MOBILE (MOBILE PROGRAMMER),menerapkan standarstandar keamanan informasi yang berlaku
TIK.DEV0714,PEMROGRAM MOBILE (MOBILE PROGRAMMER),mengelola risiko keamanan informasi
TIK.DEV0714,PEMROGRAM MOBILE (MOBILE PROGRAMMER),merancang spesifikasi teknis smartphone/tablet sesuai kebutuhan pengguna
TIK.DEV0714,PEMROGRAM MOBILE (MOBILE PROGRAMMER),merancang penggunaan dan pengembangan mobile api
TIK.DEV0601,SUPERVISOR PEMROGRAM (PROGRAMMER SUPERVISOR),"orang yang bertanggung jawab atas memimpin tim pemrogram dalam pengembangan dan implementasikan aplikasi perangkat lunak. mereka bekerja sama dengan manajer pemrograman aplikasi untuk merencanakan, mendesain, dan menguji aplikasi. mereka juga memastikan bahwa aplikasi memenuhi kebutuhan pengguna dan anggaran."
TIK.DEV0601,SUPERVISOR PEMROGRAM (PROGRAMMER SUPERVISOR),memimpin dan membimbing tim pemrograman dalam pengembangan dan penerapan perangkat lunak
TIK.DEV0601,SUPERVISOR PEMROGRAM (PROGRAMMER SUPERVISOR),memastikan bahwa perangkat lunak yang dikembangkan memenuhi kebutuhan pengguna dan berkualitas tinggi
TIK.DEV0601,SUPERVISOR PEMROGRAM (PROGRAMMER SUPERVISOR),berintegritas
TIK.DEV0601,SUPERVISOR PEMROGRAM (PROGRAMMER SUPERVISOR),independen
TIK.DEV0601,SUPERVISOR PEMROGRAM (PROGRAMMER SUPERVISOR),objektif
TIK.DEV0601,SUPERVISOR PEMROGRAM (PROGRAMMER SUPERVISOR),kritis
TIK.DEV0601,SUPERVISOR PEMROGRAM (PROGRAMMER SUPERVISOR),analitis
TIK.DEV0601,SUPERVISOR PEMROGRAM (PROGRAMMER SUPERVISOR),memimpin dan membimbing tim programmer
TIK.DEV0601,SUPERVISOR PEMROGRAM (PROGRAMMER SUPERVISOR),menyusun rencana dan jadwal pengembangan perangkat lunak
TIK.DEV0601,SUPERVISOR PEMROGRAM (PROGRAMMER SUPERVISOR),menetapkan standar dan praktik pengembangan perangkat lunak
TIK.DEV0601,SUPERVISOR PEMROGRAM (PROGRAMMER SUPERVISOR),melakukan review kode dan memberikan umpan balik kepada programmer
TIK.DEV0601,SUPERVISOR PEMROGRAM (PROGRAMMER SUPERVISOR),menangani masalah dan keluhan terkait pengembangan perangkat lunak
TIK.DEV0601,SUPERVISOR PEMROGRAM (PROGRAMMER SUPERVISOR),memantau kinerja tim programmer untuk memastikan kepatuhan terhadap standar dan persyaratan
TIK.DEV0601,SUPERVISOR PEMROGRAM (PROGRAMMER SUPERVISOR),merekomendasikan peningkatan dan perubahan untuk tim programmer
TIK.DEV0601,SUPERVISOR PEMROGRAM (PROGRAMMER SUPERVISOR),menyetujui persyaratan perangkat lunak dari pengguna
TIK.DEV0601,SUPERVISOR PEMROGRAM (PROGRAMMER SUPERVISOR),mengalokasikan tugas dan tanggung jawab kepada staf
TIK.DEV0601,SUPERVISOR PEMROGRAM (PROGRAMMER SUPERVISOR),membuat keputusan terkait pengembangan perangkat lunak
TIK.DEV0601,SUPERVISOR PEMROGRAM (PROGRAMMER SUPERVISOR),menganalisis tools
TIK.DEV0601,SUPERVISOR PEMROGRAM (PROGRAMMER SUPERVISOR),menganalisis skalabilitas perangkat lunak
TIK.DEV0601,SUPERVISOR PEMROGRAM (PROGRAMMER SUPERVISOR),"melakukan identifikasi library, komponen atau framework yang diperlukan"
TIK.DEV0601,SUPERVISOR PEMROGRAM (PROGRAMMER SUPERVISOR),merancang user experience
TIK.DEV0601,SUPERVISOR PEMROGRAM (PROGRAMMER SUPERVISOR),merancang arsitektur aplikasi
TIK.DEV0601,SUPERVISOR PEMROGRAM (PROGRAMMER SUPERVISOR),melakukan migrasi ke teknologi baru
TIK.DEV0601,SUPERVISOR PEMROGRAM (PROGRAMMER SUPERVISOR),mengimplementasikan network programming
TIK.DEV0601,SUPERVISOR PEMROGRAM (PROGRAMMER SUPERVISOR),menerapkan pemrograman real time
TIK.DEV0601,SUPERVISOR PEMROGRAM (PROGRAMMER SUPERVISOR),menerapkan pemrograman paralel
TIK.DEV0601,SUPERVISOR PEMROGRAM (PROGRAMMER SUPERVISOR),menerapkan pemrograman multimedia
TIK.DEV0601,SUPERVISOR PEMROGRAM (PROGRAMMER SUPERVISOR),menerapkan code review
TIK.DEV0601,SUPERVISOR PEMROGRAM (PROGRAMMER SUPERVISOR),melaksanakan pengujian kode program secara statis
TIK.DEV0601,SUPERVISOR PEMROGRAM (PROGRAMMER SUPERVISOR),melaksanakan pengujian oleh pengguna (uat)
TIK.DEV0601,SUPERVISOR PEMROGRAM (PROGRAMMER SUPERVISOR),memberikan petunjuk teknis kepada pelanggan
TIK.DEV0601,SUPERVISOR PEMROGRAM (PROGRAMMER SUPERVISOR),melaksanakan cutover aplikasi
TIK.DEV0601,SUPERVISOR PEMROGRAM (PROGRAMMER SUPERVISOR),menganalisis dampak perubahan terhadap aplikasi
TIK.DEV0601,SUPERVISOR PEMROGRAM (PROGRAMMER SUPERVISOR),menerapkan alert notification jika aplikasi bermasalah
TIK.DEV0601,SUPERVISOR PEMROGRAM (PROGRAMMER SUPERVISOR),melakukan pemantauan resource yang digunakan aplikasi
TIK.DEV0601,SUPERVISOR PEMROGRAM (PROGRAMMER SUPERVISOR),melakukan pembaharuan perangkat lunak
TIK.DEV0601,SUPERVISOR PEMROGRAM (PROGRAMMER SUPERVISOR),menerapkan standarstandar keamanan informasi yang berlaku
TIK.DEV0601,SUPERVISOR PEMROGRAM (PROGRAMMER SUPERVISOR),mengelola risiko keamanan informasi
TIK.DEV0601,SUPERVISOR PEMROGRAM (PROGRAMMER SUPERVISOR),mengelola proyek secara terintegrasi (project integration management)
TIK.DEV0601,SUPERVISOR PEMROGRAM (PROGRAMMER SUPERVISOR),mengelola ruang lingkup proyek (project scope management)
TIK.DEV0601,SUPERVISOR PEMROGRAM (PROGRAMMER SUPERVISOR),mengelola kualitas proyek (project quality management)
TIK.DEV0601,SUPERVISOR PEMROGRAM (PROGRAMMER SUPERVISOR),menentukan arsitektur perangkat keras
TIK.DEV0601,SUPERVISOR PEMROGRAM (PROGRAMMER SUPERVISOR),menentukan arsitektur perangkat lunak
TIK.DEV0602,ANALIS PROGRAM (PROGRAM ANALYST),orang yang bertanggung jawab untuk menganalisis kebutuhan bisnis dan mengembangkan spesifikasi untuk aplikasi perangkat lunak. mereka bekerja sama dengan pemrogram aplikasi untuk memastikan bahwa aplikasi memenuhi kebutuhan bisnis dan pengguna.
TIK.DEV0602,ANALIS PROGRAM (PROGRAM ANALYST),menganalisis kebutuhan pengguna dan menerjemahkannya menjadi persyaratan perangkat lunak
TIK.DEV0602,ANALIS PROGRAM (PROGRAM ANALYST),menyusun spesifikasi teknis untuk perangkat lunak
TIK.DEV0602,ANALIS PROGRAM (PROGRAM ANALYST),berintegritas
TIK.DEV0602,ANALIS PROGRAM (PROGRAM ANALYST),independen
TIK.DEV0602,ANALIS PROGRAM (PROGRAM ANALYST),objektif
TIK.DEV0602,ANALIS PROGRAM (PROGRAM ANALYST),kritis
TIK.DEV0602,ANALIS PROGRAM (PROGRAM ANALYST),analitis
TIK.DEV0602,ANALIS PROGRAM (PROGRAM ANALYST),mengumpulkan dan menganalisis kebutuhan pengguna
TIK.DEV0602,ANALIS PROGRAM (PROGRAM ANALYST),menentukan persyaratan perangkat lunak
TIK.DEV0602,ANALIS PROGRAM (PROGRAM ANALYST),menyusun spesifikasi teknis untuk perangkat lunak
TIK.DEV0602,ANALIS PROGRAM (PROGRAM ANALYST),merancang dan mengembangkan prototipe perangkat lunak
TIK.DEV0602,ANALIS PROGRAM (PROGRAM ANALYST),memverifikasi dan menguji perangkat lunak
TIK.DEV0602,ANALIS PROGRAM (PROGRAM ANALYST),mendokumentasikan perangkat lunak
TIK.DEV0602,ANALIS PROGRAM (PROGRAM ANALYST),berbicara dengan pengguna untuk memahami kebutuhan mereka
TIK.DEV0602,ANALIS PROGRAM (PROGRAM ANALYST),mengumpulkan data dan informasi untuk analisis
TIK.DEV0602,ANALIS PROGRAM (PROGRAM ANALYST),menggunakan alat dan teknik analisis untuk memahami kebutuhan pengguna
TIK.DEV0602,ANALIS PROGRAM (PROGRAM ANALYST),menyusun dokumen persyaratan perangkat lunak
TIK.DEV0602,ANALIS PROGRAM (PROGRAM ANALYST),membuat prototipe perangkat lunak
TIK.DEV0602,ANALIS PROGRAM (PROGRAM ANALYST),melaksanakan pengujian perangkat lunak
TIK.DEV0602,ANALIS PROGRAM (PROGRAM ANALYST),"mendokumentasikan hasil analisis, desain, dan pengujian perangkat lunak"
TIK.DEV0602,ANALIS PROGRAM (PROGRAM ANALYST),memiliki kemampuan komunikasi dan interaksi yang baik dengan pengguna dan tim pengembangan.
TIK.DEV0602,ANALIS PROGRAM (PROGRAM ANALYST),menerapkan akses basis data
TIK.DEV0602,ANALIS PROGRAM (PROGRAM ANALYST),melaksanakan pengujian unit program
TIK.DEV0602,ANALIS PROGRAM (PROGRAM ANALYST),mengimplementasikan algoritma pemrograman
TIK.DEV0602,ANALIS PROGRAM (PROGRAM ANALYST),melaksanakan pengujian integrasi program
TIK.DEV0602,ANALIS PROGRAM (PROGRAM ANALYST),melakukan debugging
TIK.DEV0602,ANALIS PROGRAM (PROGRAM ANALYST),melakukan profiling program
TIK.DEV0602,ANALIS PROGRAM (PROGRAM ANALYST),membuat dokumen kode program
TIK.DEV0602,ANALIS PROGRAM (PROGRAM ANALYST),menerapkan code review
TIK.DEV0602,ANALIS PROGRAM (PROGRAM ANALYST),menganalisis skalabilitas perangkat lunak
TIK.DEV0602,ANALIS PROGRAM (PROGRAM ANALYST),menggunakan sql
TIK.DEV0603,PEMROGRAM BASISDATA (DATABASE PROGRAMMER),orang yang bertanggung jawab untuk mengembangkan dan mengelola basis data. mereka bekerja sama dengan analis program dan pemrogram aplikasi untuk memastikan bahwa basis data memenuhi kebutuhan bisnis dan aplikasi.
TIK.DEV0603,PEMROGRAM BASISDATA (DATABASE PROGRAMMER),merancang dan mengembangkan database
TIK.DEV0603,PEMROGRAM BASISDATA (DATABASE PROGRAMMER),mengelola database
TIK.DEV0603,PEMROGRAM BASISDATA (DATABASE PROGRAMMER),melakukan pemrograman database
TIK.DEV0603,PEMROGRAM BASISDATA (DATABASE PROGRAMMER),menjaga kualitas dan keamanan database
TIK.DEV0603,PEMROGRAM BASISDATA (DATABASE PROGRAMMER),berintegritas
TIK.DEV0603,PEMROGRAM BASISDATA (DATABASE PROGRAMMER),independen
TIK.DEV0603,PEMROGRAM BASISDATA (DATABASE PROGRAMMER),objektif
TIK.DEV0603,PEMROGRAM BASISDATA (DATABASE PROGRAMMER),kritis
TIK.DEV0603,PEMROGRAM BASISDATA (DATABASE PROGRAMMER),analitis
TIK.DEV0603,PEMROGRAM BASISDATA (DATABASE PROGRAMMER),merancang dan mengembangkan database
TIK.DEV0603,PEMROGRAM BASISDATA (DATABASE PROGRAMMER),mengelola database
TIK.DEV0603,PEMROGRAM BASISDATA (DATABASE PROGRAMMER),melakukan pemrograman database
TIK.DEV0603,PEMROGRAM BASISDATA (DATABASE PROGRAMMER),menjaga kualitas dan keamanan database
TIK.DEV0603,PEMROGRAM BASISDATA (DATABASE PROGRAMMER),berkolaborasi dengan anggota tim pengembangan lainnya
TIK.DEV0603,PEMROGRAM BASISDATA (DATABASE PROGRAMMER),menentukan arsitektur dan desain database
TIK.DEV0603,PEMROGRAM BASISDATA (DATABASE PROGRAMMER),memilih sistem manajemen database (dbms) yang sesuai
TIK.DEV0603,PEMROGRAM BASISDATA (DATABASE PROGRAMMER),menentukan struktur data dan atribut yang akan digunakan dalam database
TIK.DEV0603,PEMROGRAM BASISDATA (DATABASE PROGRAMMER),membuat keputusan tentang spesifikasi dan fitur database
TIK.DEV0603,PEMROGRAM BASISDATA (DATABASE PROGRAMMER),memiliki kemampuan komunikasi dan interaksi yang baik dengan tim pengembangan.
TIK.DEV0603,PEMROGRAM BASISDATA (DATABASE PROGRAMMER),menganalisis tools
TIK.DEV0603,PEMROGRAM BASISDATA (DATABASE PROGRAMMER),"melakukan identifikasi library, komponen atau framework yang diperlukan"
TIK.DEV0603,PEMROGRAM BASISDATA (DATABASE PROGRAMMER),menggunakan struktur data
TIK.DEV0603,PEMROGRAM BASISDATA (DATABASE PROGRAMMER),mengimplementasikan rancangan entitas dan keterkaitan antar entitas
TIK.DEV0603,PEMROGRAM BASISDATA (DATABASE PROGRAMMER),menggunakan sql
TIK.DEV0603,PEMROGRAM BASISDATA (DATABASE PROGRAMMER),menerapkan akses basis data
TIK.DEV0603,PEMROGRAM BASISDATA (DATABASE PROGRAMMER),mengimplementasikan algoritma pemrograman
TIK.DEV0603,PEMROGRAM BASISDATA (DATABASE PROGRAMMER),melakukan debugging
TIK.DEV0603,PEMROGRAM BASISDATA (DATABASE PROGRAMMER),menerapkan code review
TIK.DEV0603,PEMROGRAM BASISDATA (DATABASE PROGRAMMER),"melaksanakan konfigurasi perangkat lunak sesuai environment (development, staging, production)"
TIK.DEV0603,PEMROGRAM BASISDATA (DATABASE PROGRAMMER),menganalisis dampak perubahan terhadap aplikasi
TIK.DEV0603,PEMROGRAM BASISDATA (DATABASE PROGRAMMER),melakukan pemantauan resource yang digunakan aplikasi
TIK.DEV0603,PEMROGRAM BASISDATA (DATABASE PROGRAMMER),melakukan pembaharuan perangkat lunak
TIK.DEV0603,PEMROGRAM BASISDATA (DATABASE PROGRAMMER),menerapkan standarstandar keamanan informasi yang berlaku
TIK.DEV0604,PENGEMBANG WEB (WEB DEVELOPER),"orang yang memiliki kemampuan dan keahlian untuk merancang, mengembangkan, dan memelihara situs web dan aplikasi web."
TIK.DEV0604,PENGEMBANG WEB (WEB DEVELOPER),merancang tampilan dan antarmuka situs web atau aplikasi web agar sesuai dengan kebutuhan pengguna dan tujuan bisnis
TIK.DEV0604,PENGEMBANG WEB (WEB DEVELOPER),menerjemahkan desain menjadi kode yang dapat dijalankan di browser
TIK.DEV0604,PENGEMBANG WEB (WEB DEVELOPER),"membangun infrastruktur server, database, dan logika aplikasi yang mendukung situs web atau aplikasi web"
TIK.DEV0604,PENGEMBANG WEB (WEB DEVELOPER),"mengintegrasikan komponen atau layanan pihak ketiga ke dalam situs web atau aplikasi web, seperti pembayaran, layanan peta atau media sosial"
TIK.DEV0604,PENGEMBANG WEB (WEB DEVELOPER),"memastikan bahwa situs web atau aplikasi web tetap berfungsi dengan baik, mengidentifikasi dan memperbaiki masalah yang muncul, serta melakukan pembaharuan perangkat lunak untuk menjaga keamanan dan kinerja"
TIK.DEV0604,PENGEMBANG WEB (WEB DEVELOPER),"mengoptimalisasi situs web atau aplikasi web untuk memastikan kecepatan, skalabilitas dan responsivitas yang baik"
TIK.DEV0604,PENGEMBANG WEB (WEB DEVELOPER),"melindungi situs web atau aplikasi web dari ancaman keamanan dengan menerapkan praktik-praktik keamanan terbaik, seperti mengamankan data pengguna dan mencegah serangan"
TIK.DEV0604,PENGEMBANG WEB (WEB DEVELOPER),berintegritas
TIK.DEV0604,PENGEMBANG WEB (WEB DEVELOPER),independen
TIK.DEV0604,PENGEMBANG WEB (WEB DEVELOPER),objektif
TIK.DEV0604,PENGEMBANG WEB (WEB DEVELOPER),kritis
TIK.DEV0604,PENGEMBANG WEB (WEB DEVELOPER),analitis
TIK.DEV0604,PENGEMBANG WEB (WEB DEVELOPER),memahami kebutuhan klien dan merancang solusi web yang sesuai dengan tujuan bisnis klien
TIK.DEV0604,PENGEMBANG WEB (WEB DEVELOPER),"merancang tampilan dan antarmuka situs web atau aplikasi web, seringkali bekerja sama dengan desain grafis"
TIK.DEV0604,PENGEMBANG WEB (WEB DEVELOPER),menerjemahkan desain ke dalam kode yang dapat dijalankan di browser
TIK.DEV0604,PENGEMBANG WEB (WEB DEVELOPER),"membangun server, database, dan logika aplikasi di balik layer untuk mengelola data, pengguna dan operasionalnya"
TIK.DEV0604,PENGEMBANG WEB (WEB DEVELOPER),mengintegrasikan layanan pihak ketiga
TIK.DEV0604,PENGEMBANG WEB (WEB DEVELOPER),"memastikan situs web aplikasi berjalan dengan cepat dan efisien, termasuk mengoptimalkan waktu, memori dan penggunaan sumber daya"
TIK.DEV0604,PENGEMBANG WEB (WEB DEVELOPER),melindungi situs web atau aplikasi web dari ancaman keamanan dengan menerapkan praktik keamanan terbaik
TIK.DEV0604,PENGEMBANG WEB (WEB DEVELOPER),"menguji dan memeriksa situ web atau aplikasi web untuk mengidentifikasi dan memperbaiki bug, serta memastikan kualitas yang baik sebelum peluncuran"
TIK.DEV0604,PENGEMBANG WEB (WEB DEVELOPER),"merawat dan memperbarui situs web atau aplikasi web secara berkala, termasuk pembaruan perangkat lunak, perbaikan bug dan peningkatan fungsionalitas"
TIK.DEV0604,PENGEMBANG WEB (WEB DEVELOPER),membuat dokumentasi teknis yang jelas untuk memudahkan pemahaman dan kerjasama dengan tim lain
TIK.DEV0604,PENGEMBANG WEB (WEB DEVELOPER),bekerjasama dengan profesional lain
TIK.DEV0604,PENGEMBANG WEB (WEB DEVELOPER),"menyelidiki masalah teknis, mencari solusi dan mengatasi kendala yang mungkin muncul selama pengembangan atau pemeliharaan"
TIK.DEV0604,PENGEMBANG WEB (WEB DEVELOPER),"memantau kinerja situs web atau aplikasi web secara rutin, menganalisa data dan membuat perbaikan berdasarkan hasil pemantauan"
TIK.DEV0604,PENGEMBANG WEB (WEB DEVELOPER),merancang antarmuka pengguna yang sesuai dengan kebutuhan proyek dan tujuan bisnis
TIK.DEV0604,PENGEMBANG WEB (WEB DEVELOPER),mengembangkan kode program sesuai kebutuhan
TIK.DEV0604,PENGEMBANG WEB (WEB DEVELOPER),mengintegrasikan layanan pihak ketiga
TIK.DEV0604,PENGEMBANG WEB (WEB DEVELOPER),mengoptimalisasikan kinerja situs web
TIK.DEV0604,PENGEMBANG WEB (WEB DEVELOPER),memiliki dasar pengetahuan tentang cara bekerja sistem komputer dan aplikasinya;
TIK.DEV0604,PENGEMBANG WEB (WEB DEVELOPER),memiliki dasar pengetahun bahasa pemrograman.
TIK.DEV0604,PENGEMBANG WEB (WEB DEVELOPER),melaksanakan cutover aplikasi
TIK.DEV0604,PENGEMBANG WEB (WEB DEVELOPER),melakukan pemantauan resource yang digunakan aplikasi
TIK.DEV0604,PENGEMBANG WEB (WEB DEVELOPER),melakukan debugging
TIK.DEV0604,PENGEMBANG WEB (WEB DEVELOPER),melaksanakan pengujian oleh pengguna (uat)
TIK.DEV0604,PENGEMBANG WEB (WEB DEVELOPER),mengelola risiko keamanan informasi
TIK.DEV0604,PENGEMBANG WEB (WEB DEVELOPER),menggunakan sql
TIK.DEV0604,PENGEMBANG WEB (WEB DEVELOPER),menerapkan alert notification jika aplikasi bermasalah
TIK.DEV0604,PENGEMBANG WEB (WEB DEVELOPER),"melakukan identifikasi library, komponen atau framework yang diperlukan"
TIK.DEV0604,PENGEMBANG WEB (WEB DEVELOPER),melakukan migrasi ke teknologi baru
TIK.DEV0604,PENGEMBANG WEB (WEB DEVELOPER),melakukan pembaharuan perangkat lunak
TIK.DEV0604,PENGEMBANG WEB (WEB DEVELOPER),memberikan petunjuk teknis kepada pelanggan
TIK.DEV0604,PENGEMBANG WEB (WEB DEVELOPER),menerapkan pemrograman multimedia
TIK.DEV0604,PENGEMBANG WEB (WEB DEVELOPER),menentukan arsitektur perangkat keras
TIK.DEV0604,PENGEMBANG WEB (WEB DEVELOPER),mengelola proyek secara terintegrasi (project integration management)
TIK.DEV0604,PENGEMBANG WEB (WEB DEVELOPER),menganalisis tools
TIK.DEV0604,PENGEMBANG WEB (WEB DEVELOPER),menganalisis skalabilitas perangkat lunak
TIK.DEV0604,PENGEMBANG WEB (WEB DEVELOPER),menganalisis dampak perubahan terhadap aplikasi
TIK.DEV0604,PENGEMBANG WEB (WEB DEVELOPER),menerapkan pemrograman paralel
TIK.DEV0604,PENGEMBANG WEB (WEB DEVELOPER),mengelola kualitas proyek (project quality management)
TIK.DEV0604,PENGEMBANG WEB (WEB DEVELOPER),mengimplementasikan algoritma pemrograman
TIK.DEV0604,PENGEMBANG WEB (WEB DEVELOPER),menerapkan pemrograman real time
TIK.DEV0604,PENGEMBANG WEB (WEB DEVELOPER),mengelola ruang lingkup proyek (project scope management)
TIK.DEV0604,PENGEMBANG WEB (WEB DEVELOPER),"pengembang web dapat memiliki spesialisasi yang berbeda, seperti pengembang front-end, pengembang back-end, pengembang full-stack, atau pengembang dalam platform atau bahasa pemrograman tertentu"
TIK.DEV0605,SUPERVISOR PEMROGRAM APLIKASI (APPLICATION PROGRAMMER SUPERVISOR),"orang yang bertanggung jawab atas memimpin tim pemrogram aplikasi dalam pengembangan dan implementasi aplikasi perangkat lunak. mereka bekerja sama dengan manajer pengembangan aplikasi untuk merencanakan, mendesain, dan menguji aplikasi."
TIK.DEV0605,SUPERVISOR PEMROGRAM APLIKASI (APPLICATION PROGRAMMER SUPERVISOR),memimpin dan membimbing tim application programmer dalam pengembangan dan penerapan aplikasi
TIK.DEV0605,SUPERVISOR PEMROGRAM APLIKASI (APPLICATION PROGRAMMER SUPERVISOR),memastikan bahwa aplikasi yang dikembangkan memenuhi kebutuhan pengguna dan berkualitas tinggi
TIK.DEV0605,SUPERVISOR PEMROGRAM APLIKASI (APPLICATION PROGRAMMER SUPERVISOR),berintegritas
TIK.DEV0605,SUPERVISOR PEMROGRAM APLIKASI (APPLICATION PROGRAMMER SUPERVISOR),independen
TIK.DEV0605,SUPERVISOR PEMROGRAM APLIKASI (APPLICATION PROGRAMMER SUPERVISOR),objektif
TIK.DEV0605,SUPERVISOR PEMROGRAM APLIKASI (APPLICATION PROGRAMMER SUPERVISOR),kritis
TIK.DEV0605,SUPERVISOR PEMROGRAM APLIKASI (APPLICATION PROGRAMMER SUPERVISOR),analitis
TIK.DEV0605,SUPERVISOR PEMROGRAM APLIKASI (APPLICATION PROGRAMMER SUPERVISOR),memimpin dan membimbing tim application programmer
TIK.DEV0605,SUPERVISOR PEMROGRAM APLIKASI (APPLICATION PROGRAMMER SUPERVISOR),menyusun rencana dan jadwal pengembangan aplikasi
TIK.DEV0605,SUPERVISOR PEMROGRAM APLIKASI (APPLICATION PROGRAMMER SUPERVISOR),menetapkan standar dan praktik pengembangan aplikasi
TIK.DEV0605,SUPERVISOR PEMROGRAM APLIKASI (APPLICATION PROGRAMMER SUPERVISOR),melakukan review kode dan memberikan umpan balik kepada application programmer
TIK.DEV0605,SUPERVISOR PEMROGRAM APLIKASI (APPLICATION PROGRAMMER SUPERVISOR),menangani masalah dan keluhan terkait pengembangan aplikasi
TIK.DEV0605,SUPERVISOR PEMROGRAM APLIKASI (APPLICATION PROGRAMMER SUPERVISOR),memantau kinerja tim application programmer untuk memastikan kepatuhan terhadap standar dan persyaratan
TIK.DEV0605,SUPERVISOR PEMROGRAM APLIKASI (APPLICATION PROGRAMMER SUPERVISOR),merekomendasikan peningkatan dan perubahan untuk tim application programmer
TIK.DEV0605,SUPERVISOR PEMROGRAM APLIKASI (APPLICATION PROGRAMMER SUPERVISOR),menyetujui persyaratan aplikasi dari pengguna
TIK.DEV0605,SUPERVISOR PEMROGRAM APLIKASI (APPLICATION PROGRAMMER SUPERVISOR),mengalokasikan tugas dan tanggung jawab kepada staf
TIK.DEV0605,SUPERVISOR PEMROGRAM APLIKASI (APPLICATION PROGRAMMER SUPERVISOR),membuat keputusan terkait pengembangan aplikasi
TIK.DEV0605,SUPERVISOR PEMROGRAM APLIKASI (APPLICATION PROGRAMMER SUPERVISOR),develop workplace policy and procedures for sustainability (mengembangkan kebijakan dan prosedur di tempat kerja untuk keberlanjutan)
TIK.DEV0605,SUPERVISOR PEMROGRAM APLIKASI (APPLICATION PROGRAMMER SUPERVISOR),ensure team effectiveness (memastikan efektifas tim)
TIK.DEV0605,SUPERVISOR PEMROGRAM APLIKASI (APPLICATION PROGRAMMER SUPERVISOR),review developed software
TIK.DEV0605,SUPERVISOR PEMROGRAM APLIKASI (APPLICATION PROGRAMMER SUPERVISOR),validate an application design against specifications
TIK.DEV0605,SUPERVISOR PEMROGRAM APLIKASI (APPLICATION PROGRAMMER SUPERVISOR),develop detailed test plans
TIK.DEV0605,SUPERVISOR PEMROGRAM APLIKASI (APPLICATION PROGRAMMER SUPERVISOR),manage the testing process
TIK.DEV0605,SUPERVISOR PEMROGRAM APLIKASI (APPLICATION PROGRAMMER SUPERVISOR),membuat perencanaan pengujian detail (detailed test plan)
TIK.DEV0606,SUPERVISOR PEMROGRAM SISTEM (SYSTEMS PROGRAMMER SUPERVISOR),"merancang dan mengembangkan sistem operasi, sistem database, dan sistem jaringan"
TIK.DEV0606,SUPERVISOR PEMROGRAM SISTEM (SYSTEMS PROGRAMMER SUPERVISOR),melakukan troubleshooting dan debugging sistem
TIK.DEV0606,SUPERVISOR PEMROGRAM SISTEM (SYSTEMS PROGRAMMER SUPERVISOR),berintegritas
TIK.DEV0606,SUPERVISOR PEMROGRAM SISTEM (SYSTEMS PROGRAMMER SUPERVISOR),independen
TIK.DEV0606,SUPERVISOR PEMROGRAM SISTEM (SYSTEMS PROGRAMMER SUPERVISOR),objektif
TIK.DEV0606,SUPERVISOR PEMROGRAM SISTEM (SYSTEMS PROGRAMMER SUPERVISOR),kritis
TIK.DEV0606,SUPERVISOR PEMROGRAM SISTEM (SYSTEMS PROGRAMMER SUPERVISOR),analitis
TIK.DEV0606,SUPERVISOR PEMROGRAM SISTEM (SYSTEMS PROGRAMMER SUPERVISOR),"mendesain, mengembangkan, dan menguji sistem komputer"
TIK.DEV0606,SUPERVISOR PEMROGRAM SISTEM (SYSTEMS PROGRAMMER SUPERVISOR),memelihara dan mengoptimalkan sistem komputer yang ada
TIK.DEV0606,SUPERVISOR PEMROGRAM SISTEM (SYSTEMS PROGRAMMER SUPERVISOR),mengatasi masalah dan kesalahan pada sistem komputer
TIK.DEV0606,SUPERVISOR PEMROGRAM SISTEM (SYSTEMS PROGRAMMER SUPERVISOR),melakukan evaluasi dan rekomendasi untuk peningkatan sistem komputer
TIK.DEV0606,SUPERVISOR PEMROGRAM SISTEM (SYSTEMS PROGRAMMER SUPERVISOR),"pengetahuan yang mendalam tentang sistem operasi, jaringan, dan keamanan komputer;"
TIK.DEV0606,SUPERVISOR PEMROGRAM SISTEM (SYSTEMS PROGRAMMER SUPERVISOR),kemampuan pemecahan masalah yang baik;
TIK.DEV0606,SUPERVISOR PEMROGRAM SISTEM (SYSTEMS PROGRAMMER SUPERVISOR),kemampuan komunikasi dan kerja tim yang baik.
TIK.DEV0606,SUPERVISOR PEMROGRAM SISTEM (SYSTEMS PROGRAMMER SUPERVISOR),select new technology models for business (memilih model teknologi baru untuk bisnis)
TIK.DEV0606,SUPERVISOR PEMROGRAM SISTEM (SYSTEMS PROGRAMMER SUPERVISOR),gather data to identify business requirements (mengumpulkan data untuk mengidentifikasi persyaratan bisnis)
TIK.DEV0606,SUPERVISOR PEMROGRAM SISTEM (SYSTEMS PROGRAMMER SUPERVISOR),determine appropriate it strategies and solutions
TIK.DEV0606,SUPERVISOR PEMROGRAM SISTEM (SYSTEMS PROGRAMMER SUPERVISOR),match it needs with the strategic direction of the enterprise
TIK.DEV0606,SUPERVISOR PEMROGRAM SISTEM (SYSTEMS PROGRAMMER SUPERVISOR),verify client business requirements (memverifikasi persyaratan bisnis klien)
TIK.DEV0607,ANALIS BISNIS (BUSINESS ANALYST),"orang yang bertanggung jawab untuk menjembatani antara kebutuhan bisnis dan teknologi. mereka bekerja dengan berbagai pemangku kepentingan, termasuk eksekutif, manajer, dan teknisi, untuk memahami kebutuhan bisnis dan mengembangkan solusi teknologi yang memenuhi kebutuhan tersebut."
TIK.DEV0607,ANALIS BISNIS (BUSINESS ANALYST),mengidentifikasi kebutuhan bisnis
TIK.DEV0607,ANALIS BISNIS (BUSINESS ANALYST),menerjemahkan kebutuhan bisnis menjadi persyaratan teknis
TIK.DEV0607,ANALIS BISNIS (BUSINESS ANALYST),menguji dan menerima sistem atau aplikasi baru
TIK.DEV0607,ANALIS BISNIS (BUSINESS ANALYST),berintegritas
TIK.DEV0607,ANALIS BISNIS (BUSINESS ANALYST),independen
TIK.DEV0607,ANALIS BISNIS (BUSINESS ANALYST),objektif
TIK.DEV0607,ANALIS BISNIS (BUSINESS ANALYST),kritis
TIK.DEV0607,ANALIS BISNIS (BUSINESS ANALYST),analitis
TIK.DEV0607,ANALIS BISNIS (BUSINESS ANALYST),menganalisis kebutuhan bisnis untuk pengembangan sistem erp baru
TIK.DEV0607,ANALIS BISNIS (BUSINESS ANALYST),mendokumentasikan persyaratan bisnis untuk pengembangan aplikasi mobile baru
TIK.DEV0607,ANALIS BISNIS (BUSINESS ANALYST),mengembangkan rencana proyek untuk peningkatan sistem crm
TIK.DEV0607,ANALIS BISNIS (BUSINESS ANALYST),melakukan uji coba terhadap sistem baru sebelum diluncurkan
TIK.DEV0607,ANALIS BISNIS (BUSINESS ANALYST),memberikan pelatihan kepada pengguna tentang cara menggunakan aplikasi baru
TIK.DEV0607,ANALIS BISNIS (BUSINESS ANALYST),mengumpulkan dan menganalisis kebutuhan bisnis
TIK.DEV0607,ANALIS BISNIS (BUSINESS ANALYST),mengembangkan solusi teknologi informasi
TIK.DEV0607,ANALIS BISNIS (BUSINESS ANALYST),mengembangkan dan menguji persyaratan
TIK.DEV0607,ANALIS BISNIS (BUSINESS ANALYST),mengelola proyek teknologi informasi
TIK.DEV0607,ANALIS BISNIS (BUSINESS ANALYST),"memiliki keterampilan teknis yang kuat, seperti analisis sistem, desain sistem, dan pengembangan perangkat lunak;"
TIK.DEV0607,ANALIS BISNIS (BUSINESS ANALYST),"memiliki keterampilan bisnis yang kuat, seperti analisis pasar, analisis kebutuhan bisnis, dan manajemen;"
TIK.DEV0607,ANALIS BISNIS (BUSINESS ANALYST),"memiliki keterampilan komunikasi yang baik, baik secara tertulis maupun lisan."
TIK.DEV0607,ANALIS BISNIS (BUSINESS ANALYST),determine and confirm client business requirements (menentukan dan konfirmasikan persyaratan bisnis klien)
TIK.DEV0607,ANALIS BISNIS (BUSINESS ANALYST),develop macros and templates for clients using standard products (mengembangkan makro dan template untuk klien yang menggunakan produk standar)
TIK.DEV0607,ANALIS BISNIS (BUSINESS ANALYST),plan process re-engineering strategies for business (merencanakan proses strategi re-engineering untuk bisnis)
TIK.DEV0607,ANALIS BISNIS (BUSINESS ANALYST),facilitate business analysis
TIK.DEV0607,ANALIS BISNIS (BUSINESS ANALYST),model data processes
TIK.DEV0607,ANALIS BISNIS (BUSINESS ANALYST),analyse stakeholder requirements
TIK.DEV0608,ANALIS PENJAMINAN KUALITAS PERANGKAT LUNAK (SOFTWARE QA ANALYST),"orang yang bertanggung jawab untuk memastikan kualitas perangkat lunak. bekerja dengan tim pengembangan perangkat lunak untuk mengidentifikasi dan memperbaiki bug, memastikan perangkat lunak memenuhi persyaratan, dan mengukur kualitas perangkat lunak."
TIK.DEV0608,ANALIS PENJAMINAN KUALITAS PERANGKAT LUNAK (SOFTWARE QA ANALYST),menganalisis kebutuhan dan persyaratan perangkat lunak yang akan diuji
TIK.DEV0608,ANALIS PENJAMINAN KUALITAS PERANGKAT LUNAK (SOFTWARE QA ANALYST),melakukan pengujian terhadap perangkat lunak untuk memastikan bahwa perangkat lunak tersebut berfungsi dengan baik dan tidak memiliki bug
TIK.DEV0608,ANALIS PENJAMINAN KUALITAS PERANGKAT LUNAK (SOFTWARE QA ANALYST),membuat laporan hasil pengujian
TIK.DEV0608,ANALIS PENJAMINAN KUALITAS PERANGKAT LUNAK (SOFTWARE QA ANALYST),berintegritas
TIK.DEV0608,ANALIS PENJAMINAN KUALITAS PERANGKAT LUNAK (SOFTWARE QA ANALYST),independen
TIK.DEV0608,ANALIS PENJAMINAN KUALITAS PERANGKAT LUNAK (SOFTWARE QA ANALYST),objektif
TIK.DEV0608,ANALIS PENJAMINAN KUALITAS PERANGKAT LUNAK (SOFTWARE QA ANALYST),kritis
TIK.DEV0608,ANALIS PENJAMINAN KUALITAS PERANGKAT LUNAK (SOFTWARE QA ANALYST),analitis
TIK.DEV0608,ANALIS PENJAMINAN KUALITAS PERANGKAT LUNAK (SOFTWARE QA ANALYST),"melakukan pengujian unit, pengujian sistem, dan pengujian penerimaan pengguna"
TIK.DEV0608,ANALIS PENJAMINAN KUALITAS PERANGKAT LUNAK (SOFTWARE QA ANALYST),mengidentifikasi dan memperbaiki bug
TIK.DEV0608,ANALIS PENJAMINAN KUALITAS PERANGKAT LUNAK (SOFTWARE QA ANALYST),menulis laporan pengujian
TIK.DEV0608,ANALIS PENJAMINAN KUALITAS PERANGKAT LUNAK (SOFTWARE QA ANALYST),bekerja dengan tim pengembangan perangkat lunak untuk memastikan perangkat lunak memenuhi persyaratan
TIK.DEV0608,ANALIS PENJAMINAN KUALITAS PERANGKAT LUNAK (SOFTWARE QA ANALYST),mengukur kualitas perangkat lunak
TIK.DEV0608,ANALIS PENJAMINAN KUALITAS PERANGKAT LUNAK (SOFTWARE QA ANALYST),merencanakan dan melaksanakan pengujian software untuk memastikan kualitas dan keandalan software
TIK.DEV0608,ANALIS PENJAMINAN KUALITAS PERANGKAT LUNAK (SOFTWARE QA ANALYST),melakukan analisis dan evaluasi hasil pengujian untuk mengidentifikasi dan memperbaiki bug atau cacat software
TIK.DEV0608,ANALIS PENJAMINAN KUALITAS PERANGKAT LUNAK (SOFTWARE QA ANALYST),memiliki keterampilan pemrograman;
TIK.DEV0608,ANALIS PENJAMINAN KUALITAS PERANGKAT LUNAK (SOFTWARE QA ANALYST),keterampilan menggunakan alat dan teknik pengujian perangkat lunak.
TIK.DEV0608,ANALIS PENJAMINAN KUALITAS PERANGKAT LUNAK (SOFTWARE QA ANALYST),mengaplikasikan metodologi pengembangan perangkat lunak
TIK.DEV0608,ANALIS PENJAMINAN KUALITAS PERANGKAT LUNAK (SOFTWARE QA ANALYST),menentukan metode/framework
TIK.DEV0608,ANALIS PENJAMINAN KUALITAS PERANGKAT LUNAK (SOFTWARE QA ANALYST),menentukan lingkup quality assurance untuk perangkat lunak
TIK.DEV0608,ANALIS PENJAMINAN KUALITAS PERANGKAT LUNAK (SOFTWARE QA ANALYST),menentukan lingkup quality assurance untuk proses pengembangan perangkat lunak
TIK.DEV0608,ANALIS PENJAMINAN KUALITAS PERANGKAT LUNAK (SOFTWARE QA ANALYST),mengelola risiko penjaminan kualitas
TIK.DEV0608,ANALIS PENJAMINAN KUALITAS PERANGKAT LUNAK (SOFTWARE QA ANALYST),mendefinisikan sumber daya yang dibutuhkan
TIK.DEV0608,ANALIS PENJAMINAN KUALITAS PERANGKAT LUNAK (SOFTWARE QA ANALYST),mengintegrasikan penjaminan kualitas ke dalam organisasi pengembang
TIK.DEV0608,ANALIS PENJAMINAN KUALITAS PERANGKAT LUNAK (SOFTWARE QA ANALYST),memverifikasi pelaksanaan tahapan pengembangan perangkat lunak
TIK.DEV0609,PENGEMBANG BACKEND (BACKEND DEVELOPER),"orang profesional it yang bertanggung jawab untuk mengembangkan dan memelihara logika bisnis dan sistem back-end dari sebuah aplikasi atau situs web. mereka menggunakan berbagai bahasa pemrograman, framework, dan teknologi untuk membangun sistem yang aman, efisien, dan andal."
TIK.DEV0609,PENGEMBANG BACKEND (BACKEND DEVELOPER),merancang dan mengembangkan database
TIK.DEV0609,PENGEMBANG BACKEND (BACKEND DEVELOPER),merancang dan mengembangkan logika bisnis
TIK.DEV0609,PENGEMBANG BACKEND (BACKEND DEVELOPER),melakukan testing dan debugging
TIK.DEV0609,PENGEMBANG BACKEND (BACKEND DEVELOPER),merancang dan mengembangkan api
TIK.DEV0609,PENGEMBANG BACKEND (BACKEND DEVELOPER),berintegritas
TIK.DEV0609,PENGEMBANG BACKEND (BACKEND DEVELOPER),independen
TIK.DEV0609,PENGEMBANG BACKEND (BACKEND DEVELOPER),objektif
TIK.DEV0609,PENGEMBANG BACKEND (BACKEND DEVELOPER),kritis
TIK.DEV0609,PENGEMBANG BACKEND (BACKEND DEVELOPER),analitis
TIK.DEV0609,PENGEMBANG BACKEND (BACKEND DEVELOPER),merancang dan mengembangkan logika bisnis untuk aplikasi atau situs web
TIK.DEV0609,PENGEMBANG BACKEND (BACKEND DEVELOPER),implementasi fitur baru dan perbaikan bug
TIK.DEV0609,PENGEMBANG BACKEND (BACKEND DEVELOPER),memelihara sistem back-end untuk memastikan kinerja dan keamanan yang optimal
TIK.DEV0609,PENGEMBANG BACKEND (BACKEND DEVELOPER),"bekerja sama dengan tim lain, seperti front-end developer, desainer, dan manajer produk, untuk memastikan aplikasi atau situs web memenuhi kebutuhan pengguna"
TIK.DEV0609,PENGEMBANG BACKEND (BACKEND DEVELOPER),mengembangkan dan memelihara kode backend untuk aplikasi web dan seluler
TIK.DEV0609,PENGEMBANG BACKEND (BACKEND DEVELOPER),menerapkan prinsip-prinsip desain dan arsitektur yang baik
TIK.DEV0609,PENGEMBANG BACKEND (BACKEND DEVELOPER),menggunakan bahasa pemrograman dan framework back-end yang sesuai
TIK.DEV0609,PENGEMBANG BACKEND (BACKEND DEVELOPER),melakukan debugging dan pengujian kode
TIK.DEV0609,PENGEMBANG BACKEND (BACKEND DEVELOPER),bekerja sama dengan tim lain untuk mengembangkan dan memelihara aplikasi
TIK.DEV0609,PENGEMBANG BACKEND (BACKEND DEVELOPER),memiliki kemampuan pemrograman;
TIK.DEV0609,PENGEMBANG BACKEND (BACKEND DEVELOPER),memiliki pemahaman yang baik tentang prinsip-prinsip desain dan arsitektur;
TIK.DEV0609,PENGEMBANG BACKEND (BACKEND DEVELOPER),mampu bekerja sama dengan tim.
TIK.DEV0609,PENGEMBANG BACKEND (BACKEND DEVELOPER),menyusun spesifikasi kebutuhan perangkat lunak
TIK.DEV0609,PENGEMBANG BACKEND (BACKEND DEVELOPER),merancang struktur perangkat lunak
TIK.DEV0609,PENGEMBANG BACKEND (BACKEND DEVELOPER),meninjau ulang (review) kebutuhan perangkat lunak
TIK.DEV0609,PENGEMBANG BACKEND (BACKEND DEVELOPER),melakukan validasi model dan uji penerimaan pengguna kebutuhan perangkat lunak
TIK.DEV0609,PENGEMBANG BACKEND (BACKEND DEVELOPER),menerapkan akses basis data
TIK.DEV0609,PENGEMBANG BACKEND (BACKEND DEVELOPER),mengelola komunikasi proyek (project communication management)
TIK.DEV0610,PENGEMBANG FRONTEND (FRONTEND DEVELOPER),"orang profesional yang bertanggung jawab untuk mengembangkan tampilan dan nuansa website atau aplikasi. mereka menggunakan keterampilan desain, coding, analisis, dan debugging untuk membangun server dari sisi klien dari suatu website."
TIK.DEV0610,PENGEMBANG FRONTEND (FRONTEND DEVELOPER),merancang dan mengembangkan tampilan dan perilaku aplikasi atau situs web
TIK.DEV0610,PENGEMBANG FRONTEND (FRONTEND DEVELOPER),berintegritas
TIK.DEV0610,PENGEMBANG FRONTEND (FRONTEND DEVELOPER),independen
TIK.DEV0610,PENGEMBANG FRONTEND (FRONTEND DEVELOPER),objektif
TIK.DEV0610,PENGEMBANG FRONTEND (FRONTEND DEVELOPER),kritis
TIK.DEV0610,PENGEMBANG FRONTEND (FRONTEND DEVELOPER),analitis
TIK.DEV0610,PENGEMBANG FRONTEND (FRONTEND DEVELOPER),menerapkan desain dan kode untuk menghasilkan tampilan website atau aplikasi yang responsif dan menarik
TIK.DEV0610,PENGEMBANG FRONTEND (FRONTEND DEVELOPER),melakukan pengujian dan debugging untuk memastikan website atau aplikasi berfungsi dengan baik
TIK.DEV0610,PENGEMBANG FRONTEND (FRONTEND DEVELOPER),bekerja sama dengan tim back-end developer untuk mengintegrasikan kode front-end dan back-end
TIK.DEV0610,PENGEMBANG FRONTEND (FRONTEND DEVELOPER),keterampilan pemrograman;
TIK.DEV0610,PENGEMBANG FRONTEND (FRONTEND DEVELOPER),"keterampilan desain web, seperti penggunaan warna, tipografi, dan tata letak;"
TIK.DEV0610,PENGEMBANG FRONTEND (FRONTEND DEVELOPER),"keterampilan komunikasi, untuk berkolaborasi dengan tim dan pengguna;"
TIK.DEV0610,PENGEMBANG FRONTEND (FRONTEND DEVELOPER),"keterampilan problem solving, untuk menyelesaikan masalah teknis."
TIK.DEV0610,PENGEMBANG FRONTEND (FRONTEND DEVELOPER),menggunakan library atau komponen pre-existing
TIK.DEV0610,PENGEMBANG FRONTEND (FRONTEND DEVELOPER),"menerapkan perintah eksekusi bahasa pemrograman berbasis teks, grafik, dan multimedia"
TIK.DEV0610,PENGEMBANG FRONTEND (FRONTEND DEVELOPER),merancang user experience
TIK.DEV0610,PENGEMBANG FRONTEND (FRONTEND DEVELOPER),mengimplementasikan user interface
TIK.DEV0610,PENGEMBANG FRONTEND (FRONTEND DEVELOPER),melakukan debugging
TIK.DEV0610,PENGEMBANG FRONTEND (FRONTEND DEVELOPER),melaksanakan pengujian unit program
TIK.DEV0611,SUPERVISOR PEMROGRAM MOBILE (MOBILE PROGRAMMER SUPERVISOR),"orang yang memiliki kemampuan dan keahlian untuk pengembangan aplikasi mobile. seorang mobile programmer merancang, mengembangkan, menguji dan memelihara aplikasi mobile."
TIK.DEV0611,SUPERVISOR PEMROGRAM MOBILE (MOBILE PROGRAMMER SUPERVISOR),"merancang dan mengembangkan aplikasi mobile, termasuk tampilan antarmuka pengguna dan logika aplikasi"
TIK.DEV0611,SUPERVISOR PEMROGRAM MOBILE (MOBILE PROGRAMMER SUPERVISOR),menggunakan bahasa pemrograman untuk membuat aplikasi
TIK.DEV0611,SUPERVISOR PEMROGRAM MOBILE (MOBILE PROGRAMMER SUPERVISOR),"mengembangkan logika aplikasi yang mencakup alur kerja, fungsionalitas, pemrosesan data, dan interaksi dengan pengguna"
TIK.DEV0611,SUPERVISOR PEMROGRAM MOBILE (MOBILE PROGRAMMER SUPERVISOR),mengintegrasikan api dan layanan pihak ketiga
TIK.DEV0611,SUPERVISOR PEMROGRAM MOBILE (MOBILE PROGRAMMER SUPERVISOR),memastikan aplikasi berjalan dengan baik dan memiliki kinerja yang baik pada berbagai perangkat seluler
TIK.DEV0611,SUPERVISOR PEMROGRAM MOBILE (MOBILE PROGRAMMER SUPERVISOR),"memelihara aplikasi dengan mengidentifikasi dan memperbaiki bug, mengimplementasikan pembaruan dan memastikan aplikasi tetap kompatibel dengan versi terbaru dari sistem operasi"
TIK.DEV0611,SUPERVISOR PEMROGRAM MOBILE (MOBILE PROGRAMMER SUPERVISOR),memahami dan mengikuti pedoman atau standar platform mobile untuk memastikan kesesuaian aplikasi dengan lingkungan operasi perangkat seluler
TIK.DEV0611,SUPERVISOR PEMROGRAM MOBILE (MOBILE PROGRAMMER SUPERVISOR),berintegritas
TIK.DEV0611,SUPERVISOR PEMROGRAM MOBILE (MOBILE PROGRAMMER SUPERVISOR),independen
TIK.DEV0611,SUPERVISOR PEMROGRAM MOBILE (MOBILE PROGRAMMER SUPERVISOR),objektif
TIK.DEV0611,SUPERVISOR PEMROGRAM MOBILE (MOBILE PROGRAMMER SUPERVISOR),kritis
TIK.DEV0611,SUPERVISOR PEMROGRAM MOBILE (MOBILE PROGRAMMER SUPERVISOR),analitis
TIK.DEV0611,SUPERVISOR PEMROGRAM MOBILE (MOBILE PROGRAMMER SUPERVISOR),"merancang, mengembangkan dan memprogram aplikasi mobile untuk platform tertentu"
TIK.DEV0611,SUPERVISOR PEMROGRAM MOBILE (MOBILE PROGRAMMER SUPERVISOR),memastikan bahwa aplikasi mobile memiliki lapisan keamanan yang memadai untuk melindungi data pengguna dan mencegah serangan keamanan
TIK.DEV0611,SUPERVISOR PEMROGRAM MOBILE (MOBILE PROGRAMMER SUPERVISOR),mengimplementasikan pembaruan dan perbaikan fungsionalitas dalam respons terhadap umpan balik pengguna dan perkembangan teknologi
TIK.DEV0611,SUPERVISOR PEMROGRAM MOBILE (MOBILE PROGRAMMER SUPERVISOR),"memahami berbagai jenis perangkat seluler, ukuran layer dan versi sistem operasi yang berbeda."
TIK.DEV0611,SUPERVISOR PEMROGRAM MOBILE (MOBILE PROGRAMMER SUPERVISOR),menggunakan spesifikasi program
TIK.DEV0611,SUPERVISOR PEMROGRAM MOBILE (MOBILE PROGRAMMER SUPERVISOR),menulis kode dengan prinsip sesuai guidelines dan best practices
TIK.DEV0611,SUPERVISOR PEMROGRAM MOBILE (MOBILE PROGRAMMER SUPERVISOR),mengimplementasikan pemrograman berorientasi objek
TIK.DEV0611,SUPERVISOR PEMROGRAM MOBILE (MOBILE PROGRAMMER SUPERVISOR),menggunakan library atau komponen pre-existing
TIK.DEV0611,SUPERVISOR PEMROGRAM MOBILE (MOBILE PROGRAMMER SUPERVISOR),menerapkan akses basis data
TIK.DEV0611,SUPERVISOR PEMROGRAM MOBILE (MOBILE PROGRAMMER SUPERVISOR),membuat dokumen kode program
TIK.DEV0611,SUPERVISOR PEMROGRAM MOBILE (MOBILE PROGRAMMER SUPERVISOR),melakukan debugging
TIK.DEV0611,SUPERVISOR PEMROGRAM MOBILE (MOBILE PROGRAMMER SUPERVISOR),melaksanakan pengujian unit program
TIK.DEV0611,SUPERVISOR PEMROGRAM MOBILE (MOBILE PROGRAMMER SUPERVISOR),membuat mobile digital media
TIK.DEV0611,SUPERVISOR PEMROGRAM MOBILE (MOBILE PROGRAMMER SUPERVISOR),memberikan petunjuk teknis kepada pelanggan
TIK.DEV0612,SUPERVISOR MOBILE COMPUTING (MOBILE COMPUTING SUPERVISOR),"orang yang bertanggung jawab untuk mengembangkan, menguji, dan memelihara aplikasi mobile tingkat lanjut."
TIK.DEV0612,SUPERVISOR MOBILE COMPUTING (MOBILE COMPUTING SUPERVISOR),mengembangkan dan menerapkan solusi mobilitas yang kompleks untuk perusahaan
TIK.DEV0612,SUPERVISOR MOBILE COMPUTING (MOBILE COMPUTING SUPERVISOR),komunikatif
TIK.DEV0612,SUPERVISOR MOBILE COMPUTING (MOBILE COMPUTING SUPERVISOR),senang dengan data-data atau angka
TIK.DEV0612,SUPERVISOR MOBILE COMPUTING (MOBILE COMPUTING SUPERVISOR),teamwork
TIK.DEV0612,SUPERVISOR MOBILE COMPUTING (MOBILE COMPUTING SUPERVISOR),rasa ingin tahu tinggi
TIK.DEV0612,SUPERVISOR MOBILE COMPUTING (MOBILE COMPUTING SUPERVISOR),responsif
TIK.DEV0612,SUPERVISOR MOBILE COMPUTING (MOBILE COMPUTING SUPERVISOR),mengembangkan aplikasi dan layanan seluler yang inovatif dan menarik
TIK.DEV0612,SUPERVISOR MOBILE COMPUTING (MOBILE COMPUTING SUPERVISOR),"mengelola infrastruktur seluler, seperti jaringan, perangkat, dan perangkat lunak"
TIK.DEV0612,SUPERVISOR MOBILE COMPUTING (MOBILE COMPUTING SUPERVISOR),mengembangkan dan menerapkan solusi keamanan seluler untuk melindungi data seluler
TIK.DEV0612,SUPERVISOR MOBILE COMPUTING (MOBILE COMPUTING SUPERVISOR),mengembangkan dan mengelola ekosistem seluler yang terpadu
TIK.DEV0612,SUPERVISOR MOBILE COMPUTING (MOBILE COMPUTING SUPERVISOR),merancang mobile security measurement
TIK.DEV0612,SUPERVISOR MOBILE COMPUTING (MOBILE COMPUTING SUPERVISOR),mengembangkan smart client security
TIK.DEV0612,SUPERVISOR MOBILE COMPUTING (MOBILE COMPUTING SUPERVISOR),merancang tentang wireless security protocol
TIK.DEV0612,SUPERVISOR MOBILE COMPUTING (MOBILE COMPUTING SUPERVISOR),melaksanakan mobile forensic
TIK.DEV0612,SUPERVISOR MOBILE COMPUTING (MOBILE COMPUTING SUPERVISOR),membuat mobile unified communication
TIK.DEV0612,SUPERVISOR MOBILE COMPUTING (MOBILE COMPUTING SUPERVISOR),mengembangkan mobile financial
TIK.DEV0612,SUPERVISOR MOBILE COMPUTING (MOBILE COMPUTING SUPERVISOR),merancang mobile cloud computing
TIK.DEV0612,SUPERVISOR MOBILE COMPUTING (MOBILE COMPUTING SUPERVISOR),mengembangkan mobile sensor pada mobile computing environment
TIK.DEV0612,SUPERVISOR MOBILE COMPUTING (MOBILE COMPUTING SUPERVISOR),merancang spesifikasi teknis smart phone/tablet sesuai kebutuhan pengguna
TIK.DEV0612,SUPERVISOR MOBILE COMPUTING (MOBILE COMPUTING SUPERVISOR),merancang wireless sensor network (wsn)
TIK.DEV0612,SUPERVISOR MOBILE COMPUTING (MOBILE COMPUTING SUPERVISOR),menunjukkan internet of things (iot) dan smart city technology
TIK.DEV0613,ANALIS SISTEM (SYSTEM ANALYST),"orang analis sistem adalah seorang profesional yang menganalisis, merancang, dan mengimplementasikan sistem informasi. mereka memainkan peran penting dalam menjembatani kesenjangan antara kebutuhan bisnis dan solusi teknologi. analis sistem bekerja sama dengan pemangku kepentingan, pengembang, dan pengguna akhir untuk memastikan bahwa sistem efisien, efektif, dan selaras dengan tujuan organisasi."
TIK.DEV0613,ANALIS SISTEM (SYSTEM ANALYST),merancang struktur perangkat lunak
TIK.DEV0613,ANALIS SISTEM (SYSTEM ANALYST),mengimplementasikan sistem informasi
TIK.DEV0613,ANALIS SISTEM (SYSTEM ANALYST),"memastikan bahwa sistem efisien, efektif, dan selaras dengan tujuan"
TIK.DEV0613,ANALIS SISTEM (SYSTEM ANALYST),kreatif dan inovatif
TIK.DEV0613,ANALIS SISTEM (SYSTEM ANALYST),komunikatif
TIK.DEV0613,ANALIS SISTEM (SYSTEM ANALYST),mampu merencanakan dan mengorganisasi
TIK.DEV0613,ANALIS SISTEM (SYSTEM ANALYST),mampu bekerjasama
TIK.DEV0613,ANALIS SISTEM (SYSTEM ANALYST),memiliki leadership
TIK.DEV0613,ANALIS SISTEM (SYSTEM ANALYST),mampu melakukan research & development di bidang teknologi
TIK.DEV0613,ANALIS SISTEM (SYSTEM ANALYST),mengikuti perkembangan teknologi dunia
TIK.DEV0613,ANALIS SISTEM (SYSTEM ANALYST),melakukan analisis kebutuhan pengguna (user) untuk menentukan apa yang dibutuhkan pengguna dari sistem informasi yang akan dibuat
TIK.DEV0613,ANALIS SISTEM (SYSTEM ANALYST),mendesain sistem informasi yang memenuhi kebutuhan pengguna dan sesuai dengan tujuan organisasi
TIK.DEV0613,ANALIS SISTEM (SYSTEM ANALYST),"melakukan implementasi sistem informasi, termasuk menulis kode, menguji sistem, dan melakukan instalasi sistem"
TIK.DEV0613,ANALIS SISTEM (SYSTEM ANALYST),memantau dan memelihara sistem informasi untuk memastikan sistem berfungsi dengan baik
TIK.DEV0613,ANALIS SISTEM (SYSTEM ANALYST),melakukan pengujian sistem
TIK.DEV0613,ANALIS SISTEM (SYSTEM ANALYST),melakukan pemeliharaan sistem
TIK.DEV0613,ANALIS SISTEM (SYSTEM ANALYST),memiliki keterampilan analisis bisnis;
TIK.DEV0613,ANALIS SISTEM (SYSTEM ANALYST),memiliki keterampilan pemrograman;
TIK.DEV0613,ANALIS SISTEM (SYSTEM ANALYST),memiliki keterampilan desain sistem;
TIK.DEV0613,ANALIS SISTEM (SYSTEM ANALYST),memiliki keterampilan manajemen proyek;
TIK.DEV0613,ANALIS SISTEM (SYSTEM ANALYST),memiliki keterampilan komunikasi;
TIK.DEV0613,ANALIS SISTEM (SYSTEM ANALYST),memiliki keterampilan kerja tim.
TIK.DEV0613,ANALIS SISTEM (SYSTEM ANALYST),melakukan negosiasi kebutuhan perangkat lunak
TIK.DEV0613,ANALIS SISTEM (SYSTEM ANALYST),menyusun kebutuhan dokumentasi spesifikasi perangkat lunak
TIK.DEV0613,ANALIS SISTEM (SYSTEM ANALYST),menyusun spesifikasi kebutuhan sistem
TIK.DEV0613,ANALIS SISTEM (SYSTEM ANALYST),menyusun spesifikasi kebutuhan perangkat lunak
TIK.DEV0613,ANALIS SISTEM (SYSTEM ANALYST),meninjau ulang (review) kebutuhan perangkat lunak
TIK.DEV0613,ANALIS SISTEM (SYSTEM ANALYST),melakukan validasi model dan uji penerimaan pengguna kebutuhan perangkat lunak
TIK.DEV0613,ANALIS SISTEM (SYSTEM ANALYST),merancang struktur perangkat lunak
TIK.DEV0613,ANALIS SISTEM (SYSTEM ANALYST),merancang komponen perangkat lunak
TIK.DEV0613,ANALIS SISTEM (SYSTEM ANALYST),merancang user interface (ui)
TIK.DEV0613,ANALIS SISTEM (SYSTEM ANALYST),merancang user experience (ux)
TIK.DEV0613,ANALIS SISTEM (SYSTEM ANALYST),mengimplementasikan kebutuhan organisasi pada layanan cloud
TIK.DEV0613,ANALIS SISTEM (SYSTEM ANALYST),mengklasifikasikan informasi yang bersifat rahasia
TIK.DEV0613,ANALIS SISTEM (SYSTEM ANALYST),melaksanakan pengamanan informasi yang bersifat rahasia
TIK.DEV0614,SUPERVISOR DUKUNGAN TI (IT SUPPORT SUPERVISOR),orang profesi yang bertanggung jawab untuk memberikan dukungan teknis kepada pengguna perangkat keras dan perangkat lunak komputer.
TIK.DEV0614,SUPERVISOR DUKUNGAN TI (IT SUPPORT SUPERVISOR),membantu pengguna dalam menyelesaikan masalah teknis
TIK.DEV0614,SUPERVISOR DUKUNGAN TI (IT SUPPORT SUPERVISOR),memeriksa dan memperbaiki sistem
TIK.DEV0614,SUPERVISOR DUKUNGAN TI (IT SUPPORT SUPERVISOR),melakukan pembersihan virus dan malware
TIK.DEV0614,SUPERVISOR DUKUNGAN TI (IT SUPPORT SUPERVISOR),kreatif dan inovatif
TIK.DEV0614,SUPERVISOR DUKUNGAN TI (IT SUPPORT SUPERVISOR),komunikatif
TIK.DEV0614,SUPERVISOR DUKUNGAN TI (IT SUPPORT SUPERVISOR),mampu merencanakan dan mengorganisasi
TIK.DEV0614,SUPERVISOR DUKUNGAN TI (IT SUPPORT SUPERVISOR),mampu bekerjasama
TIK.DEV0614,SUPERVISOR DUKUNGAN TI (IT SUPPORT SUPERVISOR),mampu melakukan research & development di bidang teknologi
TIK.DEV0614,SUPERVISOR DUKUNGAN TI (IT SUPPORT SUPERVISOR),mengikuti perkembangan teknologi dunia
TIK.DEV0614,SUPERVISOR DUKUNGAN TI (IT SUPPORT SUPERVISOR),"menangani masalah teknis yang dialami pengguna komputer dan sistem informasi, seperti masalah perangkat keras, perangkat lunak, jaringan, dan internet"
TIK.DEV0614,SUPERVISOR DUKUNGAN TI (IT SUPPORT SUPERVISOR),melakukan instalasi dan konfigurasi perangkat keras dan perangkat lunak
TIK.DEV0614,SUPERVISOR DUKUNGAN TI (IT SUPPORT SUPERVISOR),melakukan perawatan dan pemeliharaan perangkat keras dan perangkat lunak
TIK.DEV0614,SUPERVISOR DUKUNGAN TI (IT SUPPORT SUPERVISOR),memberikan pelatihan kepada pengguna komputer dan sistem informasi
TIK.DEV0614,SUPERVISOR DUKUNGAN TI (IT SUPPORT SUPERVISOR),menangani masalah dan pertanyaan teknis dari pengguna
TIK.DEV0614,SUPERVISOR DUKUNGAN TI (IT SUPPORT SUPERVISOR),menyediakan pelatihan dan dukungan teknis kepada pengguna
TIK.DEV0614,SUPERVISOR DUKUNGAN TI (IT SUPPORT SUPERVISOR),"memiliki pengetahuan tentang berbagai teknologi informasi, termasuk perangkat lunak, perangkat keras, dan jaringan;"
TIK.DEV0614,SUPERVISOR DUKUNGAN TI (IT SUPPORT SUPERVISOR),memiliki kemampuan untuk menggunakan berbagai alat dan perangkat lunak.
TIK.DEV0614,SUPERVISOR DUKUNGAN TI (IT SUPPORT SUPERVISOR),merumuskan kebutuhan pengguna
TIK.DEV0614,SUPERVISOR DUKUNGAN TI (IT SUPPORT SUPERVISOR),merancang spesifikasi sesuai dengan fungsi dan kebutuhan pengguna
TIK.DEV0614,SUPERVISOR DUKUNGAN TI (IT SUPPORT SUPERVISOR),memasang interface card
TIK.DEV0614,SUPERVISOR DUKUNGAN TI (IT SUPPORT SUPERVISOR),memasang hard disk
TIK.DEV0614,SUPERVISOR DUKUNGAN TI (IT SUPPORT SUPERVISOR),memasang motherboard
TIK.DEV0614,SUPERVISOR DUKUNGAN TI (IT SUPPORT SUPERVISOR),memasang memory
TIK.DEV0614,SUPERVISOR DUKUNGAN TI (IT SUPPORT SUPERVISOR),memasang prosesor
TIK.DEV0614,SUPERVISOR DUKUNGAN TI (IT SUPPORT SUPERVISOR),memasang optical drive
TIK.DEV0614,SUPERVISOR DUKUNGAN TI (IT SUPPORT SUPERVISOR),merawat cpu
TIK.DEV0614,SUPERVISOR DUKUNGAN TI (IT SUPPORT SUPERVISOR),merawat hard disk
TIK.DEV0614,SUPERVISOR DUKUNGAN TI (IT SUPPORT SUPERVISOR),merawat peripheral
TIK.DEV0614,SUPERVISOR DUKUNGAN TI (IT SUPPORT SUPERVISOR),memperbaiki cpu
TIK.DEV0614,SUPERVISOR DUKUNGAN TI (IT SUPPORT SUPERVISOR),memperbaiki keyboard
TIK.DEV0614,SUPERVISOR DUKUNGAN TI (IT SUPPORT SUPERVISOR),memperbaiki optical drive
TIK.DEV0614,SUPERVISOR DUKUNGAN TI (IT SUPPORT SUPERVISOR),memperbaiki monitor
TIK.DEV0614,SUPERVISOR DUKUNGAN TI (IT SUPPORT SUPERVISOR),memperbaiki printer
TIK.DEV0614,SUPERVISOR DUKUNGAN TI (IT SUPPORT SUPERVISOR),memperbaiki scanner
TIK.DEV0614,SUPERVISOR DUKUNGAN TI (IT SUPPORT SUPERVISOR),memperbaiki proyektor
TIK.DEV0614,SUPERVISOR DUKUNGAN TI (IT SUPPORT SUPERVISOR),melakukan setting bios
TIK.DEV0614,SUPERVISOR DUKUNGAN TI (IT SUPPORT SUPERVISOR),melakukan instalasi sistem operasi
TIK.DEV0614,SUPERVISOR DUKUNGAN TI (IT SUPPORT SUPERVISOR),melakukan instalasi software aplikasi
TIK.DEV0615,PENGEMBANG SISTEM PERANGKAT LUNAK (SOFTWARE SYSTEM DEVELOPER),"orang profesional yang bertanggung jawab untuk merancang, membangun, dan memelihara sistem perangkat lunak. sistem perangkat lunak adalah sekumpulan perangkat lunak yang bekerja sama untuk mencapai tujuan tertentu. seperti, sistem perangkat lunak dapat berupa sistem operasi, database, atau aplikasi web."
TIK.DEV0615,PENGEMBANG SISTEM PERANGKAT LUNAK (SOFTWARE SYSTEM DEVELOPER),perancangan sistem
TIK.DEV0615,PENGEMBANG SISTEM PERANGKAT LUNAK (SOFTWARE SYSTEM DEVELOPER),pengembangan sistem
TIK.DEV0615,PENGEMBANG SISTEM PERANGKAT LUNAK (SOFTWARE SYSTEM DEVELOPER),pengujian sistem
TIK.DEV0615,PENGEMBANG SISTEM PERANGKAT LUNAK (SOFTWARE SYSTEM DEVELOPER),kreatif dan inovatif
TIK.DEV0615,PENGEMBANG SISTEM PERANGKAT LUNAK (SOFTWARE SYSTEM DEVELOPER),komunikatif
TIK.DEV0615,PENGEMBANG SISTEM PERANGKAT LUNAK (SOFTWARE SYSTEM DEVELOPER),mampu merencanakan dan mengorganisasi
TIK.DEV0615,PENGEMBANG SISTEM PERANGKAT LUNAK (SOFTWARE SYSTEM DEVELOPER),mampu bekerjasama
TIK.DEV0615,PENGEMBANG SISTEM PERANGKAT LUNAK (SOFTWARE SYSTEM DEVELOPER),memiliki leadership
TIK.DEV0615,PENGEMBANG SISTEM PERANGKAT LUNAK (SOFTWARE SYSTEM DEVELOPER),mampu melakukan research & development di bidang teknologi
TIK.DEV0615,PENGEMBANG SISTEM PERANGKAT LUNAK (SOFTWARE SYSTEM DEVELOPER),mengikuti perkembangan teknologi dunia
TIK.DEV0615,PENGEMBANG SISTEM PERANGKAT LUNAK (SOFTWARE SYSTEM DEVELOPER),berkolaborasi dengan pemangku kepentingan untuk memahami kebutuhan sistem
TIK.DEV0615,PENGEMBANG SISTEM PERANGKAT LUNAK (SOFTWARE SYSTEM DEVELOPER),mendesain arsitektur sistem dan komponen-komponennya
TIK.DEV0615,PENGEMBANG SISTEM PERANGKAT LUNAK (SOFTWARE SYSTEM DEVELOPER),mengembangkan kode untuk sistem
TIK.DEV0615,PENGEMBANG SISTEM PERANGKAT LUNAK (SOFTWARE SYSTEM DEVELOPER),menguji sistem untuk memastikan keandalan dan kinerjanya
TIK.DEV0615,PENGEMBANG SISTEM PERANGKAT LUNAK (SOFTWARE SYSTEM DEVELOPER),memelihara sistem untuk memastikannya tetap berfungsi dengan baik
TIK.DEV0615,PENGEMBANG SISTEM PERANGKAT LUNAK (SOFTWARE SYSTEM DEVELOPER),merancang sistem
TIK.DEV0615,PENGEMBANG SISTEM PERANGKAT LUNAK (SOFTWARE SYSTEM DEVELOPER),membangun sistem
TIK.DEV0615,PENGEMBANG SISTEM PERANGKAT LUNAK (SOFTWARE SYSTEM DEVELOPER),memelihara sistem
TIK.DEV0615,PENGEMBANG SISTEM PERANGKAT LUNAK (SOFTWARE SYSTEM DEVELOPER),melakukan pengujian dan perbaikan sistem perangkat lunak
TIK.DEV0615,PENGEMBANG SISTEM PERANGKAT LUNAK (SOFTWARE SYSTEM DEVELOPER),mendokumentasikan sistem perangkat lunak
TIK.DEV0615,PENGEMBANG SISTEM PERANGKAT LUNAK (SOFTWARE SYSTEM DEVELOPER),pengetahuan tentang bahasa pemrograman;
TIK.DEV0615,PENGEMBANG SISTEM PERANGKAT LUNAK (SOFTWARE SYSTEM DEVELOPER),pengetahuan tentang rekayasa perangkat lunak;
TIK.DEV0615,PENGEMBANG SISTEM PERANGKAT LUNAK (SOFTWARE SYSTEM DEVELOPER),pengetahuan tentang rekayasa perangkat lunak.
TIK.DEV0615,PENGEMBANG SISTEM PERANGKAT LUNAK (SOFTWARE SYSTEM DEVELOPER),menganalisis skalabilitas perangkat lunak
TIK.DEV0615,PENGEMBANG SISTEM PERANGKAT LUNAK (SOFTWARE SYSTEM DEVELOPER),"melakukan identifikasi library, komponen atau framework yang diperlukan"
TIK.DEV0615,PENGEMBANG SISTEM PERANGKAT LUNAK (SOFTWARE SYSTEM DEVELOPER),merancang arsitektur aplikasi
TIK.DEV0615,PENGEMBANG SISTEM PERANGKAT LUNAK (SOFTWARE SYSTEM DEVELOPER),mengimplementasikan network programming
TIK.DEV0615,PENGEMBANG SISTEM PERANGKAT LUNAK (SOFTWARE SYSTEM DEVELOPER),menerapkan pemrograman real time
TIK.DEV0615,PENGEMBANG SISTEM PERANGKAT LUNAK (SOFTWARE SYSTEM DEVELOPER),menerapkan pemrograman parallel
TIK.DEV0615,PENGEMBANG SISTEM PERANGKAT LUNAK (SOFTWARE SYSTEM DEVELOPER),menerapkan code review
TIK.DEV0615,PENGEMBANG SISTEM PERANGKAT LUNAK (SOFTWARE SYSTEM DEVELOPER),melaksanakan pengujian kode program secara statis
TIK.DEV0615,PENGEMBANG SISTEM PERANGKAT LUNAK (SOFTWARE SYSTEM DEVELOPER),melakukan pemantauan resource yang digunakan aplikasi
TIK.DEV0615,PENGEMBANG SISTEM PERANGKAT LUNAK (SOFTWARE SYSTEM DEVELOPER),merancang struktur perangkat lunak
TIK.DEV0615,PENGEMBANG SISTEM PERANGKAT LUNAK (SOFTWARE SYSTEM DEVELOPER),merancang komponen perangkat lunak
TIK.DEV0615,PENGEMBANG SISTEM PERANGKAT LUNAK (SOFTWARE SYSTEM DEVELOPER),merancang user interface (ui)
TIK.DEV0615,PENGEMBANG SISTEM PERANGKAT LUNAK (SOFTWARE SYSTEM DEVELOPER),merancang user experience (ux)
TIK.DEV0615,PENGEMBANG SISTEM PERANGKAT LUNAK (SOFTWARE SYSTEM DEVELOPER),melakukan inventarisasi hardware
TIK.DEV0615,PENGEMBANG SISTEM PERANGKAT LUNAK (SOFTWARE SYSTEM DEVELOPER),melakukan inventarisasi software
TIK.DEV0615,PENGEMBANG SISTEM PERANGKAT LUNAK (SOFTWARE SYSTEM DEVELOPER),menerapkan standar standar keamanan informasi yang berlaku
TIK.DEV0615,PENGEMBANG SISTEM PERANGKAT LUNAK (SOFTWARE SYSTEM DEVELOPER),mengelola risiko keamanan informasi
TIK.DEV0615,PENGEMBANG SISTEM PERANGKAT LUNAK (SOFTWARE SYSTEM DEVELOPER),mengelola ruang lingkup proyek (project scope management)
TIK.DEV0615,PENGEMBANG SISTEM PERANGKAT LUNAK (SOFTWARE SYSTEM DEVELOPER),mengelola kualitas proyek (project quality management)
TIK.DEV0616,SUPERVISOR INFORMASI (INFORMATION SUPERVISOR),"orang profesional yang bertanggung jawab untuk mengelola informasi, yakni bertanggung jawab untuk mengembangkan dan menerapkan kebijakan dan prosedur pengelolaan informasi, mengelola sistem informasi, dan menyediakan dukungan teknis kepada pengguna informasi."
TIK.DEV0616,SUPERVISOR INFORMASI (INFORMATION SUPERVISOR),mengelola pengebangan sistem informasi perusahaan
TIK.DEV0616,SUPERVISOR INFORMASI (INFORMATION SUPERVISOR),merancang dan mengimplementasikan solusi teknologi informasi
TIK.DEV0616,SUPERVISOR INFORMASI (INFORMATION SUPERVISOR),kreatif dan inovatif
TIK.DEV0616,SUPERVISOR INFORMASI (INFORMATION SUPERVISOR),komunikatif
TIK.DEV0616,SUPERVISOR INFORMASI (INFORMATION SUPERVISOR),mampu merencanakan dan mengorganisasi
TIK.DEV0616,SUPERVISOR INFORMASI (INFORMATION SUPERVISOR),mampu bekerjasama
TIK.DEV0616,SUPERVISOR INFORMASI (INFORMATION SUPERVISOR),memiliki leadership
TIK.DEV0616,SUPERVISOR INFORMASI (INFORMATION SUPERVISOR),mampu melakukan research & development di bidang teknologi
TIK.DEV0616,SUPERVISOR INFORMASI (INFORMATION SUPERVISOR),mengikuti perkembangan teknologi dunia
TIK.DEV0616,SUPERVISOR INFORMASI (INFORMATION SUPERVISOR),mengelola dan mengembangkan sistem informasi perusahaan
TIK.DEV0616,SUPERVISOR INFORMASI (INFORMATION SUPERVISOR),merancang dan mengimplementasikan solusi teknologi informasi
TIK.DEV0616,SUPERVISOR INFORMASI (INFORMATION SUPERVISOR),melakukan analisis dan evaluasi sistem informasi
TIK.DEV0616,SUPERVISOR INFORMASI (INFORMATION SUPERVISOR),melakukan pelatihan dan dukungan teknis kepada pengguna sistem informasi
TIK.DEV0616,SUPERVISOR INFORMASI (INFORMATION SUPERVISOR),merumuskan dan mengimplementasikan strategi informasi organisasi
TIK.DEV0616,SUPERVISOR INFORMASI (INFORMATION SUPERVISOR),menganggarkan dan mengelola sumber daya informasi organisasi
TIK.DEV0616,SUPERVISOR INFORMASI (INFORMATION SUPERVISOR),memantau dan mengevaluasi kinerja sistem informasi organisasi
TIK.DEV0616,SUPERVISOR INFORMASI (INFORMATION SUPERVISOR),memiliki pemahaman yang baik tentang sistem informasi;
TIK.DEV0616,SUPERVISOR INFORMASI (INFORMATION SUPERVISOR),memiliki kemampuan analisis dan problem solving yang baik;
TIK.DEV0616,SUPERVISOR INFORMASI (INFORMATION SUPERVISOR),memiliki kemampuan komunikasi dan interpersonal yang baik.
TIK.DEV0616,SUPERVISOR INFORMASI (INFORMATION SUPERVISOR),mengumpulkan data
TIK.DEV0616,SUPERVISOR INFORMASI (INFORMATION SUPERVISOR),menelaah data
TIK.DEV0616,SUPERVISOR INFORMASI (INFORMATION SUPERVISOR),memvalidasi data
TIK.DEV0616,SUPERVISOR INFORMASI (INFORMATION SUPERVISOR),mengelola kualitas data
TIK.DEV0616,SUPERVISOR INFORMASI (INFORMATION SUPERVISOR),mengelola dokumen dan konten
TIK.DEV0617,SUPERVISOR TEKNIK MULTIMEDIA (MULTIMEDIA TECHNICAL SUPERVISOR),mengarahkan seluruh tim produksi teknikal untuk menciptakan program multimedia melalui inovasi software dan hardware
TIK.DEV0617,SUPERVISOR TEKNIK MULTIMEDIA (MULTIMEDIA TECHNICAL SUPERVISOR),menciptakan/berinovasi dengan teknologi baru
TIK.DEV0617,SUPERVISOR TEKNIK MULTIMEDIA (MULTIMEDIA TECHNICAL SUPERVISOR),kreatif dan inovatif
TIK.DEV0617,SUPERVISOR TEKNIK MULTIMEDIA (MULTIMEDIA TECHNICAL SUPERVISOR),komunikatif
TIK.DEV0617,SUPERVISOR TEKNIK MULTIMEDIA (MULTIMEDIA TECHNICAL SUPERVISOR),mampu merencanakan dan mengorganisasi
TIK.DEV0617,SUPERVISOR TEKNIK MULTIMEDIA (MULTIMEDIA TECHNICAL SUPERVISOR),mampu bekerjasama
TIK.DEV0617,SUPERVISOR TEKNIK MULTIMEDIA (MULTIMEDIA TECHNICAL SUPERVISOR),memiliki leadership
TIK.DEV0617,SUPERVISOR TEKNIK MULTIMEDIA (MULTIMEDIA TECHNICAL SUPERVISOR),mampu melakukan research & development di bidang teknologi
TIK.DEV0617,SUPERVISOR TEKNIK MULTIMEDIA (MULTIMEDIA TECHNICAL SUPERVISOR),mengikuti perkembangan teknologi dunia
TIK.DEV0617,SUPERVISOR TEKNIK MULTIMEDIA (MULTIMEDIA TECHNICAL SUPERVISOR),menciptakan inovasi untuk keperluan projek multimedia
TIK.DEV0617,SUPERVISOR TEKNIK MULTIMEDIA (MULTIMEDIA TECHNICAL SUPERVISOR),memastikan teknologi yang digunakan sesuai dengan keperluan perusahaan
TIK.DEV0617,SUPERVISOR TEKNIK MULTIMEDIA (MULTIMEDIA TECHNICAL SUPERVISOR),memberikan arahan teknologi untuk produk-produk baru multimedia
TIK.DEV0617,SUPERVISOR TEKNIK MULTIMEDIA (MULTIMEDIA TECHNICAL SUPERVISOR),menciptakan inovasi untuk keperluan projek multimedia
TIK.DEV0617,SUPERVISOR TEKNIK MULTIMEDIA (MULTIMEDIA TECHNICAL SUPERVISOR),memastikan teknologi yang digunakan sesuai dengan keperluan perusahaan
TIK.DEV0617,SUPERVISOR TEKNIK MULTIMEDIA (MULTIMEDIA TECHNICAL SUPERVISOR),memberikan arahan teknologi untuk produk-produk baru multimedia
TIK.DEV0617,SUPERVISOR TEKNIK MULTIMEDIA (MULTIMEDIA TECHNICAL SUPERVISOR),menerapkan perlindungan hak kekayaan intelektual
TIK.DEV0617,SUPERVISOR TEKNIK MULTIMEDIA (MULTIMEDIA TECHNICAL SUPERVISOR),menerapkan kepemimpinan dan komunikasi
TIK.DEV0617,SUPERVISOR TEKNIK MULTIMEDIA (MULTIMEDIA TECHNICAL SUPERVISOR),mengelola proyek secara terintegrasi (project integration management)
TIK.DEV0617,SUPERVISOR TEKNIK MULTIMEDIA (MULTIMEDIA TECHNICAL SUPERVISOR),mengelola ruang lingkup proyek (project scope management)
TIK.DEV0617,SUPERVISOR TEKNIK MULTIMEDIA (MULTIMEDIA TECHNICAL SUPERVISOR),mengelola jadwal waktu proyek (project time management)
TIK.DEV0617,SUPERVISOR TEKNIK MULTIMEDIA (MULTIMEDIA TECHNICAL SUPERVISOR),mengelola biaya proyek (project cost management)
TIK.DEV0617,SUPERVISOR TEKNIK MULTIMEDIA (MULTIMEDIA TECHNICAL SUPERVISOR),mengelola kualitas proyek (project quality management)
TIK.DEV0617,SUPERVISOR TEKNIK MULTIMEDIA (MULTIMEDIA TECHNICAL SUPERVISOR),merencanakan dan mengorganisasi tim teknikal/teknologi
TIK.DEV0617,SUPERVISOR TEKNIK MULTIMEDIA (MULTIMEDIA TECHNICAL SUPERVISOR),merencanakan dan membuat teknologi yang disepakati
TIK.DEV0617,SUPERVISOR TEKNIK MULTIMEDIA (MULTIMEDIA TECHNICAL SUPERVISOR),melakukan penjadwalan (scheduling) konten/ program
TIK.DEV0617,SUPERVISOR TEKNIK MULTIMEDIA (MULTIMEDIA TECHNICAL SUPERVISOR),mengelola proses pembuatan asset teknologi
TIK.DEV0617,SUPERVISOR TEKNIK MULTIMEDIA (MULTIMEDIA TECHNICAL SUPERVISOR),melakukan koordinasi untuk membahas perencanaan research & development untuk teknologi bersama dengan tim dan pemangku kepentingan
TIK.DEV0618,PENGELOLA ERP (ERP OFFICER),"orang yang bertanggung jawab untuk mengembangkan, mengimplementasikan, dan memelihara sistem erp di sebuah perusahaan."
TIK.DEV0618,PENGELOLA ERP (ERP OFFICER),mengembangkan dan mengimplementasikan sistem erp perusahaan
TIK.DEV0618,PENGELOLA ERP (ERP OFFICER),memastikan bahwa sistem erp perusahaan sesuai dengan kebutuhan bisnis dan keamanan
TIK.DEV0618,PENGELOLA ERP (ERP OFFICER),komunikatif
TIK.DEV0618,PENGELOLA ERP (ERP OFFICER),senang dengan teknologi baru
TIK.DEV0618,PENGELOLA ERP (ERP OFFICER),teamwork
TIK.DEV0618,PENGELOLA ERP (ERP OFFICER),merencanakan dan mengorganisasi pekerjaan
TIK.DEV0618,PENGELOLA ERP (ERP OFFICER),sadar biaya
TIK.DEV0618,PENGELOLA ERP (ERP OFFICER),teliti
TIK.DEV0618,PENGELOLA ERP (ERP OFFICER),menganalisis kebutuhan bisnis dan proses operasional perusahaan
TIK.DEV0618,PENGELOLA ERP (ERP OFFICER),mengembangkan desain sistem erp yang sesuai dengan kebutuhan bisnis
TIK.DEV0618,PENGELOLA ERP (ERP OFFICER),melakukan konfigurasi dan implementasi sistem erp
TIK.DEV0618,PENGELOLA ERP (ERP OFFICER),melakukan pelatihan dan dokumentasi sistem erp
TIK.DEV0618,PENGELOLA ERP (ERP OFFICER),menyediakan dukungan dan pemeliharaan sistem erp
TIK.DEV0618,PENGELOLA ERP (ERP OFFICER),memiliki akses ke data dan informasi perusahaan
TIK.DEV0618,PENGELOLA ERP (ERP OFFICER),melakukan perubahan dan perbaikan pada sistem erp
TIK.DEV0618,PENGELOLA ERP (ERP OFFICER),membuat keputusan terkait dengan sistem erp
TIK.DEV0618,PENGELOLA ERP (ERP OFFICER),menyusun kebutuhan proses bisnis yang berjalan
TIK.DEV0618,PENGELOLA ERP (ERP OFFICER),menyusun kriteria dan ukuran proses bisnis yang sesuai kebutuhan
TIK.DEV0618,PENGELOLA ERP (ERP OFFICER),menghasilkan proses bisnis yang sesuai dengan kebutuhan
TIK.DEV0618,PENGELOLA ERP (ERP OFFICER),menyusun proses bisnis yang sesuai kebutuhan dalam bentuk dokumen
TIK.DEV0618,PENGELOLA ERP (ERP OFFICER),membandingkan proses bisnis yang berjalan dengan proses bisnis yang sesuai kebutuhan
TIK.DEV0618,PENGELOLA ERP (ERP OFFICER),mengevaluasi hasil analisis gap
TIK.DEV0618,PENGELOLA ERP (ERP OFFICER),membuat dokumen rencana perpindahan sistem
TIK.DEV0618,PENGELOLA ERP (ERP OFFICER),mengevaluasi kriteria sistem erp yang sesuai kebutuhan
TIK.DEV0618,PENGELOLA ERP (ERP OFFICER),mengidentifikasi kebutuhan transaksi operasional
TIK.DEV0618,PENGELOLA ERP (ERP OFFICER),menentukan sistem erp berdasarkan kebutuhan transaksi operasional
TIK.DEV0618,PENGELOLA ERP (ERP OFFICER),menganalisis alternate flow dari proses bisnis
TIK.DEV0618,PENGELOLA ERP (ERP OFFICER),menyusun dokumen pengujian (test case)
TIK.DEV0618,PENGELOLA ERP (ERP OFFICER),melakukan pengujian sistem erp sesuai kebutuhan pengguna (user acceptance test/uat)
TIK.DEV0618,PENGELOLA ERP (ERP OFFICER),merancang rencana pemulihan dari bencana (disaster recovery plan)
TIK.DEV0619,AHLI MANAJEMEN SUMBER DAYA PERUSAHAAN (ENTERPRISE RESOURCE MANAGEMENT,orang yang bertanggung jawab untuk mengelola proses bisnis sistem erp.
TIK.DEV0619,AHLI MANAJEMEN SUMBER DAYA PERUSAHAAN (ENTERPRISE RESOURCE MANAGEMENT,bertanggung jawab atas proses bisnis erp tertentu
TIK.DEV0619,AHLI MANAJEMEN SUMBER DAYA PERUSAHAAN (ENTERPRISE RESOURCE MANAGEMENT,memastikan bahwa proses bisnis erp berjalan dengan lancar dan efisien
TIK.DEV0619,AHLI MANAJEMEN SUMBER DAYA PERUSAHAAN (ENTERPRISE RESOURCE MANAGEMENT,komunikatif
TIK.DEV0619,AHLI MANAJEMEN SUMBER DAYA PERUSAHAAN (ENTERPRISE RESOURCE MANAGEMENT,senang dengan perkembangan teknologi
TIK.DEV0619,AHLI MANAJEMEN SUMBER DAYA PERUSAHAAN (ENTERPRISE RESOURCE MANAGEMENT,berpikir sistematik
TIK.DEV0619,AHLI MANAJEMEN SUMBER DAYA PERUSAHAAN (ENTERPRISE RESOURCE MANAGEMENT,teamwork
TIK.DEV0619,AHLI MANAJEMEN SUMBER DAYA PERUSAHAAN (ENTERPRISE RESOURCE MANAGEMENT,teliti
TIK.DEV0619,AHLI MANAJEMEN SUMBER DAYA PERUSAHAAN (ENTERPRISE RESOURCE MANAGEMENT,menganalisis dan mendefinisikan proses bisnis
TIK.DEV0619,AHLI MANAJEMEN SUMBER DAYA PERUSAHAAN (ENTERPRISE RESOURCE MANAGEMENT,menerapkan dan mengoptimalkan proses bisnis
TIK.DEV0619,AHLI MANAJEMEN SUMBER DAYA PERUSAHAAN (ENTERPRISE RESOURCE MANAGEMENT,memantau dan mengukur kinerja proses bisnis
TIK.DEV0619,AHLI MANAJEMEN SUMBER DAYA PERUSAHAAN (ENTERPRISE RESOURCE MANAGEMENT,mendukung pengguna dalam penggunaan sistem erp
TIK.DEV0619,AHLI MANAJEMEN SUMBER DAYA PERUSAHAAN (ENTERPRISE RESOURCE MANAGEMENT,mengambil keputusan tentang proses bisnis
TIK.DEV0619,AHLI MANAJEMEN SUMBER DAYA PERUSAHAAN (ENTERPRISE RESOURCE MANAGEMENT,meminta perubahan pada sistem erp
TIK.DEV0619,AHLI MANAJEMEN SUMBER DAYA PERUSAHAAN (ENTERPRISE RESOURCE MANAGEMENT,mengelola anggaran dan sumber daya untuk proses bisnis
TIK.DEV0619,AHLI MANAJEMEN SUMBER DAYA PERUSAHAAN (ENTERPRISE RESOURCE MANAGEMENT,menyusun kebutuhan proses bisnis yang berjalan
TIK.DEV0619,AHLI MANAJEMEN SUMBER DAYA PERUSAHAAN (ENTERPRISE RESOURCE MANAGEMENT,menyusun kriteria dan ukuran proses bisnis yang sesuai kebutuhan
TIK.DEV0619,AHLI MANAJEMEN SUMBER DAYA PERUSAHAAN (ENTERPRISE RESOURCE MANAGEMENT,mengevaluasi hasil analisis gap
TIK.DEV0619,AHLI MANAJEMEN SUMBER DAYA PERUSAHAAN (ENTERPRISE RESOURCE MANAGEMENT,menentukan kriteria sistem erp
TIK.DEV0619,AHLI MANAJEMEN SUMBER DAYA PERUSAHAAN (ENTERPRISE RESOURCE MANAGEMENT,mengidentifikasi kebutuhan transaksi operasional
TIK.DEV0619,AHLI MANAJEMEN SUMBER DAYA PERUSAHAAN (ENTERPRISE RESOURCE MANAGEMENT,menentukan sistem erp berdasarkan kebutuhan transaksi operasional
TIK.DEV0619,AHLI MANAJEMEN SUMBER DAYA PERUSAHAAN (ENTERPRISE RESOURCE MANAGEMENT,menganalisis alternate flow dari proses bisnis
TIK.DEV0619,AHLI MANAJEMEN SUMBER DAYA PERUSAHAAN (ENTERPRISE RESOURCE MANAGEMENT,melakukan pengujian sistem erp sesuai kebutuhan pengguna (user acceptance test/uat)
TIK.DEV0620,- PELAKSANA PDP SECARA DISAIN (PRIVACY BY DESIGN OPERATOR),orang yang bertugas memastikan sistem dan aplikasi yang dibangun sudah memenuhi kaidah pdp dan pelaksanaan prinsip pdp.
TIK.DEV0620,- PELAKSANA PDP SECARA DISAIN (PRIVACY BY DESIGN OPERATOR),"memastikan pengembangan sistem dan aplikasi dari awal sudah memperhatikan prinsip pelindungan data pribadi, pelaksanaan hak subjek data pribadi, penentuan dasar pemrosesan yang tepat, serta pelaksanaan kewajiban pengendali dan atau prosesor data pribadi lainnya"
TIK.DEV0620,- PELAKSANA PDP SECARA DISAIN (PRIVACY BY DESIGN OPERATOR),analitis
TIK.DEV0620,- PELAKSANA PDP SECARA DISAIN (PRIVACY BY DESIGN OPERATOR),bertanggung jawab
TIK.DEV0620,- PELAKSANA PDP SECARA DISAIN (PRIVACY BY DESIGN OPERATOR),berintegritas
TIK.DEV0620,- PELAKSANA PDP SECARA DISAIN (PRIVACY BY DESIGN OPERATOR),merumuskan dan mengusulkan aturan terkait privacy by design di organisasi
TIK.DEV0620,- PELAKSANA PDP SECARA DISAIN (PRIVACY BY DESIGN OPERATOR),"memastikan proses penilaian dampak pdp telah dilakukan dalam pengembangan produk, layanan, aplikasi, dan sistem yang memproses data pribadi"
TIK.DEV0620,- PELAKSANA PDP SECARA DISAIN (PRIVACY BY DESIGN OPERATOR),"memastikan pemenuhan prinsip pdp, pelaksanaan hak subjek data pribadi, retensi, pengakhiran, penghapusan, pengarsipan, pemusnahan, keamanan dalam produk, layanan, aplikasi, dan sistem yang memproses data pribadi"
TIK.DEV0620,- PELAKSANA PDP SECARA DISAIN (PRIVACY BY DESIGN OPERATOR),"memastikan adanya monitoring dan review terkait pelaksanaan privacy by design termasuk diantaranya pseudonimisasi/minimisasi data, data retention by design, dan security-by-default"
TIK.DEV0620,- PELAKSANA PDP SECARA DISAIN (PRIVACY BY DESIGN OPERATOR),melakukan pemeriksaan dan menyiapkan rancangan sistem dan aplikasi
TIK.DEV0620,- PELAKSANA PDP SECARA DISAIN (PRIVACY BY DESIGN OPERATOR),"mengusulkan persetujuan kepada manajer operasional pdp apakah pengembangan produk, layanan, aplikasi, dan sistem yang memproses data pribadi bisa diteruskan"
TIK.DEV0620,- PELAKSANA PDP SECARA DISAIN (PRIVACY BY DESIGN OPERATOR),telah mendapatkan pelatihan umum terkait peraturan perundang - undangan pelindungan data pribadi dan secara khusus terkait privacy by design yang relevan sesuai yurisdiksi terkait; dan
TIK.DEV0620,- PELAKSANA PDP SECARA DISAIN (PRIVACY BY DESIGN OPERATOR),mengidentifikasi peraturan perundang-undangan terkait pelindungan data pribadi
TIK.DEV0620,- PELAKSANA PDP SECARA DISAIN (PRIVACY BY DESIGN OPERATOR),menentukan strategi pelindungan data pribadi
TIK.DEV0620,- PELAKSANA PDP SECARA DISAIN (PRIVACY BY DESIGN OPERATOR),menerapkan program kerja pelindungan data pribadi
TIK.DEV0501,PEMROGRAM DATABASE MUDA (ASSOCIATE DATABASE PROGRAMMER),orang yang mengawasi dan memimpin tim programmer database dalam pengembangan dan pemeliharaan database. supervisor ini juga bertanggung jawab untuk memastikan bahwa database memenuhi kebutuhan bisnis dan persyaratan keamanan.
TIK.DEV0501,PEMROGRAM DATABASE MUDA (ASSOCIATE DATABASE PROGRAMMER),menyusun dan mengimplementasikan strategi pengembangan database
TIK.DEV0501,PEMROGRAM DATABASE MUDA (ASSOCIATE DATABASE PROGRAMMER),memimpin dan mengelola tim programmer database
TIK.DEV0501,PEMROGRAM DATABASE MUDA (ASSOCIATE DATABASE PROGRAMMER),berintegritas
TIK.DEV0501,PEMROGRAM DATABASE MUDA (ASSOCIATE DATABASE PROGRAMMER),independen
TIK.DEV0501,PEMROGRAM DATABASE MUDA (ASSOCIATE DATABASE PROGRAMMER),objektif
TIK.DEV0501,PEMROGRAM DATABASE MUDA (ASSOCIATE DATABASE PROGRAMMER),kritis
TIK.DEV0501,PEMROGRAM DATABASE MUDA (ASSOCIATE DATABASE PROGRAMMER),analitis
TIK.DEV0501,PEMROGRAM DATABASE MUDA (ASSOCIATE DATABASE PROGRAMMER),memimpin dan mengelola tim programmer database
TIK.DEV0501,PEMROGRAM DATABASE MUDA (ASSOCIATE DATABASE PROGRAMMER),menentukan strategi dan kebijakan pengembangan database
TIK.DEV0501,PEMROGRAM DATABASE MUDA (ASSOCIATE DATABASE PROGRAMMER),menganalisis kebutuhan sistem database
TIK.DEV0501,PEMROGRAM DATABASE MUDA (ASSOCIATE DATABASE PROGRAMMER),merencanakan dan mengembangkan desain database
TIK.DEV0501,PEMROGRAM DATABASE MUDA (ASSOCIATE DATABASE PROGRAMMER),mengawasi dan mengevaluasi kinerja tim programmer database
TIK.DEV0501,PEMROGRAM DATABASE MUDA (ASSOCIATE DATABASE PROGRAMMER),melakukan troubleshooting dan perbaikan masalah database
TIK.DEV0501,PEMROGRAM DATABASE MUDA (ASSOCIATE DATABASE PROGRAMMER),mendokumentasikan sistem database
TIK.DEV0501,PEMROGRAM DATABASE MUDA (ASSOCIATE DATABASE PROGRAMMER),memiliki pengetahuan dan pemahaman yang mendalam tentang database;
TIK.DEV0501,PEMROGRAM DATABASE MUDA (ASSOCIATE DATABASE PROGRAMMER),memiliki kemampuan analisis dan problem solving yang baik;
TIK.DEV0501,PEMROGRAM DATABASE MUDA (ASSOCIATE DATABASE PROGRAMMER),memiliki kemampuan komunikasi dan kepemimpinan yang baik.
TIK.DEV0501,PEMROGRAM DATABASE MUDA (ASSOCIATE DATABASE PROGRAMMER),menganalisis tools
TIK.DEV0501,PEMROGRAM DATABASE MUDA (ASSOCIATE DATABASE PROGRAMMER),"melakukan identifikasi library, komponen atau framework yang diperlukan"
TIK.DEV0501,PEMROGRAM DATABASE MUDA (ASSOCIATE DATABASE PROGRAMMER),menggunakan struktur data
TIK.DEV0501,PEMROGRAM DATABASE MUDA (ASSOCIATE DATABASE PROGRAMMER),mengimplementasikan rancangan entitas dan keterkaitan antar entitas
TIK.DEV0501,PEMROGRAM DATABASE MUDA (ASSOCIATE DATABASE PROGRAMMER),"menyusun fungsi, file atau sumber daya pemrograman yang lain dalam organisasi yang rapi"
TIK.DEV0501,PEMROGRAM DATABASE MUDA (ASSOCIATE DATABASE PROGRAMMER),menulis kode dengan prinsip sesuai guidelines dan best practices
TIK.DEV0501,PEMROGRAM DATABASE MUDA (ASSOCIATE DATABASE PROGRAMMER),menggunakan library atau komponen pre-existing
TIK.DEV0501,PEMROGRAM DATABASE MUDA (ASSOCIATE DATABASE PROGRAMMER),menggunakan sql
TIK.DEV0501,PEMROGRAM DATABASE MUDA (ASSOCIATE DATABASE PROGRAMMER),menerapkan akses basis data
TIK.DEV0501,PEMROGRAM DATABASE MUDA (ASSOCIATE DATABASE PROGRAMMER),mengimplementasikan algoritma pemrograman
TIK.DEV0501,PEMROGRAM DATABASE MUDA (ASSOCIATE DATABASE PROGRAMMER),membuat dokumen kode program
TIK.DEV0501,PEMROGRAM DATABASE MUDA (ASSOCIATE DATABASE PROGRAMMER),melakukan debugging
TIK.DEV0501,PEMROGRAM DATABASE MUDA (ASSOCIATE DATABASE PROGRAMMER),menerapkan source code versioning
TIK.DEV0501,PEMROGRAM DATABASE MUDA (ASSOCIATE DATABASE PROGRAMMER),melakukan profiling program
TIK.DEV0501,PEMROGRAM DATABASE MUDA (ASSOCIATE DATABASE PROGRAMMER),menerapkan code review
TIK.DEV0502,PEMROGRAM MUDA (ASSOCIATE PROGRAMMER),"orang yang berprofesi membuat dan mengembangkan suatu sistem, aplikasi, atau perangkat lunak dengan menggunakan bahasa pemrograman."
TIK.DEV0502,PEMROGRAM MUDA (ASSOCIATE PROGRAMMER),"merancang sistem, aplikasi, atau perangkat lunak sesuai dengan kebutuhan pengguna"
TIK.DEV0502,PEMROGRAM MUDA (ASSOCIATE PROGRAMMER),melakukan pengujian terhadap program yang telah ditulis
TIK.DEV0502,PEMROGRAM MUDA (ASSOCIATE PROGRAMMER),melakukan pemeliharaan dan pengembangan program yang telah dibuat
TIK.DEV0502,PEMROGRAM MUDA (ASSOCIATE PROGRAMMER),berintegritas
TIK.DEV0502,PEMROGRAM MUDA (ASSOCIATE PROGRAMMER),independen
TIK.DEV0502,PEMROGRAM MUDA (ASSOCIATE PROGRAMMER),objektif
TIK.DEV0502,PEMROGRAM MUDA (ASSOCIATE PROGRAMMER),kritis
TIK.DEV0502,PEMROGRAM MUDA (ASSOCIATE PROGRAMMER),analitis
TIK.DEV0502,PEMROGRAM MUDA (ASSOCIATE PROGRAMMER),"merancang sistem, aplikasi, atau perangkat lunak sesuai dengan kebutuhan pengguna"
TIK.DEV0502,PEMROGRAM MUDA (ASSOCIATE PROGRAMMER),"menulis kode program untuk mewujudkan sistem, aplikasi, atau perangkat lunak yang telah dirancang"
TIK.DEV0502,PEMROGRAM MUDA (ASSOCIATE PROGRAMMER),melakukan pengujian terhadap program yang telah ditulis
TIK.DEV0502,PEMROGRAM MUDA (ASSOCIATE PROGRAMMER),mendokumentasikan program yang telah ditulis
TIK.DEV0502,PEMROGRAM MUDA (ASSOCIATE PROGRAMMER),melakukan pemeliharaan dan perbaikan terhadap program yang telah ditulis
TIK.DEV0502,PEMROGRAM MUDA (ASSOCIATE PROGRAMMER),mengembangkan dan mengimplementasikan perangkat lunak
TIK.DEV0502,PEMROGRAM MUDA (ASSOCIATE PROGRAMMER),melakukan dokumentasi perangkat lunak
TIK.DEV0502,PEMROGRAM MUDA (ASSOCIATE PROGRAMMER),berkolaborasi dengan tim pengembang perangkat lunak
TIK.DEV0502,PEMROGRAM MUDA (ASSOCIATE PROGRAMMER),memiliki pemahaman terkait pemrograman.
TIK.DEV0502,PEMROGRAM MUDA (ASSOCIATE PROGRAMMER),menggunakan spesifikasi program
TIK.DEV0502,PEMROGRAM MUDA (ASSOCIATE PROGRAMMER),menulis kode dengan prinsip sesuai guidelines dan best practices
TIK.DEV0502,PEMROGRAM MUDA (ASSOCIATE PROGRAMMER),mengimplementasikan pemrograman terstruktur
TIK.DEV0502,PEMROGRAM MUDA (ASSOCIATE PROGRAMMER),mengimplementasikan pemrograman berorientasi objek
TIK.DEV0502,PEMROGRAM MUDA (ASSOCIATE PROGRAMMER),menggunakan library atau komponen pre-existing
TIK.DEV0502,PEMROGRAM MUDA (ASSOCIATE PROGRAMMER),menerapkan akses basis data
TIK.DEV0502,PEMROGRAM MUDA (ASSOCIATE PROGRAMMER),membuat dokumen kode program
TIK.DEV0502,PEMROGRAM MUDA (ASSOCIATE PROGRAMMER),melakukan debugging
TIK.DEV0502,PEMROGRAM MUDA (ASSOCIATE PROGRAMMER),melaksanakan pengujian unit program
TIK.DEV0503,PEMROGRAM SISTEM MUDA (ASSOCIATE SYSTEMS PROGRAMMER),"orang yang bertanggung jawab untuk mengembangkan dan memelihara sistem operasi, perangkat lunak sistem, dan infrastruktur ti lainnya. seorang pemrogram sistem, menggunakan keterampilan pemrograman, sistem, dan jaringan mereka untuk membuat sistem yang andal, efisien, dan aman."
TIK.DEV0503,PEMROGRAM SISTEM MUDA (ASSOCIATE SYSTEMS PROGRAMMER),"merancang dan mengembangkan sistem operasi, perangkat lunak sistem, dan infrastruktur ti"
TIK.DEV0503,PEMROGRAM SISTEM MUDA (ASSOCIATE SYSTEMS PROGRAMMER),menganalisis kebutuhan pengguna dan merancang solusi yang memenuhi kebutuhan tersebut
TIK.DEV0503,PEMROGRAM SISTEM MUDA (ASSOCIATE SYSTEMS PROGRAMMER),pemeliharaan sistem yang telah dibuat
TIK.DEV0503,PEMROGRAM SISTEM MUDA (ASSOCIATE SYSTEMS PROGRAMMER),komunikatif
TIK.DEV0503,PEMROGRAM SISTEM MUDA (ASSOCIATE SYSTEMS PROGRAMMER),mampu menyelesaikan masalah dengan baik
TIK.DEV0503,PEMROGRAM SISTEM MUDA (ASSOCIATE SYSTEMS PROGRAMMER),objektif
TIK.DEV0503,PEMROGRAM SISTEM MUDA (ASSOCIATE SYSTEMS PROGRAMMER),analitis
TIK.DEV0503,PEMROGRAM SISTEM MUDA (ASSOCIATE SYSTEMS PROGRAMMER),"merancang dan mengembangkan sistem operasi, perangkat lunak sistem, dan infrastruktur ti lainnya"
TIK.DEV0503,PEMROGRAM SISTEM MUDA (ASSOCIATE SYSTEMS PROGRAMMER),menganalisis kebutuhan pengguna dan merancang solusi yang memenuhi kebutuhan tersebut
TIK.DEV0503,PEMROGRAM SISTEM MUDA (ASSOCIATE SYSTEMS PROGRAMMER),menulis kode program untuk sistem yang mereka kembangkan
TIK.DEV0503,PEMROGRAM SISTEM MUDA (ASSOCIATE SYSTEMS PROGRAMMER),menguji dan mendebug sistem untuk memastikannya berfungsi dengan benar
TIK.DEV0503,PEMROGRAM SISTEM MUDA (ASSOCIATE SYSTEMS PROGRAMMER),memelihara dan meningkatkan sistem yang ada
TIK.DEV0503,PEMROGRAM SISTEM MUDA (ASSOCIATE SYSTEMS PROGRAMMER),mengatasi masalah dan bug yang terjadi pada sistem
TIK.DEV0503,PEMROGRAM SISTEM MUDA (ASSOCIATE SYSTEMS PROGRAMMER),pemahaman yang mendalam tentang sistem komputer;
TIK.DEV0503,PEMROGRAM SISTEM MUDA (ASSOCIATE SYSTEMS PROGRAMMER),keterampilan pemrograman yang kuat;
TIK.DEV0503,PEMROGRAM SISTEM MUDA (ASSOCIATE SYSTEMS PROGRAMMER),kemampuan untuk berpikir kritis dan memecahkan masalah;
TIK.DEV0503,PEMROGRAM SISTEM MUDA (ASSOCIATE SYSTEMS PROGRAMMER),kemampuan untuk bekerja dalam tim;
TIK.DEV0503,PEMROGRAM SISTEM MUDA (ASSOCIATE SYSTEMS PROGRAMMER),kemampuan untuk berkomunikasi secara efektif.
TIK.DEV0503,PEMROGRAM SISTEM MUDA (ASSOCIATE SYSTEMS PROGRAMMER),maintain open-source code programs
TIK.DEV0503,PEMROGRAM SISTEM MUDA (ASSOCIATE SYSTEMS PROGRAMMER),install and optimise operating system software
TIK.DEV0503,PEMROGRAM SISTEM MUDA (ASSOCIATE SYSTEMS PROGRAMMER),implement system software changes
TIK.DEV0503,PEMROGRAM SISTEM MUDA (ASSOCIATE SYSTEMS PROGRAMMER),support system software
TIK.DEV0503,PEMROGRAM SISTEM MUDA (ASSOCIATE SYSTEMS PROGRAMMER),melakukan instalasi piranti lunak
TIK.DEV0503,PEMROGRAM SISTEM MUDA (ASSOCIATE SYSTEMS PROGRAMMER),mengelola instalasi dan pemeliharaan sistem perangkat lunak
TIK.DEV0504,PEMROGRAM APLIKASI MUDA (ASSOCIATE APPLICATION PROGRAMMER),mendesain dan mengembangkan perangkat lunak
TIK.DEV0504,PEMROGRAM APLIKASI MUDA (ASSOCIATE APPLICATION PROGRAMMER),memodifikasi dan pemeliharaan perangkat lunak
TIK.DEV0504,PEMROGRAM APLIKASI MUDA (ASSOCIATE APPLICATION PROGRAMMER),berintegritas
TIK.DEV0504,PEMROGRAM APLIKASI MUDA (ASSOCIATE APPLICATION PROGRAMMER),independen
TIK.DEV0504,PEMROGRAM APLIKASI MUDA (ASSOCIATE APPLICATION PROGRAMMER),objektif
TIK.DEV0504,PEMROGRAM APLIKASI MUDA (ASSOCIATE APPLICATION PROGRAMMER),kritis
TIK.DEV0504,PEMROGRAM APLIKASI MUDA (ASSOCIATE APPLICATION PROGRAMMER),analitis
TIK.DEV0504,PEMROGRAM APLIKASI MUDA (ASSOCIATE APPLICATION PROGRAMMER),mengembangkan dan mengimplementasikan aplikasi perangkat lunak baru
TIK.DEV0504,PEMROGRAM APLIKASI MUDA (ASSOCIATE APPLICATION PROGRAMMER),memelihara dan meningkatkan aplikasi perangkat lunak yang ada
TIK.DEV0504,PEMROGRAM APLIKASI MUDA (ASSOCIATE APPLICATION PROGRAMMER),memimpin dan melatih tim pengembang junior
TIK.DEV0504,PEMROGRAM APLIKASI MUDA (ASSOCIATE APPLICATION PROGRAMMER),berkolaborasi dengan tim lain untuk memastikan aplikasi perangkat lunak memenuhi kebutuhan bisnis
TIK.DEV0504,PEMROGRAM APLIKASI MUDA (ASSOCIATE APPLICATION PROGRAMMER),memantau kinerja dan keamanan aplikasi perangkat lunak
TIK.DEV0504,PEMROGRAM APLIKASI MUDA (ASSOCIATE APPLICATION PROGRAMMER),menyusun dan mengimplementasikan desain aplikasi perangkat lunak
TIK.DEV0504,PEMROGRAM APLIKASI MUDA (ASSOCIATE APPLICATION PROGRAMMER),bekerja sama dengan tim pengembangan perangkat lunak lainnya
TIK.DEV0504,PEMROGRAM APLIKASI MUDA (ASSOCIATE APPLICATION PROGRAMMER),memiliki kemampuan pemrograman yang kuat dalam berbagai bahasa pemrograman;
TIK.DEV0504,PEMROGRAM APLIKASI MUDA (ASSOCIATE APPLICATION PROGRAMMER),pemahaman yang mendalam tentang proses pengembangan perangkat lunak;
TIK.DEV0504,PEMROGRAM APLIKASI MUDA (ASSOCIATE APPLICATION PROGRAMMER),kemampuan untuk bekerja secara mandiri dan sebagai bagian dari tim;
TIK.DEV0504,PEMROGRAM APLIKASI MUDA (ASSOCIATE APPLICATION PROGRAMMER),kemampuan untuk berkomunikasi secara efektif dengan pengguna dan pemangku kepentingan.
TIK.DEV0504,PEMROGRAM APLIKASI MUDA (ASSOCIATE APPLICATION PROGRAMMER),gather data to identify business requirements (mengumpulkan data untuk mengidentifikasi persyaratan bisnis)
TIK.DEV0504,PEMROGRAM APLIKASI MUDA (ASSOCIATE APPLICATION PROGRAMMER),determine appropriate it strategies and solutions
TIK.DEV0504,PEMROGRAM APLIKASI MUDA (ASSOCIATE APPLICATION PROGRAMMER),match it needs with the strategic direction of the enterprise
TIK.DEV0505,PEMROGRAM MOBILE MUDA (ASSOCIATE MOBILE PROGRAMMER),"orang yang memiliki keterampilan dasar dalam pemrograman. selain itu juga memiliki pemahaman dasar tentang prinsip-prinsip pengembangan aplikasi mobile, seperti desain aplikasi, antarmuka pengguna, dan manajemen data."
TIK.DEV0505,PEMROGRAM MOBILE MUDA (ASSOCIATE MOBILE PROGRAMMER),melakukan analisis kebutuhan pengguna
TIK.DEV0505,PEMROGRAM MOBILE MUDA (ASSOCIATE MOBILE PROGRAMMER),mendesain aplikasi
TIK.DEV0505,PEMROGRAM MOBILE MUDA (ASSOCIATE MOBILE PROGRAMMER),mengembangkan fitur-fitur aplikasi
TIK.DEV0505,PEMROGRAM MOBILE MUDA (ASSOCIATE MOBILE PROGRAMMER),melakukan pengujian aplikasi
TIK.DEV0505,PEMROGRAM MOBILE MUDA (ASSOCIATE MOBILE PROGRAMMER),komunikatif
TIK.DEV0505,PEMROGRAM MOBILE MUDA (ASSOCIATE MOBILE PROGRAMMER),mampu menyelesaikan masalah dengan baik
TIK.DEV0505,PEMROGRAM MOBILE MUDA (ASSOCIATE MOBILE PROGRAMMER),objektif
TIK.DEV0505,PEMROGRAM MOBILE MUDA (ASSOCIATE MOBILE PROGRAMMER),analitis
TIK.DEV0505,PEMROGRAM MOBILE MUDA (ASSOCIATE MOBILE PROGRAMMER),melakukan analisis kebutuhan pengguna
TIK.DEV0505,PEMROGRAM MOBILE MUDA (ASSOCIATE MOBILE PROGRAMMER),mendesain aplikasi
TIK.DEV0505,PEMROGRAM MOBILE MUDA (ASSOCIATE MOBILE PROGRAMMER),mengembangkan fitur-fitur aplikasi
TIK.DEV0505,PEMROGRAM MOBILE MUDA (ASSOCIATE MOBILE PROGRAMMER),melakukan pengujian aplikasi
TIK.DEV0505,PEMROGRAM MOBILE MUDA (ASSOCIATE MOBILE PROGRAMMER),memperbaiki bug
TIK.DEV0505,PEMROGRAM MOBILE MUDA (ASSOCIATE MOBILE PROGRAMMER),merancang dan mengembangkan aplikasi mobile
TIK.DEV0505,PEMROGRAM MOBILE MUDA (ASSOCIATE MOBILE PROGRAMMER),menguji dan memperbaiki aplikasi mobile
TIK.DEV0505,PEMROGRAM MOBILE MUDA (ASSOCIATE MOBILE PROGRAMMER),mendokumentasikan aplikasi mobile
TIK.DEV0505,PEMROGRAM MOBILE MUDA (ASSOCIATE MOBILE PROGRAMMER),memiliki pemahaman dasar tentang pemrograman dan struktur data;
TIK.DEV0505,PEMROGRAM MOBILE MUDA (ASSOCIATE MOBILE PROGRAMMER),"memiliki pemahaman tentang prinsip-prinsip pengembangan perangkat lunak, seperti desain, arsitektur, dan pengujian."
TIK.DEV0505,PEMROGRAM MOBILE MUDA (ASSOCIATE MOBILE PROGRAMMER),menunjukkan platform operating system dan bahasa pemrograman di dalam perangkat lunak
TIK.DEV0505,PEMROGRAM MOBILE MUDA (ASSOCIATE MOBILE PROGRAMMER),merancang database dan data persistence pada mobile data
TIK.DEV0505,PEMROGRAM MOBILE MUDA (ASSOCIATE MOBILE PROGRAMMER),"menjelaskan mobile location based service, gps dan mobile navigation"
TIK.DEV0505,PEMROGRAM MOBILE MUDA (ASSOCIATE MOBILE PROGRAMMER),merancang mobile interface
TIK.DEV0505,PEMROGRAM MOBILE MUDA (ASSOCIATE MOBILE PROGRAMMER),menjelaskan dasar-dasar mobile communication security
TIK.DEV0505,PEMROGRAM MOBILE MUDA (ASSOCIATE MOBILE PROGRAMMER),menunjukkan mobile sensor dan spesifikasi teknis untuk mobile computing
TIK.DEV0505,PEMROGRAM MOBILE MUDA (ASSOCIATE MOBILE PROGRAMMER),menentukan mobile seluler network
TIK.DEV0506,PENGUJI KUALITAS PERANGKAT LUNAK MUDA (ASSOCIATE SOFTWARE QUALITY TESTER),"orang yang bertanggung jawab untuk memastikan bahwa perangkat lunak memenuhi persyaratan dan standar kualitas yang ditentukan. mereka melakukan ini dengan menguji perangkat lunak secara menyeluruh untuk mencari bug, kesalahan, dan masalah kinerja lainnya."
TIK.DEV0506,PENGUJI KUALITAS PERANGKAT LUNAK MUDA (ASSOCIATE SOFTWARE QUALITY TESTER),quality assurance analyst
TIK.DEV0506,PENGUJI KUALITAS PERANGKAT LUNAK MUDA (ASSOCIATE SOFTWARE QUALITY TESTER),quality assurance tester
TIK.DEV0506,PENGUJI KUALITAS PERANGKAT LUNAK MUDA (ASSOCIATE SOFTWARE QUALITY TESTER),quality assurance engineer
TIK.DEV0506,PENGUJI KUALITAS PERANGKAT LUNAK MUDA (ASSOCIATE SOFTWARE QUALITY TESTER),komunikatif
TIK.DEV0506,PENGUJI KUALITAS PERANGKAT LUNAK MUDA (ASSOCIATE SOFTWARE QUALITY TESTER),mampu menyelesaikan masalah dengan baik
TIK.DEV0506,PENGUJI KUALITAS PERANGKAT LUNAK MUDA (ASSOCIATE SOFTWARE QUALITY TESTER),objektif
TIK.DEV0506,PENGUJI KUALITAS PERANGKAT LUNAK MUDA (ASSOCIATE SOFTWARE QUALITY TESTER),analitis dan kritis
TIK.DEV0506,PENGUJI KUALITAS PERANGKAT LUNAK MUDA (ASSOCIATE SOFTWARE QUALITY TESTER),merencanakan dan melaksanakan pengujian perangkat lunak
TIK.DEV0506,PENGUJI KUALITAS PERANGKAT LUNAK MUDA (ASSOCIATE SOFTWARE QUALITY TESTER),mendokumentasikan hasil pengujian
TIK.DEV0506,PENGUJI KUALITAS PERANGKAT LUNAK MUDA (ASSOCIATE SOFTWARE QUALITY TESTER),melaporkan masalah dan rekomendasi kepada pengembang perangkat lunak
TIK.DEV0506,PENGUJI KUALITAS PERANGKAT LUNAK MUDA (ASSOCIATE SOFTWARE QUALITY TESTER),bekerja sama dengan pengembang perangkat lunak untuk menyelesaikan masalah
TIK.DEV0506,PENGUJI KUALITAS PERANGKAT LUNAK MUDA (ASSOCIATE SOFTWARE QUALITY TESTER),melakukan pengujian ulang perangkat lunak yang telah diperbaiki
TIK.DEV0506,PENGUJI KUALITAS PERANGKAT LUNAK MUDA (ASSOCIATE SOFTWARE QUALITY TESTER),memiliki pemahaman dasar tentang pemrograman dan struktur data;
TIK.DEV0506,PENGUJI KUALITAS PERANGKAT LUNAK MUDA (ASSOCIATE SOFTWARE QUALITY TESTER),"memiliki pemahaman tentang prinsip-prinsip pengembangan perangkat lunak, seperti desain, arsitektur, dan pengujian."
TIK.DEV0506,PENGUJI KUALITAS PERANGKAT LUNAK MUDA (ASSOCIATE SOFTWARE QUALITY TESTER),melakukan pengujian kualitas perangkat lunak secara manual
TIK.DEV0506,PENGUJI KUALITAS PERANGKAT LUNAK MUDA (ASSOCIATE SOFTWARE QUALITY TESTER),melakukan pengujian kualitas perangkat lunak secara otomatis
TIK.DEV0506,PENGUJI KUALITAS PERANGKAT LUNAK MUDA (ASSOCIATE SOFTWARE QUALITY TESTER),melakukan pengujian keamanan perangkat lunak
TIK.DEV0506,PENGUJI KUALITAS PERANGKAT LUNAK MUDA (ASSOCIATE SOFTWARE QUALITY TESTER),melaksanakan pengujian program sistem
TIK.DEV0506,PENGUJI KUALITAS PERANGKAT LUNAK MUDA (ASSOCIATE SOFTWARE QUALITY TESTER),melaksanakan pengujian kode program secara statis
TIK.DEV0506,PENGUJI KUALITAS PERANGKAT LUNAK MUDA (ASSOCIATE SOFTWARE QUALITY TESTER),melaksanakan stress test
TIK.DEV0506,PENGUJI KUALITAS PERANGKAT LUNAK MUDA (ASSOCIATE SOFTWARE QUALITY TESTER),melaksanakan pengujian oleh pengguna (uat)
TIK.DEV0506,PENGUJI KUALITAS PERANGKAT LUNAK MUDA (ASSOCIATE SOFTWARE QUALITY TESTER),melaksanakan pengujian program sistem
TIK.DEV0507,MOBILE COMPUTING MUDA (ASSOCIATE MOBILE COMPUTING),"orang yang bertanggung jawab untuk membantu mobile computing utama dalam pengembangan, pengujian, dan pemeliharaan aplikasi mobile."
TIK.DEV0507,MOBILE COMPUTING MUDA (ASSOCIATE MOBILE COMPUTING),mengembangkan dan menerapkan solusi mobilitas sederhana untuk perusahaan
TIK.DEV0507,MOBILE COMPUTING MUDA (ASSOCIATE MOBILE COMPUTING),komunikatif
TIK.DEV0507,MOBILE COMPUTING MUDA (ASSOCIATE MOBILE COMPUTING),senang dengan data-data atau angka
TIK.DEV0507,MOBILE COMPUTING MUDA (ASSOCIATE MOBILE COMPUTING),teamwork
TIK.DEV0507,MOBILE COMPUTING MUDA (ASSOCIATE MOBILE COMPUTING),rasa ingin tahu tinggi
TIK.DEV0507,MOBILE COMPUTING MUDA (ASSOCIATE MOBILE COMPUTING),responsif
TIK.DEV0507,MOBILE COMPUTING MUDA (ASSOCIATE MOBILE COMPUTING),membantu mengembangkan aplikasi dan layanan seluler
TIK.DEV0507,MOBILE COMPUTING MUDA (ASSOCIATE MOBILE COMPUTING),membantu menguji dan mendebug aplikasi dan layanan seluler
TIK.DEV0507,MOBILE COMPUTING MUDA (ASSOCIATE MOBILE COMPUTING),membantu memelihara dan mengoptimalkan aplikasi dan layanan seluler
TIK.DEV0507,MOBILE COMPUTING MUDA (ASSOCIATE MOBILE COMPUTING),merancang mobile security measurement
TIK.DEV0507,MOBILE COMPUTING MUDA (ASSOCIATE MOBILE COMPUTING),mengembangkan smart client security
TIK.DEV0507,MOBILE COMPUTING MUDA (ASSOCIATE MOBILE COMPUTING),merancang tentang wireless security protocol
TIK.DEV0507,MOBILE COMPUTING MUDA (ASSOCIATE MOBILE COMPUTING),melaksanakan mobile forensic
TIK.DEV0507,MOBILE COMPUTING MUDA (ASSOCIATE MOBILE COMPUTING),membuat mobile unified communication
TIK.DEV0507,MOBILE COMPUTING MUDA (ASSOCIATE MOBILE COMPUTING),mengembangkan mobile financial service
TIK.DEV0507,MOBILE COMPUTING MUDA (ASSOCIATE MOBILE COMPUTING),merancang mobile cloud computing
TIK.DEV0507,MOBILE COMPUTING MUDA (ASSOCIATE MOBILE COMPUTING),mengembangkan mobile sensor pada mobile computing environment
TIK.DEV0507,MOBILE COMPUTING MUDA (ASSOCIATE MOBILE COMPUTING),merancang spesifikasi teknis smartphone/tablet sesuai kebutuhan pengguna
TIK.DEV0507,MOBILE COMPUTING MUDA (ASSOCIATE MOBILE COMPUTING),merancang wireless sensor network (wsn)
TIK.DEV0507,MOBILE COMPUTING MUDA (ASSOCIATE MOBILE COMPUTING),menunjukkan konsep internet of things (iot) dan smart city technology
TIK.DEV0508,PENGELOLA ASET TI MUDA (ASSOCIATE IT ASSET),"orang yang bertanggung jawab untuk mengelola dan memelihara aset teknologi informasi (ti) sebuah organisasi. aset ti dapat berupa perangkat keras, perangkat lunak, atau data. it asset manager memastikan bahwa aset ti tersebut digunakan secara efektif dan efisien, serta memenuhi kebutuhan bisnis."
TIK.DEV0508,PENGELOLA ASET TI MUDA (ASSOCIATE IT ASSET),manajemen inventori
TIK.DEV0508,PENGELOLA ASET TI MUDA (ASSOCIATE IT ASSET),manajemen konfigurasi
TIK.DEV0508,PENGELOLA ASET TI MUDA (ASSOCIATE IT ASSET),manajemen perubahan
TIK.DEV0508,PENGELOLA ASET TI MUDA (ASSOCIATE IT ASSET),kreatif dan inovatif
TIK.DEV0508,PENGELOLA ASET TI MUDA (ASSOCIATE IT ASSET),komunikatif
TIK.DEV0508,PENGELOLA ASET TI MUDA (ASSOCIATE IT ASSET),mampu merencanakan dan mengorganisasi
TIK.DEV0508,PENGELOLA ASET TI MUDA (ASSOCIATE IT ASSET),mampu bekerjasama
TIK.DEV0508,PENGELOLA ASET TI MUDA (ASSOCIATE IT ASSET),memiliki leadership
TIK.DEV0508,PENGELOLA ASET TI MUDA (ASSOCIATE IT ASSET),mampu melakukan research & development di bidang teknologi
TIK.DEV0508,PENGELOLA ASET TI MUDA (ASSOCIATE IT ASSET),mengikuti perkembangan teknologi dunia
TIK.DEV0508,PENGELOLA ASET TI MUDA (ASSOCIATE IT ASSET),mengembangkan dan menerapkan kebijakan dan prosedur it asset management
TIK.DEV0508,PENGELOLA ASET TI MUDA (ASSOCIATE IT ASSET),melakukan inventarisasi aset it
TIK.DEV0508,PENGELOLA ASET TI MUDA (ASSOCIATE IT ASSET),melacak status dan lokasi aset it
TIK.DEV0508,PENGELOLA ASET TI MUDA (ASSOCIATE IT ASSET),mengelola perubahan terhadap aset it
TIK.DEV0508,PENGELOLA ASET TI MUDA (ASSOCIATE IT ASSET),memantau penggunaan aset it
TIK.DEV0508,PENGELOLA ASET TI MUDA (ASSOCIATE IT ASSET),mengelola kontrak pengadaan dan penggunaan aset it
TIK.DEV0508,PENGELOLA ASET TI MUDA (ASSOCIATE IT ASSET),menjamin kepatuhan aset it terhadap peraturan dan kebijakan yang berlaku
TIK.DEV0508,PENGELOLA ASET TI MUDA (ASSOCIATE IT ASSET),merencanakan kebutuhan aset it
TIK.DEV0508,PENGELOLA ASET TI MUDA (ASSOCIATE IT ASSET),menetapkan kebijakan dan prosedur keamanan it
TIK.DEV0508,PENGELOLA ASET TI MUDA (ASSOCIATE IT ASSET),memiliki keterampilan analisis bisnis;
TIK.DEV0508,PENGELOLA ASET TI MUDA (ASSOCIATE IT ASSET),memiliki keterampilan pemrograman;
TIK.DEV0508,PENGELOLA ASET TI MUDA (ASSOCIATE IT ASSET),memiliki keterampilan desain sistem;
TIK.DEV0508,PENGELOLA ASET TI MUDA (ASSOCIATE IT ASSET),memiliki keterampilan manajemen proyek;
TIK.DEV0508,PENGELOLA ASET TI MUDA (ASSOCIATE IT ASSET),memiliki keterampilan komunikasi;
TIK.DEV0508,PENGELOLA ASET TI MUDA (ASSOCIATE IT ASSET),memiliki keterampilan kerja tim.
TIK.DEV0508,PENGELOLA ASET TI MUDA (ASSOCIATE IT ASSET),develop a knowledge management strategy (mengembangkan strategi manajemen pengetahuan)
TIK.DEV0508,PENGELOLA ASET TI MUDA (ASSOCIATE IT ASSET),"install, configure and test a server (instal, konfigurasi dan uji server)"
TIK.DEV0508,PENGELOLA ASET TI MUDA (ASSOCIATE IT ASSET),melakukan inventarisasi hardware
TIK.DEV0508,PENGELOLA ASET TI MUDA (ASSOCIATE IT ASSET),melakukan inventarisasi software
TIK.DEV0508,PENGELOLA ASET TI MUDA (ASSOCIATE IT ASSET),mengendalikan aset dan seluruh sumber daya pelayanan ti
TIK.DEV0509,PENGELOLA SISTEM INFORMASI MANAJEMEN MUDA (ASSOCIATE MIS),orang yang bertanggung jawab dalam pengelolaan sistem informasi manajemen (sim) di suatu organisasi. sim adalah sistem informasi yang menyediakan informasi untuk pengguna dengan kebutuhan yang sama. tujuan utama sim adalah untuk memberikan informasi yang dibutuhkan manajer untuk mengambil keputusan dan menyelesaikan masalah.
TIK.DEV0509,PENGELOLA SISTEM INFORMASI MANAJEMEN MUDA (ASSOCIATE MIS),penyediaan dukungan pengguna
TIK.DEV0509,PENGELOLA SISTEM INFORMASI MANAJEMEN MUDA (ASSOCIATE MIS),administrasi sistem informasi
TIK.DEV0509,PENGELOLA SISTEM INFORMASI MANAJEMEN MUDA (ASSOCIATE MIS),kreatif dan inovatif
TIK.DEV0509,PENGELOLA SISTEM INFORMASI MANAJEMEN MUDA (ASSOCIATE MIS),komunikatif
TIK.DEV0509,PENGELOLA SISTEM INFORMASI MANAJEMEN MUDA (ASSOCIATE MIS),mampu merencanakan dan mengorganisasi
TIK.DEV0509,PENGELOLA SISTEM INFORMASI MANAJEMEN MUDA (ASSOCIATE MIS),mampu bekerjasama
TIK.DEV0509,PENGELOLA SISTEM INFORMASI MANAJEMEN MUDA (ASSOCIATE MIS),memiliki leadership
TIK.DEV0509,PENGELOLA SISTEM INFORMASI MANAJEMEN MUDA (ASSOCIATE MIS),mampu melakukan research & development di bidang teknologi
TIK.DEV0509,PENGELOLA SISTEM INFORMASI MANAJEMEN MUDA (ASSOCIATE MIS),mengikuti perkembangan teknologi dunia
TIK.DEV0509,PENGELOLA SISTEM INFORMASI MANAJEMEN MUDA (ASSOCIATE MIS),melakukan analisis kebutuhan informasi pengguna sim
TIK.DEV0509,PENGELOLA SISTEM INFORMASI MANAJEMEN MUDA (ASSOCIATE MIS),"melakukan perancangan, pengembangan, dan pemeliharaan sistem informasi"
TIK.DEV0509,PENGELOLA SISTEM INFORMASI MANAJEMEN MUDA (ASSOCIATE MIS),melakukan instalasi dan konfigurasi perangkat keras dan perangkat lunak
TIK.DEV0509,PENGELOLA SISTEM INFORMASI MANAJEMEN MUDA (ASSOCIATE MIS),melakukan pengelolaan database
TIK.DEV0509,PENGELOLA SISTEM INFORMASI MANAJEMEN MUDA (ASSOCIATE MIS),melakukan pengelolaan jaringan komputer
TIK.DEV0509,PENGELOLA SISTEM INFORMASI MANAJEMEN MUDA (ASSOCIATE MIS),melakukan dukungan teknis kepada pengguna sim
TIK.DEV0509,PENGELOLA SISTEM INFORMASI MANAJEMEN MUDA (ASSOCIATE MIS),melakukan pengembangan dan pemeliharaan sistem informasi
TIK.DEV0509,PENGELOLA SISTEM INFORMASI MANAJEMEN MUDA (ASSOCIATE MIS),melakukan analisis dan pelaporan data
TIK.DEV0509,PENGELOLA SISTEM INFORMASI MANAJEMEN MUDA (ASSOCIATE MIS),memiliki keterampilan analisis bisnis;
TIK.DEV0509,PENGELOLA SISTEM INFORMASI MANAJEMEN MUDA (ASSOCIATE MIS),memiliki keterampilan pemrograman;
TIK.DEV0509,PENGELOLA SISTEM INFORMASI MANAJEMEN MUDA (ASSOCIATE MIS),memiliki keterampilan desain sistem;
TIK.DEV0509,PENGELOLA SISTEM INFORMASI MANAJEMEN MUDA (ASSOCIATE MIS),memiliki keterampilan manajemen proyek;
TIK.DEV0509,PENGELOLA SISTEM INFORMASI MANAJEMEN MUDA (ASSOCIATE MIS),memiliki keterampilan komunikasi;
TIK.DEV0509,PENGELOLA SISTEM INFORMASI MANAJEMEN MUDA (ASSOCIATE MIS),memiliki keterampilan kerja tim.
TIK.DEV0509,PENGELOLA SISTEM INFORMASI MANAJEMEN MUDA (ASSOCIATE MIS),manage a small team (mengelola tim kecil)
TIK.DEV0509,PENGELOLA SISTEM INFORMASI MANAJEMEN MUDA (ASSOCIATE MIS),mengaplikasikan metodologi pengembangan perangkat lunak
TIK.DEV0509,PENGELOLA SISTEM INFORMASI MANAJEMEN MUDA (ASSOCIATE MIS),melakukan pengujian kualitas perangkat lunak secara manual
TIK.DEV0509,PENGELOLA SISTEM INFORMASI MANAJEMEN MUDA (ASSOCIATE MIS),melakukan pengujian kualitas perangkat lunak secara otomatis
TIK.DEV0509,PENGELOLA SISTEM INFORMASI MANAJEMEN MUDA (ASSOCIATE MIS),melakukan pengujian keamanan perangkat lunak
TIK.DEV0510,INSINYUR INTERAKTIF MUDA (ASSOCIATE INTERACTIVE ENGINEER),menyiapkan perangkat interaksi yang dapat bekerja untuk mendukung perangkat lunak pada produk multimedia
TIK.DEV0510,INSINYUR INTERAKTIF MUDA (ASSOCIATE INTERACTIVE ENGINEER),kreatif
TIK.DEV0510,INSINYUR INTERAKTIF MUDA (ASSOCIATE INTERACTIVE ENGINEER),teliti dan cermat
TIK.DEV0510,INSINYUR INTERAKTIF MUDA (ASSOCIATE INTERACTIVE ENGINEER),komunikatif
TIK.DEV0510,INSINYUR INTERAKTIF MUDA (ASSOCIATE INTERACTIVE ENGINEER),mampu melakukan research
TIK.DEV0510,INSINYUR INTERAKTIF MUDA (ASSOCIATE INTERACTIVE ENGINEER),mampu bekerjasama
TIK.DEV0510,INSINYUR INTERAKTIF MUDA (ASSOCIATE INTERACTIVE ENGINEER),mampu mengerti dan melaksanakan brief yang diberikan
TIK.DEV0510,INSINYUR INTERAKTIF MUDA (ASSOCIATE INTERACTIVE ENGINEER),mampu mempelajari perkembangan teknologi
TIK.DEV0510,INSINYUR INTERAKTIF MUDA (ASSOCIATE INTERACTIVE ENGINEER),mampu mempelajari karakteristik calon pengguna
TIK.DEV0510,INSINYUR INTERAKTIF MUDA (ASSOCIATE INTERACTIVE ENGINEER),menyiapkan dan memastikan perangkat interaktif dapat terintegrasi dengan perangkat lunak dan berfungsi dengan baik sebagai satu kesatuan dengan produk multimedia
TIK.DEV0510,INSINYUR INTERAKTIF MUDA (ASSOCIATE INTERACTIVE ENGINEER),memutuskan perangkat interaktif yang akan digunakan dalam suatu produk multimedia
TIK.DEV0510,INSINYUR INTERAKTIF MUDA (ASSOCIATE INTERACTIVE ENGINEER),memutuskan pembelian barang-barang untuk pembuatan perangkat interaktif
TIK.DEV0510,INSINYUR INTERAKTIF MUDA (ASSOCIATE INTERACTIVE ENGINEER),melakukan inventarisasi hardware
TIK.DEV0510,INSINYUR INTERAKTIF MUDA (ASSOCIATE INTERACTIVE ENGINEER),melakukan instalasi software aplikasi
TIK.DEV0510,INSINYUR INTERAKTIF MUDA (ASSOCIATE INTERACTIVE ENGINEER),membuat materi siap produksi/tayang
TIK.DEV0510,INSINYUR INTERAKTIF MUDA (ASSOCIATE INTERACTIVE ENGINEER),menerapkan pemrograman multimedia
TIK.DEV0510,INSINYUR INTERAKTIF MUDA (ASSOCIATE INTERACTIVE ENGINEER),menganalisis tools
TIK.DEV0510,INSINYUR INTERAKTIF MUDA (ASSOCIATE INTERACTIVE ENGINEER),menganalisis skalabilitas perangkat lunak
TIK.DEV0510,INSINYUR INTERAKTIF MUDA (ASSOCIATE INTERACTIVE ENGINEER),melakukan riset terhadap alat interaktif yang digunakan
TIK.DEV0510,INSINYUR INTERAKTIF MUDA (ASSOCIATE INTERACTIVE ENGINEER),menyiapkan alat-alat yang dibutuhkan untuk membuat perangkat interaktif
TIK.DEV0510,INSINYUR INTERAKTIF MUDA (ASSOCIATE INTERACTIVE ENGINEER),mengintegrasikan perangkat interaktif dengan produk interaktif
TIK.DEV0510,INSINYUR INTERAKTIF MUDA (ASSOCIATE INTERACTIVE ENGINEER),melakukan koordinasi dengan tim teknikal untuk memastikan perangkat interaksi yang akan digunakan untuk produk multimedia
TIK.DEV0511,ANALIS TEKNIS MUDA (ASSOCIATE TECHNICAL ANALYST),mengorganisir dan mengarahkan tim produksi teknikal meliputi proses dan jadwal kerja
TIK.DEV0511,ANALIS TEKNIS MUDA (ASSOCIATE TECHNICAL ANALYST),teliti dan terstruktur
TIK.DEV0511,ANALIS TEKNIS MUDA (ASSOCIATE TECHNICAL ANALYST),komunikatif
TIK.DEV0511,ANALIS TEKNIS MUDA (ASSOCIATE TECHNICAL ANALYST),memiliki leadership
TIK.DEV0511,ANALIS TEKNIS MUDA (ASSOCIATE TECHNICAL ANALYST),memiliki sikap problem-solving
TIK.DEV0511,ANALIS TEKNIS MUDA (ASSOCIATE TECHNICAL ANALYST),mampu mengarahkan dan bekerjasama dalam tim
TIK.DEV0511,ANALIS TEKNIS MUDA (ASSOCIATE TECHNICAL ANALYST),mampu mengerti dan melaksanakan brief yang diberikan
TIK.DEV0511,ANALIS TEKNIS MUDA (ASSOCIATE TECHNICAL ANALYST),mampu mengikuti dan mempelajari perkembangan teknologi
TIK.DEV0511,ANALIS TEKNIS MUDA (ASSOCIATE TECHNICAL ANALYST),mampu mempelajari karakteristik calon pengguna
TIK.DEV0511,ANALIS TEKNIS MUDA (ASSOCIATE TECHNICAL ANALYST),memastikan tim teknikal melaksanakan tugas sesuai jadwal dan arahan yang sudah disepakati
TIK.DEV0511,ANALIS TEKNIS MUDA (ASSOCIATE TECHNICAL ANALYST),memastikan produk multimedia selesai dan bekerja sesuai yang diharapkan pemangku kepentingan
TIK.DEV0511,ANALIS TEKNIS MUDA (ASSOCIATE TECHNICAL ANALYST),memutuskan kapan produk multimedia selesai dan siap digunakan oleh para pengguna (target audience)
TIK.DEV0511,ANALIS TEKNIS MUDA (ASSOCIATE TECHNICAL ANALYST),menganalisis tools
TIK.DEV0511,ANALIS TEKNIS MUDA (ASSOCIATE TECHNICAL ANALYST),menganalisis skalabilitas perangkat lunak
TIK.DEV0511,ANALIS TEKNIS MUDA (ASSOCIATE TECHNICAL ANALYST),"melakukan identifikasi library, komponen atau framework yang diperlukan"
TIK.DEV0511,ANALIS TEKNIS MUDA (ASSOCIATE TECHNICAL ANALYST),mengumpulkan kebutuhan teknis pengguna yang menggunakan jaringan
TIK.DEV0511,ANALIS TEKNIS MUDA (ASSOCIATE TECHNICAL ANALYST),mengelola proyek secara terintegrasi (project integration management)
TIK.DEV0511,ANALIS TEKNIS MUDA (ASSOCIATE TECHNICAL ANALYST),mengelola ruang lingkup proyek (project scope management)
TIK.DEV0511,ANALIS TEKNIS MUDA (ASSOCIATE TECHNICAL ANALYST),mengelola jadwal waktu proyek (project time management)
TIK.DEV0511,ANALIS TEKNIS MUDA (ASSOCIATE TECHNICAL ANALYST),mengelola biaya proyek (project cost management)
TIK.DEV0511,ANALIS TEKNIS MUDA (ASSOCIATE TECHNICAL ANALYST),mengelola kualitas proyek (project quality management)
TIK.DEV0511,ANALIS TEKNIS MUDA (ASSOCIATE TECHNICAL ANALYST),melakukan koordinasi dengan tim dan pemangku kepentingan untuk menentukan brief dan jadwal produksi teknikal
TIK.DEV0512,ANALIS ERP MUDA (ASSOCIATE ERP ANALYST),orang yang bertanggung jawab untuk menganalisis kebutuhan bisnis perusahaan dan mengembangkan solusi sistem erp untuk memenuhi kebutuhan tersebut.
TIK.DEV0512,ANALIS ERP MUDA (ASSOCIATE ERP ANALYST),menganalisis kebutuhan bisnis dan merancang solusi erp
TIK.DEV0512,ANALIS ERP MUDA (ASSOCIATE ERP ANALYST),mengembangkan dan mengimplementasikan sistem erp
TIK.DEV0512,ANALIS ERP MUDA (ASSOCIATE ERP ANALYST),komunikatif
TIK.DEV0512,ANALIS ERP MUDA (ASSOCIATE ERP ANALYST),senang dengan data-data atau angka
TIK.DEV0512,ANALIS ERP MUDA (ASSOCIATE ERP ANALYST),teamwork
TIK.DEV0512,ANALIS ERP MUDA (ASSOCIATE ERP ANALYST),rasa ingin tahu tinggi
TIK.DEV0512,ANALIS ERP MUDA (ASSOCIATE ERP ANALYST),responsif
TIK.DEV0512,ANALIS ERP MUDA (ASSOCIATE ERP ANALYST),menganalisis kebutuhan bisnis dan proses operasional perusahaan
TIK.DEV0512,ANALIS ERP MUDA (ASSOCIATE ERP ANALYST),mengembangkan desain sistem erp yang sesuai dengan kebutuhan bisnis
TIK.DEV0512,ANALIS ERP MUDA (ASSOCIATE ERP ANALYST),melakukan konfigurasi dan implementasi sistem erp
TIK.DEV0512,ANALIS ERP MUDA (ASSOCIATE ERP ANALYST),melakukan pelatihan dan dokumentasi sistem erp
TIK.DEV0512,ANALIS ERP MUDA (ASSOCIATE ERP ANALYST),menyediakan dukungan dan pemeliharaan sistem erp
TIK.DEV0512,ANALIS ERP MUDA (ASSOCIATE ERP ANALYST),memiliki akses ke data dan informasi perusahaan
TIK.DEV0512,ANALIS ERP MUDA (ASSOCIATE ERP ANALYST),melakukan perubahan dan perbaikan pada sistem erp
TIK.DEV0512,ANALIS ERP MUDA (ASSOCIATE ERP ANALYST),membuat keputusan terkait dengan sistem erp
TIK.DEV0512,ANALIS ERP MUDA (ASSOCIATE ERP ANALYST),menganalisis proses bisnis yang berjalan
TIK.DEV0512,ANALIS ERP MUDA (ASSOCIATE ERP ANALYST),membandingkan proses bisnis yang berjalan dengan proses bisnis yang sesuai kebutuhan
TIK.DEV0512,ANALIS ERP MUDA (ASSOCIATE ERP ANALYST),membuat dokumen hasil analisis gap
TIK.DEV0512,ANALIS ERP MUDA (ASSOCIATE ERP ANALYST),mengevaluasi hasil analisis gap
TIK.DEV0512,ANALIS ERP MUDA (ASSOCIATE ERP ANALYST),membuat dokumen rencana perpindahan sistem
TIK.DEV0512,ANALIS ERP MUDA (ASSOCIATE ERP ANALYST),menentukan kriteria sistem erp
TIK.DEV0512,ANALIS ERP MUDA (ASSOCIATE ERP ANALYST),mengevaluasi kriteria sistem erp yang sesuai kebutuhan
TIK.DEV0512,ANALIS ERP MUDA (ASSOCIATE ERP ANALYST),mengidentifikasi kebutuhan transaksi operasional
TIK.DEV0512,ANALIS ERP MUDA (ASSOCIATE ERP ANALYST),menentukan sistem erp berdasarkan kebutuhan transaksi operasional
TIK.DEV0512,ANALIS ERP MUDA (ASSOCIATE ERP ANALYST),menganalisis alternate flow dari proses bisnis
TIK.DEV0512,ANALIS ERP MUDA (ASSOCIATE ERP ANALYST),menyusun dokumen pengujian (test case)
TIK.DEV0512,ANALIS ERP MUDA (ASSOCIATE ERP ANALYST),melakukan pengujian sistem erp sesuai kebutuhan pengguna (user acceptance test/uat)
TIK.DEV0513,PENERAPAN & OPERASIONAL ERP MUDA (ASSOCIATE ERP DEPLOYMENT & OPERATION),orang yang bertanggung jawab untuk mengelola infrastruktur sistem erp.
TIK.DEV0513,PENERAPAN & OPERASIONAL ERP MUDA (ASSOCIATE ERP DEPLOYMENT & OPERATION),membangun dan mengelola infrastruktur erp perusahaan
TIK.DEV0513,PENERAPAN & OPERASIONAL ERP MUDA (ASSOCIATE ERP DEPLOYMENT & OPERATION),memastikan bahwa infrastruktur erp perusahaan stabil dan aman
TIK.DEV0513,PENERAPAN & OPERASIONAL ERP MUDA (ASSOCIATE ERP DEPLOYMENT & OPERATION),komunikatif
TIK.DEV0513,PENERAPAN & OPERASIONAL ERP MUDA (ASSOCIATE ERP DEPLOYMENT & OPERATION),teamwork
TIK.DEV0513,PENERAPAN & OPERASIONAL ERP MUDA (ASSOCIATE ERP DEPLOYMENT & OPERATION),memimpin tim
TIK.DEV0513,PENERAPAN & OPERASIONAL ERP MUDA (ASSOCIATE ERP DEPLOYMENT & OPERATION),teliti
TIK.DEV0513,PENERAPAN & OPERASIONAL ERP MUDA (ASSOCIATE ERP DEPLOYMENT & OPERATION),responsif
TIK.DEV0513,PENERAPAN & OPERASIONAL ERP MUDA (ASSOCIATE ERP DEPLOYMENT & OPERATION),mengelola infrastruktur ti yang mendukung sistem erp
TIK.DEV0513,PENERAPAN & OPERASIONAL ERP MUDA (ASSOCIATE ERP DEPLOYMENT & OPERATION),menjamin ketersediaan dan kinerja sistem erp
TIK.DEV0513,PENERAPAN & OPERASIONAL ERP MUDA (ASSOCIATE ERP DEPLOYMENT & OPERATION),meningkatkan keamanan sistem erp
TIK.DEV0513,PENERAPAN & OPERASIONAL ERP MUDA (ASSOCIATE ERP DEPLOYMENT & OPERATION),melakukan backup dan pemulihan sistem erp
TIK.DEV0513,PENERAPAN & OPERASIONAL ERP MUDA (ASSOCIATE ERP DEPLOYMENT & OPERATION),memiliki akses ke infrastruktur ti yang mendukung sistem erp
TIK.DEV0513,PENERAPAN & OPERASIONAL ERP MUDA (ASSOCIATE ERP DEPLOYMENT & OPERATION),melakukan perubahan dan perbaikan pada infrastruktur ti
TIK.DEV0513,PENERAPAN & OPERASIONAL ERP MUDA (ASSOCIATE ERP DEPLOYMENT & OPERATION),membuat keputusan terkait dengan infrastruktur ti
TIK.DEV0513,PENERAPAN & OPERASIONAL ERP MUDA (ASSOCIATE ERP DEPLOYMENT & OPERATION),melakukan instalasi perangkat keras dan jaringan komputer
TIK.DEV0513,PENERAPAN & OPERASIONAL ERP MUDA (ASSOCIATE ERP DEPLOYMENT & OPERATION),melakukan instalasi application server dan database sistem erp
TIK.DEV0513,PENERAPAN & OPERASIONAL ERP MUDA (ASSOCIATE ERP DEPLOYMENT & OPERATION),melakukan instalasi dan konfigurasi perangkat lunak erp
TIK.DEV0513,PENERAPAN & OPERASIONAL ERP MUDA (ASSOCIATE ERP DEPLOYMENT & OPERATION),mengaplikasikan patch baru
TIK.DEV0513,PENERAPAN & OPERASIONAL ERP MUDA (ASSOCIATE ERP DEPLOYMENT & OPERATION),melakukan upgrade versi perangkat lunak erp termasuk sistem pendukungnya
TIK.DEV0513,PENERAPAN & OPERASIONAL ERP MUDA (ASSOCIATE ERP DEPLOYMENT & OPERATION),mengoptimalkan kinerja sistem erp
TIK.DEV0513,PENERAPAN & OPERASIONAL ERP MUDA (ASSOCIATE ERP DEPLOYMENT & OPERATION),mengimplementasikan keamanan sistem erp
TIK.DEV0514,ANALIS PENGAMBILAN KEPUTUSAN ERP MUDA (ASSOCIATE ERP DECISION SUPPORT,orang yang bertanggung jawab untuk menganalisis kebutuhan bisnis perusahaan dan mengembangkan solusi sistem erp untuk memenuhi kebutuhan tersebut.
TIK.DEV0514,ANALIS PENGAMBILAN KEPUTUSAN ERP MUDA (ASSOCIATE ERP DECISION SUPPORT,menganalisis data erp untuk menghasilkan informasi yang mendukung pengambilan keputusan manajemen
TIK.DEV0514,ANALIS PENGAMBILAN KEPUTUSAN ERP MUDA (ASSOCIATE ERP DECISION SUPPORT,melaporkan hasil analisis data erp kepada manajemen
TIK.DEV0514,ANALIS PENGAMBILAN KEPUTUSAN ERP MUDA (ASSOCIATE ERP DECISION SUPPORT,komunikatif
TIK.DEV0514,ANALIS PENGAMBILAN KEPUTUSAN ERP MUDA (ASSOCIATE ERP DECISION SUPPORT,senang dengan data-data atau angka
TIK.DEV0514,ANALIS PENGAMBILAN KEPUTUSAN ERP MUDA (ASSOCIATE ERP DECISION SUPPORT,teamwork
TIK.DEV0514,ANALIS PENGAMBILAN KEPUTUSAN ERP MUDA (ASSOCIATE ERP DECISION SUPPORT,rasa ingin tahu tinggi
TIK.DEV0514,ANALIS PENGAMBILAN KEPUTUSAN ERP MUDA (ASSOCIATE ERP DECISION SUPPORT,responsif
TIK.DEV0514,ANALIS PENGAMBILAN KEPUTUSAN ERP MUDA (ASSOCIATE ERP DECISION SUPPORT,membangun dan mengelola solusi pelaporan dan analisis data
TIK.DEV0514,ANALIS PENGAMBILAN KEPUTUSAN ERP MUDA (ASSOCIATE ERP DECISION SUPPORT,menyediakan alat dan sumber daya untuk mendukung pengambilan keputusan
TIK.DEV0514,ANALIS PENGAMBILAN KEPUTUSAN ERP MUDA (ASSOCIATE ERP DECISION SUPPORT,mengolah dan menganalisis data untuk menghasilkan informasi yang bermanfaat
TIK.DEV0514,ANALIS PENGAMBILAN KEPUTUSAN ERP MUDA (ASSOCIATE ERP DECISION SUPPORT,membantu pengguna memahami dan menggunakan data
TIK.DEV0514,ANALIS PENGAMBILAN KEPUTUSAN ERP MUDA (ASSOCIATE ERP DECISION SUPPORT,mengakses dan menggunakan data dari berbagai sumber
TIK.DEV0514,ANALIS PENGAMBILAN KEPUTUSAN ERP MUDA (ASSOCIATE ERP DECISION SUPPORT,meminta perubahan pada sistem erp
TIK.DEV0514,ANALIS PENGAMBILAN KEPUTUSAN ERP MUDA (ASSOCIATE ERP DECISION SUPPORT,melakukan pelatihan dan dukungan pengguna
TIK.DEV0514,ANALIS PENGAMBILAN KEPUTUSAN ERP MUDA (ASSOCIATE ERP DECISION SUPPORT,develop a business intelligence framework (mengembangkan kerangka kerja intelijen bisnis)
TIK.DEV0514,ANALIS PENGAMBILAN KEPUTUSAN ERP MUDA (ASSOCIATE ERP DECISION SUPPORT,menjalin kerjasama dengan pihak luar/client
TIK.DEV0514,ANALIS PENGAMBILAN KEPUTUSAN ERP MUDA (ASSOCIATE ERP DECISION SUPPORT,menyusun kebutuhan proses bisnis yang berjalan
TIK.DEV0514,ANALIS PENGAMBILAN KEPUTUSAN ERP MUDA (ASSOCIATE ERP DECISION SUPPORT,menganalisis proses bisnis yang berjalan
TIK.DEV0515,ANALIS DATA MASTER ERP MUDA (ASSOCIATE ERP MASTER DATA ANALYST),orang yang bertanggung jawab untuk menganalisis dan mengelola data master sistem erp.
TIK.DEV0515,ANALIS DATA MASTER ERP MUDA (ASSOCIATE ERP MASTER DATA ANALYST),menganalisis data master erp untuk memastikan kualitas dan akurasinya
TIK.DEV0515,ANALIS DATA MASTER ERP MUDA (ASSOCIATE ERP MASTER DATA ANALYST),mengembangkan dan mengimplementasikan proses pengelolaan data master erp
TIK.DEV0515,ANALIS DATA MASTER ERP MUDA (ASSOCIATE ERP MASTER DATA ANALYST),komunikatif
TIK.DEV0515,ANALIS DATA MASTER ERP MUDA (ASSOCIATE ERP MASTER DATA ANALYST),senang dengan data-data atau angka
TIK.DEV0515,ANALIS DATA MASTER ERP MUDA (ASSOCIATE ERP MASTER DATA ANALYST),teamwork
TIK.DEV0515,ANALIS DATA MASTER ERP MUDA (ASSOCIATE ERP MASTER DATA ANALYST),rasa ingin tahu tinggi
TIK.DEV0515,ANALIS DATA MASTER ERP MUDA (ASSOCIATE ERP MASTER DATA ANALYST),responsif
TIK.DEV0515,ANALIS DATA MASTER ERP MUDA (ASSOCIATE ERP MASTER DATA ANALYST),mengelola data master dalam sistem erp
TIK.DEV0515,ANALIS DATA MASTER ERP MUDA (ASSOCIATE ERP MASTER DATA ANALYST),memastikan data master akurat dan konsisten
TIK.DEV0515,ANALIS DATA MASTER ERP MUDA (ASSOCIATE ERP MASTER DATA ANALYST),membangun dan memelihara proses dan prosedur untuk mengelola data master
TIK.DEV0515,ANALIS DATA MASTER ERP MUDA (ASSOCIATE ERP MASTER DATA ANALYST),melakukan analisis data master untuk mengidentifikasi masalah dan peluang
TIK.DEV0515,ANALIS DATA MASTER ERP MUDA (ASSOCIATE ERP MASTER DATA ANALYST),mendukung pengguna dalam penggunaan data master
TIK.DEV0515,ANALIS DATA MASTER ERP MUDA (ASSOCIATE ERP MASTER DATA ANALYST),mengakses dan mengubah data master
TIK.DEV0515,ANALIS DATA MASTER ERP MUDA (ASSOCIATE ERP MASTER DATA ANALYST),meminta perubahan pada sistem erp
TIK.DEV0515,ANALIS DATA MASTER ERP MUDA (ASSOCIATE ERP MASTER DATA ANALYST),melakukan pelatihan dan dukungan pengguna
TIK.DEV0515,ANALIS DATA MASTER ERP MUDA (ASSOCIATE ERP MASTER DATA ANALYST),melakukan migrasi data
TIK.DEV0515,ANALIS DATA MASTER ERP MUDA (ASSOCIATE ERP MASTER DATA ANALYST),melakukan update data master
TIK.DEV0515,ANALIS DATA MASTER ERP MUDA (ASSOCIATE ERP MASTER DATA ANALYST),melakukan troubleshooting terhadap sistem erp
TIK.DEV0515,ANALIS DATA MASTER ERP MUDA (ASSOCIATE ERP MASTER DATA ANALYST),merancang rencana pemulihan dari bencana (disaster recovery plan)
TIK.DEV0515,ANALIS DATA MASTER ERP MUDA (ASSOCIATE ERP MASTER DATA ANALYST),membuat dokumen rencana perpindahan sistem
TIK.DEV0515,ANALIS DATA MASTER ERP MUDA (ASSOCIATE ERP MASTER DATA ANALYST),menyusun dokumen pengujian (test case)
TIK.DEV0515,ANALIS DATA MASTER ERP MUDA (ASSOCIATE ERP MASTER DATA ANALYST),melakukan backup sistem erp
TIK.DEV0515,ANALIS DATA MASTER ERP MUDA (ASSOCIATE ERP MASTER DATA ANALYST),mengevaluasi hasil analisis gap
TIK.DEV0515,ANALIS DATA MASTER ERP MUDA (ASSOCIATE ERP MASTER DATA ANALYST),mengevaluasi kriteria sistem erp yang sesuai kebutuhan
TIK.DEV0515,ANALIS DATA MASTER ERP MUDA (ASSOCIATE ERP MASTER DATA ANALYST),menganalisis alternate flow dari proses bisnis
TIK.DEV0515,ANALIS DATA MASTER ERP MUDA (ASSOCIATE ERP MASTER DATA ANALYST),menganalisis proses bisnis yang berjalan
TIK.DEV0516,ARSITEK ERP MUDA (ASSOCIATE ERP ARCHITECT),orang yang bertanggung jawab untuk merancang dan mengelola arsitektur sistem erp.
TIK.DEV0516,ARSITEK ERP MUDA (ASSOCIATE ERP ARCHITECT),merancang dan membangun arsitektur erp perusahaan
TIK.DEV0516,ARSITEK ERP MUDA (ASSOCIATE ERP ARCHITECT),memastikan bahwa arsitektur erp perusahaan sesuai dengan kebutuhan bisnis dan keamanan
TIK.DEV0516,ARSITEK ERP MUDA (ASSOCIATE ERP ARCHITECT),komunikatif
TIK.DEV0516,ARSITEK ERP MUDA (ASSOCIATE ERP ARCHITECT),senang dengan perkembangan teknologi
TIK.DEV0516,ARSITEK ERP MUDA (ASSOCIATE ERP ARCHITECT),berpikir sistematik
TIK.DEV0516,ARSITEK ERP MUDA (ASSOCIATE ERP ARCHITECT),teamwork
TIK.DEV0516,ARSITEK ERP MUDA (ASSOCIATE ERP ARCHITECT),teliti
TIK.DEV0516,ARSITEK ERP MUDA (ASSOCIATE ERP ARCHITECT),merancang dan mengembangkan arsitektur sistem erp
TIK.DEV0516,ARSITEK ERP MUDA (ASSOCIATE ERP ARCHITECT),menilai dan memilih solusi erp
TIK.DEV0516,ARSITEK ERP MUDA (ASSOCIATE ERP ARCHITECT),melakukan integrasi sistem erp dengan sistem lain
TIK.DEV0516,ARSITEK ERP MUDA (ASSOCIATE ERP ARCHITECT),mengelola infrastruktur ti untuk sistem erp
TIK.DEV0516,ARSITEK ERP MUDA (ASSOCIATE ERP ARCHITECT),mendukung pengguna dalam penggunaan sistem erp
TIK.DEV0516,ARSITEK ERP MUDA (ASSOCIATE ERP ARCHITECT),mengambil keputusan tentang arsitektur sistem erp
TIK.DEV0516,ARSITEK ERP MUDA (ASSOCIATE ERP ARCHITECT),meminta perubahan pada sistem erp
TIK.DEV0516,ARSITEK ERP MUDA (ASSOCIATE ERP ARCHITECT),mengelola anggaran dan sumber daya untuk pengembangan sistem erp
TIK.DEV0516,ARSITEK ERP MUDA (ASSOCIATE ERP ARCHITECT),menentukan kriteria sistem erp
TIK.DEV0516,ARSITEK ERP MUDA (ASSOCIATE ERP ARCHITECT),mengevaluasi kriteria sistem erp yang sesuai kebutuhan
TIK.DEV0516,ARSITEK ERP MUDA (ASSOCIATE ERP ARCHITECT),mengidentifikasi kebutuhan transaksi operasional
TIK.DEV0516,ARSITEK ERP MUDA (ASSOCIATE ERP ARCHITECT),menentukan sistem erp berdasarkan kebutuhan transaksi operasional
TIK.DEV0516,ARSITEK ERP MUDA (ASSOCIATE ERP ARCHITECT),merancang spesifikasi sesuai dengan fungsi dan kebutuhan pengguna
TIK.DEV0401,ASISTEN PENGEMBANG WEB (ASSISTANT WEB DEVELOPER),mendesain dan mengembangkan antarmuka pengguna (user interface) situs web
TIK.DEV0401,ASISTEN PENGEMBANG WEB (ASSISTANT WEB DEVELOPER),membangun dan mengelola database
TIK.DEV0401,ASISTEN PENGEMBANG WEB (ASSISTANT WEB DEVELOPER),menjaga keamanan situs web
TIK.DEV0401,ASISTEN PENGEMBANG WEB (ASSISTANT WEB DEVELOPER),komunikatif
TIK.DEV0401,ASISTEN PENGEMBANG WEB (ASSISTANT WEB DEVELOPER),mampu menyelesaikan masalah dengan baik
TIK.DEV0401,ASISTEN PENGEMBANG WEB (ASSISTANT WEB DEVELOPER),objektif
TIK.DEV0401,ASISTEN PENGEMBANG WEB (ASSISTANT WEB DEVELOPER),analitis
TIK.DEV0401,ASISTEN PENGEMBANG WEB (ASSISTANT WEB DEVELOPER),mendesain dan mengembangkan antarmuka pengguna (user interface) situs web
TIK.DEV0401,ASISTEN PENGEMBANG WEB (ASSISTANT WEB DEVELOPER),menerapkan logika dan fungsionalitas situs web
TIK.DEV0401,ASISTEN PENGEMBANG WEB (ASSISTANT WEB DEVELOPER),membangun dan mengelola database
TIK.DEV0401,ASISTEN PENGEMBANG WEB (ASSISTANT WEB DEVELOPER),melakukan pengujian dan debugging situs web
TIK.DEV0401,ASISTEN PENGEMBANG WEB (ASSISTANT WEB DEVELOPER),menjaga keamanan situs web
TIK.DEV0401,ASISTEN PENGEMBANG WEB (ASSISTANT WEB DEVELOPER),melakukan pengembangan web sesuai dengan spesifikasi yang diberikan oleh web developer atau pemangku kepentingan
TIK.DEV0401,ASISTEN PENGEMBANG WEB (ASSISTANT WEB DEVELOPER),melakukan pengujian dan debugging web untuk memastikan web berfungsi dengan baik
TIK.DEV0401,ASISTEN PENGEMBANG WEB (ASSISTANT WEB DEVELOPER),melakukan dokumentasi web untuk memudahkan pemeliharaan dan pengembangan web di masa mendatang
TIK.DEV0401,ASISTEN PENGEMBANG WEB (ASSISTANT WEB DEVELOPER),melakukan komunikasi dengan tim terkait untuk memastikan web yang dikembangkan sesuai dengan kebutuhan
TIK.DEV0401,ASISTEN PENGEMBANG WEB (ASSISTANT WEB DEVELOPER),pengetahuan dasar tentang bahasa pemrograman;
TIK.DEV0401,ASISTEN PENGEMBANG WEB (ASSISTANT WEB DEVELOPER),"pengetahuan tentang konsep dasar web development, seperti struktur dan desain situs web, database, dan keamanan web."
TIK.DEV0401,ASISTEN PENGEMBANG WEB (ASSISTANT WEB DEVELOPER),mengimplementasikan user interface
TIK.DEV0401,ASISTEN PENGEMBANG WEB (ASSISTANT WEB DEVELOPER),"menerapkan perintah eksekusi bahasa pemrograman berbasis teks, grafik, dan multimedia"
TIK.DEV0401,ASISTEN PENGEMBANG WEB (ASSISTANT WEB DEVELOPER),"menyusun fungsi, file atau sumber daya pemrograman yang lain dalam organisasi yang rapi"
TIK.DEV0401,ASISTEN PENGEMBANG WEB (ASSISTANT WEB DEVELOPER),menulis kode dengan prinsip sesuai guidelines dan best practices
TIK.DEV0401,ASISTEN PENGEMBANG WEB (ASSISTANT WEB DEVELOPER),mengimplementasikan pemrograman terstruktur
TIK.DEV0401,ASISTEN PENGEMBANG WEB (ASSISTANT WEB DEVELOPER),menggunakan library atau komponen pre-existing
TIK.DEV0402,ASISTEN PENGUJI PERANGKAT LUNAK (ASSISTANT SOFTWARE TESTER),orang yang bertanggung jawab untuk memastikan kualitas perangkat lunak. mereka melakukan ini dengan menjalankan tes untuk menemukan kesalahan dan memastikan perangkat lunak memenuhi persyaratan.
TIK.DEV0402,ASISTEN PENGUJI PERANGKAT LUNAK (ASSISTANT SOFTWARE TESTER),melakukan pengujian terhadap software
TIK.DEV0402,ASISTEN PENGUJI PERANGKAT LUNAK (ASSISTANT SOFTWARE TESTER),membuat laporan hasil pengujian
TIK.DEV0402,ASISTEN PENGUJI PERANGKAT LUNAK (ASSISTANT SOFTWARE TESTER),komunikatif
TIK.DEV0402,ASISTEN PENGUJI PERANGKAT LUNAK (ASSISTANT SOFTWARE TESTER),mampu menyelesaikan masalah dengan baik
TIK.DEV0402,ASISTEN PENGUJI PERANGKAT LUNAK (ASSISTANT SOFTWARE TESTER),objektif
TIK.DEV0402,ASISTEN PENGUJI PERANGKAT LUNAK (ASSISTANT SOFTWARE TESTER),analitis
TIK.DEV0402,ASISTEN PENGUJI PERANGKAT LUNAK (ASSISTANT SOFTWARE TESTER),membaca dan memahami persyaratan perangkat lunak
TIK.DEV0402,ASISTEN PENGUJI PERANGKAT LUNAK (ASSISTANT SOFTWARE TESTER),mendesain dan mengembangkan kasus uji
TIK.DEV0402,ASISTEN PENGUJI PERANGKAT LUNAK (ASSISTANT SOFTWARE TESTER),melakukan pengujian manual atau otomatis
TIK.DEV0402,ASISTEN PENGUJI PERANGKAT LUNAK (ASSISTANT SOFTWARE TESTER),mencatat hasil pengujian
TIK.DEV0402,ASISTEN PENGUJI PERANGKAT LUNAK (ASSISTANT SOFTWARE TESTER),melakukan analisis kesalahan
TIK.DEV0402,ASISTEN PENGUJI PERANGKAT LUNAK (ASSISTANT SOFTWARE TESTER),membuat laporan pengujian
TIK.DEV0402,ASISTEN PENGUJI PERANGKAT LUNAK (ASSISTANT SOFTWARE TESTER),"keterampilan teknis, seperti pemahaman tentang bahasa pemrograman, sistem operasi, dan database;"
TIK.DEV0402,ASISTEN PENGUJI PERANGKAT LUNAK (ASSISTANT SOFTWARE TESTER),"keterampilan analisis, seperti kemampuan untuk mengidentifikasi dan memecahkan masalah;"
TIK.DEV0402,ASISTEN PENGUJI PERANGKAT LUNAK (ASSISTANT SOFTWARE TESTER),"keterampilan komunikasi, seperti kemampuan untuk menulis laporan dan presentasi yang jelas dan ringkas."
TIK.DEV0402,ASISTEN PENGUJI PERANGKAT LUNAK (ASSISTANT SOFTWARE TESTER),melaksanakan pengujian unit program
TIK.DEV0402,ASISTEN PENGUJI PERANGKAT LUNAK (ASSISTANT SOFTWARE TESTER),melaksanakan pengujian integrasi program
TIK.DEV0402,ASISTEN PENGUJI PERANGKAT LUNAK (ASSISTANT SOFTWARE TESTER),melaksanakan pengujian program sistem
TIK.DEV0402,ASISTEN PENGUJI PERANGKAT LUNAK (ASSISTANT SOFTWARE TESTER),melaksanakan pengujian kode program secara statis
TIK.DEV0402,ASISTEN PENGUJI PERANGKAT LUNAK (ASSISTANT SOFTWARE TESTER),melaksanakan stress test
TIK.DEV0402,ASISTEN PENGUJI PERANGKAT LUNAK (ASSISTANT SOFTWARE TESTER),melaksanakan pengujian oleh pengguna (uat)
TIK.DEV0403,ASISTEN MOBILE COMPUTING (MOBILE COMPUTING ASSISTANT),"orang yang bertanggung jawab untuk membantu mobile computing muda dalam pengembangan, pengujian, dan pemeliharaan aplikasi mobile."
TIK.DEV0403,ASISTEN MOBILE COMPUTING (MOBILE COMPUTING ASSISTANT),mengembangkan dan menerapkan solusi mobilitas yang kompleks untuk perusahaan
TIK.DEV0403,ASISTEN MOBILE COMPUTING (MOBILE COMPUTING ASSISTANT),memimpin dan membimbing tim pengembangan mobilitas
TIK.DEV0403,ASISTEN MOBILE COMPUTING (MOBILE COMPUTING ASSISTANT),komunikatif
TIK.DEV0403,ASISTEN MOBILE COMPUTING (MOBILE COMPUTING ASSISTANT),senang dengan data-data atau angka
TIK.DEV0403,ASISTEN MOBILE COMPUTING (MOBILE COMPUTING ASSISTANT),teamwork
TIK.DEV0403,ASISTEN MOBILE COMPUTING (MOBILE COMPUTING ASSISTANT),rasa ingin tahu tinggi
TIK.DEV0403,ASISTEN MOBILE COMPUTING (MOBILE COMPUTING ASSISTANT),responsif
TIK.DEV0403,ASISTEN MOBILE COMPUTING (MOBILE COMPUTING ASSISTANT),mengembangkan strategi dan visi untuk pengembangan seluler
TIK.DEV0403,ASISTEN MOBILE COMPUTING (MOBILE COMPUTING ASSISTANT),memimpin tim pengembangan seluler
TIK.DEV0403,ASISTEN MOBILE COMPUTING (MOBILE COMPUTING ASSISTANT),mengembangkan dan meninjau persyaratan untuk aplikasi dan layanan seluler
TIK.DEV0403,ASISTEN MOBILE COMPUTING (MOBILE COMPUTING ASSISTANT),mengembangkan dan mengimplementasikan aplikasi dan layanan seluler
TIK.DEV0403,ASISTEN MOBILE COMPUTING (MOBILE COMPUTING ASSISTANT),melakukan pengujian dan debugging aplikasi dan layanan seluler
TIK.DEV0403,ASISTEN MOBILE COMPUTING (MOBILE COMPUTING ASSISTANT),memelihara dan mengoptimalkan aplikasi dan layanan seluler
TIK.DEV0403,ASISTEN MOBILE COMPUTING (MOBILE COMPUTING ASSISTANT),menjelaskan kondisi geografis dan demografis nkri
TIK.DEV0403,ASISTEN MOBILE COMPUTING (MOBILE COMPUTING ASSISTANT),membuat dokumentasi teknis
TIK.DEV0403,ASISTEN MOBILE COMPUTING (MOBILE COMPUTING ASSISTANT),membuat multimedia messaging application mobile computing
TIK.DEV0403,ASISTEN MOBILE COMPUTING (MOBILE COMPUTING ASSISTANT),merancang pemrograman pada mobile network element
TIK.DEV0403,ASISTEN MOBILE COMPUTING (MOBILE COMPUTING ASSISTANT),"menjelaskan mobile location based service, gps dan mobile navigation"
TIK.DEV0403,ASISTEN MOBILE COMPUTING (MOBILE COMPUTING ASSISTANT),merancang mobile interface
TIK.DEV0403,ASISTEN MOBILE COMPUTING (MOBILE COMPUTING ASSISTANT),melakukan perencanaan pada jaringan core berbasis packet switch (ps)
TIK.DEV0403,ASISTEN MOBILE COMPUTING (MOBILE COMPUTING ASSISTANT),mengorganisasi dan mengatur proyek perencanaan jaringan terpadu
TIK.DEV0404,-  ASISTEN MANAJEMEN INFORMASI (INFORMATION MANAGEMENT ASSISTANT),orang yang bertugas mengelola informasi dan data. ims bekerja sama dengan berbagai departemen dan unit kerja untuk memastikan bahwa informasi dan data yang dimiliki organisasi dikelola dengan baik dan aman.
TIK.DEV0404,-  ASISTEN MANAJEMEN INFORMASI (INFORMATION MANAGEMENT ASSISTANT),"mengumpulkan, menyimpan, dan mengelola data"
TIK.DEV0404,-  ASISTEN MANAJEMEN INFORMASI (INFORMATION MANAGEMENT ASSISTANT),menganalisis data untuk membuat laporan dan keputusan
TIK.DEV0404,-  ASISTEN MANAJEMEN INFORMASI (INFORMATION MANAGEMENT ASSISTANT),kreatif dan inovatif
TIK.DEV0404,-  ASISTEN MANAJEMEN INFORMASI (INFORMATION MANAGEMENT ASSISTANT),komunikatif
TIK.DEV0404,-  ASISTEN MANAJEMEN INFORMASI (INFORMATION MANAGEMENT ASSISTANT),mampu merencanakan dan mengorganisasi
TIK.DEV0404,-  ASISTEN MANAJEMEN INFORMASI (INFORMATION MANAGEMENT ASSISTANT),mampu bekerjasama
TIK.DEV0404,-  ASISTEN MANAJEMEN INFORMASI (INFORMATION MANAGEMENT ASSISTANT),memiliki leadership
TIK.DEV0404,-  ASISTEN MANAJEMEN INFORMASI (INFORMATION MANAGEMENT ASSISTANT),mampu melakukan research & development di bidang teknologi
TIK.DEV0404,-  ASISTEN MANAJEMEN INFORMASI (INFORMATION MANAGEMENT ASSISTANT),mengikuti perkembangan teknologi dunia
TIK.DEV0404,-  ASISTEN MANAJEMEN INFORMASI (INFORMATION MANAGEMENT ASSISTANT),menyusun dan menerapkan kebijakan dan prosedur manajemen informasi
TIK.DEV0404,-  ASISTEN MANAJEMEN INFORMASI (INFORMATION MANAGEMENT ASSISTANT),"mengumpulkan, menyimpan, dan mengelola data"
TIK.DEV0404,-  ASISTEN MANAJEMEN INFORMASI (INFORMATION MANAGEMENT ASSISTANT),menganalisis data untuk membuat laporan dan keputusan
TIK.DEV0404,-  ASISTEN MANAJEMEN INFORMASI (INFORMATION MANAGEMENT ASSISTANT),melindungi informasi dan data dari ancaman keamanan
TIK.DEV0404,-  ASISTEN MANAJEMEN INFORMASI (INFORMATION MANAGEMENT ASSISTANT),memberikan dukungan kepada pengguna dalam penggunaan sistem informasi
TIK.DEV0404,-  ASISTEN MANAJEMEN INFORMASI (INFORMATION MANAGEMENT ASSISTANT),melakukan pemantauan dan perawatan sistem informasi
TIK.DEV0404,-  ASISTEN MANAJEMEN INFORMASI (INFORMATION MANAGEMENT ASSISTANT),melakukan budgeting untuk sistem informasi
TIK.DEV0404,-  ASISTEN MANAJEMEN INFORMASI (INFORMATION MANAGEMENT ASSISTANT),melakukan koordinasi dengan unit-unit lain dalam organisasi terkait dengan sistem informasi
TIK.DEV0404,-  ASISTEN MANAJEMEN INFORMASI (INFORMATION MANAGEMENT ASSISTANT),memiliki keterampilan dasar dalam bidang tik;
TIK.DEV0404,-  ASISTEN MANAJEMEN INFORMASI (INFORMATION MANAGEMENT ASSISTANT),menjaga kualitas data
TIK.DEV0404,-  ASISTEN MANAJEMEN INFORMASI (INFORMATION MANAGEMENT ASSISTANT),melakukan back-up and restore data
TIK.DEV0404,-  ASISTEN MANAJEMEN INFORMASI (INFORMATION MANAGEMENT ASSISTANT),mengelola keamanan data
TIK.DEV0404,-  ASISTEN MANAJEMEN INFORMASI (INFORMATION MANAGEMENT ASSISTANT),melakukan pengujian kualitas perangkat lunak secara manual
TIK.DEV0404,-  ASISTEN MANAJEMEN INFORMASI (INFORMATION MANAGEMENT ASSISTANT),melakukan pengujian kualitas perangkat lunak secara otomatis
TIK.DEV0404,-  ASISTEN MANAJEMEN INFORMASI (INFORMATION MANAGEMENT ASSISTANT),melakukan pengujian keamanan perangkat lunak
TIK.DEV0405,ASISTEN PEMROGRAM FRONT-END (ASSISTANT FRONT-END PROGRAMMER),mengacu pada setiap aspek dari proses desain yang muncul dalam atau berhubungan langsung dengan browser yang berkaitan dengan desain antarmuka website (interface)
TIK.DEV0405,ASISTEN PEMROGRAM FRONT-END (ASSISTANT FRONT-END PROGRAMMER),kreatif
TIK.DEV0405,ASISTEN PEMROGRAM FRONT-END (ASSISTANT FRONT-END PROGRAMMER),disiplin
TIK.DEV0405,ASISTEN PEMROGRAM FRONT-END (ASSISTANT FRONT-END PROGRAMMER),teliti
TIK.DEV0405,ASISTEN PEMROGRAM FRONT-END (ASSISTANT FRONT-END PROGRAMMER),mampu bekerjasama
TIK.DEV0405,ASISTEN PEMROGRAM FRONT-END (ASSISTANT FRONT-END PROGRAMMER),mampu beradaptasi
TIK.DEV0405,ASISTEN PEMROGRAM FRONT-END (ASSISTANT FRONT-END PROGRAMMER),mengerti teknologi dan mengerti gawai elektronik
TIK.DEV0405,ASISTEN PEMROGRAM FRONT-END (ASSISTANT FRONT-END PROGRAMMER),problem solver
TIK.DEV0405,ASISTEN PEMROGRAM FRONT-END (ASSISTANT FRONT-END PROGRAMMER),memiliki jiwa kepemimpinan
TIK.DEV0405,ASISTEN PEMROGRAM FRONT-END (ASSISTANT FRONT-END PROGRAMMER),mampu mengikuti creative brief dalam lingkup pekerjaan produksi multimedia
TIK.DEV0405,ASISTEN PEMROGRAM FRONT-END (ASSISTANT FRONT-END PROGRAMMER),mampu menggunakan peralatan atau teknologi yang cukup kompleks
TIK.DEV0405,ASISTEN PEMROGRAM FRONT-END (ASSISTANT FRONT-END PROGRAMMER),"melakukan pengaturan software tools pemrograman, membuat tampilan depan website dengan beberapa bahasa programming"
TIK.DEV0405,ASISTEN PEMROGRAM FRONT-END (ASSISTANT FRONT-END PROGRAMMER),"melaksanakan perintah eksekusi bahasa pemrograman berbasis teks, grafik, dan multimedia, memastikan pekerjaan sesuai dengan sop"
TIK.DEV0405,ASISTEN PEMROGRAM FRONT-END (ASSISTANT FRONT-END PROGRAMMER),"mengikuti prosedur kesehatan, keselamatan, dan keamanan kerja dalam produksi multimedia, serta dapat bekerjasama dengan jr. frontend programmer/developer"
TIK.DEV0405,ASISTEN PEMROGRAM FRONT-END (ASSISTANT FRONT-END PROGRAMMER),"membuat website menjadi responsif di semua perangkat (tablet, ponsel, smartphone, tab, pc, dan sebagainya)"
TIK.DEV0405,ASISTEN PEMROGRAM FRONT-END (ASSISTANT FRONT-END PROGRAMMER),mengimplementasikan pemrograman berorientasi objek
TIK.DEV0405,ASISTEN PEMROGRAM FRONT-END (ASSISTANT FRONT-END PROGRAMMER),melakukan instalasi software tools pemrograman
TIK.DEV0405,ASISTEN PEMROGRAM FRONT-END (ASSISTANT FRONT-END PROGRAMMER),"mengikuti prosedur kesehatan, keselamatan, dan keamanan kerja"
TIK.DEV0405,ASISTEN PEMROGRAM FRONT-END (ASSISTANT FRONT-END PROGRAMMER),"menerapkan perintah eksekusi bahasa pemrograman berbasis teks, grafik, dan multimedia"
TIK.DEV0405,ASISTEN PEMROGRAM FRONT-END (ASSISTANT FRONT-END PROGRAMMER),menerapkan metode dan praktik penggunaan kembali (reusable) subrutin-subrutin
TIK.DEV0405,ASISTEN PEMROGRAM FRONT-END (ASSISTANT FRONT-END PROGRAMMER),mengimplementasikan pemrograman terstruktur
TIK.DEV0405,ASISTEN PEMROGRAM FRONT-END (ASSISTANT FRONT-END PROGRAMMER),mendesain interface
TIK.DEV0405,ASISTEN PEMROGRAM FRONT-END (ASSISTANT FRONT-END PROGRAMMER),mengembangkan fitur web interface baru untuk pengguna
TIK.DEV0405,ASISTEN PEMROGRAM FRONT-END (ASSISTANT FRONT-END PROGRAMMER),mendesain informasi yang telah diolah
TIK.DEV0405,ASISTEN PEMROGRAM FRONT-END (ASSISTANT FRONT-END PROGRAMMER),membuat kode yang reusable
TIK.DEV0405,ASISTEN PEMROGRAM FRONT-END (ASSISTANT FRONT-END PROGRAMMER),menjamin kelayakan teknis dari ui/ux
TIK.DEV0405,ASISTEN PEMROGRAM FRONT-END (ASSISTANT FRONT-END PROGRAMMER),menjamin semua input pengguna divalidasi dikirim ke back-end
TIK.DEV0405,ASISTEN PEMROGRAM FRONT-END (ASSISTANT FRONT-END PROGRAMMER),merancang sebuah kerangka untuk membuat aplikasi pengguna yang sesuai dengan kebutuhan perusahaan
TIK.DEV0405,ASISTEN PEMROGRAM FRONT-END (ASSISTANT FRONT-END PROGRAMMER),melatih staff non teknis terutama desainer 135
TIK.DEV0406,ASISTEN PEMROGRAM BACK-END (ASSISTANT BACK-END PROGRAMMER),"orang yang menguasai teknologi yang akan menunjang kekuatan komponen back-end, memiliki pengaruh yang signifikan pada platform teknis bekerja untuk membangun aplikasi yang akan digunakan oleh pelanggan dan mendesain dan menerapkan data storage solutions."
TIK.DEV0406,ASISTEN PEMROGRAM BACK-END (ASSISTANT BACK-END PROGRAMMER),bekerja pada server di balik layar untuk membuat halaman web yang dinamis dan interaktif
TIK.DEV0406,ASISTEN PEMROGRAM BACK-END (ASSISTANT BACK-END PROGRAMMER),kreatif
TIK.DEV0406,ASISTEN PEMROGRAM BACK-END (ASSISTANT BACK-END PROGRAMMER),disiplin
TIK.DEV0406,ASISTEN PEMROGRAM BACK-END (ASSISTANT BACK-END PROGRAMMER),teliti
TIK.DEV0406,ASISTEN PEMROGRAM BACK-END (ASSISTANT BACK-END PROGRAMMER),mampu bekerjasama
TIK.DEV0406,ASISTEN PEMROGRAM BACK-END (ASSISTANT BACK-END PROGRAMMER),mampu beradaptasi
TIK.DEV0406,ASISTEN PEMROGRAM BACK-END (ASSISTANT BACK-END PROGRAMMER),mengerti teknologi dan mengerti gawai
TIK.DEV0406,ASISTEN PEMROGRAM BACK-END (ASSISTANT BACK-END PROGRAMMER),memiliki jiwa kepemimpinan
TIK.DEV0406,ASISTEN PEMROGRAM BACK-END (ASSISTANT BACK-END PROGRAMMER),ramah terhadap lingkungan kerja
TIK.DEV0406,ASISTEN PEMROGRAM BACK-END (ASSISTANT BACK-END PROGRAMMER),bekerja sesuai dengan sop dan panduan atau creative brief dalam lingkup pekerjaan produksi multimedia
TIK.DEV0406,ASISTEN PEMROGRAM BACK-END (ASSISTANT BACK-END PROGRAMMER),bertanggung jawab terhadap server-side web application dan melakukan pekerjaan yang terintegrasi dengan yang dilakukan seorang front-end developers
TIK.DEV0406,ASISTEN PEMROGRAM BACK-END (ASSISTANT BACK-END PROGRAMMER),bertanggung jawab mengatur data antara server dan pengguna
TIK.DEV0406,ASISTEN PEMROGRAM BACK-END (ASSISTANT BACK-END PROGRAMMER),responsif terhadap permintaan front-end
TIK.DEV0406,ASISTEN PEMROGRAM BACK-END (ASSISTANT BACK-END PROGRAMMER),building reusable code and libraries for future use
TIK.DEV0406,ASISTEN PEMROGRAM BACK-END (ASSISTANT BACK-END PROGRAMMER),implementation of security and data protection
TIK.DEV0406,ASISTEN PEMROGRAM BACK-END (ASSISTANT BACK-END PROGRAMMER),"mengikuti prosedur kesehatan, keselamatan, dan keamanan kerja"
TIK.DEV0406,ASISTEN PEMROGRAM BACK-END (ASSISTANT BACK-END PROGRAMMER),"menerapkan perintah eksekusi bahasa pemrograman berbasis teks, grafik, dan multimedia"
TIK.DEV0406,ASISTEN PEMROGRAM BACK-END (ASSISTANT BACK-END PROGRAMMER),mengimplementasikan pemrograman berorientasi objek
TIK.DEV0406,ASISTEN PEMROGRAM BACK-END (ASSISTANT BACK-END PROGRAMMER),mengimplementasikan algoritma pemrograman
TIK.DEV0406,ASISTEN PEMROGRAM BACK-END (ASSISTANT BACK-END PROGRAMMER),memastikan semua fungsi berjalan dengan baik dan benar
TIK.DEV0406,ASISTEN PEMROGRAM BACK-END (ASSISTANT BACK-END PROGRAMMER),menunjang kekuatan komponen back-end
TIK.DEV0407,ASISTEN PENDUKUNG TEKNIK (TECHNICAL SUPPORT ASSISTANT),"orang yang memiliki kualifikasi ini mencakup pengetahuan, sikap dan keterampilan yang harus dimiliki oleh pemangku jabatan dalam memastikan aplikasi interaktif berjalan dengan baik dan benar sesuai arahan dari it manager."
TIK.DEV0407,ASISTEN PENDUKUNG TEKNIK (TECHNICAL SUPPORT ASSISTANT),memahami brief secara verbal maupun tertulis
TIK.DEV0407,ASISTEN PENDUKUNG TEKNIK (TECHNICAL SUPPORT ASSISTANT),mengerti logic pemrograman
TIK.DEV0407,ASISTEN PENDUKUNG TEKNIK (TECHNICAL SUPPORT ASSISTANT),melakukan prosedur keamanan untuk software dan hardware
TIK.DEV0407,ASISTEN PENDUKUNG TEKNIK (TECHNICAL SUPPORT ASSISTANT),membuat report sesuai keperluan atasan
TIK.DEV0407,ASISTEN PENDUKUNG TEKNIK (TECHNICAL SUPPORT ASSISTANT),berkomunikasi secara profesional dengan tim
TIK.DEV0407,ASISTEN PENDUKUNG TEKNIK (TECHNICAL SUPPORT ASSISTANT),komunikatif
TIK.DEV0407,ASISTEN PENDUKUNG TEKNIK (TECHNICAL SUPPORT ASSISTANT),kooperatif
TIK.DEV0407,ASISTEN PENDUKUNG TEKNIK (TECHNICAL SUPPORT ASSISTANT),produktif
TIK.DEV0407,ASISTEN PENDUKUNG TEKNIK (TECHNICAL SUPPORT ASSISTANT),mengikuti perkembangan teknologi
TIK.DEV0407,ASISTEN PENDUKUNG TEKNIK (TECHNICAL SUPPORT ASSISTANT),memastikan semua kebutuhan peralatan teknik tersedia dan bisa dioperasikan dengan baik
TIK.DEV0407,ASISTEN PENDUKUNG TEKNIK (TECHNICAL SUPPORT ASSISTANT),menjaga keamanan peralatan
TIK.DEV0407,ASISTEN PENDUKUNG TEKNIK (TECHNICAL SUPPORT ASSISTANT),menjaga lingkungan kerja agar sesuai k3
TIK.DEV0407,ASISTEN PENDUKUNG TEKNIK (TECHNICAL SUPPORT ASSISTANT),mengoperasikan alat
TIK.DEV0407,ASISTEN PENDUKUNG TEKNIK (TECHNICAL SUPPORT ASSISTANT),mengetes dan merapikan alat
TIK.DEV0407,ASISTEN PENDUKUNG TEKNIK (TECHNICAL SUPPORT ASSISTANT),merepair (maintenance ringan) peralatan
TIK.DEV0407,ASISTEN PENDUKUNG TEKNIK (TECHNICAL SUPPORT ASSISTANT),merancang spesifikasi sesuai dengan fungsi dan kebutuhan pengguna
TIK.DEV0407,ASISTEN PENDUKUNG TEKNIK (TECHNICAL SUPPORT ASSISTANT),merawat peralatan agar siap digunakan
TIK.DEV0407,ASISTEN PENDUKUNG TEKNIK (TECHNICAL SUPPORT ASSISTANT),melakukan instalasi software aplikasi
TIK.DEV0407,ASISTEN PENDUKUNG TEKNIK (TECHNICAL SUPPORT ASSISTANT),melakukan backup data dan sistem
TIK.DEV0407,ASISTEN PENDUKUNG TEKNIK (TECHNICAL SUPPORT ASSISTANT),merawat aplikasi
TIK.DEV0407,ASISTEN PENDUKUNG TEKNIK (TECHNICAL SUPPORT ASSISTANT),melakukan setting untuk optimasi sistem
TIK.DEV0407,ASISTEN PENDUKUNG TEKNIK (TECHNICAL SUPPORT ASSISTANT),kerja sama tim
TIK.DEV0407,ASISTEN PENDUKUNG TEKNIK (TECHNICAL SUPPORT ASSISTANT),melaksanakan k3
TIK.DEV0408,ASISTEN PELAKSANA ERP (ASSISTANT ERP IMPLEMENTOR),orang yang bertanggung jawab untuk mengimplementasi dan mengembangkan aplikasi sistem erp.
TIK.DEV0408,ASISTEN PELAKSANA ERP (ASSISTANT ERP IMPLEMENTOR),mengembangkan dan mengimplementasikan modul erp
TIK.DEV0408,ASISTEN PELAKSANA ERP (ASSISTANT ERP IMPLEMENTOR),memastikan bahwa modul erp berkualitas tinggi dan sesuai dengan kebutuhan bisnis
TIK.DEV0408,ASISTEN PELAKSANA ERP (ASSISTANT ERP IMPLEMENTOR),komunikatif
TIK.DEV0408,ASISTEN PELAKSANA ERP (ASSISTANT ERP IMPLEMENTOR),senang dengan teknologi baru
TIK.DEV0408,ASISTEN PELAKSANA ERP (ASSISTANT ERP IMPLEMENTOR),teamwork
TIK.DEV0408,ASISTEN PELAKSANA ERP (ASSISTANT ERP IMPLEMENTOR),merencanakan dan mengorganisasi pekerjaan
TIK.DEV0408,ASISTEN PELAKSANA ERP (ASSISTANT ERP IMPLEMENTOR),sadar biaya
TIK.DEV0408,ASISTEN PELAKSANA ERP (ASSISTANT ERP IMPLEMENTOR),teliti
TIK.DEV0408,ASISTEN PELAKSANA ERP (ASSISTANT ERP IMPLEMENTOR),membangun dan mengembangkan sistem erp
TIK.DEV0408,ASISTEN PELAKSANA ERP (ASSISTANT ERP IMPLEMENTOR),melakukan pengujian sistem erp
TIK.DEV0408,ASISTEN PELAKSANA ERP (ASSISTANT ERP IMPLEMENTOR),mendukung pengguna dalam penggunaan sistem erp
TIK.DEV0408,ASISTEN PELAKSANA ERP (ASSISTANT ERP IMPLEMENTOR),mengambil keputusan tentang pengembangan sistem erp
TIK.DEV0408,ASISTEN PELAKSANA ERP (ASSISTANT ERP IMPLEMENTOR),meminta perubahan pada sistem erp
TIK.DEV0408,ASISTEN PELAKSANA ERP (ASSISTANT ERP IMPLEMENTOR),mengelola anggaran dan sumber daya untuk pengembangan sistem erp
TIK.DEV0408,ASISTEN PELAKSANA ERP (ASSISTANT ERP IMPLEMENTOR),menggunakan spesifikasi program
TIK.DEV0408,ASISTEN PELAKSANA ERP (ASSISTANT ERP IMPLEMENTOR),menulis kode dengan prinsip sesuai guidelines dan best practices
TIK.DEV0408,ASISTEN PELAKSANA ERP (ASSISTANT ERP IMPLEMENTOR),menggunakan library atau komponen pre-existing
TIK.DEV0408,ASISTEN PELAKSANA ERP (ASSISTANT ERP IMPLEMENTOR),menerapkan akses basis data
TIK.DEV0408,ASISTEN PELAKSANA ERP (ASSISTANT ERP IMPLEMENTOR),mengimplementasikan algoritma pemrograman
TIK.DEV0408,ASISTEN PELAKSANA ERP (ASSISTANT ERP IMPLEMENTOR),membuat dokumen kode program
TIK.DEV0408,ASISTEN PELAKSANA ERP (ASSISTANT ERP IMPLEMENTOR),melakukan migrasi ke teknologi baru
TIK.DEV0408,ASISTEN PELAKSANA ERP (ASSISTANT ERP IMPLEMENTOR),memberikan petunjuk teknis kepada pelanggan
TIK.DEV0408,ASISTEN PELAKSANA ERP (ASSISTANT ERP IMPLEMENTOR),membuat paket instalasi perangkat lunak
TIK.DEV0408,ASISTEN PELAKSANA ERP (ASSISTANT ERP IMPLEMENTOR),menentukan metode pemodelan arsitektur teknologi dan technology building block yang diperlukan
TIK.DEV0408,ASISTEN PELAKSANA ERP (ASSISTANT ERP IMPLEMENTOR),menyusun dan mengelola dokumentasi
TIK.DEV0408,ASISTEN PELAKSANA ERP (ASSISTANT ERP IMPLEMENTOR),mengkonfigurasi common network services pada server
TIK.DEV0409,ASISTEN TIM ERP (ERP TEAM ASSISTANT),orang yang bertanggung jawab untuk memimpin dan mengelola tim erp.
TIK.DEV0409,ASISTEN TIM ERP (ERP TEAM ASSISTANT),memimpin dan membimbing tim erp
TIK.DEV0409,ASISTEN TIM ERP (ERP TEAM ASSISTANT),memastikan bahwa tim erp bekerja sama secara efektif untuk mencapai tujuan
TIK.DEV0409,ASISTEN TIM ERP (ERP TEAM ASSISTANT),komunikatif
TIK.DEV0409,ASISTEN TIM ERP (ERP TEAM ASSISTANT),senang dengan perkembangan teknologi
TIK.DEV0409,ASISTEN TIM ERP (ERP TEAM ASSISTANT),berpikir sistematik
TIK.DEV0409,ASISTEN TIM ERP (ERP TEAM ASSISTANT),teamwork
TIK.DEV0409,ASISTEN TIM ERP (ERP TEAM ASSISTANT),teliti
TIK.DEV0409,ASISTEN TIM ERP (ERP TEAM ASSISTANT),memimpin tim erp
TIK.DEV0409,ASISTEN TIM ERP (ERP TEAM ASSISTANT),merumuskan strategi dan rencana erp
TIK.DEV0409,ASISTEN TIM ERP (ERP TEAM ASSISTANT),mengoordinasikan dan mengawasi implementasi erp
TIK.DEV0409,ASISTEN TIM ERP (ERP TEAM ASSISTANT),mengelola anggaran dan sumber daya erp
TIK.DEV0409,ASISTEN TIM ERP (ERP TEAM ASSISTANT),membangun dan memelihara hubungan dengan vendor erp
TIK.DEV0409,ASISTEN TIM ERP (ERP TEAM ASSISTANT),mendukung pengguna dalam penggunaan sistem erp
TIK.DEV0409,ASISTEN TIM ERP (ERP TEAM ASSISTANT),mengambil keputusan tentang tim erp
TIK.DEV0409,ASISTEN TIM ERP (ERP TEAM ASSISTANT),meminta perubahan pada sistem erp
TIK.DEV0409,ASISTEN TIM ERP (ERP TEAM ASSISTANT),mengelola anggaran dan sumber daya untuk tim erp
TIK.DEV0409,ASISTEN TIM ERP (ERP TEAM ASSISTANT),menyusun kebutuhan proses bisnis yang berjalan
TIK.DEV0409,ASISTEN TIM ERP (ERP TEAM ASSISTANT),menganalisis proses bisnis yang berjalan
TIK.DEV0409,ASISTEN TIM ERP (ERP TEAM ASSISTANT),menyusun kriteria dan ukuran proses bisnis yang sesuai kebutuhan
TIK.DEV0409,ASISTEN TIM ERP (ERP TEAM ASSISTANT),mengevaluasi hasil analisis gap
TIK.DEV0409,ASISTEN TIM ERP (ERP TEAM ASSISTANT),menentukan kriteria sistem erp
TIK.DEV0409,ASISTEN TIM ERP (ERP TEAM ASSISTANT),mengidentifikasi kebutuhan transaksi operasional
TIK.DEV0409,ASISTEN TIM ERP (ERP TEAM ASSISTANT),menentukan sistem erp berdasarkan kebutuhan transaksi operasional
TIK.DEV0409,ASISTEN TIM ERP (ERP TEAM ASSISTANT),menganalisis alternate flow dari proses bisnis
TIK.DEV0409,ASISTEN TIM ERP (ERP TEAM ASSISTANT),melakukan pengujian sistem erp sesuai kebutuhan pengguna (user acceptance test/uat)
TIK.DEV0301,MOBILE COMPUTING JUNIOR (JUNIOR MOBILE COMPUTING),"orang yang bertanggung jawab untuk membantu senior mobile computing dalam pengembangan, pengujian, dan pemeliharaan aplikasi mobile."
TIK.DEV0301,MOBILE COMPUTING JUNIOR (JUNIOR MOBILE COMPUTING),mengembangkan dan menerapkan solusi mobilitas sederhana untuk perusahaan
TIK.DEV0301,MOBILE COMPUTING JUNIOR (JUNIOR MOBILE COMPUTING),komunikatif
TIK.DEV0301,MOBILE COMPUTING JUNIOR (JUNIOR MOBILE COMPUTING),senang dengan data-data atau angka
TIK.DEV0301,MOBILE COMPUTING JUNIOR (JUNIOR MOBILE COMPUTING),teamwork
TIK.DEV0301,MOBILE COMPUTING JUNIOR (JUNIOR MOBILE COMPUTING),rasa ingin tahu tinggi
TIK.DEV0301,MOBILE COMPUTING JUNIOR (JUNIOR MOBILE COMPUTING),responsif
TIK.DEV0301,MOBILE COMPUTING JUNIOR (JUNIOR MOBILE COMPUTING),membantu mengembangkan aplikasi dan layanan seluler
TIK.DEV0301,MOBILE COMPUTING JUNIOR (JUNIOR MOBILE COMPUTING),membantu menguji dan mendebug aplikasi dan layanan seluler
TIK.DEV0301,MOBILE COMPUTING JUNIOR (JUNIOR MOBILE COMPUTING),membantu memelihara dan mengoptimalkan aplikasi dan layanan seluler
TIK.DEV0301,MOBILE COMPUTING JUNIOR (JUNIOR MOBILE COMPUTING),menerapkan bahasa dan budaya nkri
TIK.DEV0301,MOBILE COMPUTING JUNIOR (JUNIOR MOBILE COMPUTING),membuat dokumentasi teknis
TIK.DEV0301,MOBILE COMPUTING JUNIOR (JUNIOR MOBILE COMPUTING),"menjelaskan mobile location based service, gps dan mobile navigation"
TIK.DEV0301,MOBILE COMPUTING JUNIOR (JUNIOR MOBILE COMPUTING),merancang mobile interface
TIK.DEV0301,MOBILE COMPUTING JUNIOR (JUNIOR MOBILE COMPUTING),menjelaskan dasar-dasar mobile communication security
TIK.DEV0301,MOBILE COMPUTING JUNIOR (JUNIOR MOBILE COMPUTING),melakukan perencanaan jaringan sdh
TIK.DEV0302,PEMROGRAM FRONT-END JUNIOR (JUNIOR FRONT-END PROGRAMMER),"orang yang melakukan pekerjaan yang merupakan bagian penting dalam pembuatan suatu aplikasi baik berupa aplikasi desktop, web, ataupun mobile dan memastikan hasil slicing mereka sama persis dengan gambar (mockup) baik itu tampilan, animasi, dan lain-lain."
TIK.DEV0302,PEMROGRAM FRONT-END JUNIOR (JUNIOR FRONT-END PROGRAMMER),mengacu pada setiap aspek dari proses desain yang muncul dalam atau berhubungan langsung dengan browser yang berkaitan dengan desain antarmuka website
TIK.DEV0302,PEMROGRAM FRONT-END JUNIOR (JUNIOR FRONT-END PROGRAMMER),kreatif
TIK.DEV0302,PEMROGRAM FRONT-END JUNIOR (JUNIOR FRONT-END PROGRAMMER),disiplin
TIK.DEV0302,PEMROGRAM FRONT-END JUNIOR (JUNIOR FRONT-END PROGRAMMER),teliti
TIK.DEV0302,PEMROGRAM FRONT-END JUNIOR (JUNIOR FRONT-END PROGRAMMER),mampu bekerjasama
TIK.DEV0302,PEMROGRAM FRONT-END JUNIOR (JUNIOR FRONT-END PROGRAMMER),mampu beradaptasi
TIK.DEV0302,PEMROGRAM FRONT-END JUNIOR (JUNIOR FRONT-END PROGRAMMER),mengerti teknologi dan mengerti gawai
TIK.DEV0302,PEMROGRAM FRONT-END JUNIOR (JUNIOR FRONT-END PROGRAMMER),mampu mengikuti creative brief
TIK.DEV0302,PEMROGRAM FRONT-END JUNIOR (JUNIOR FRONT-END PROGRAMMER),mampu menggunakan peralatan atau teknologi yang cukup kompleks
TIK.DEV0302,PEMROGRAM FRONT-END JUNIOR (JUNIOR FRONT-END PROGRAMMER),"melakukan pengaturan software tools pemrograman, membuat tampilan depan website dengan beberapa bahasa programming"
TIK.DEV0302,PEMROGRAM FRONT-END JUNIOR (JUNIOR FRONT-END PROGRAMMER),"melaksanakan perintah eksekusi bahasa pemrograman berbasis teks, grafik, dan multimedia"
TIK.DEV0302,PEMROGRAM FRONT-END JUNIOR (JUNIOR FRONT-END PROGRAMMER),memastikan pekerjaan sesuai dengan sop
TIK.DEV0302,PEMROGRAM FRONT-END JUNIOR (JUNIOR FRONT-END PROGRAMMER),"mengikuti prosedur kesehatan, keselamatan, dan keamanan kerja dalam produksi multimedia"
TIK.DEV0302,PEMROGRAM FRONT-END JUNIOR (JUNIOR FRONT-END PROGRAMMER),"membuat website menjadi responsif di semua perangkat (tablet, ponsel, smartphone, tab, pc, dan sebagainya)"
TIK.DEV0302,PEMROGRAM FRONT-END JUNIOR (JUNIOR FRONT-END PROGRAMMER),menerapkan prinsip desain
TIK.DEV0302,PEMROGRAM FRONT-END JUNIOR (JUNIOR FRONT-END PROGRAMMER),merencanakan arah tampilan pengguna (user interface)
TIK.DEV0302,PEMROGRAM FRONT-END JUNIOR (JUNIOR FRONT-END PROGRAMMER),mengevaluasi tampilan pengguna (user interface)
TIK.DEV0302,PEMROGRAM FRONT-END JUNIOR (JUNIOR FRONT-END PROGRAMMER),mengimplementasikan pemrograman berorientasi objek
TIK.DEV0302,PEMROGRAM FRONT-END JUNIOR (JUNIOR FRONT-END PROGRAMMER),melakukan instalasi software tools pemrograman
TIK.DEV0302,PEMROGRAM FRONT-END JUNIOR (JUNIOR FRONT-END PROGRAMMER),"mengikuti prosedur kesehatan, keselamatan, dan keamanan kerja"
TIK.DEV0302,PEMROGRAM FRONT-END JUNIOR (JUNIOR FRONT-END PROGRAMMER),"menerapkan perintah eksekusi bahasa pemrograman berbasis teks, grafik, dan multimedia"
TIK.DEV0302,PEMROGRAM FRONT-END JUNIOR (JUNIOR FRONT-END PROGRAMMER),menerapkan metode dan praktik penggunaan kembali (reusable) subrutin-subrutin
TIK.DEV0302,PEMROGRAM FRONT-END JUNIOR (JUNIOR FRONT-END PROGRAMMER),mengimplementasikan pemrograman terstruktur
TIK.DEV0302,PEMROGRAM FRONT-END JUNIOR (JUNIOR FRONT-END PROGRAMMER),bekerja sebagai anggota kelompok/tim
TIK.DEV0302,PEMROGRAM FRONT-END JUNIOR (JUNIOR FRONT-END PROGRAMMER),menjamin kelayakan teknis dari ui/ux
TIK.DEV0302,PEMROGRAM FRONT-END JUNIOR (JUNIOR FRONT-END PROGRAMMER),menjamin semua input pengguna divalidasi dikirim ke back-end
TIK.DEV0302,PEMROGRAM FRONT-END JUNIOR (JUNIOR FRONT-END PROGRAMMER),merancang sebuah kerangka untuk membuat aplikasi pengguna yang sesuai dengan kebutuhan perusahaan
TIK.DEV0302,PEMROGRAM FRONT-END JUNIOR (JUNIOR FRONT-END PROGRAMMER),"berkontribusi untuk dokumentasi (instruksional, pitch dan spesifikasi teknis)"
TIK.DEV0302,PEMROGRAM FRONT-END JUNIOR (JUNIOR FRONT-END PROGRAMMER),melatih staff non-teknis terutama desainer
TIK.DEV0302,PEMROGRAM FRONT-END JUNIOR (JUNIOR FRONT-END PROGRAMMER),merencanakan upgrade situs di masa yang akan datang dengan tim pengembangan
TIK.DEV0303,PEMROGRAM BACK-END JUNIOR (JUNIOR BACK-END PROGRAMMER),"orang yang mengurus database atau server pada website, back end, understanding differences between multiple delivery platforms such as mobile vs desktop, and optimizing output to match the specific platform creates database schemas that represent and support business processes dan melakukan authentication and authorization between multiple systems, servers, and environment."
TIK.DEV0303,PEMROGRAM BACK-END JUNIOR (JUNIOR BACK-END PROGRAMMER),bekerja pada server di balik layar untuk membuat halaman web yang dinamis dan interaktif
TIK.DEV0303,PEMROGRAM BACK-END JUNIOR (JUNIOR BACK-END PROGRAMMER),kreatif
TIK.DEV0303,PEMROGRAM BACK-END JUNIOR (JUNIOR BACK-END PROGRAMMER),disiplin
TIK.DEV0303,PEMROGRAM BACK-END JUNIOR (JUNIOR BACK-END PROGRAMMER),teliti
TIK.DEV0303,PEMROGRAM BACK-END JUNIOR (JUNIOR BACK-END PROGRAMMER),mampu bekerjasama
TIK.DEV0303,PEMROGRAM BACK-END JUNIOR (JUNIOR BACK-END PROGRAMMER),mampu beradaptasi
TIK.DEV0303,PEMROGRAM BACK-END JUNIOR (JUNIOR BACK-END PROGRAMMER),ramah terhadap lingkungan kerja
TIK.DEV0303,PEMROGRAM BACK-END JUNIOR (JUNIOR BACK-END PROGRAMMER),mengerti teknologi dan mengerti gawai
TIK.DEV0303,PEMROGRAM BACK-END JUNIOR (JUNIOR BACK-END PROGRAMMER),proficient knowledge of a back-end programming language
TIK.DEV0303,PEMROGRAM BACK-END JUNIOR (JUNIOR BACK-END PROGRAMMER),bekerja sesuai dengan sop dan panduan atau creative brief dalam lingkup pekerjaan produksi multimedia
TIK.DEV0303,PEMROGRAM BACK-END JUNIOR (JUNIOR BACK-END PROGRAMMER),bertanggung jawab terhadap server-side web application dan melakukan pekerjaan yang terintegrasi dengan yang dilakukan seorang front-end developers
TIK.DEV0303,PEMROGRAM BACK-END JUNIOR (JUNIOR BACK-END PROGRAMMER),bertanggung jawab mengatur data antara server dan pengguna
TIK.DEV0303,PEMROGRAM BACK-END JUNIOR (JUNIOR BACK-END PROGRAMMER),responsif terhadap permintaan front-end
TIK.DEV0303,PEMROGRAM BACK-END JUNIOR (JUNIOR BACK-END PROGRAMMER),menulis kode dengan prinsip sesuai guidelines dan best practices
TIK.DEV0303,PEMROGRAM BACK-END JUNIOR (JUNIOR BACK-END PROGRAMMER),mengimplementasikan pemrograman terstruktur
TIK.DEV0303,PEMROGRAM BACK-END JUNIOR (JUNIOR BACK-END PROGRAMMER),mengimplementasikan pemrograman berorientasi objek
TIK.DEV0303,PEMROGRAM BACK-END JUNIOR (JUNIOR BACK-END PROGRAMMER),mengimplementasikan algoritma pemrograman
TIK.DEV0303,PEMROGRAM BACK-END JUNIOR (JUNIOR BACK-END PROGRAMMER),menggunakan struktur data ( 2016-282
TIK.DEV0303,PEMROGRAM BACK-END JUNIOR (JUNIOR BACK-END PROGRAMMER),menganalisis tools
TIK.DEV0303,PEMROGRAM BACK-END JUNIOR (JUNIOR BACK-END PROGRAMMER),bertanggung jawab untuk menjaga dan mengembangkan semua bagian dari sistem pelayanan merancang aplikasi yang aman
TIK.DEV0303,PEMROGRAM BACK-END JUNIOR (JUNIOR BACK-END PROGRAMMER),"berpartisipasi dalam semua fase siklus pengembangan, berfokus pada coding, pengujian, dan debugging"
TIK.DEV0303,PEMROGRAM BACK-END JUNIOR (JUNIOR BACK-END PROGRAMMER),memecahkan masalah dan memperbaiki bug/kelemahan dalam website dan sistem lain untuk memastikan server berjalan secara optimal
TIK.DEV0304,DUKUNGAN TEKNIK JUNIOR (JUNIOR TECHNICAL SUPPORT),"orang yang mensyaratkan kualifikasi yang mencakup pengetahuan, sikap dan keterampilan yang harus dimiliki oleh pemangku jabatan dalam membantu memastikan aplikasi interaktif berjalan dengan baik dan benar sesuai arahan dari senior technical support."
TIK.DEV0304,DUKUNGAN TEKNIK JUNIOR (JUNIOR TECHNICAL SUPPORT),memahami brief secara verbal maupun tertulis
TIK.DEV0304,DUKUNGAN TEKNIK JUNIOR (JUNIOR TECHNICAL SUPPORT),memahami logika pemrograman
TIK.DEV0304,DUKUNGAN TEKNIK JUNIOR (JUNIOR TECHNICAL SUPPORT),melakukan prosedur keamanan untuk software dan hardware
TIK.DEV0304,DUKUNGAN TEKNIK JUNIOR (JUNIOR TECHNICAL SUPPORT),membuat report sesuai keperluan atasan
TIK.DEV0304,DUKUNGAN TEKNIK JUNIOR (JUNIOR TECHNICAL SUPPORT),komunikatif
TIK.DEV0304,DUKUNGAN TEKNIK JUNIOR (JUNIOR TECHNICAL SUPPORT),kooperatif
TIK.DEV0304,DUKUNGAN TEKNIK JUNIOR (JUNIOR TECHNICAL SUPPORT),mengikuti perkembangan teknologi
TIK.DEV0304,DUKUNGAN TEKNIK JUNIOR (JUNIOR TECHNICAL SUPPORT),mengidentifikasi dan menyiapkan semua kebutuhan peralatan teknik tersedia dan bisa dioperasikan dengan baik
TIK.DEV0304,DUKUNGAN TEKNIK JUNIOR (JUNIOR TECHNICAL SUPPORT),menjaga keamanan peralatan
TIK.DEV0304,DUKUNGAN TEKNIK JUNIOR (JUNIOR TECHNICAL SUPPORT),menjaga lingkungan kerja agar sesuai k3
TIK.DEV0304,DUKUNGAN TEKNIK JUNIOR (JUNIOR TECHNICAL SUPPORT),mengoperasikan alat dengan disupervisi oleh senior technical support
TIK.DEV0304,DUKUNGAN TEKNIK JUNIOR (JUNIOR TECHNICAL SUPPORT),mengetes dan merapikan alat dengan disupervisi oleh senior technical support
TIK.DEV0304,DUKUNGAN TEKNIK JUNIOR (JUNIOR TECHNICAL SUPPORT),merancang spesifikasi sesuai dengan fungsi dan kebutuhan pengguna
TIK.DEV0304,DUKUNGAN TEKNIK JUNIOR (JUNIOR TECHNICAL SUPPORT),melakukan instalasi software aplikasi
TIK.DEV0304,DUKUNGAN TEKNIK JUNIOR (JUNIOR TECHNICAL SUPPORT),melakukan backup data dan sistem
TIK.DEV0304,DUKUNGAN TEKNIK JUNIOR (JUNIOR TECHNICAL SUPPORT),kerjasama tim
TIK.DEV0304,DUKUNGAN TEKNIK JUNIOR (JUNIOR TECHNICAL SUPPORT),melaksanakan k3
TIK.DEV0305,MANAJEMEN INFORMASI JUNIOR (JUNIOR INFORMATION MANAGEMENT),"orang yang bertugas mengelola informasi dan data, bekerja sama dengan berbagai departemen dan unit kerja untuk memastikan bahwa informasi dan data yang dimiliki organisasi dikelola dengan baik dan aman."
TIK.DEV0305,MANAJEMEN INFORMASI JUNIOR (JUNIOR INFORMATION MANAGEMENT),"mengumpulkan, menyimpan, dan mengelola data"
TIK.DEV0305,MANAJEMEN INFORMASI JUNIOR (JUNIOR INFORMATION MANAGEMENT),menganalisis data untuk membuat laporan dan keputusan
TIK.DEV0305,MANAJEMEN INFORMASI JUNIOR (JUNIOR INFORMATION MANAGEMENT),kreatif dan inovatif
TIK.DEV0305,MANAJEMEN INFORMASI JUNIOR (JUNIOR INFORMATION MANAGEMENT),komunikatif
TIK.DEV0305,MANAJEMEN INFORMASI JUNIOR (JUNIOR INFORMATION MANAGEMENT),mampu merencanakan dan mengorganisasi
TIK.DEV0305,MANAJEMEN INFORMASI JUNIOR (JUNIOR INFORMATION MANAGEMENT),mampu bekerjasama
TIK.DEV0305,MANAJEMEN INFORMASI JUNIOR (JUNIOR INFORMATION MANAGEMENT),memiliki leadership
TIK.DEV0305,MANAJEMEN INFORMASI JUNIOR (JUNIOR INFORMATION MANAGEMENT),mampu melakukan research & development di bidang teknologi
TIK.DEV0305,MANAJEMEN INFORMASI JUNIOR (JUNIOR INFORMATION MANAGEMENT),mengikuti perkembangan teknologi dunia
TIK.DEV0305,MANAJEMEN INFORMASI JUNIOR (JUNIOR INFORMATION MANAGEMENT),menyusun dan menerapkan kebijakan dan prosedur manajemen informasi
TIK.DEV0305,MANAJEMEN INFORMASI JUNIOR (JUNIOR INFORMATION MANAGEMENT),"mengumpulkan, menyimpan, dan mengelola data"
TIK.DEV0305,MANAJEMEN INFORMASI JUNIOR (JUNIOR INFORMATION MANAGEMENT),menganalisis data untuk membuat laporan dan keputusan
TIK.DEV0305,MANAJEMEN INFORMASI JUNIOR (JUNIOR INFORMATION MANAGEMENT),melindungi informasi dan data dari ancaman keamanan
TIK.DEV0305,MANAJEMEN INFORMASI JUNIOR (JUNIOR INFORMATION MANAGEMENT),memberikan dukungan kepada pengguna dalam penggunaan sistem informasi
TIK.DEV0305,MANAJEMEN INFORMASI JUNIOR (JUNIOR INFORMATION MANAGEMENT),melakukan pemantauan dan perawatan sistem informasi
TIK.DEV0305,MANAJEMEN INFORMASI JUNIOR (JUNIOR INFORMATION MANAGEMENT),melakukan budgeting untuk sistem informasi
TIK.DEV0305,MANAJEMEN INFORMASI JUNIOR (JUNIOR INFORMATION MANAGEMENT),melakukan koordinasi dengan unit-unit lain dalam organisasi terkait dengan sistem informasi
TIK.DEV0305,MANAJEMEN INFORMASI JUNIOR (JUNIOR INFORMATION MANAGEMENT),melakukan instalasi software aplikasi
TIK.DEV0305,MANAJEMEN INFORMASI JUNIOR (JUNIOR INFORMATION MANAGEMENT),melakukan backup data dan sistem
TIK.DEV0201,STAF PEMROGRAM (PROGRAMMER STAFF),membantu tim teknikal untuk menyiapkan bahasa pemograman dasar dalam proyek multimedia
TIK.DEV0201,STAF PEMROGRAM (PROGRAMMER STAFF),komunikatif
TIK.DEV0201,STAF PEMROGRAM (PROGRAMMER STAFF),mampu bekerjasama dalam tim
TIK.DEV0201,STAF PEMROGRAM (PROGRAMMER STAFF),mampu mengikuti arahan dari atasan
TIK.DEV0201,STAF PEMROGRAM (PROGRAMMER STAFF),memiliki semangat untuk terus belajar
TIK.DEV0201,STAF PEMROGRAM (PROGRAMMER STAFF),memastikan bahasa pemrograman yang diarahkan oleh atasan terkait dapat selesai dan bekerja dengan baik
TIK.DEV0201,STAF PEMROGRAM (PROGRAMMER STAFF),memutuskan kapan produk multimedia selesai dan siap digunakan oleh para pengguna (target audience)
TIK.DEV0201,STAF PEMROGRAM (PROGRAMMER STAFF),menggunakan spesifikasi program
TIK.DEV0201,STAF PEMROGRAM (PROGRAMMER STAFF),"menerapkan perintah eksekusi bahasa pemrograman berbasis teks, grafik, dan multimedia"
TIK.DEV0201,STAF PEMROGRAM (PROGRAMMER STAFF),melakukan instalasi software tools pemrograman
TIK.DEV0201,STAF PEMROGRAM (PROGRAMMER STAFF),melakukan pengaturan software tools pemrograman
TIK.DEV0201,STAF PEMROGRAM (PROGRAMMER STAFF),"menyusun fungsi, file atau sumber daya pemrograman yang lain dalam organisasi yang rapi"
TIK.DEV0201,STAF PEMROGRAM (PROGRAMMER STAFF),menulis kode dengan prinsip sesuai guidelines dan best practices
TIK.DEV0201,STAF PEMROGRAM (PROGRAMMER STAFF),mengimplementasikan pemrograman terstruktur
TIK.DEV0201,STAF PEMROGRAM (PROGRAMMER STAFF),menyiapkan bahasa pemrograman sesuai arahan
TIK.DEV0202,STAF PUSTAKAWAN MULTIMEDIA (MULTIMEDIA LIBRARIAN STAFF),"orang yang memiliki kualifikasi ini mencakup pengetahuan, sikap dan keterampilan yang harus dimiliki oleh pemangku jabatan mengelola asset multimedia baik yang berupa asset video, asset audio, asset animasi, asset motion grafis, asset video dan audio effect, dan asset-asset lain dalam sebuah produksi multimedia secara lengkap, aman, teliti dan mudah ditemukan ketika akan digunakan."
TIK.DEV0202,STAF PUSTAKAWAN MULTIMEDIA (MULTIMEDIA LIBRARIAN STAFF),memahami proses produksi multimedia
TIK.DEV0202,STAF PUSTAKAWAN MULTIMEDIA (MULTIMEDIA LIBRARIAN STAFF),memahami proyek multimedia yang sedang diproduksi
TIK.DEV0202,STAF PUSTAKAWAN MULTIMEDIA (MULTIMEDIA LIBRARIAN STAFF),memahami teknik penyimpanan asset multimedia sebagai bagian dari proses produksi
TIK.DEV0202,STAF PUSTAKAWAN MULTIMEDIA (MULTIMEDIA LIBRARIAN STAFF),memahami jenis-jenis asset multimedia beserta fungsi dan kegunaannya
TIK.DEV0202,STAF PUSTAKAWAN MULTIMEDIA (MULTIMEDIA LIBRARIAN STAFF),memastikan semua asset multimedia tersimpan dengan aman
TIK.DEV0202,STAF PUSTAKAWAN MULTIMEDIA (MULTIMEDIA LIBRARIAN STAFF),memastikan semua asset multimedia siap digunakan ketika dibutuhkan
TIK.DEV0202,STAF PUSTAKAWAN MULTIMEDIA (MULTIMEDIA LIBRARIAN STAFF),menyimpan asset sesuai prosedur yang ditetapkan
TIK.DEV0202,STAF PUSTAKAWAN MULTIMEDIA (MULTIMEDIA LIBRARIAN STAFF),mendistribusikan asset hanya kepada personal terkait
TIK.DEV0202,STAF PUSTAKAWAN MULTIMEDIA (MULTIMEDIA LIBRARIAN STAFF),mendistribusikan asset multimedia
TIK.DEV0202,STAF PUSTAKAWAN MULTIMEDIA (MULTIMEDIA LIBRARIAN STAFF),mengoperasikan perangkat lunak
TIK.DEV0202,STAF PUSTAKAWAN MULTIMEDIA (MULTIMEDIA LIBRARIAN STAFF),berkomunikasi di tempat kerja
TIK.DEV0202,STAF PUSTAKAWAN MULTIMEDIA (MULTIMEDIA LIBRARIAN STAFF),bekerja sebagai anggota kelompok/tim
TIK.DEV0202,STAF PUSTAKAWAN MULTIMEDIA (MULTIMEDIA LIBRARIAN STAFF),"mengikuti prosedur kesehatan, keselamatan, dan keamanan kerja"
TIK.DSC0901,PEMIMPIN DATA (CHIEF DATA OFFICER),orang yang bertanggung jawab untuk memimpin dan mengelola strategi data organisasi dengan menggunakan keterampilan teknis dan non-teknis untuk memastikan bahwa organisasi dapat memanfaatkan data untuk meningkatkan kinerja dan pengambilan keputusan.
TIK.DSC0901,PEMIMPIN DATA (CHIEF DATA OFFICER),mengembangkan pengelolaan strategi data dan aset data
TIK.DSC0901,PEMIMPIN DATA (CHIEF DATA OFFICER),berintegritas
TIK.DSC0901,PEMIMPIN DATA (CHIEF DATA OFFICER),mampu memimpin tim
TIK.DSC0901,PEMIMPIN DATA (CHIEF DATA OFFICER),komunikatif
TIK.DSC0901,PEMIMPIN DATA (CHIEF DATA OFFICER),teliti
TIK.DSC0901,PEMIMPIN DATA (CHIEF DATA OFFICER),mampu berpikir kritis
TIK.DSC0901,PEMIMPIN DATA (CHIEF DATA OFFICER),mampu mengatasi masalah
TIK.DSC0901,PEMIMPIN DATA (CHIEF DATA OFFICER),memimpin dan mengelola tim data
TIK.DSC0901,PEMIMPIN DATA (CHIEF DATA OFFICER),mendefinisikan dan mengimplementasikan strategi data
TIK.DSC0901,PEMIMPIN DATA (CHIEF DATA OFFICER),mengembangkan dan menerapkan solusi data
TIK.DSC0901,PEMIMPIN DATA (CHIEF DATA OFFICER),mengelola data dan informasi
TIK.DSC0901,PEMIMPIN DATA (CHIEF DATA OFFICER),mengakses dan menggunakan data
TIK.DSC0901,PEMIMPIN DATA (CHIEF DATA OFFICER),melakukan perubahan pada infrastruktur data
TIK.DSC0901,PEMIMPIN DATA (CHIEF DATA OFFICER),melakukan kolaborasi dengan berbagai pihak
TIK.DSC0901,PEMIMPIN DATA (CHIEF DATA OFFICER),melakukan investasi pada teknologi data
TIK.DSC0901,PEMIMPIN DATA (CHIEF DATA OFFICER),memiliki pemahaman mendalam mengenai pengelolaan data.
TIK.DSC0901,PEMIMPIN DATA (CHIEF DATA OFFICER),lead innovative thinking and practice (memimpin pemikiran dan praktik inovatif)
TIK.DSC0901,PEMIMPIN DATA (CHIEF DATA OFFICER),manage innovation and continuous improvement (mengelola inovasi dan peningkatan berkelanjutan)
TIK.DSC0901,PEMIMPIN DATA (CHIEF DATA OFFICER),menganalisis informasi terkait daftar permasalahan organisasi
TIK.DSC0901,PEMIMPIN DATA (CHIEF DATA OFFICER),mengidentifikasi kebutuhan pengelolaan data untuk proses bisnis
TIK.DSC0901,PEMIMPIN DATA (CHIEF DATA OFFICER),melakukan review proyek data science
TIK.DSC0901,PEMIMPIN DATA (CHIEF DATA OFFICER),mengembangkan dan membina kemitraan dan hubungan kolaboratif
TIK.DSC0901,PEMIMPIN DATA (CHIEF DATA OFFICER),menyusun roadmap dan komponen arsitektur data
TIK.DSC0901,PEMIMPIN DATA (CHIEF DATA OFFICER),menyiapkan adaptasi untuk deployment di sistem cloud
TIK.DSC0901,PEMIMPIN DATA (CHIEF DATA OFFICER),menentukan kebutuhan pengguna akan solusi berbasis cloud
TIK.DSC0801,KEPALA MANAJEMEN GUDANG DATA (LEAD DATA WAREHOUSE MANAGEMENT),"orang yang bertanggung jawab untuk mengelola dan mengawasi pengembangan, operasional, dan strategi data warehouse dalam sebuah organisasi dengan cara mengelola tim data warehouse dengan menggunakan keterampilan teknis dan non-teknis untuk memastikan bahwa tim data warehouse tersebut dapat memberikan nilai tambah bagi organisasi dengan mendukung kebutuhan analitik dan operasional organisasi."
TIK.DSC0801,KEPALA MANAJEMEN GUDANG DATA (LEAD DATA WAREHOUSE MANAGEMENT),menyusun strategi dan roadmap pengembangan data warehouse organisasi
TIK.DSC0801,KEPALA MANAJEMEN GUDANG DATA (LEAD DATA WAREHOUSE MANAGEMENT),"memastikan desain, pengembangan, dan pengoperasian data warehouse berjalan sesuai kebutuhan bisnis"
TIK.DSC0801,KEPALA MANAJEMEN GUDANG DATA (LEAD DATA WAREHOUSE MANAGEMENT),memimpin tim data
TIK.DSC0801,KEPALA MANAJEMEN GUDANG DATA (LEAD DATA WAREHOUSE MANAGEMENT),"mengelola anggaran, sumber daya, dan teknologi yang mendukung infrastruktur data warehouse"
TIK.DSC0801,KEPALA MANAJEMEN GUDANG DATA (LEAD DATA WAREHOUSE MANAGEMENT),"menjamin ketersediaan, keamanan, dan kualitas data yang disimpan"
TIK.DSC0801,KEPALA MANAJEMEN GUDANG DATA (LEAD DATA WAREHOUSE MANAGEMENT),"menjaga kepatuhan terhadap regulasi data, keamanan, dan kebijakan organisasi"
TIK.DSC0801,KEPALA MANAJEMEN GUDANG DATA (LEAD DATA WAREHOUSE MANAGEMENT),berintegritas
TIK.DSC0801,KEPALA MANAJEMEN GUDANG DATA (LEAD DATA WAREHOUSE MANAGEMENT),mampu memimpin tim
TIK.DSC0801,KEPALA MANAJEMEN GUDANG DATA (LEAD DATA WAREHOUSE MANAGEMENT),komunikatif
TIK.DSC0801,KEPALA MANAJEMEN GUDANG DATA (LEAD DATA WAREHOUSE MANAGEMENT),teliti
TIK.DSC0801,KEPALA MANAJEMEN GUDANG DATA (LEAD DATA WAREHOUSE MANAGEMENT),mampu berpikir kritis
TIK.DSC0801,KEPALA MANAJEMEN GUDANG DATA (LEAD DATA WAREHOUSE MANAGEMENT),mampu mengatasi masalah
TIK.DSC0801,KEPALA MANAJEMEN GUDANG DATA (LEAD DATA WAREHOUSE MANAGEMENT),memimpin dan mengelola tim data warehouse
TIK.DSC0801,KEPALA MANAJEMEN GUDANG DATA (LEAD DATA WAREHOUSE MANAGEMENT),menyusun strategi jangka panjang untuk data warehouse dan integrasinya dengan sistem lain
TIK.DSC0801,KEPALA MANAJEMEN GUDANG DATA (LEAD DATA WAREHOUSE MANAGEMENT),mengawasi arsitektur dan desain data warehouse untuk mendukung analitik skala besar
TIK.DSC0801,KEPALA MANAJEMEN GUDANG DATA (LEAD DATA WAREHOUSE MANAGEMENT),memastikan sistem data warehouse memenuhi kebutuhan bisnis dengan efisiensi dan skalabilitas tinggi
TIK.DSC0801,KEPALA MANAJEMEN GUDANG DATA (LEAD DATA WAREHOUSE MANAGEMENT),menyelaraskan kebutuhan lintas fungsi dan departemen untuk memastikan data yang tersedia mendukung pengambilan keputusan strategis
TIK.DSC0801,KEPALA MANAJEMEN GUDANG DATA (LEAD DATA WAREHOUSE MANAGEMENT),mengelola kerjasama dengan pihak terkait penyedia teknologi dan layanan data warehouse
TIK.DSC0801,KEPALA MANAJEMEN GUDANG DATA (LEAD DATA WAREHOUSE MANAGEMENT),mengevaluasi dan meningkatkan kinerja data warehouse secara berkala
TIK.DSC0801,KEPALA MANAJEMEN GUDANG DATA (LEAD DATA WAREHOUSE MANAGEMENT),mengakses dan menggunakan data
TIK.DSC0801,KEPALA MANAJEMEN GUDANG DATA (LEAD DATA WAREHOUSE MANAGEMENT),melakukan perubahan pada infrastruktur data
TIK.DSC0801,KEPALA MANAJEMEN GUDANG DATA (LEAD DATA WAREHOUSE MANAGEMENT),melakukan kolaborasi dengan berbagai pihak
TIK.DSC0801,KEPALA MANAJEMEN GUDANG DATA (LEAD DATA WAREHOUSE MANAGEMENT),melakukan investasi pada teknologi data
TIK.DSC0801,KEPALA MANAJEMEN GUDANG DATA (LEAD DATA WAREHOUSE MANAGEMENT),memiliki pemahaman mendalam mengenai pengelolaan data.
TIK.DSC0801,KEPALA MANAJEMEN GUDANG DATA (LEAD DATA WAREHOUSE MANAGEMENT),mengidentifikasi kebutuhan pengelolaan data untuk proses bisnis
TIK.DSC0801,KEPALA MANAJEMEN GUDANG DATA (LEAD DATA WAREHOUSE MANAGEMENT),menyusun roadmap arsitektur bisnis
TIK.DSC0801,KEPALA MANAJEMEN GUDANG DATA (LEAD DATA WAREHOUSE MANAGEMENT),merencanakan arsitektur data
TIK.DSC0801,KEPALA MANAJEMEN GUDANG DATA (LEAD DATA WAREHOUSE MANAGEMENT),merencanakan integrasi data
TIK.DSC0801,KEPALA MANAJEMEN GUDANG DATA (LEAD DATA WAREHOUSE MANAGEMENT),merencanakan media penyimpanan data
TIK.DSC0801,KEPALA MANAJEMEN GUDANG DATA (LEAD DATA WAREHOUSE MANAGEMENT),mengelola kualitas data
TIK.DSC0801,KEPALA MANAJEMEN GUDANG DATA (LEAD DATA WAREHOUSE MANAGEMENT),menyusun manajemen perlindungan data pribadi pada domainnya
TIK.DSC0801,KEPALA MANAJEMEN GUDANG DATA (LEAD DATA WAREHOUSE MANAGEMENT),menerapkan program kerja pelindungan data pribadi
TIK.DSC0802,KEPALA ILMUWAN DATA (LEAD DATA SCIENTIST),orang yang bertanggung jawab untuk memimpin dan mengelola timdata scientistdengan menggunakan keterampilan teknis dan non-teknis untuk memastikan bahwa tim data scientist dapat memberikan nilai tambah bagi organisasi melalui pengelolaan data dan penerapan model analitik.
TIK.DSC0802,KEPALA ILMUWAN DATA (LEAD DATA SCIENTIST),memimpin dan mengelola tim data scientist
TIK.DSC0802,KEPALA ILMUWAN DATA (LEAD DATA SCIENTIST),mengembangkan dan mengimplementasikan solusi berbasis data engineering science
TIK.DSC0802,KEPALA ILMUWAN DATA (LEAD DATA SCIENTIST),mengelola proyek data science dari perencanaan hingga evaluasi
TIK.DSC0802,KEPALA ILMUWAN DATA (LEAD DATA SCIENTIST),berintegritas
TIK.DSC0802,KEPALA ILMUWAN DATA (LEAD DATA SCIENTIST),mampu memimpin tim
TIK.DSC0802,KEPALA ILMUWAN DATA (LEAD DATA SCIENTIST),komunikatif
TIK.DSC0802,KEPALA ILMUWAN DATA (LEAD DATA SCIENTIST),teliti
TIK.DSC0802,KEPALA ILMUWAN DATA (LEAD DATA SCIENTIST),mampu berpikir kritis
TIK.DSC0802,KEPALA ILMUWAN DATA (LEAD DATA SCIENTIST),mampu mengatasi masalah
TIK.DSC0802,KEPALA ILMUWAN DATA (LEAD DATA SCIENTIST),memimpin dan mengelola tim data scientist
TIK.DSC0802,KEPALA ILMUWAN DATA (LEAD DATA SCIENTIST),mendefinisikan dan mengimplementasikan strategi berbasis data science
TIK.DSC0802,KEPALA ILMUWAN DATA (LEAD DATA SCIENTIST),mengembangkan dan menerapkan solusi data science
TIK.DSC0802,KEPALA ILMUWAN DATA (LEAD DATA SCIENTIST),mengelola model yang dihasilkan dari proses data science agar tetap relevan dan optimal
TIK.DSC0802,KEPALA ILMUWAN DATA (LEAD DATA SCIENTIST),mengakses dan menggunakan data
TIK.DSC0802,KEPALA ILMUWAN DATA (LEAD DATA SCIENTIST),melakukan perubahan pada infrastruktur analitik data
TIK.DSC0802,KEPALA ILMUWAN DATA (LEAD DATA SCIENTIST),melakukan kolaborasi dengan berbagai pihak
TIK.DSC0802,KEPALA ILMUWAN DATA (LEAD DATA SCIENTIST),melakukan investasi pada teknologi data science dan pengembangan model analitik
TIK.DSC0802,KEPALA ILMUWAN DATA (LEAD DATA SCIENTIST),memiliki pemahaman mendalam mengenai pengelolaan data.
TIK.DSC0802,KEPALA ILMUWAN DATA (LEAD DATA SCIENTIST),menentukan objektif bisnis
TIK.DSC0802,KEPALA ILMUWAN DATA (LEAD DATA SCIENTIST),menentukan tujuan teknis data science
TIK.DSC0802,KEPALA ILMUWAN DATA (LEAD DATA SCIENTIST),membuat rencana proyek data science
TIK.DSC0802,KEPALA ILMUWAN DATA (LEAD DATA SCIENTIST),melakukan proses review pemodelan
TIK.DSC0802,KEPALA ILMUWAN DATA (LEAD DATA SCIENTIST),melakukan review proyek data science
TIK.DSC0802,KEPALA ILMUWAN DATA (LEAD DATA SCIENTIST),membuat laporan akhir proyek data science
TIK.DSC0802,KEPALA ILMUWAN DATA (LEAD DATA SCIENTIST),mengelola tim kerja
TIK.DSC0803,KEPALA INSINYUR DATA (LEAD DATA ENGINEER),"lead/manager data engineer adalah posisi tingkat manajerial dalam bidang rekayasa data yang bertanggung jawab untuk memimpin tim data engineer dalam merancang, mengembangkan, dan memelihara infrastruktur data yang skalabel, aman, dan andal. peran ini mencakup pengelolaan proyek, koordinasi tim, serta penyusunan strategi untuk pengelolaan data yang efisien sesuai kebutuhan organisasi."
TIK.DSC0803,KEPALA INSINYUR DATA (LEAD DATA ENGINEER),"merancang dan mengawasi implementasi infrastruktur data perusahaan, termasuk pipeline data, data lake, dan data warehouse"
TIK.DSC0803,KEPALA INSINYUR DATA (LEAD DATA ENGINEER),"mengelola tim data engineer untuk memastikan keberhasilan pengembangan, pengujian, dan pemeliharaan infrastruktur data"
TIK.DSC0803,KEPALA INSINYUR DATA (LEAD DATA ENGINEER),berkolaborasi dengan pemangku kepentingan lintas fungsi untuk memahami kebutuhan data dan memastikan solusi yang relevan
TIK.DSC0803,KEPALA INSINYUR DATA (LEAD DATA ENGINEER),"memastikan data yang tersedia aman, terintegrasi, dan sesuai dengan regulasi yang berlaku"
TIK.DSC0803,KEPALA INSINYUR DATA (LEAD DATA ENGINEER),mengoptimalkan performa sistem data untuk mendukung kebutuhan analitik dan operasional
TIK.DSC0803,KEPALA INSINYUR DATA (LEAD DATA ENGINEER),berintegritas
TIK.DSC0803,KEPALA INSINYUR DATA (LEAD DATA ENGINEER),mampu memimpin tim
TIK.DSC0803,KEPALA INSINYUR DATA (LEAD DATA ENGINEER),komunikatif
TIK.DSC0803,KEPALA INSINYUR DATA (LEAD DATA ENGINEER),teliti
TIK.DSC0803,KEPALA INSINYUR DATA (LEAD DATA ENGINEER),mampu berpikir kritis
TIK.DSC0803,KEPALA INSINYUR DATA (LEAD DATA ENGINEER),mampu mengatasi masalah
TIK.DSC0803,KEPALA INSINYUR DATA (LEAD DATA ENGINEER),merancang strategi pengelolaan data perusahaan yang efisien dan aman
TIK.DSC0803,KEPALA INSINYUR DATA (LEAD DATA ENGINEER),mengidentifikasi peluang untuk inovasi dan peningkatan sistem data
TIK.DSC0803,KEPALA INSINYUR DATA (LEAD DATA ENGINEER),memimpin pengembangan dan implementasi pipeline data serta sistem penyimpanan data
TIK.DSC0803,KEPALA INSINYUR DATA (LEAD DATA ENGINEER),mengawasi kinerja dan ketersediaan infrastruktur data untuk mendukung analitik perusahaan
TIK.DSC0803,KEPALA INSINYUR DATA (LEAD DATA ENGINEER),memberikan panduan teknis kepada tim data engineer
TIK.DSC0803,KEPALA INSINYUR DATA (LEAD DATA ENGINEER),"bekerja sama dengan tim data analyst, data scientist, dan pemangku kepentingan lain untuk memastikan infrastruktur data memenuhi kebutuhan mereka"
TIK.DSC0803,KEPALA INSINYUR DATA (LEAD DATA ENGINEER),menentukan arsitektur data dan alat teknologi yang digunakan dalam pengelolaan data
TIK.DSC0803,KEPALA INSINYUR DATA (LEAD DATA ENGINEER),"mengelola tim data engineer, termasuk penugasan proyek, evaluasi kinerja, dan pengembangan keterampilan"
TIK.DSC0803,KEPALA INSINYUR DATA (LEAD DATA ENGINEER),memutuskan langkah-langkah optimasi atau pengembangan sistem data berdasarkan kebutuhan bisnis
TIK.DSC0803,KEPALA INSINYUR DATA (LEAD DATA ENGINEER),mengatur anggaran untuk kebutuhan teknologi dan infrastruktur data
TIK.DSC0803,KEPALA INSINYUR DATA (LEAD DATA ENGINEER),memiliki pemahaman mendalam mengenai pengelolaan data.
TIK.DSC0803,KEPALA INSINYUR DATA (LEAD DATA ENGINEER),mengidentifikasi kebutuhan pengelolaan data untuk proses bisnis
TIK.DSC0803,KEPALA INSINYUR DATA (LEAD DATA ENGINEER),merencanakan manajemen data
TIK.DSC0803,KEPALA INSINYUR DATA (LEAD DATA ENGINEER),merencanakan arsitektur data
TIK.DSC0803,KEPALA INSINYUR DATA (LEAD DATA ENGINEER),menjaga kualitas data
TIK.DSC0803,KEPALA INSINYUR DATA (LEAD DATA ENGINEER),menyusun tata kelola perlindungan data pribadi
TIK.DSC0803,KEPALA INSINYUR DATA (LEAD DATA ENGINEER),menyusun manajemen perlindungan data pribadi pada domainnya
TIK.DSC0804,KEPALA INSINYUR  PEMBELAJARAN MESIN (LEAD MACHINE LEARNING ENGINEER),orang yang bertanggung jawab untuk memimpin dan mengelola timmachine learning (ml) engineerdengan menggunakan keterampilan teknis dan non-teknis untuk memastikan bahwa tim ml engineer dapat memberikan nilai tambah bagi organisasi melalui penerapan model analitik dan aplikasi ml dalam lingkup operasional yang besar.
TIK.DSC0804,KEPALA INSINYUR  PEMBELAJARAN MESIN (LEAD MACHINE LEARNING ENGINEER),memimpin dan mengelola tim ml engineer
TIK.DSC0804,KEPALA INSINYUR  PEMBELAJARAN MESIN (LEAD MACHINE LEARNING ENGINEER),memimpin proses deployment dan pemantauan model machine learning di lingkungan produksi
TIK.DSC0804,KEPALA INSINYUR  PEMBELAJARAN MESIN (LEAD MACHINE LEARNING ENGINEER),"bekerja sama dengan data scientist, data engineer, dan pemangku kepentingan untuk menyelaraskan sistem machine learning dengan kebutuhan bisnis"
TIK.DSC0804,KEPALA INSINYUR  PEMBELAJARAN MESIN (LEAD MACHINE LEARNING ENGINEER),"memastikan sistem yang dikembangkan andal, efisien, dan dapat diskalakan"
TIK.DSC0804,KEPALA INSINYUR  PEMBELAJARAN MESIN (LEAD MACHINE LEARNING ENGINEER),berintegritas
TIK.DSC0804,KEPALA INSINYUR  PEMBELAJARAN MESIN (LEAD MACHINE LEARNING ENGINEER),mampu memimpin tim
TIK.DSC0804,KEPALA INSINYUR  PEMBELAJARAN MESIN (LEAD MACHINE LEARNING ENGINEER),komunikatif
TIK.DSC0804,KEPALA INSINYUR  PEMBELAJARAN MESIN (LEAD MACHINE LEARNING ENGINEER),teliti
TIK.DSC0804,KEPALA INSINYUR  PEMBELAJARAN MESIN (LEAD MACHINE LEARNING ENGINEER),mampu berpikir kritis
TIK.DSC0804,KEPALA INSINYUR  PEMBELAJARAN MESIN (LEAD MACHINE LEARNING ENGINEER),mampu mengatasi masalah
TIK.DSC0804,KEPALA INSINYUR  PEMBELAJARAN MESIN (LEAD MACHINE LEARNING ENGINEER),memimpin dan mengelola tim ml engineer
TIK.DSC0804,KEPALA INSINYUR  PEMBELAJARAN MESIN (LEAD MACHINE LEARNING ENGINEER),mengawasi pengembangan dan deployment model machine
TIK.DSC0804,KEPALA INSINYUR  PEMBELAJARAN MESIN (LEAD MACHINE LEARNING ENGINEER),"memastikan praktik terbaik dalam mlops, termasuk ci/cd untuk model machine learning"
TIK.DSC0804,KEPALA INSINYUR  PEMBELAJARAN MESIN (LEAD MACHINE LEARNING ENGINEER),melakukan evaluasi dan optimasi model untuk meningkatkan kinerja
TIK.DSC0804,KEPALA INSINYUR  PEMBELAJARAN MESIN (LEAD MACHINE LEARNING ENGINEER),mengelola sumber daya dan jadwal proyek untuk penyelesaian solusi machine learning secara efektif
TIK.DSC0804,KEPALA INSINYUR  PEMBELAJARAN MESIN (LEAD MACHINE LEARNING ENGINEER),melakukan identifikasi dan mitigasi risiko terkait penggunaan model machine learning di produksi
TIK.DSC0804,KEPALA INSINYUR  PEMBELAJARAN MESIN (LEAD MACHINE LEARNING ENGINEER),mengakses dan menggunakan data
TIK.DSC0804,KEPALA INSINYUR  PEMBELAJARAN MESIN (LEAD MACHINE LEARNING ENGINEER),mengakses dan menggunakan lingkungan operasional
TIK.DSC0804,KEPALA INSINYUR  PEMBELAJARAN MESIN (LEAD MACHINE LEARNING ENGINEER),melakukan perubahan pada infrastruktur terkait deployment model machine learning
TIK.DSC0804,KEPALA INSINYUR  PEMBELAJARAN MESIN (LEAD MACHINE LEARNING ENGINEER),melakukan kolaborasi dengan berbagai pihak
TIK.DSC0804,KEPALA INSINYUR  PEMBELAJARAN MESIN (LEAD MACHINE LEARNING ENGINEER),melakukan investasi pada teknologi mlops
TIK.DSC0804,KEPALA INSINYUR  PEMBELAJARAN MESIN (LEAD MACHINE LEARNING ENGINEER),memiliki pemahaman mendalam mengenai data pipeline dan pemanfaatan model ml dalam produksi.
TIK.DSC0804,KEPALA INSINYUR  PEMBELAJARAN MESIN (LEAD MACHINE LEARNING ENGINEER),menentukan objektif bisnis
TIK.DSC0804,KEPALA INSINYUR  PEMBELAJARAN MESIN (LEAD MACHINE LEARNING ENGINEER),menentukan tujuan teknis data science
TIK.DSC0804,KEPALA INSINYUR  PEMBELAJARAN MESIN (LEAD MACHINE LEARNING ENGINEER),membuat rencana proyek data science
TIK.DSC0804,KEPALA INSINYUR  PEMBELAJARAN MESIN (LEAD MACHINE LEARNING ENGINEER),melakukan proses review pemodelan
TIK.DSC0804,KEPALA INSINYUR  PEMBELAJARAN MESIN (LEAD MACHINE LEARNING ENGINEER),melakukan review proyek data science
TIK.DSC0804,KEPALA INSINYUR  PEMBELAJARAN MESIN (LEAD MACHINE LEARNING ENGINEER),membuat laporan akhir proyek data science
TIK.DSC0804,KEPALA INSINYUR  PEMBELAJARAN MESIN (LEAD MACHINE LEARNING ENGINEER),mengelola tim kerja
TIK.DSC0805,KEPALA INSINYUR KECERDASAN ARTIFISIAL (LEAD AI ENGINEER),orang yang bertanggung jawab untuk memimpin dan mengelola timartificial intelligence (ai) engineerdengan menggunakan keterampilan teknis dan non-teknis untuk memastikan bahwa tim ai engineer dapat memberikan nilai tambah bagi organisasi melalui penerapan sistem/ aplikasi berbasis pada teknologi artificial intelligence dalam lingkup operasional yang besar.
TIK.DSC0805,KEPALA INSINYUR KECERDASAN ARTIFISIAL (LEAD AI ENGINEER),memimpin dan mengelola tim ai engineer
TIK.DSC0805,KEPALA INSINYUR KECERDASAN ARTIFISIAL (LEAD AI ENGINEER),memimpin proses deployment dan pemantauan model ai di lingkungan produksi
TIK.DSC0805,KEPALA INSINYUR KECERDASAN ARTIFISIAL (LEAD AI ENGINEER),"bekerja sama dengan data scientist, data engineer, dan pemangku kepentingan untuk menyelaraskan sistem ai dengan kebutuhan bisnis"
TIK.DSC0805,KEPALA INSINYUR KECERDASAN ARTIFISIAL (LEAD AI ENGINEER),"memastikan sistem yang dikembangkan andal, efisien, dan dapat diskalakan"
TIK.DSC0805,KEPALA INSINYUR KECERDASAN ARTIFISIAL (LEAD AI ENGINEER),berintegritas
TIK.DSC0805,KEPALA INSINYUR KECERDASAN ARTIFISIAL (LEAD AI ENGINEER),mampu memimpin tim
TIK.DSC0805,KEPALA INSINYUR KECERDASAN ARTIFISIAL (LEAD AI ENGINEER),komunikatif
TIK.DSC0805,KEPALA INSINYUR KECERDASAN ARTIFISIAL (LEAD AI ENGINEER),teliti
TIK.DSC0805,KEPALA INSINYUR KECERDASAN ARTIFISIAL (LEAD AI ENGINEER),mampu berpikir kritis
TIK.DSC0805,KEPALA INSINYUR KECERDASAN ARTIFISIAL (LEAD AI ENGINEER),mampu mengatasi masalah
TIK.DSC0805,KEPALA INSINYUR KECERDASAN ARTIFISIAL (LEAD AI ENGINEER),memimpin dan mengelola tim ai engineer
TIK.DSC0805,KEPALA INSINYUR KECERDASAN ARTIFISIAL (LEAD AI ENGINEER),mengawasi pengembangan dan deployment sistem ai berbasis pengetahuan
TIK.DSC0805,KEPALA INSINYUR KECERDASAN ARTIFISIAL (LEAD AI ENGINEER),"memastikan praktik terbaik dalam aiops, termasuk ci/cd untuk model ai yang dikembangkan"
TIK.DSC0805,KEPALA INSINYUR KECERDASAN ARTIFISIAL (LEAD AI ENGINEER),melakukan evaluasi dan optimasi model untuk meningkatkan kinerja
TIK.DSC0805,KEPALA INSINYUR KECERDASAN ARTIFISIAL (LEAD AI ENGINEER),mengelola sumber daya dan jadwal proyek untuk penyelesaian solusi ai secara efektif
TIK.DSC0805,KEPALA INSINYUR KECERDASAN ARTIFISIAL (LEAD AI ENGINEER),melakukan identifikasi dan mitigasi risiko terkait penggunaan solusi ai di produksi
TIK.DSC0805,KEPALA INSINYUR KECERDASAN ARTIFISIAL (LEAD AI ENGINEER),mengakses dan menggunakan data
TIK.DSC0805,KEPALA INSINYUR KECERDASAN ARTIFISIAL (LEAD AI ENGINEER),mengakses dan menggunakan lingkungan operasional
TIK.DSC0805,KEPALA INSINYUR KECERDASAN ARTIFISIAL (LEAD AI ENGINEER),melakukan perubahan pada infrastruktur terkait deployment model ai
TIK.DSC0805,KEPALA INSINYUR KECERDASAN ARTIFISIAL (LEAD AI ENGINEER),melakukan kolaborasi dengan berbagai pihak
TIK.DSC0805,KEPALA INSINYUR KECERDASAN ARTIFISIAL (LEAD AI ENGINEER),melakukan investasi pada teknologi aiops
TIK.DSC0805,KEPALA INSINYUR KECERDASAN ARTIFISIAL (LEAD AI ENGINEER),memiliki pemahaman mendalam mengenai pengembangan sistem ai dan pemanfaatan model ai dalam produksi.
TIK.DSC0805,KEPALA INSINYUR KECERDASAN ARTIFISIAL (LEAD AI ENGINEER),menentukan sasaran bisnis solusi ai
TIK.DSC0805,KEPALA INSINYUR KECERDASAN ARTIFISIAL (LEAD AI ENGINEER),menentukan sasaran teknis solusi ai
TIK.DSC0805,KEPALA INSINYUR KECERDASAN ARTIFISIAL (LEAD AI ENGINEER),membuat rencana proyek solusi ai
TIK.DSC0805,KEPALA INSINYUR KECERDASAN ARTIFISIAL (LEAD AI ENGINEER),melakukan proses review pemodelan
TIK.DSC0805,KEPALA INSINYUR KECERDASAN ARTIFISIAL (LEAD AI ENGINEER),membuat rencana deployment model
TIK.DSC0805,KEPALA INSINYUR KECERDASAN ARTIFISIAL (LEAD AI ENGINEER),membuat rencana pemeliharaan model
TIK.DSC0805,KEPALA INSINYUR KECERDASAN ARTIFISIAL (LEAD AI ENGINEER),melakukan review proyek data science
TIK.DSC0805,KEPALA INSINYUR KECERDASAN ARTIFISIAL (LEAD AI ENGINEER),menyusun manajemen pelindungan data pribadi pada domainnya
TIK.DSC0805,KEPALA INSINYUR KECERDASAN ARTIFISIAL (LEAD AI ENGINEER),menerapkan program kerja pelindungan data pribadi
TIK.DSC0805,KEPALA INSINYUR KECERDASAN ARTIFISIAL (LEAD AI ENGINEER),mengelola tim kerja
TIK.DSC0806,SPESIALIS ARSITEKTUR  SOLUSI KECERDASAN ARTIFISIAL (AI SOLUTION ARCHITECTURE,orang yang bertanggung jawab untuk merancang dan mengimplementasikan solusi kecerdasan buatan (ai) yang terintegrasi dengan sistem bisnis organisasi dengan menekankan pada pengembangan solusi ai end-to-end yang dapat diimplementasikan secara efektif dan memberikan nilai tambah untuk kebutuhan spesifik bisnis.
TIK.DSC0806,SPESIALIS ARSITEKTUR  SOLUSI KECERDASAN ARTIFISIAL (AI SOLUTION ARCHITECTURE,mengidentifikasi kebutuhan bisnis yang dapat diselesaikan dengan solusi ai
TIK.DSC0806,SPESIALIS ARSITEKTUR  SOLUSI KECERDASAN ARTIFISIAL (AI SOLUTION ARCHITECTURE,"merancang solusi ai yang mencakup model, pipeline, dan aplikasi yang terintegrasi dengan ekosistem ti perusahaan"
TIK.DSC0806,SPESIALIS ARSITEKTUR  SOLUSI KECERDASAN ARTIFISIAL (AI SOLUTION ARCHITECTURE,"mengawasi pengembangan, deployment, dan pemeliharaan solusi ai"
TIK.DSC0806,SPESIALIS ARSITEKTUR  SOLUSI KECERDASAN ARTIFISIAL (AI SOLUTION ARCHITECTURE,"memastikan solusi ai memenuhi standar etika, regulasi, dan keamanan"
TIK.DSC0806,SPESIALIS ARSITEKTUR  SOLUSI KECERDASAN ARTIFISIAL (AI SOLUTION ARCHITECTURE,berkolaborasi dengan tim teknis dan bisnis untuk memastikan solusi ai relevan dan dapat diskalakan
TIK.DSC0806,SPESIALIS ARSITEKTUR  SOLUSI KECERDASAN ARTIFISIAL (AI SOLUTION ARCHITECTURE,berintegritas
TIK.DSC0806,SPESIALIS ARSITEKTUR  SOLUSI KECERDASAN ARTIFISIAL (AI SOLUTION ARCHITECTURE,mampu memimpin tim
TIK.DSC0806,SPESIALIS ARSITEKTUR  SOLUSI KECERDASAN ARTIFISIAL (AI SOLUTION ARCHITECTURE,komunikatif
TIK.DSC0806,SPESIALIS ARSITEKTUR  SOLUSI KECERDASAN ARTIFISIAL (AI SOLUTION ARCHITECTURE,teliti
TIK.DSC0806,SPESIALIS ARSITEKTUR  SOLUSI KECERDASAN ARTIFISIAL (AI SOLUTION ARCHITECTURE,mampu berpikir kritis
TIK.DSC0806,SPESIALIS ARSITEKTUR  SOLUSI KECERDASAN ARTIFISIAL (AI SOLUTION ARCHITECTURE,mampu mengatasi masalah
TIK.DSC0806,SPESIALIS ARSITEKTUR  SOLUSI KECERDASAN ARTIFISIAL (AI SOLUTION ARCHITECTURE,menyusun strategi dan desain solusi ai berdasarkan kebutuhan spesifik bisnis
TIK.DSC0806,SPESIALIS ARSITEKTUR  SOLUSI KECERDASAN ARTIFISIAL (AI SOLUTION ARCHITECTURE,"merancang arsitektur teknis untuk solusi ai, termasuk integrasi dengan sistem ti yang ada"
TIK.DSC0806,SPESIALIS ARSITEKTUR  SOLUSI KECERDASAN ARTIFISIAL (AI SOLUTION ARCHITECTURE,"berkolaborasi dengan tim data scientist, ai engineer, dan data engineer untuk mengimplementasikan solusi"
TIK.DSC0806,SPESIALIS ARSITEKTUR  SOLUSI KECERDASAN ARTIFISIAL (AI SOLUTION ARCHITECTURE,"mengelola risiko operasional, teknis, dan regulasi terkait solusi ai"
TIK.DSC0806,SPESIALIS ARSITEKTUR  SOLUSI KECERDASAN ARTIFISIAL (AI SOLUTION ARCHITECTURE,mengukur dan mengevaluasi dampak solusi ai terhadap proses bisnis
TIK.DSC0806,SPESIALIS ARSITEKTUR  SOLUSI KECERDASAN ARTIFISIAL (AI SOLUTION ARCHITECTURE,membuat dokumentasi teknis dan panduan implementasi untuk solusi ai
TIK.DSC0806,SPESIALIS ARSITEKTUR  SOLUSI KECERDASAN ARTIFISIAL (AI SOLUTION ARCHITECTURE,"mengakses dan menggunakan data, model, dan sistem ai"
TIK.DSC0806,SPESIALIS ARSITEKTUR  SOLUSI KECERDASAN ARTIFISIAL (AI SOLUTION ARCHITECTURE,mengakses dan menggunakan lingkungan operasional
TIK.DSC0806,SPESIALIS ARSITEKTUR  SOLUSI KECERDASAN ARTIFISIAL (AI SOLUTION ARCHITECTURE,melakukan perubahan pada infrastruktur terkait pengembangan dan operasi sistem ai
TIK.DSC0806,SPESIALIS ARSITEKTUR  SOLUSI KECERDASAN ARTIFISIAL (AI SOLUTION ARCHITECTURE,melakukan kolaborasi dengan berbagai pihak
TIK.DSC0806,SPESIALIS ARSITEKTUR  SOLUSI KECERDASAN ARTIFISIAL (AI SOLUTION ARCHITECTURE,"melakukan investasi pada teknologi data, pemodelan maupun deployment"
TIK.DSC0806,SPESIALIS ARSITEKTUR  SOLUSI KECERDASAN ARTIFISIAL (AI SOLUTION ARCHITECTURE,"memiliki pemahaman mendalam mengenai proses bisnis organisasi, metodologi pengembangan sistem ai dan pemanfaatan model ai dalam produksi."
TIK.DSC0806,SPESIALIS ARSITEKTUR  SOLUSI KECERDASAN ARTIFISIAL (AI SOLUTION ARCHITECTURE,menentukan sasaran bisnis solusi artificial intelligence
TIK.DSC0806,SPESIALIS ARSITEKTUR  SOLUSI KECERDASAN ARTIFISIAL (AI SOLUTION ARCHITECTURE,menentukan sasaran teknis solusi artificial intelligence
TIK.DSC0806,SPESIALIS ARSITEKTUR  SOLUSI KECERDASAN ARTIFISIAL (AI SOLUTION ARCHITECTURE,menentukan arsitektur teknis solusi artificial intelligence
TIK.DSC0806,SPESIALIS ARSITEKTUR  SOLUSI KECERDASAN ARTIFISIAL (AI SOLUTION ARCHITECTURE,membuat rencana proyek solusi artificial intelligence
TIK.DSC0806,SPESIALIS ARSITEKTUR  SOLUSI KECERDASAN ARTIFISIAL (AI SOLUTION ARCHITECTURE,mendesain pengetahuan solusi artificial intelligence
TIK.DSC0806,SPESIALIS ARSITEKTUR  SOLUSI KECERDASAN ARTIFISIAL (AI SOLUTION ARCHITECTURE,mengintegrasikan komponen solusi artificial intelligence
TIK.DSC0806,SPESIALIS ARSITEKTUR  SOLUSI KECERDASAN ARTIFISIAL (AI SOLUTION ARCHITECTURE,merencanakan perawatan solusi artificial intelligence
TIK.DSC0806,SPESIALIS ARSITEKTUR  SOLUSI KECERDASAN ARTIFISIAL (AI SOLUTION ARCHITECTURE,menyusun manajemen perlindungan data pribadi pada domainnya
TIK.DSC0806,SPESIALIS ARSITEKTUR  SOLUSI KECERDASAN ARTIFISIAL (AI SOLUTION ARCHITECTURE,menerapkan program kerja pelindungan data pribadi
TIK.DSC0806,SPESIALIS ARSITEKTUR  SOLUSI KECERDASAN ARTIFISIAL (AI SOLUTION ARCHITECTURE,melakukan laporan akhir proyek data science
TIK.DSC0807,SPESIALIS ARSITEKTUR DATA (DATA ARCHITECTURE SPECIALIST),"orang yang bertanggung jawab untuk merancang dan membangun arsitektur data dengan menggunakan keterampilan teknis dan non-teknis untuk memastikan bahwa arsitektur data sesuai dengan tujuan bisnis, mematuhi peraturan, serta mendukung praktik pengelolaan data yang skalabel, efisien, dan aman."
TIK.DSC0807,SPESIALIS ARSITEKTUR DATA (DATA ARCHITECTURE SPECIALIST),mengembangkan roadmap untuk strategi manajemen dan integrasi data
TIK.DSC0807,SPESIALIS ARSITEKTUR DATA (DATA ARCHITECTURE SPECIALIST),mengembangkan arsitektur data yang skalabel
TIK.DSC0807,SPESIALIS ARSITEKTUR DATA (DATA ARCHITECTURE SPECIALIST),memimpin tim lintas fungsi dalam mengimplementasikan arsitektur data
TIK.DSC0807,SPESIALIS ARSITEKTUR DATA (DATA ARCHITECTURE SPECIALIST),memastikan arsitektur data mendukung kebutuhan bisnis saat ini dan masa depan
TIK.DSC0807,SPESIALIS ARSITEKTUR DATA (DATA ARCHITECTURE SPECIALIST),menentukan kebijakan dan prosedur untuk tata kelola dan jaminan kualitas data
TIK.DSC0807,SPESIALIS ARSITEKTUR DATA (DATA ARCHITECTURE SPECIALIST),beretika
TIK.DSC0807,SPESIALIS ARSITEKTUR DATA (DATA ARCHITECTURE SPECIALIST),komunikatif
TIK.DSC0807,SPESIALIS ARSITEKTUR DATA (DATA ARCHITECTURE SPECIALIST),bekerja dalam tim
TIK.DSC0807,SPESIALIS ARSITEKTUR DATA (DATA ARCHITECTURE SPECIALIST),teliti
TIK.DSC0807,SPESIALIS ARSITEKTUR DATA (DATA ARCHITECTURE SPECIALIST),berpikir kritis
TIK.DSC0807,SPESIALIS ARSITEKTUR DATA (DATA ARCHITECTURE SPECIALIST),selalu belajar hal baru
TIK.DSC0807,SPESIALIS ARSITEKTUR DATA (DATA ARCHITECTURE SPECIALIST),merancang arsitektur data
TIK.DSC0807,SPESIALIS ARSITEKTUR DATA (DATA ARCHITECTURE SPECIALIST),membangun arsitektur data
TIK.DSC0807,SPESIALIS ARSITEKTUR DATA (DATA ARCHITECTURE SPECIALIST),mengelola arsitektur data
TIK.DSC0807,SPESIALIS ARSITEKTUR DATA (DATA ARCHITECTURE SPECIALIST),memimpin inisiatif untuk mengintegrasikan data dari berbagai sumber ke dalam kerangka kerja yang kohesif
TIK.DSC0807,SPESIALIS ARSITEKTUR DATA (DATA ARCHITECTURE SPECIALIST),"memastikan skalabilitas, keamanan, dan kinerja sistem data"
TIK.DSC0807,SPESIALIS ARSITEKTUR DATA (DATA ARCHITECTURE SPECIALIST),mengakses dan mengelola infrastruktur data organisasi
TIK.DSC0807,SPESIALIS ARSITEKTUR DATA (DATA ARCHITECTURE SPECIALIST),melakukan perubahan pada arsitektur data
TIK.DSC0807,SPESIALIS ARSITEKTUR DATA (DATA ARCHITECTURE SPECIALIST),menentukan dan memodifikasi roadmap dan kebijakan arsitektur data
TIK.DSC0807,SPESIALIS ARSITEKTUR DATA (DATA ARCHITECTURE SPECIALIST),"menyetujui teknik, alat, dan kerangka kerja pemodelan data"
TIK.DSC0807,SPESIALIS ARSITEKTUR DATA (DATA ARCHITECTURE SPECIALIST),memiliki pemahaman mendalam mengenai arsitektur data.
TIK.DSC0807,SPESIALIS ARSITEKTUR DATA (DATA ARCHITECTURE SPECIALIST),"menentukan metode pemodelan, sudut pandang dan perangkat bantu untuk merancang arsitektur data"
TIK.DSC0807,SPESIALIS ARSITEKTUR DATA (DATA ARCHITECTURE SPECIALIST),menyusun roadmap dan komponen arsitektur data
TIK.DSC0807,SPESIALIS ARSITEKTUR DATA (DATA ARCHITECTURE SPECIALIST),memfinalisasikan arsitektur data
TIK.DSC0807,SPESIALIS ARSITEKTUR DATA (DATA ARCHITECTURE SPECIALIST),merencanakan manajemen data
TIK.DSC0807,SPESIALIS ARSITEKTUR DATA (DATA ARCHITECTURE SPECIALIST),merencanakan arsitektur data
TIK.DSC0807,SPESIALIS ARSITEKTUR DATA (DATA ARCHITECTURE SPECIALIST),merencanakan integrasi data
TIK.DSC0807,SPESIALIS ARSITEKTUR DATA (DATA ARCHITECTURE SPECIALIST),mengelola kualitas data
TIK.DSC0701,- ILMUWAN DATA (DATA SCIENTIST),"orang yang bertanggung jawab untuk mengumpulkan, menganalisis, dan menginterpretasikan data untuk mendukung pengambilan keputusan bisnis dengan menggunakan keterampilan teknis dan non-teknis untuk memahami kebutuhan bisnis, mengumpulkan dan membersihkan data, mengembangkan dan menerapkan model data, dan mengkomunikasikan hasil analisis data kepada pengguna."
TIK.DSC0701,- ILMUWAN DATA (DATA SCIENTIST),identifikasi tujuan bisnis
TIK.DSC0701,- ILMUWAN DATA (DATA SCIENTIST),memberikan arahan teknis penyiapan data
TIK.DSC0701,- ILMUWAN DATA (DATA SCIENTIST),merumuskan dan mengembangkan pemodelan dengan algoritma pembelajaran mesin
TIK.DSC0701,- ILMUWAN DATA (DATA SCIENTIST),mengevaluasi dan menyempurnakan hasil pemodelan
TIK.DSC0701,- ILMUWAN DATA (DATA SCIENTIST),menentukan solusi hasil evaluasi pemodelan
TIK.DSC0701,- ILMUWAN DATA (DATA SCIENTIST),mendukung deployment model
TIK.DSC0701,- ILMUWAN DATA (DATA SCIENTIST),beretika
TIK.DSC0701,- ILMUWAN DATA (DATA SCIENTIST),berintegritas
TIK.DSC0701,- ILMUWAN DATA (DATA SCIENTIST),komunikatif
TIK.DSC0701,- ILMUWAN DATA (DATA SCIENTIST),bekerja dalam tim
TIK.DSC0701,- ILMUWAN DATA (DATA SCIENTIST),teliti
TIK.DSC0701,- ILMUWAN DATA (DATA SCIENTIST),berpikir kritis
TIK.DSC0701,- ILMUWAN DATA (DATA SCIENTIST),selalu belajar hal baru
TIK.DSC0701,- ILMUWAN DATA (DATA SCIENTIST),merumuskan tujuan bisnis dan tujuan teknis data science
TIK.DSC0701,- ILMUWAN DATA (DATA SCIENTIST),memastikan ruang lingkup pekerjaan data science sesuai tujuan teknis data science
TIK.DSC0701,- ILMUWAN DATA (DATA SCIENTIST),menentukan metode pengumpulan data sesuai tujuan teknis data science
TIK.DSC0701,- ILMUWAN DATA (DATA SCIENTIST),memastikan proses penyiapan data menghasilkan dataset dengan memperhatikan kriteria kualitas data
TIK.DSC0701,- ILMUWAN DATA (DATA SCIENTIST),memastikan model yang diterapkan memenuhi kriteria performance sesuai harapan pelanggan
TIK.DSC0701,- ILMUWAN DATA (DATA SCIENTIST),mengakses dan menggunakan data
TIK.DSC0701,- ILMUWAN DATA (DATA SCIENTIST),melakukan perubahan pada model data
TIK.DSC0701,- ILMUWAN DATA (DATA SCIENTIST),melakukan kolaborasi dengan berbagai pihak
TIK.DSC0701,- ILMUWAN DATA (DATA SCIENTIST),peserta umum yang telah melaksanakan pelatihan berbasis kompetensi data scientist;
TIK.DSC0701,- ILMUWAN DATA (DATA SCIENTIST),memiliki pemahaman statistik deskriptif lanjut dan manajemen data lanjut.
TIK.DSC0701,- ILMUWAN DATA (DATA SCIENTIST),menentukan objektif bisnis
TIK.DSC0701,- ILMUWAN DATA (DATA SCIENTIST),menentukan tujuan teknis data science
TIK.DSC0701,- ILMUWAN DATA (DATA SCIENTIST),menelaah data
TIK.DSC0701,- ILMUWAN DATA (DATA SCIENTIST),memvalidasi data
TIK.DSC0701,- ILMUWAN DATA (DATA SCIENTIST),menentukan objek data
TIK.DSC0701,- ILMUWAN DATA (DATA SCIENTIST),membersihkan data
TIK.DSC0701,- ILMUWAN DATA (DATA SCIENTIST),mengkonstruksi data
TIK.DSC0701,- ILMUWAN DATA (DATA SCIENTIST),membangun skenario model
TIK.DSC0701,- ILMUWAN DATA (DATA SCIENTIST),membangun model
TIK.DSC0701,- ILMUWAN DATA (DATA SCIENTIST),mengevaluasi hasil pemodelan
TIK.DSC0701,- ILMUWAN DATA (DATA SCIENTIST),melakukan proses review pemodelan
TIK.DSC0702,INSINYUR DATA (DATA ENGINEER),orang yang bertanggung jawab untuk mengembangkan dan memelihara infrastruktur data dengan menggunakan keterampilan teknis dan non-teknis untuk memastikan bahwa infrastruktur data dapat mendukung kebutuhan bisnis dan dapat berkembang seiring dengan kebutuhan bisnis yang berubah.
TIK.DSC0702,INSINYUR DATA (DATA ENGINEER),identifikasi kebutuhan data sesuai proses bisnis perusahaan
TIK.DSC0702,INSINYUR DATA (DATA ENGINEER),merancang arsitektur data
TIK.DSC0702,INSINYUR DATA (DATA ENGINEER),merancangbangun bigdata
TIK.DSC0702,INSINYUR DATA (DATA ENGINEER),mengelola kualitas data
TIK.DSC0702,INSINYUR DATA (DATA ENGINEER),membuat data warehouse
TIK.DSC0702,INSINYUR DATA (DATA ENGINEER),beretika
TIK.DSC0702,INSINYUR DATA (DATA ENGINEER),komunikatif
TIK.DSC0702,INSINYUR DATA (DATA ENGINEER),bekerja dalam tim
TIK.DSC0702,INSINYUR DATA (DATA ENGINEER),teliti
TIK.DSC0702,INSINYUR DATA (DATA ENGINEER),berpikir kritis
TIK.DSC0702,INSINYUR DATA (DATA ENGINEER),selalu belajar hal baru
TIK.DSC0702,INSINYUR DATA (DATA ENGINEER),memastikan hasil identifikasi data sesuai proses bisnis perusahaan
TIK.DSC0702,INSINYUR DATA (DATA ENGINEER),memastikan arsitektur data menyasar tujuan bisnis
TIK.DSC0702,INSINYUR DATA (DATA ENGINEER),memastikan rancangbangun big data dan data warehouse sesuai kebutuhan pelanggan
TIK.DSC0702,INSINYUR DATA (DATA ENGINEER),mengakses dan menggunakan data
TIK.DSC0702,INSINYUR DATA (DATA ENGINEER),melakukan negosiasi terkait lingkup pekerjaan dengan pelanggan
TIK.DSC0702,INSINYUR DATA (DATA ENGINEER),melakukan evaluasi hasil rancangan arsitektur data
TIK.DSC0702,INSINYUR DATA (DATA ENGINEER),peserta umum yang telah melaksanakan pelatihan berbasis kompetensi data engineer;
TIK.DSC0702,INSINYUR DATA (DATA ENGINEER),memiliki pemahaman statistik deskriptif lanjut;
TIK.DSC0702,INSINYUR DATA (DATA ENGINEER),memiliki pemahaman manajemen data lanjut.
TIK.DSC0702,INSINYUR DATA (DATA ENGINEER),mengidentifikasi kebutuhan pengelolaan data untuk proses bisnis
TIK.DSC0702,INSINYUR DATA (DATA ENGINEER),merencanakan manajemen data
TIK.DSC0702,INSINYUR DATA (DATA ENGINEER),merencanakan arsitektur data
TIK.DSC0702,INSINYUR DATA (DATA ENGINEER),merencanakan integrasi data
TIK.DSC0702,INSINYUR DATA (DATA ENGINEER),merencanakan media penyimpanan data
TIK.DSC0702,INSINYUR DATA (DATA ENGINEER),merancangbangun big data
TIK.DSC0702,INSINYUR DATA (DATA ENGINEER),mengelola reference and master data
TIK.DSC0702,INSINYUR DATA (DATA ENGINEER),mengelola metadata
TIK.DSC0702,INSINYUR DATA (DATA ENGINEER),mengelola kualitas data
TIK.DSC0702,INSINYUR DATA (DATA ENGINEER),membuat data warehouse
TIK.DSC0702,INSINYUR DATA (DATA ENGINEER),menerapkan program kerja perlindungan data pribadi
TIK.DSC0703,INSINYUR  PEMBELAJARAN MESIN (MACHINE LEARNING ENGINEER),"orang bertanggung jawab untuk mengembangkan, menerapkan, dan memelihara model machine learning dalam lingkungan produksi. mereka bekerja di bawah arahan lead machine learning engineer untuk memastikan model berjalan secara efisien, andal, dan dapat diskalakan, serta berkontribusi pada pengembangan sistem machine learning secara keseluruhan bagi keperluan organisasi."
TIK.DSC0703,INSINYUR  PEMBELAJARAN MESIN (MACHINE LEARNING ENGINEER),mengimplementasikan pipeline machine learning untuk pengembangan dan produksi
TIK.DSC0703,INSINYUR  PEMBELAJARAN MESIN (MACHINE LEARNING ENGINEER),mengintegrasikan model machine learning yang dikembangkan oleh data scientist ke dalam sistem produksi
TIK.DSC0703,INSINYUR  PEMBELAJARAN MESIN (MACHINE LEARNING ENGINEER),memantau kinerja model machine learning dan melakukan debugging jika diperlukan
TIK.DSC0703,INSINYUR  PEMBELAJARAN MESIN (MACHINE LEARNING ENGINEER),mengoptimalkan data pipeline dan model untuk efisiensi dan skalabilitas
TIK.DSC0703,INSINYUR  PEMBELAJARAN MESIN (MACHINE LEARNING ENGINEER),berkolaborasi dengan data engineer untuk memastikan kualitas dan ketersediaan data
TIK.DSC0703,INSINYUR  PEMBELAJARAN MESIN (MACHINE LEARNING ENGINEER),berintegritas
TIK.DSC0703,INSINYUR  PEMBELAJARAN MESIN (MACHINE LEARNING ENGINEER),mampu memimpin tim
TIK.DSC0703,INSINYUR  PEMBELAJARAN MESIN (MACHINE LEARNING ENGINEER),komunikatif
TIK.DSC0703,INSINYUR  PEMBELAJARAN MESIN (MACHINE LEARNING ENGINEER),teliti
TIK.DSC0703,INSINYUR  PEMBELAJARAN MESIN (MACHINE LEARNING ENGINEER),mampu berpikir kritis
TIK.DSC0703,INSINYUR  PEMBELAJARAN MESIN (MACHINE LEARNING ENGINEER),mampu mengatasi masalah
TIK.DSC0703,INSINYUR  PEMBELAJARAN MESIN (MACHINE LEARNING ENGINEER),mengembangkan dan memelihara pipeline machine learning untuk deployment model
TIK.DSC0703,INSINYUR  PEMBELAJARAN MESIN (MACHINE LEARNING ENGINEER),mengintegrasikan dan menguji model di lingkungan produksi
TIK.DSC0703,INSINYUR  PEMBELAJARAN MESIN (MACHINE LEARNING ENGINEER),melakukan pemantauan kinerja model secara real-time dan memastikan akurasi
TIK.DSC0703,INSINYUR  PEMBELAJARAN MESIN (MACHINE LEARNING ENGINEER),mengimplementasikan praktik terbaik mlops untuk automasi pipeline
TIK.DSC0703,INSINYUR  PEMBELAJARAN MESIN (MACHINE LEARNING ENGINEER),mendukung lead machine learning engineer dalam perencanaan dan pelaksanaan proyek
TIK.DSC0703,INSINYUR  PEMBELAJARAN MESIN (MACHINE LEARNING ENGINEER),mengakses dan menggunakan data
TIK.DSC0703,INSINYUR  PEMBELAJARAN MESIN (MACHINE LEARNING ENGINEER),mengakses dan menggunakan lingkungan operasional
TIK.DSC0703,INSINYUR  PEMBELAJARAN MESIN (MACHINE LEARNING ENGINEER),melakukan perubahan pada infrastruktur terkait deployment model machine learning
TIK.DSC0703,INSINYUR  PEMBELAJARAN MESIN (MACHINE LEARNING ENGINEER),melakukan kolaborasi dengan berbagai pihak
TIK.DSC0703,INSINYUR  PEMBELAJARAN MESIN (MACHINE LEARNING ENGINEER),melakukan investasi pada teknologi deployment
TIK.DSC0703,INSINYUR  PEMBELAJARAN MESIN (MACHINE LEARNING ENGINEER),memiliki
TIK.DSC0703,INSINYUR  PEMBELAJARAN MESIN (MACHINE LEARNING ENGINEER),menentukan tujuan teknis data science
TIK.DSC0703,INSINYUR  PEMBELAJARAN MESIN (MACHINE LEARNING ENGINEER),membuat rencana proyek data science
TIK.DSC0703,INSINYUR  PEMBELAJARAN MESIN (MACHINE LEARNING ENGINEER),membangun model
TIK.DSC0703,INSINYUR  PEMBELAJARAN MESIN (MACHINE LEARNING ENGINEER),mengevaluasi hasil pemodelan
TIK.DSC0703,INSINYUR  PEMBELAJARAN MESIN (MACHINE LEARNING ENGINEER),melakukan deployment model
TIK.DSC0703,INSINYUR  PEMBELAJARAN MESIN (MACHINE LEARNING ENGINEER),melakukan pemeliharaan model
TIK.DSC0703,INSINYUR  PEMBELAJARAN MESIN (MACHINE LEARNING ENGINEER),menerapkan program kerja pelindungan data pribadi
TIK.DSC0703,INSINYUR  PEMBELAJARAN MESIN (MACHINE LEARNING ENGINEER),melakukan laporan akhir proyek data science
TIK.DSC0704,INSINYUR  KECERDASAN ARTIFICIAL (AI ENGINEER),"orang yang bertanggung jawab untuk merancang, mengembangkan, dan mengintegrasikan solusi kecerdasan buatan (ai) ke dalam sistem operasional untuk mendukung pencapaian tujuan organisasi."
TIK.DSC0704,INSINYUR  KECERDASAN ARTIFICIAL (AI ENGINEER),melakukan proses deployment dan pemantauan model ai di lingkungan produksi
TIK.DSC0704,INSINYUR  KECERDASAN ARTIFICIAL (AI ENGINEER),"bekerja sama dengan data scientist, data engineer, dan pemangku kepentingan untuk menyelaraskan sistem ai dengan kebutuhan bisnis"
TIK.DSC0704,INSINYUR  KECERDASAN ARTIFICIAL (AI ENGINEER),"memastikan sistem yang dikembangkan andal, efisien, dan dapat diskalakan"
TIK.DSC0704,INSINYUR  KECERDASAN ARTIFICIAL (AI ENGINEER),berintegritas
TIK.DSC0704,INSINYUR  KECERDASAN ARTIFICIAL (AI ENGINEER),mampu memimpin tim
TIK.DSC0704,INSINYUR  KECERDASAN ARTIFICIAL (AI ENGINEER),komunikatif
TIK.DSC0704,INSINYUR  KECERDASAN ARTIFICIAL (AI ENGINEER),teliti
TIK.DSC0704,INSINYUR  KECERDASAN ARTIFICIAL (AI ENGINEER),mampu berpikir kritis
TIK.DSC0704,INSINYUR  KECERDASAN ARTIFICIAL (AI ENGINEER),mampu mengatasi masalah
TIK.DSC0704,INSINYUR  KECERDASAN ARTIFICIAL (AI ENGINEER),memimpin dan mengelola tim ai engineer
TIK.DSC0704,INSINYUR  KECERDASAN ARTIFICIAL (AI ENGINEER),mengawasi pengembangan dan deployment sistem ai berbasis pengetahuan
TIK.DSC0704,INSINYUR  KECERDASAN ARTIFICIAL (AI ENGINEER),"memastikan praktik terbaik dalam aiops, termasuk ci/cd untuk model ai yang dikembangkan"
TIK.DSC0704,INSINYUR  KECERDASAN ARTIFICIAL (AI ENGINEER),melakukan evaluasi dan optimasi model untuk meningkatkan kinerja
TIK.DSC0704,INSINYUR  KECERDASAN ARTIFICIAL (AI ENGINEER),mengelola sumber daya dan jadwal proyek untuk penyelesaian solusi ai secara efektif
TIK.DSC0704,INSINYUR  KECERDASAN ARTIFICIAL (AI ENGINEER),melakukan identifikasi dan mitigasi risiko terkait penggunaan solusi ai di produksi
TIK.DSC0704,INSINYUR  KECERDASAN ARTIFICIAL (AI ENGINEER),mengakses dan menggunakan data
TIK.DSC0704,INSINYUR  KECERDASAN ARTIFICIAL (AI ENGINEER),mengakses dan menggunakan lingkungan operasional
TIK.DSC0704,INSINYUR  KECERDASAN ARTIFICIAL (AI ENGINEER),melakukan perubahan pada infrastruktur terkait deployment model ai
TIK.DSC0704,INSINYUR  KECERDASAN ARTIFICIAL (AI ENGINEER),melakukan kolaborasi dengan berbagai pihak
TIK.DSC0704,INSINYUR  KECERDASAN ARTIFICIAL (AI ENGINEER),melakukan investasi pada teknologi aiops
TIK.DSC0704,INSINYUR  KECERDASAN ARTIFICIAL (AI ENGINEER),memiliki
TIK.DSC0704,INSINYUR  KECERDASAN ARTIFICIAL (AI ENGINEER),menentukan sasaran teknis solusi artificial intelligence
TIK.DSC0704,INSINYUR  KECERDASAN ARTIFICIAL (AI ENGINEER),membuat rencana proyek solusi artificial intelligence
TIK.DSC0704,INSINYUR  KECERDASAN ARTIFICIAL (AI ENGINEER),melakukan proses review pemodelan
TIK.DSC0704,INSINYUR  KECERDASAN ARTIFICIAL (AI ENGINEER),melakukan review proyek data science
TIK.DSC0704,INSINYUR  KECERDASAN ARTIFICIAL (AI ENGINEER),memasang solusi artificial intelligence
TIK.DSC0704,INSINYUR  KECERDASAN ARTIFICIAL (AI ENGINEER),merawat solusi artificial intelligence
TIK.DSC0704,INSINYUR  KECERDASAN ARTIFICIAL (AI ENGINEER),menerapkan program kerja pelindungan data pribadi
TIK.DSC0704,INSINYUR  KECERDASAN ARTIFICIAL (AI ENGINEER),melakukan laporan akhir proyek data science
TIK.DSC0601,SUPERVISOR ILMUWAN DATA (DATA SCIENTIST SUPERVISOR),"orang yang bertanggung jawab untuk mengumpulkan, menganalisis, dan menginterpretasikan data untuk mendukung pengambilan keputusan bisnis dengan menggunakan keterampilan teknis dan non-teknis untuk memahami kebutuhan bisnis, mengumpulkan dan membersihkan data, mengembangkan dan menerapkan model data, dan mengkomunikasikan hasil analisis data kepada pemangku kepentingan dengan arahan dari data scientist."
TIK.DSC0601,SUPERVISOR ILMUWAN DATA (DATA SCIENTIST SUPERVISOR),memahami tujuan teknis data science
TIK.DSC0601,SUPERVISOR ILMUWAN DATA (DATA SCIENTIST SUPERVISOR),melakukan penyiapan data
TIK.DSC0601,SUPERVISOR ILMUWAN DATA (DATA SCIENTIST SUPERVISOR),mengembangkan pemodelan dengan algoritma atas arahan data science
TIK.DSC0601,SUPERVISOR ILMUWAN DATA (DATA SCIENTIST SUPERVISOR),mengevaluasi hasil pemodelan berdasarkan arahan data scientist
TIK.DSC0601,SUPERVISOR ILMUWAN DATA (DATA SCIENTIST SUPERVISOR),membantu deployment model analitik
TIK.DSC0601,SUPERVISOR ILMUWAN DATA (DATA SCIENTIST SUPERVISOR),beretika
TIK.DSC0601,SUPERVISOR ILMUWAN DATA (DATA SCIENTIST SUPERVISOR),komunikatif
TIK.DSC0601,SUPERVISOR ILMUWAN DATA (DATA SCIENTIST SUPERVISOR),bekerja dalam tim
TIK.DSC0601,SUPERVISOR ILMUWAN DATA (DATA SCIENTIST SUPERVISOR),teliti
TIK.DSC0601,SUPERVISOR ILMUWAN DATA (DATA SCIENTIST SUPERVISOR),berpikir kritis
TIK.DSC0601,SUPERVISOR ILMUWAN DATA (DATA SCIENTIST SUPERVISOR),selalu belajar hal baru
TIK.DSC0601,SUPERVISOR ILMUWAN DATA (DATA SCIENTIST SUPERVISOR),memahami hasil rumusan tujuan bisnis dan tujuan teknis data science
TIK.DSC0601,SUPERVISOR ILMUWAN DATA (DATA SCIENTIST SUPERVISOR),memahami ruang lingkup pekerjaan data science sesuai tujuan teknis data science
TIK.DSC0601,SUPERVISOR ILMUWAN DATA (DATA SCIENTIST SUPERVISOR),menggunakan metode pengumpulan data sesuai tujuan teknis data science
TIK.DSC0601,SUPERVISOR ILMUWAN DATA (DATA SCIENTIST SUPERVISOR),melakukan proses penyiapan data menghasilkan dataset dengan memperhatikan kriteria kualitas data
TIK.DSC0601,SUPERVISOR ILMUWAN DATA (DATA SCIENTIST SUPERVISOR),menjalankan model yang diterapkan untuk memenuhi kriteria performance sesuai arahan data science
TIK.DSC0601,SUPERVISOR ILMUWAN DATA (DATA SCIENTIST SUPERVISOR),mengakses dan menggunakan data
TIK.DSC0601,SUPERVISOR ILMUWAN DATA (DATA SCIENTIST SUPERVISOR),menjalankan proses analitik berdasarkan arahan data scientist
TIK.DSC0601,SUPERVISOR ILMUWAN DATA (DATA SCIENTIST SUPERVISOR),mengusulkan perbaikan pada metoda pengumpulan data
TIK.DSC0601,SUPERVISOR ILMUWAN DATA (DATA SCIENTIST SUPERVISOR),peserta umum yang telah melaksanakan pelatihan berbasis kompetensi associate data scientist;
TIK.DSC0601,SUPERVISOR ILMUWAN DATA (DATA SCIENTIST SUPERVISOR),memiliki pemahaman statistik deskriptif;
TIK.DSC0601,SUPERVISOR ILMUWAN DATA (DATA SCIENTIST SUPERVISOR),memiliki pemahaman manajemen data.
TIK.DSC0601,SUPERVISOR ILMUWAN DATA (DATA SCIENTIST SUPERVISOR),mengumpulkan data
TIK.DSC0601,SUPERVISOR ILMUWAN DATA (DATA SCIENTIST SUPERVISOR),menelaah data
TIK.DSC0601,SUPERVISOR ILMUWAN DATA (DATA SCIENTIST SUPERVISOR),memvalidasi data
TIK.DSC0601,SUPERVISOR ILMUWAN DATA (DATA SCIENTIST SUPERVISOR),menentukan objek data
TIK.DSC0601,SUPERVISOR ILMUWAN DATA (DATA SCIENTIST SUPERVISOR),membersihkan data
TIK.DSC0601,SUPERVISOR ILMUWAN DATA (DATA SCIENTIST SUPERVISOR),mengkonstruksi data
TIK.DSC0601,SUPERVISOR ILMUWAN DATA (DATA SCIENTIST SUPERVISOR),menentukan label data
TIK.DSC0601,SUPERVISOR ILMUWAN DATA (DATA SCIENTIST SUPERVISOR),membangun model
TIK.DSC0601,SUPERVISOR ILMUWAN DATA (DATA SCIENTIST SUPERVISOR),mengevaluasi hasil pemodelan
TIK.DSC0602,ANALIS DATA (DATA ANALYST),"orang yang bertanggung jawab mengumpulkan, membersihkan, menganalisis, dan menginterpretasikan data menggunakan keterampilan statistik, matematika, dan pemrograman untuk membantu organisasi memahami data dan membuat keputusan yang lebih baik."
TIK.DSC0602,ANALIS DATA (DATA ANALYST),melakukan analisis data
TIK.DSC0602,ANALIS DATA (DATA ANALYST),mengembangkan dan mengimplementasikan solusi analisis data
TIK.DSC0602,ANALIS DATA (DATA ANALYST),beretika
TIK.DSC0602,ANALIS DATA (DATA ANALYST),komunikatif
TIK.DSC0602,ANALIS DATA (DATA ANALYST),bekerja dalam tim
TIK.DSC0602,ANALIS DATA (DATA ANALYST),teliti
TIK.DSC0602,ANALIS DATA (DATA ANALYST),berpikir kritis
TIK.DSC0602,ANALIS DATA (DATA ANALYST),selalu belajar hal baru
TIK.DSC0602,ANALIS DATA (DATA ANALYST),mengumpulkan dan menyiapkan data
TIK.DSC0602,ANALIS DATA (DATA ANALYST),menganalisis data
TIK.DSC0602,ANALIS DATA (DATA ANALYST),menginterpretasikan hasil analisis data
TIK.DSC0602,ANALIS DATA (DATA ANALYST),menyampaikan hasil analisis data kepada audiens yang tepat
TIK.DSC0602,ANALIS DATA (DATA ANALYST),membuat rekomendasi berdasarkan hasil analisis data
TIK.DSC0602,ANALIS DATA (DATA ANALYST),memiliki pemahaman mendalam mengenai analisis data.
TIK.DSC0602,ANALIS DATA (DATA ANALYST),mengidentifikasi kebutuhan pengelolaan data untuk proses bisnis
TIK.DSC0602,ANALIS DATA (DATA ANALYST),merencanakan integrasi data
TIK.DSC0602,ANALIS DATA (DATA ANALYST),mengumpulkan data
TIK.DSC0602,ANALIS DATA (DATA ANALYST),menelaah data
TIK.DSC0602,ANALIS DATA (DATA ANALYST),memvalidasi data
TIK.DSC0602,ANALIS DATA (DATA ANALYST),menentukan objek data
TIK.DSC0602,ANALIS DATA (DATA ANALYST),membersihkan data
TIK.DSC0602,ANALIS DATA (DATA ANALYST),membuat business intelligence
TIK.DSC0603,SUPERVISOR INSINYUR DATA (DATA ENGINEER SUPERVISOR),orang yang bertanggung jawab untuk mengembangkan dan memelihara infrastruktur data dengan menggunakan keterampilan teknis dan non-teknis untuk memastikan bahwa infrastruktur data dapat mendukung kebutuhan bisnis dan dapat berkembang seiring dengan kebutuhan bisnis yang berubah.
TIK.DSC0603,SUPERVISOR INSINYUR DATA (DATA ENGINEER SUPERVISOR),merancang basis data sesuai arsitektur data
TIK.DSC0603,SUPERVISOR INSINYUR DATA (DATA ENGINEER SUPERVISOR),menggunakan sql dalam rangka menggunakan data dan memastikan integrasi data
TIK.DSC0603,SUPERVISOR INSINYUR DATA (DATA ENGINEER SUPERVISOR),beretika
TIK.DSC0603,SUPERVISOR INSINYUR DATA (DATA ENGINEER SUPERVISOR),komunikatif
TIK.DSC0603,SUPERVISOR INSINYUR DATA (DATA ENGINEER SUPERVISOR),bekerja dalam tim
TIK.DSC0603,SUPERVISOR INSINYUR DATA (DATA ENGINEER SUPERVISOR),teliti
TIK.DSC0603,SUPERVISOR INSINYUR DATA (DATA ENGINEER SUPERVISOR),berpikir kritis
TIK.DSC0603,SUPERVISOR INSINYUR DATA (DATA ENGINEER SUPERVISOR),selalu belajar hal baru
TIK.DSC0603,SUPERVISOR INSINYUR DATA (DATA ENGINEER SUPERVISOR),mengembangkan dan memelihara infrastruktur data
TIK.DSC0603,SUPERVISOR INSINYUR DATA (DATA ENGINEER SUPERVISOR),membantu data engineer senior dalam proyek-proyek data
TIK.DSC0603,SUPERVISOR INSINYUR DATA (DATA ENGINEER SUPERVISOR),mengakses dan menggunakan data
TIK.DSC0603,SUPERVISOR INSINYUR DATA (DATA ENGINEER SUPERVISOR),melakukan perubahan pada infrastruktur data
TIK.DSC0603,SUPERVISOR INSINYUR DATA (DATA ENGINEER SUPERVISOR),peserta umum yang telah melaksanakan pelatihan berbasis kompetensi associate data engineer;
TIK.DSC0603,SUPERVISOR INSINYUR DATA (DATA ENGINEER SUPERVISOR),memiliki pemahaman statistik deskriptif;
TIK.DSC0603,SUPERVISOR INSINYUR DATA (DATA ENGINEER SUPERVISOR),memiliki pemahaman manajemen data.
TIK.DSC0603,SUPERVISOR INSINYUR DATA (DATA ENGINEER SUPERVISOR),merancang basis data
TIK.DSC0603,SUPERVISOR INSINYUR DATA (DATA ENGINEER SUPERVISOR),mengelola reference and master data
TIK.DSC0603,SUPERVISOR INSINYUR DATA (DATA ENGINEER SUPERVISOR),mengelola metadata
TIK.DSC0603,SUPERVISOR INSINYUR DATA (DATA ENGINEER SUPERVISOR),menggunakan sql
TIK.DSC0603,SUPERVISOR INSINYUR DATA (DATA ENGINEER SUPERVISOR),membuat basis data
TIK.DSC0603,SUPERVISOR INSINYUR DATA (DATA ENGINEER SUPERVISOR),membuat integrasi data
TIK.DSC0603,SUPERVISOR INSINYUR DATA (DATA ENGINEER SUPERVISOR),menggunakan data
TIK.DSC0604,ADMINISTRATOR BASIS DATA (DATABASE ADMINISTRATOR),"orang yang bertanggung jawab untuk mengelola dan memelihara database dengan menggunakan keterampilan teknis dan non-teknis untuk memastikan bahwa database aman, andal, dan dapat diakses oleh pengguna yang berwenang."
TIK.DSC0604,ADMINISTRATOR BASIS DATA (DATABASE ADMINISTRATOR),mengelola database
TIK.DSC0604,ADMINISTRATOR BASIS DATA (DATABASE ADMINISTRATOR),mengembangkan dan mengimplementasikan solusi database
TIK.DSC0604,ADMINISTRATOR BASIS DATA (DATABASE ADMINISTRATOR),beretika
TIK.DSC0604,ADMINISTRATOR BASIS DATA (DATABASE ADMINISTRATOR),komunikatif
TIK.DSC0604,ADMINISTRATOR BASIS DATA (DATABASE ADMINISTRATOR),bekerja dalam tim
TIK.DSC0604,ADMINISTRATOR BASIS DATA (DATABASE ADMINISTRATOR),teliti
TIK.DSC0604,ADMINISTRATOR BASIS DATA (DATABASE ADMINISTRATOR),berpikir kritis
TIK.DSC0604,ADMINISTRATOR BASIS DATA (DATABASE ADMINISTRATOR),selalu belajar hal baru
TIK.DSC0604,ADMINISTRATOR BASIS DATA (DATABASE ADMINISTRATOR),mendesain dan membangun database
TIK.DSC0604,ADMINISTRATOR BASIS DATA (DATABASE ADMINISTRATOR),mengelola dan memelihara database
TIK.DSC0604,ADMINISTRATOR BASIS DATA (DATABASE ADMINISTRATOR),memastikan keamanan database
TIK.DSC0604,ADMINISTRATOR BASIS DATA (DATABASE ADMINISTRATOR),melakukan pemulihan data
TIK.DSC0604,ADMINISTRATOR BASIS DATA (DATABASE ADMINISTRATOR),mengakses dan menggunakan database
TIK.DSC0604,ADMINISTRATOR BASIS DATA (DATABASE ADMINISTRATOR),melakukan perubahan pada database
TIK.DSC0604,ADMINISTRATOR BASIS DATA (DATABASE ADMINISTRATOR),membuat dan mengelola akun pengguna database
TIK.DSC0604,ADMINISTRATOR BASIS DATA (DATABASE ADMINISTRATOR),memiliki pemahaman mendalam mengenai pengelolaan data.
TIK.DSC0604,ADMINISTRATOR BASIS DATA (DATABASE ADMINISTRATOR),merancang basis data
TIK.DSC0604,ADMINISTRATOR BASIS DATA (DATABASE ADMINISTRATOR),membuat basis data
TIK.DSC0604,ADMINISTRATOR BASIS DATA (DATABASE ADMINISTRATOR),mengelola kualitas data
TIK.DSC0604,ADMINISTRATOR BASIS DATA (DATABASE ADMINISTRATOR),mengelola dokumen dan konten
TIK.DSC0604,ADMINISTRATOR BASIS DATA (DATABASE ADMINISTRATOR),menggunakan sql
TIK.DSC0604,ADMINISTRATOR BASIS DATA (DATABASE ADMINISTRATOR),menerapkan akses basis data
TIK.DSC0604,ADMINISTRATOR BASIS DATA (DATABASE ADMINISTRATOR),mengadministrasi basis data
TIK.DSC0605,ANALIS INTELIJEN BISNIS (BUSINESS INTELLIGENCE ANALYST),"orang yang bertanggung jawab mengumpulkan, menganalisis, dan menafsirkan data bisnis untuk membantu organisasi membuat keputusan yang lebih baik dengan menggunakan keterampilan teknis dan non-teknis untuk memahami kebutuhan organisasi, mengumpulkan dan membersihkan data, mengembangkan dan menerapkan solusi analitik, dan mengkomunikasikan hasil analisis kepada pengguna."
TIK.DSC0605,ANALIS INTELIJEN BISNIS (BUSINESS INTELLIGENCE ANALYST),mengembangkan dan mengimplementasikan solusi business intelligence
TIK.DSC0605,ANALIS INTELIJEN BISNIS (BUSINESS INTELLIGENCE ANALYST),mengelola dan menganalisis data
TIK.DSC0605,ANALIS INTELIJEN BISNIS (BUSINESS INTELLIGENCE ANALYST),beretika
TIK.DSC0605,ANALIS INTELIJEN BISNIS (BUSINESS INTELLIGENCE ANALYST),komunikatif
TIK.DSC0605,ANALIS INTELIJEN BISNIS (BUSINESS INTELLIGENCE ANALYST),bekerja dalam tim
TIK.DSC0605,ANALIS INTELIJEN BISNIS (BUSINESS INTELLIGENCE ANALYST),teliti
TIK.DSC0605,ANALIS INTELIJEN BISNIS (BUSINESS INTELLIGENCE ANALYST),berpikir kritis
TIK.DSC0605,ANALIS INTELIJEN BISNIS (BUSINESS INTELLIGENCE ANALYST),selalu belajar hal baru
TIK.DSC0605,ANALIS INTELIJEN BISNIS (BUSINESS INTELLIGENCE ANALYST),mengumpulkan dan menganalisis data bisnis
TIK.DSC0605,ANALIS INTELIJEN BISNIS (BUSINESS INTELLIGENCE ANALYST),mengembangkan dan menerapkan solusi analitik
TIK.DSC0605,ANALIS INTELIJEN BISNIS (BUSINESS INTELLIGENCE ANALYST),mengkomunikasikan hasil analisis kepada pengguna
TIK.DSC0605,ANALIS INTELIJEN BISNIS (BUSINESS INTELLIGENCE ANALYST),mengakses dan menggunakan data bisnis
TIK.DSC0605,ANALIS INTELIJEN BISNIS (BUSINESS INTELLIGENCE ANALYST),melakukan koordinasi dengan berbagai pihak terkait
TIK.DSC0605,ANALIS INTELIJEN BISNIS (BUSINESS INTELLIGENCE ANALYST),membuat dan menyampaikan laporan hasil analisis
TIK.DSC0605,ANALIS INTELIJEN BISNIS (BUSINESS INTELLIGENCE ANALYST),memiliki pemahaman mendalam mengenai business intelligence.
TIK.DSC0605,ANALIS INTELIJEN BISNIS (BUSINESS INTELLIGENCE ANALYST),mengumpulkan data
TIK.DSC0605,ANALIS INTELIJEN BISNIS (BUSINESS INTELLIGENCE ANALYST),menelaah data
TIK.DSC0605,ANALIS INTELIJEN BISNIS (BUSINESS INTELLIGENCE ANALYST),memvalidasi data
TIK.DSC0605,ANALIS INTELIJEN BISNIS (BUSINESS INTELLIGENCE ANALYST),menentukan objek data
TIK.DSC0605,ANALIS INTELIJEN BISNIS (BUSINESS INTELLIGENCE ANALYST),mengkonstruksi data
TIK.DSC0605,ANALIS INTELIJEN BISNIS (BUSINESS INTELLIGENCE ANALYST),mengintegrasikan data
TIK.DSC0605,ANALIS INTELIJEN BISNIS (BUSINESS INTELLIGENCE ANALYST),membuat business intelligence
TIK.DSC0606,ANOTATOR (ANNOTATOR),"orang yang bertanggung jawab untuk memberikan label atau deskripsi pada data dengan tingkat keahlian yang tinggi dengan menggunakan keterampilan teknis dan non-teknis untuk memastikan bahwa data yang dilabeli akurat, lengkap, konsisten, dan relevan."
TIK.DSC0606,ANOTATOR (ANNOTATOR),membuat strategi pelabelan data
TIK.DSC0606,ANOTATOR (ANNOTATOR),melakukan annotating data
TIK.DSC0606,ANOTATOR (ANNOTATOR),beretika
TIK.DSC0606,ANOTATOR (ANNOTATOR),komunikatif
TIK.DSC0606,ANOTATOR (ANNOTATOR),bekerja dalam tim
TIK.DSC0606,ANOTATOR (ANNOTATOR),teliti
TIK.DSC0606,ANOTATOR (ANNOTATOR),berpikir kritis
TIK.DSC0606,ANOTATOR (ANNOTATOR),selalu belajar hal baru
TIK.DSC0606,ANOTATOR (ANNOTATOR),mengembangkan dan menerapkan strategi labelisasi data
TIK.DSC0606,ANOTATOR (ANNOTATOR),melakukan audit labelisasi data
TIK.DSC0606,ANOTATOR (ANNOTATOR),mengembangkan dan menerapkan proses dan prosedur labelisasi data
TIK.DSC0606,ANOTATOR (ANNOTATOR),melakukan pelatihan labelisasi data
TIK.DSC0606,ANOTATOR (ANNOTATOR),mengelola sumber daya labelisasi data
TIK.DSC0606,ANOTATOR (ANNOTATOR),melakukan koordinasi dengan berbagai pihak terkait
TIK.DSC0606,ANOTATOR (ANNOTATOR),membuat dan menyampaikan laporan labelisasi data
TIK.DSC0606,ANOTATOR (ANNOTATOR),melakukan tindakan korektif untuk mengatasi masalah labelisasi data
TIK.DSC0606,ANOTATOR (ANNOTATOR),memiliki pemahaman mendalam mengenai labelisasi data.
TIK.DSC0606,ANOTATOR (ANNOTATOR),menentukan label data
TIK.DSC0606,ANOTATOR (ANNOTATOR),memvalidasi data
TIK.DSC0606,ANOTATOR (ANNOTATOR),menentukan objek data
TIK.DSC0606,ANOTATOR (ANNOTATOR),menentukan prosedur pelabelan data
TIK.DSC0606,ANOTATOR (ANNOTATOR),mengidentifikasi kebutuhan pengelolaan data untuk proses bisnis
TIK.DSC0607,INSINYUR KUALITAS DATA (DATA QUALITY ENGINEER),"orang yang bertanggung jawab untuk memastikan kualitas data di suatu organisasi dengan menggunakan keterampilan teknis dan non-teknis untuk memastikan bahwa data yang digunakan oleh organisasi akurat, lengkap, konsisten, dan relevan."
TIK.DSC0607,INSINYUR KUALITAS DATA (DATA QUALITY ENGINEER),mengembangkan dan mengimplementasikan strategi kualitas data
TIK.DSC0607,INSINYUR KUALITAS DATA (DATA QUALITY ENGINEER),melakukan pengukuran dan evaluasi kualitas data
TIK.DSC0607,INSINYUR KUALITAS DATA (DATA QUALITY ENGINEER),beretika
TIK.DSC0607,INSINYUR KUALITAS DATA (DATA QUALITY ENGINEER),komunikatif
TIK.DSC0607,INSINYUR KUALITAS DATA (DATA QUALITY ENGINEER),bekerja dalam tim
TIK.DSC0607,INSINYUR KUALITAS DATA (DATA QUALITY ENGINEER),teliti
TIK.DSC0607,INSINYUR KUALITAS DATA (DATA QUALITY ENGINEER),berpikir kritis
TIK.DSC0607,INSINYUR KUALITAS DATA (DATA QUALITY ENGINEER),selalu belajar hal baru
TIK.DSC0607,INSINYUR KUALITAS DATA (DATA QUALITY ENGINEER),mengembangkan dan menerapkan strategi kualitas data
TIK.DSC0607,INSINYUR KUALITAS DATA (DATA QUALITY ENGINEER),melakukan audit kualitas data
TIK.DSC0607,INSINYUR KUALITAS DATA (DATA QUALITY ENGINEER),mengembangkan dan menerapkan proses dan prosedur kualitas data
TIK.DSC0607,INSINYUR KUALITAS DATA (DATA QUALITY ENGINEER),melakukan pelatihan kualitas data
TIK.DSC0607,INSINYUR KUALITAS DATA (DATA QUALITY ENGINEER),mengelola sumber daya kualitas data
TIK.DSC0607,INSINYUR KUALITAS DATA (DATA QUALITY ENGINEER),melakukan koordinasi dengan berbagai pihak terkait
TIK.DSC0607,INSINYUR KUALITAS DATA (DATA QUALITY ENGINEER),membuat dan menyampaikan laporan kualitas data
TIK.DSC0607,INSINYUR KUALITAS DATA (DATA QUALITY ENGINEER),melakukan tindakan korektif untuk mengatasi masalah kualitas data
TIK.DSC0607,INSINYUR KUALITAS DATA (DATA QUALITY ENGINEER),memiliki pemahaman mendalam mengenai data engineering.
TIK.DSC0607,INSINYUR KUALITAS DATA (DATA QUALITY ENGINEER),mengumpulkan data
TIK.DSC0607,INSINYUR KUALITAS DATA (DATA QUALITY ENGINEER),menelaah data
TIK.DSC0607,INSINYUR KUALITAS DATA (DATA QUALITY ENGINEER),memvalidasi data
TIK.DSC0607,INSINYUR KUALITAS DATA (DATA QUALITY ENGINEER),menentukan objek data
TIK.DSC0607,INSINYUR KUALITAS DATA (DATA QUALITY ENGINEER),membersihkan data
TIK.DSC0607,INSINYUR KUALITAS DATA (DATA QUALITY ENGINEER),mengkonstruksi data
TIK.DSC0607,INSINYUR KUALITAS DATA (DATA QUALITY ENGINEER),menjaga kualitas data
TIK.DSC0501,ILMUWAN DATA MUDA (ASSOCIATE DATA SCIENTIST),"associate data scientist adalah posisi pemula di bidang data science yang bertugas mendukung proses analisis data, pengembangan model pembelajaran mesin sederhana, dan penyajian wawasan data melalui visualisasi. peran ini berfokus pada tugas teknis dasar di bawah supervisi untuk membantu tim menghasilkan solusi berbasis data."
TIK.DSC0501,ILMUWAN DATA MUDA (ASSOCIATE DATA SCIENTIST),pengolahan data (data munging) dan pembersihan data (data cleaning)
TIK.DSC0501,ILMUWAN DATA MUDA (ASSOCIATE DATA SCIENTIST),membantu pengembangan dan implementasi model pembelajaran mesin sederhana
TIK.DSC0501,ILMUWAN DATA MUDA (ASSOCIATE DATA SCIENTIST),menghasilkan visualisasi data untuk menyampaikan wawasan dasar
TIK.DSC0501,ILMUWAN DATA MUDA (ASSOCIATE DATA SCIENTIST),mendukung analisis data awal yang relevan dengan kebutuhan bisnis
TIK.DSC0501,ILMUWAN DATA MUDA (ASSOCIATE DATA SCIENTIST),beretika
TIK.DSC0501,ILMUWAN DATA MUDA (ASSOCIATE DATA SCIENTIST),komunikatif
TIK.DSC0501,ILMUWAN DATA MUDA (ASSOCIATE DATA SCIENTIST),bekerja dalam tim
TIK.DSC0501,ILMUWAN DATA MUDA (ASSOCIATE DATA SCIENTIST),teliti
TIK.DSC0501,ILMUWAN DATA MUDA (ASSOCIATE DATA SCIENTIST),berpikir kritis
TIK.DSC0501,ILMUWAN DATA MUDA (ASSOCIATE DATA SCIENTIST),selalu belajar hal baru
TIK.DSC0501,ILMUWAN DATA MUDA (ASSOCIATE DATA SCIENTIST),mendukung pengembangan dan penerapan model pembelajaran mesin sederhana di bawah supervisi
TIK.DSC0501,ILMUWAN DATA MUDA (ASSOCIATE DATA SCIENTIST),"membersihkan, memproses, dan mengolah data untuk analisis"
TIK.DSC0501,ILMUWAN DATA MUDA (ASSOCIATE DATA SCIENTIST),membuat visualisasi sederhana untuk menyampaikan wawasan dari data
TIK.DSC0501,ILMUWAN DATA MUDA (ASSOCIATE DATA SCIENTIST),membantu tim dalam menyusun laporan berbasis data
TIK.DSC0501,ILMUWAN DATA MUDA (ASSOCIATE DATA SCIENTIST),mengidentifikasi pola dasar atau tren dalam data yang relevan dengan kebutuhan bisnis
TIK.DSC0501,ILMUWAN DATA MUDA (ASSOCIATE DATA SCIENTIST),mengakses data yang relevan untuk analisis dan pengembangan model dasar
TIK.DSC0501,ILMUWAN DATA MUDA (ASSOCIATE DATA SCIENTIST),menyediakan wawasan awal atau dasar untuk mendukung pengambilan keputusan
TIK.DSC0501,ILMUWAN DATA MUDA (ASSOCIATE DATA SCIENTIST),mengusulkan perbaikan sederhana pada proses analisis data berdasarkan hasil yang ditemukan
TIK.DSC0501,ILMUWAN DATA MUDA (ASSOCIATE DATA SCIENTIST),memiliki pemahaman statistik deskriptif;
TIK.DSC0501,ILMUWAN DATA MUDA (ASSOCIATE DATA SCIENTIST),memiliki pemahaman manajemen data.
TIK.DSC0501,ILMUWAN DATA MUDA (ASSOCIATE DATA SCIENTIST),mengumpulkan data
TIK.DSC0501,ILMUWAN DATA MUDA (ASSOCIATE DATA SCIENTIST),menelaah data
TIK.DSC0501,ILMUWAN DATA MUDA (ASSOCIATE DATA SCIENTIST),membersihkan data
TIK.DSC0501,ILMUWAN DATA MUDA (ASSOCIATE DATA SCIENTIST),menentukan label data
TIK.DSC0502,ANALIS DATA MUDA (ASSOCIATE DATA ANALYST),"associate data analyst adalah posisi pemula dalam analisis data yang bertugas mendukung pengumpulan, pengolahan, dan validasi data dari survei dan eksperimen. peran ini berfokus pada tugas teknis sederhana, seperti pemrosesan data dasar dan penerapan pemodelan statistik dasar di bawah supervisi."
TIK.DSC0502,ANALIS DATA MUDA (ASSOCIATE DATA ANALYST),pengumpulan data dari berbagai sumber seperti survei dan eksperimen
TIK.DSC0502,ANALIS DATA MUDA (ASSOCIATE DATA ANALYST),menelaah data untuk memastikan akurasi dan integritasnya
TIK.DSC0502,ANALIS DATA MUDA (ASSOCIATE DATA ANALYST),pemrosesan data dasar untuk analisis lebih lanjut
TIK.DSC0502,ANALIS DATA MUDA (ASSOCIATE DATA ANALYST),melakukan visualisasi data untuk analisis lebih lanjut
TIK.DSC0502,ANALIS DATA MUDA (ASSOCIATE DATA ANALYST),beretika
TIK.DSC0502,ANALIS DATA MUDA (ASSOCIATE DATA ANALYST),komunikatif
TIK.DSC0502,ANALIS DATA MUDA (ASSOCIATE DATA ANALYST),bekerja dalam tim
TIK.DSC0502,ANALIS DATA MUDA (ASSOCIATE DATA ANALYST),teliti
TIK.DSC0502,ANALIS DATA MUDA (ASSOCIATE DATA ANALYST),berpikir kritis
TIK.DSC0502,ANALIS DATA MUDA (ASSOCIATE DATA ANALYST),selalu belajar hal baru
TIK.DSC0502,ANALIS DATA MUDA (ASSOCIATE DATA ANALYST),"mengumpulkan data dari survei, eksperimen, atau sumber lain sesuai kebutuhan proyek"
TIK.DSC0502,ANALIS DATA MUDA (ASSOCIATE DATA ANALYST),menelaah data untuk memastikan kualitas dan keakuratan
TIK.DSC0502,ANALIS DATA MUDA (ASSOCIATE DATA ANALYST),melakukan pembersihan (cleaning) dan pemrosesan data awal
TIK.DSC0502,ANALIS DATA MUDA (ASSOCIATE DATA ANALYST),mendukung pembuatan laporan atau visualisasi data sederhana
TIK.DSC0502,ANALIS DATA MUDA (ASSOCIATE DATA ANALYST),mengakses data yang relevan untuk pengumpulan dan analisis awal
TIK.DSC0502,ANALIS DATA MUDA (ASSOCIATE DATA ANALYST),memberikan rekomendasi data yang telah divalidasi kepada tim
TIK.DSC0502,ANALIS DATA MUDA (ASSOCIATE DATA ANALYST),mendukung validasi metode pemrosesan data yang diterapkan
TIK.DSC0502,ANALIS DATA MUDA (ASSOCIATE DATA ANALYST),memiliki pemahaman statistik deskriptif;
TIK.DSC0502,ANALIS DATA MUDA (ASSOCIATE DATA ANALYST),memiliki pemahaman manajemen data.
TIK.DSC0502,ANALIS DATA MUDA (ASSOCIATE DATA ANALYST),mengumpulkan data
TIK.DSC0502,ANALIS DATA MUDA (ASSOCIATE DATA ANALYST),menelaah data
TIK.DSC0502,ANALIS DATA MUDA (ASSOCIATE DATA ANALYST),menentukan objek data
TIK.DSC0502,ANALIS DATA MUDA (ASSOCIATE DATA ANALYST),membersihkan data
TIK.DSC0502,ANALIS DATA MUDA (ASSOCIATE DATA ANALYST),menggunakan sql
TIK.DSC0502,ANALIS DATA MUDA (ASSOCIATE DATA ANALYST),menggunakan data
TIK.DSC0503,INSINYUR DATA MUDA (ASSOCIATE DATA ENGINEER),"associate data engineer adalah posisi entry-level dalam bidang rekayasa data yang bertugas mendukung pengelolaan proses pengambilan data (data ingestion), pengelolaan pipeline data dasar, dan menjaga integritas data. peran ini berfokus pada tugas teknis sederhana untuk memastikan data tersedia, terstruktur, dan siap digunakan oleh tim terkait."
TIK.DSC0503,INSINYUR DATA MUDA (ASSOCIATE DATA ENGINEER),pemahaman dasar tentang pipeline data dan arsitektur data
TIK.DSC0503,INSINYUR DATA MUDA (ASSOCIATE DATA ENGINEER),penulisan skrip sederhana untuk pengambilan dan pemrosesan data awal
TIK.DSC0503,INSINYUR DATA MUDA (ASSOCIATE DATA ENGINEER),"dukungan dalam proses etl (extract, transform, load)"
TIK.DSC0503,INSINYUR DATA MUDA (ASSOCIATE DATA ENGINEER),memastikan integritas data melalui pemeriksaan kualitas data sederhana
TIK.DSC0503,INSINYUR DATA MUDA (ASSOCIATE DATA ENGINEER),beretika
TIK.DSC0503,INSINYUR DATA MUDA (ASSOCIATE DATA ENGINEER),komunikatif
TIK.DSC0503,INSINYUR DATA MUDA (ASSOCIATE DATA ENGINEER),bekerja dalam tim
TIK.DSC0503,INSINYUR DATA MUDA (ASSOCIATE DATA ENGINEER),teliti
TIK.DSC0503,INSINYUR DATA MUDA (ASSOCIATE DATA ENGINEER),berpikir kritis
TIK.DSC0503,INSINYUR DATA MUDA (ASSOCIATE DATA ENGINEER),selalu belajar hal baru
TIK.DSC0503,INSINYUR DATA MUDA (ASSOCIATE DATA ENGINEER),"membantu pengelolaan proses etl (extract, transform, load) di bawah supervisi"
TIK.DSC0503,INSINYUR DATA MUDA (ASSOCIATE DATA ENGINEER),menulis skrip sederhana untuk proses pengambilan (ingestion) data dari berbagai sumber
TIK.DSC0503,INSINYUR DATA MUDA (ASSOCIATE DATA ENGINEER),memastikan integritas dan kualitas data melalui pemeriksaan data awal
TIK.DSC0503,INSINYUR DATA MUDA (ASSOCIATE DATA ENGINEER),mendukung pengelolaan pipeline data sederhana untuk memastikan data tersedia tepat waktu
TIK.DSC0503,INSINYUR DATA MUDA (ASSOCIATE DATA ENGINEER),memahami konsep arsitektur data dasar untuk mendukung pengembangan pipeline data
TIK.DSC0503,INSINYUR DATA MUDA (ASSOCIATE DATA ENGINEER),mengakses data yang diperlukan untuk proses ingestion dan pipeline
TIK.DSC0503,INSINYUR DATA MUDA (ASSOCIATE DATA ENGINEER),memberikan masukan terkait kualitas data berdasarkan hasil pemeriksaan awal
TIK.DSC0503,INSINYUR DATA MUDA (ASSOCIATE DATA ENGINEER),mendukung proses perancangan pipeline data sederhana di bawah supervisi tim senior
TIK.DSC0503,INSINYUR DATA MUDA (ASSOCIATE DATA ENGINEER),memiliki pemahaman statistik deskriptif;
TIK.DSC0503,INSINYUR DATA MUDA (ASSOCIATE DATA ENGINEER),memiliki pemahaman manajemen data.
TIK.DSC0503,INSINYUR DATA MUDA (ASSOCIATE DATA ENGINEER),menggunakan sql
TIK.DSC0503,INSINYUR DATA MUDA (ASSOCIATE DATA ENGINEER),membuat basis data
TIK.DSC0503,INSINYUR DATA MUDA (ASSOCIATE DATA ENGINEER),membuat integrasi data
TIK.DSC0503,INSINYUR DATA MUDA (ASSOCIATE DATA ENGINEER),menggunakan data
TIK.DSC0301,TEKNISI MANAJEMEN DATA (DATA MANAGEMENT TECHNICIAN),"orang yang bertanggung jawab untuk memasukkan data ke dalam sistem penyimpanan data di suatu organisasi dengan menggunakan keterampilan teknis dan non-teknis untuk memastikan bahwa data organisasi dikelola dengan aman, akurat, dan efisien."
TIK.DSC0301,TEKNISI MANAJEMEN DATA (DATA MANAGEMENT TECHNICIAN),mengelola data
TIK.DSC0301,TEKNISI MANAJEMEN DATA (DATA MANAGEMENT TECHNICIAN),mendukung proses bisnis
TIK.DSC0301,TEKNISI MANAJEMEN DATA (DATA MANAGEMENT TECHNICIAN),beretika
TIK.DSC0301,TEKNISI MANAJEMEN DATA (DATA MANAGEMENT TECHNICIAN),komunikatif
TIK.DSC0301,TEKNISI MANAJEMEN DATA (DATA MANAGEMENT TECHNICIAN),bekerja dalam tim
TIK.DSC0301,TEKNISI MANAJEMEN DATA (DATA MANAGEMENT TECHNICIAN),teliti
TIK.DSC0301,TEKNISI MANAJEMEN DATA (DATA MANAGEMENT TECHNICIAN),berpikir kritis
TIK.DSC0301,TEKNISI MANAJEMEN DATA (DATA MANAGEMENT TECHNICIAN),selalu belajar hal baru
TIK.DSC0301,TEKNISI MANAJEMEN DATA (DATA MANAGEMENT TECHNICIAN),menerapkan kebijakan dan prosedur manajemen data
TIK.DSC0301,TEKNISI MANAJEMEN DATA (DATA MANAGEMENT TECHNICIAN),"mengelola data organisasi, termasuk data operasional, data analitik, dan data historis"
TIK.DSC0301,TEKNISI MANAJEMEN DATA (DATA MANAGEMENT TECHNICIAN),menjaga keamanan dan integritas data organisasi
TIK.DSC0301,TEKNISI MANAJEMEN DATA (DATA MANAGEMENT TECHNICIAN),meningkatkan efisiensi dan efektivitas manajemen data organisasi
TIK.DSC0301,TEKNISI MANAJEMEN DATA (DATA MANAGEMENT TECHNICIAN),meminta data dari pengguna
TIK.DSC0301,TEKNISI MANAJEMEN DATA (DATA MANAGEMENT TECHNICIAN),memasukkan data ke sistem penyimpanan sesuai dengan wewenangnya
TIK.DSC0301,TEKNISI MANAJEMEN DATA (DATA MANAGEMENT TECHNICIAN),mengambil tindakan untuk memperbaiki masalah manajemen data
TIK.DSC0301,TEKNISI MANAJEMEN DATA (DATA MANAGEMENT TECHNICIAN),memiliki pemahaman mendalam mengenai pengelolaan data.
TIK.DSC0301,TEKNISI MANAJEMEN DATA (DATA MANAGEMENT TECHNICIAN),menggunakan perangkat komputer
TIK.DSC0301,TEKNISI MANAJEMEN DATA (DATA MANAGEMENT TECHNICIAN),menggunakan sistem operasi
TIK.DSC0301,TEKNISI MANAJEMEN DATA (DATA MANAGEMENT TECHNICIAN),menggunakan peralatan peripheral
TIK.DSC0301,TEKNISI MANAJEMEN DATA (DATA MANAGEMENT TECHNICIAN),menggunakan perangkat lunak presentasi - tingkat dasar
TIK.DSC0301,TEKNISI MANAJEMEN DATA (DATA MANAGEMENT TECHNICIAN),menggunakan penelusur situs web (web browser)
TIK.DSC0301,TEKNISI MANAJEMEN DATA (DATA MANAGEMENT TECHNICIAN),menggunakan perangkat lunak pengakses surat elektronik (e-mail client)
TIK.DSC0301,TEKNISI MANAJEMEN DATA (DATA MANAGEMENT TECHNICIAN),menggunakan aplikasi media sosial
TIK.DSC0301,TEKNISI MANAJEMEN DATA (DATA MANAGEMENT TECHNICIAN),menggunakan perangkat lunak pengolah kata - tingkat lanjut
TIK.DSC0301,TEKNISI MANAJEMEN DATA (DATA MANAGEMENT TECHNICIAN),menggunakan perangkat lunak lembar kerja - tingkat lanjut
TIK.DSC0301,TEKNISI MANAJEMEN DATA (DATA MANAGEMENT TECHNICIAN),melakukan pemasukan data
TIK.DSC0301,TEKNISI MANAJEMEN DATA (DATA MANAGEMENT TECHNICIAN),mengidentifikasi aspek keamanan informasi pengguna
TIK.DSC0201,OPERATOR ENTRI DATA (DATA ENTRY OPERATOR),orang yang bertanggung jawab untuk memasukkan data ke dalam sistem komputer dengan menggunakan keterampilan teknis untuk memastikan bahwa data yang dimasukkan ke dalam sistem komputer akurat dan lengkap.
TIK.DSC0201,OPERATOR ENTRI DATA (DATA ENTRY OPERATOR),melakukan entry data
TIK.DSC0201,OPERATOR ENTRI DATA (DATA ENTRY OPERATOR),melakukan validasi data
TIK.DSC0201,OPERATOR ENTRI DATA (DATA ENTRY OPERATOR),beretika
TIK.DSC0201,OPERATOR ENTRI DATA (DATA ENTRY OPERATOR),komunikatif
TIK.DSC0201,OPERATOR ENTRI DATA (DATA ENTRY OPERATOR),bekerja dalam tim
TIK.DSC0201,OPERATOR ENTRI DATA (DATA ENTRY OPERATOR),teliti
TIK.DSC0201,OPERATOR ENTRI DATA (DATA ENTRY OPERATOR),berpikir kritis
TIK.DSC0201,OPERATOR ENTRI DATA (DATA ENTRY OPERATOR),selalu belajar hal baru
TIK.DSC0201,OPERATOR ENTRI DATA (DATA ENTRY OPERATOR),membaca dan memahami data yang akan dimasukkan
TIK.DSC0201,OPERATOR ENTRI DATA (DATA ENTRY OPERATOR),memasukkan data ke dalam sistem komputer
TIK.DSC0201,OPERATOR ENTRI DATA (DATA ENTRY OPERATOR),melakukan validasi data
TIK.DSC0201,OPERATOR ENTRI DATA (DATA ENTRY OPERATOR),melakukan koreksi data yang salah
TIK.DSC0201,OPERATOR ENTRI DATA (DATA ENTRY OPERATOR),menjaga kerahasiaan data
TIK.DSC0201,OPERATOR ENTRI DATA (DATA ENTRY OPERATOR),meminta data dari pengguna
TIK.DSC0201,OPERATOR ENTRI DATA (DATA ENTRY OPERATOR),melakukan koreksi data yang salah
TIK.DSC0201,OPERATOR ENTRI DATA (DATA ENTRY OPERATOR),memiliki pemahaman dasar mengenai pengelolaan data.
TIK.DSC0201,OPERATOR ENTRI DATA (DATA ENTRY OPERATOR),menggunakan perangkat lunak presentasi - tingkat dasar
TIK.DSC0201,OPERATOR ENTRI DATA (DATA ENTRY OPERATOR),menggunakan penelusur situs web (web browser)
TIK.DSC0201,OPERATOR ENTRI DATA (DATA ENTRY OPERATOR),melakukan pemasukan data
TIK.DSC0201,OPERATOR ENTRI DATA (DATA ENTRY OPERATOR),menggunakan perangkat lunak pengolah kata tingkat dasar
TIK.DSC0201,OPERATOR ENTRI DATA (DATA ENTRY OPERATOR),menggunakan aplikasi berbasis internet (internet based applications literacy)
TIK.DSC0202,STAF ANOTATOR (ANNOTATOR STAFF),orang yang bertanggung jawab untuk memberikan label atau deskripsi pada data sederhana dengan menggunakan keterampilan teknis dan non-teknis untuk memastikan bahwa data yang dilabeli akurat dan sesuai dengan tujuan penggunaannya.
TIK.DSC0202,STAF ANOTATOR (ANNOTATOR STAFF),melakukan annotating/labeling data
TIK.DSC0202,STAF ANOTATOR (ANNOTATOR STAFF),mengembangkan metodologi annotating/labeling
TIK.DSC0202,STAF ANOTATOR (ANNOTATOR STAFF),beretika
TIK.DSC0202,STAF ANOTATOR (ANNOTATOR STAFF),komunikatif
TIK.DSC0202,STAF ANOTATOR (ANNOTATOR STAFF),bekerja dalam tim
TIK.DSC0202,STAF ANOTATOR (ANNOTATOR STAFF),teliti
TIK.DSC0202,STAF ANOTATOR (ANNOTATOR STAFF),berpikir kritis
TIK.DSC0202,STAF ANOTATOR (ANNOTATOR STAFF),selalu belajar hal baru
TIK.DSC0202,STAF ANOTATOR (ANNOTATOR STAFF),membaca dan memahami data yang akan dilabeli
TIK.DSC0202,STAF ANOTATOR (ANNOTATOR STAFF),memberikan label atau deskripsi yang akurat dan sesuai dengan tujuan penggunaannya
TIK.DSC0202,STAF ANOTATOR (ANNOTATOR STAFF),melakukan validasi label atau deskripsi yang diberikan
TIK.DSC0202,STAF ANOTATOR (ANNOTATOR STAFF),menjaga kerahasiaan data
TIK.DSC0202,STAF ANOTATOR (ANNOTATOR STAFF),meminta data dari pengguna
TIK.DSC0202,STAF ANOTATOR (ANNOTATOR STAFF),melakukan koreksi label atau deskripsi yang salah
TIK.DSC0202,STAF ANOTATOR (ANNOTATOR STAFF),memiliki pemahaman dasar mengenai pelabelan data.
TIK.DSC0202,STAF ANOTATOR (ANNOTATOR STAFF),menentukan label data
TIK.DSC0202,STAF ANOTATOR (ANNOTATOR STAFF),menggunakan perangkat komputer
TIK.DSC0202,STAF ANOTATOR (ANNOTATOR STAFF),menggunakan aplikasi berbasis internet (internet based applications literacy)
TIK.DSC0202,STAF ANOTATOR (ANNOTATOR STAFF),menggunakan perangkat lunak pengolah kata tingkat dasar
TIK.DSC0202,STAF ANOTATOR (ANNOTATOR STAFF),menggunakan perangkat lunak lembar sebar (spreadsheet) tingkat dasar
TIK.SEC0901,PIMPINAN KEAMANAN INFORMASI (CHIEF INFORMATION SECURITY OFFICER),"orang yang memiliki kompetensi dan keahlian manajemen dan teknis yang berwenang dan bertanggung jawab pada keamanan informasi organisasi dan operasional seluruh sistem elektronik dengan mempertimbangkan risiko operasional (termasuk misi, fungsi, citra atau reputasi), aset organisasi, individu, dan bagian organisasi lainnya."
TIK.SEC0901,PIMPINAN KEAMANAN INFORMASI (CHIEF INFORMATION SECURITY OFFICER),"memimpin dan bertanggung jawab terhadap keamanan informasi organisasi termasuk di dalamnya manajemen risiko, arsitektur enterprise, manajemen aset, manajemen perubahan, manajemen keberlangsungan bisnis, soc, kepatuhan akan tata kelola keamanan informasi dan perlindungan data pribadi"
TIK.SEC0901,PIMPINAN KEAMANAN INFORMASI (CHIEF INFORMATION SECURITY OFFICER),pembentukan dan pelaksanaan tata kelola keamanan informasi organisasi
TIK.SEC0901,PIMPINAN KEAMANAN INFORMASI (CHIEF INFORMATION SECURITY OFFICER),"mengelola tim, menunjuk personil yang bertanggung jawab"
TIK.SEC0901,PIMPINAN KEAMANAN INFORMASI (CHIEF INFORMATION SECURITY OFFICER),evaluasi strategi dan tata kelola keamanan informasi organisasi
TIK.SEC0901,PIMPINAN KEAMANAN INFORMASI (CHIEF INFORMATION SECURITY OFFICER),"memimpin dan mengarahkan di bidang portofolio, program, dan proyek keamanan informasi"
TIK.SEC0901,PIMPINAN KEAMANAN INFORMASI (CHIEF INFORMATION SECURITY OFFICER),memimpin dan mengarahkan di bidang peningkatan kompetensi dan peningkatan kesadaran keamanan informasi
TIK.SEC0901,PIMPINAN KEAMANAN INFORMASI (CHIEF INFORMATION SECURITY OFFICER),melakukan perencanaan strategis organisasi
TIK.SEC0901,PIMPINAN KEAMANAN INFORMASI (CHIEF INFORMATION SECURITY OFFICER),melakukan perencanaan dan aktivitas keuangan termasuk penganggaran dan investasi yang berhubungan dengan keamanan informasi
TIK.SEC0901,PIMPINAN KEAMANAN INFORMASI (CHIEF INFORMATION SECURITY OFFICER),melakukan manajemen vendor dan rantai pasok terkait dengan strategi keamanan informasi
TIK.SEC0901,PIMPINAN KEAMANAN INFORMASI (CHIEF INFORMATION SECURITY OFFICER),berintegritas
TIK.SEC0901,PIMPINAN KEAMANAN INFORMASI (CHIEF INFORMATION SECURITY OFFICER),analitis
TIK.SEC0901,PIMPINAN KEAMANAN INFORMASI (CHIEF INFORMATION SECURITY OFFICER),mengatasi masalah (problem-solving)
TIK.SEC0901,PIMPINAN KEAMANAN INFORMASI (CHIEF INFORMATION SECURITY OFFICER),merencanakan dan mengorganisasi pekerjaan
TIK.SEC0901,PIMPINAN KEAMANAN INFORMASI (CHIEF INFORMATION SECURITY OFFICER),memimpin tim
TIK.SEC0901,PIMPINAN KEAMANAN INFORMASI (CHIEF INFORMATION SECURITY OFFICER),bertanggung jawab
TIK.SEC0901,PIMPINAN KEAMANAN INFORMASI (CHIEF INFORMATION SECURITY OFFICER),mampu mengarahkan dan mempunyai visi
TIK.SEC0901,PIMPINAN KEAMANAN INFORMASI (CHIEF INFORMATION SECURITY OFFICER),memberi motivasi
TIK.SEC0901,PIMPINAN KEAMANAN INFORMASI (CHIEF INFORMATION SECURITY OFFICER),memimpin perubahan
TIK.SEC0901,PIMPINAN KEAMANAN INFORMASI (CHIEF INFORMATION SECURITY OFFICER),"mengelola sumber daya yang diperlukan termasuk dukungan kepemimpinan, sumber daya keuangan dan personel keamanan utama untuk mendukung tujuan dan sasaran keamanan teknologi informasi dan mengurangi risiko organisasi secara keseluruhan"
TIK.SEC0901,PIMPINAN KEAMANAN INFORMASI (CHIEF INFORMATION SECURITY OFFICER),mengelola kebutuhan kebijakan dan berkolaborasi dengan pemangku kepentingan untuk mengembangkan kebijakan untuk mengatur kegiatan siber
TIK.SEC0901,PIMPINAN KEAMANAN INFORMASI (CHIEF INFORMATION SECURITY OFFICER),menetapkan dan/atau menerapkan kebijakan dan prosedur untuk memastikan perlindungan infrastruktur penting yang sesuai
TIK.SEC0901,PIMPINAN KEAMANAN INFORMASI (CHIEF INFORMATION SECURITY OFFICER),"merancang/mengintegrasikan strategi siber yang menguraikan visi, misi, dan tujuan yang selaras dengan rencana strategis organisasi"
TIK.SEC0901,PIMPINAN KEAMANAN INFORMASI (CHIEF INFORMATION SECURITY OFFICER),mengembangkan dan memelihara rencana strategis
TIK.SEC0901,PIMPINAN KEAMANAN INFORMASI (CHIEF INFORMATION SECURITY OFFICER),"memastikan ada rencana aksi dan tonggak atau rencana remediasi untuk kerentanan yang diidentifikasi selama penilaian risiko, audit, inspeksi, dll"
TIK.SEC0901,PIMPINAN KEAMANAN INFORMASI (CHIEF INFORMATION SECURITY OFFICER),melakukan upaya perencanaan strategis jangka panjang dengan mitra internal dan eksternal dalam kegiatan siber
TIK.SEC0901,PIMPINAN KEAMANAN INFORMASI (CHIEF INFORMATION SECURITY OFFICER),menunjuk dan memandu tim pakar keamanan ti
TIK.SEC0901,PIMPINAN KEAMANAN INFORMASI (CHIEF INFORMATION SECURITY OFFICER),mengelola penilaian risiko keamanan informasi
TIK.SEC0901,PIMPINAN KEAMANAN INFORMASI (CHIEF INFORMATION SECURITY OFFICER),berkoordinasi dengan pemangku kepentingan sumber daya organisasi untuk memastikan alokasi dan distribusi aset modal manusia yang tepat
TIK.SEC0901,PIMPINAN KEAMANAN INFORMASI (CHIEF INFORMATION SECURITY OFFICER),berkolaborasi dengan semua unsur organisasi yang terkait dalam pembuatan kebijakan dan prosedur privasi dan keamanan informasi
TIK.SEC0901,PIMPINAN KEAMANAN INFORMASI (CHIEF INFORMATION SECURITY OFFICER),berkolaborasi dengan personel keamanan siber dalam proses penilaian risiko keamanan untuk menangani kepatuhan privasi dan mitigasi risiko
TIK.SEC0901,PIMPINAN KEAMANAN INFORMASI (CHIEF INFORMATION SECURITY OFFICER),berkolaborasi dengan pemangku kepentingan utama untuk membangun program manajemen risiko keamanan siber
TIK.SEC0901,PIMPINAN KEAMANAN INFORMASI (CHIEF INFORMATION SECURITY OFFICER),mengawasi pelatihan dan program peningkatan kesadaran keamanan informasi
TIK.SEC0901,PIMPINAN KEAMANAN INFORMASI (CHIEF INFORMATION SECURITY OFFICER),mengawasi atau mengelola tindakan protektif atau korektif ketika insiden atau kerentanan keamanan informasi ditemukan 176
TIK.SEC0901,PIMPINAN KEAMANAN INFORMASI (CHIEF INFORMATION SECURITY OFFICER),advokasi posisi resmi organisasi dalam proses hukum dan legislatif
TIK.SEC0901,PIMPINAN KEAMANAN INFORMASI (CHIEF INFORMATION SECURITY OFFICER),menyelaraskan penerapan prinsip perlindungan informasi dengan misi dan tujuan organisasi
TIK.SEC0901,PIMPINAN KEAMANAN INFORMASI (CHIEF INFORMATION SECURITY OFFICER),menyusun rencana penerapan kebijakan keamanan informasi
TIK.SEC0901,PIMPINAN KEAMANAN INFORMASI (CHIEF INFORMATION SECURITY OFFICER),melaksanakan pemantauan penerapan kebijakan keamanan informasi
TIK.SEC0901,PIMPINAN KEAMANAN INFORMASI (CHIEF INFORMATION SECURITY OFFICER),mengklasifikasikan informasi yang bersifat rahasia
TIK.SEC0901,PIMPINAN KEAMANAN INFORMASI (CHIEF INFORMATION SECURITY OFFICER),melaksanakan ketentuan hukum yang berlaku tentang keamanan informasi
TIK.SEC0901,PIMPINAN KEAMANAN INFORMASI (CHIEF INFORMATION SECURITY OFFICER),mengimplementasikan prosedur keamanan informasi dalam kegiatan pengadaan
TIK.SEC0901,PIMPINAN KEAMANAN INFORMASI (CHIEF INFORMATION SECURITY OFFICER),mengelola sdm yang terkait dengan tugas-tugas keamanan informasi
TIK.SEC0901,PIMPINAN KEAMANAN INFORMASI (CHIEF INFORMATION SECURITY OFFICER),mengelola program peningkatan kepedulian dan pelatihan terkait dengan keamanan informasi
TIK.SEC0901,PIMPINAN KEAMANAN INFORMASI (CHIEF INFORMATION SECURITY OFFICER),melakukan evaluasi kinerja keamanan informasi
TIK.SEC0901,PIMPINAN KEAMANAN INFORMASI (CHIEF INFORMATION SECURITY OFFICER),menentukan metode perlindungan fisik keamanan informasi
TIK.SEC0901,PIMPINAN KEAMANAN INFORMASI (CHIEF INFORMATION SECURITY OFFICER),mengelola sistem pertahanan dan perlindungan keamanan informasi
TIK.SEC0901,PIMPINAN KEAMANAN INFORMASI (CHIEF INFORMATION SECURITY OFFICER),menyediakan dukungan keamanan bagi pengguna
TIK.SEC0901,PIMPINAN KEAMANAN INFORMASI (CHIEF INFORMATION SECURITY OFFICER),mengelola perimeter keamanan
TIK.SEC0901,PIMPINAN KEAMANAN INFORMASI (CHIEF INFORMATION SECURITY OFFICER),mengelola aspek keamanan sistem informasi pada setiap kegiatan upgrade/peremajaan sistem informasi
TIK.SEC0901,PIMPINAN KEAMANAN INFORMASI (CHIEF INFORMATION SECURITY OFFICER),mengelola siklus pemberian akses
TIK.SEC0901,PIMPINAN KEAMANAN INFORMASI (CHIEF INFORMATION SECURITY OFFICER),melaksanakan evaluasi kelemahan (vulnerability) keamanan
TIK.SEC0901,PIMPINAN KEAMANAN INFORMASI (CHIEF INFORMATION SECURITY OFFICER),mengimplementasikan koreksi atas kerentanan keamanan informasi
TIK.SEC0901,PIMPINAN KEAMANAN INFORMASI (CHIEF INFORMATION SECURITY OFFICER),mengelola insiden keamanan informasi
TIK.SEC0901,PIMPINAN KEAMANAN INFORMASI (CHIEF INFORMATION SECURITY OFFICER),menyediakan dukungan keamanan untuk permasalahan perangkat keras dan piranti lunak
TIK.SEC0901,PIMPINAN KEAMANAN INFORMASI (CHIEF INFORMATION SECURITY OFFICER),melaksanakan pengamanan integritas informasi
TIK.SEC0901,PIMPINAN KEAMANAN INFORMASI (CHIEF INFORMATION SECURITY OFFICER),melaksanakan validasi integritas informasi
TIK.SEC0901,PIMPINAN KEAMANAN INFORMASI (CHIEF INFORMATION SECURITY OFFICER),mengimplementasikan penyediaan fasilitas pemrosesan informasi dengan redudansi yang sesuai dengan ketentuan yang berlaku
TIK.SEC0801,SPESIALIS RISIKO SIBER (CYBER RISK SPECIALIST),"orang yang memiliki kompetensi dan keahlian untuk melakukan serangkaian proses manajemen risiko untuk mengidentifikasi, menganalisis dan mengevaluasi berbagai penerapan kendali keamanan siber terhadap ancaman yang teridentifikasi dan tidak teridentifikasi serta mengevaluasi penanganan risiko yang efektif sebagai bentuk mitigasi, mencakup kecukupan strategi keamanan informasi organisasi, penerapan manajemen pengamanan informasi, manajemen keberlangsungan bisnis dan pemulihan bencana, serta pencapaian organisasi atas pemanfaatan teknologi informasi."
TIK.SEC0801,SPESIALIS RISIKO SIBER (CYBER RISK SPECIALIST),"mengelola audit keamanan eksternal dan internal, program penilaian kepatuhan"
TIK.SEC0801,SPESIALIS RISIKO SIBER (CYBER RISK SPECIALIST),melakukan kontrol keamanan secara teratur
TIK.SEC0801,SPESIALIS RISIKO SIBER (CYBER RISK SPECIALIST),menindaklanjuti laporan kerentanan dan mitigasi risiko
TIK.SEC0801,SPESIALIS RISIKO SIBER (CYBER RISK SPECIALIST),menyusun strategi mitigasi risiko
TIK.SEC0801,SPESIALIS RISIKO SIBER (CYBER RISK SPECIALIST),berintegritas
TIK.SEC0801,SPESIALIS RISIKO SIBER (CYBER RISK SPECIALIST),analitis
TIK.SEC0801,SPESIALIS RISIKO SIBER (CYBER RISK SPECIALIST),mengatasi masalah (problem-solving)
TIK.SEC0801,SPESIALIS RISIKO SIBER (CYBER RISK SPECIALIST),merencanakan dan mengorganisasi pekerjaan
TIK.SEC0801,SPESIALIS RISIKO SIBER (CYBER RISK SPECIALIST),memimpin tim
TIK.SEC0801,SPESIALIS RISIKO SIBER (CYBER RISK SPECIALIST),bertanggung jawab
TIK.SEC0801,SPESIALIS RISIKO SIBER (CYBER RISK SPECIALIST),mampu mengarahkan dan mempunyai visi
TIK.SEC0801,SPESIALIS RISIKO SIBER (CYBER RISK SPECIALIST),memberi motivasi
TIK.SEC0801,SPESIALIS RISIKO SIBER (CYBER RISK SPECIALIST),memimpin perubahan
TIK.SEC0801,SPESIALIS RISIKO SIBER (CYBER RISK SPECIALIST),memastikan pengelolaan risiko keamanan siber selaras dengan proses perencanaan organisasi dan menjadi bagian pelaksanaan proses bisnis di berbagai tahap dan tingkat
TIK.SEC0801,SPESIALIS RISIKO SIBER (CYBER RISK SPECIALIST),"melakukan identifikasi, analisa dan evaluasi secara mendalam terhadap risiko keamanan siber yang mungkin dapat mempengaruhi tercapainya tujuan proses bisnis organisasi"
TIK.SEC0801,SPESIALIS RISIKO SIBER (CYBER RISK SPECIALIST),mendefinisikan dan mendokumentasikan risiko keamanan siber dan dampak potensial berikut probabilitas statistiknya serta mengidentifikasi sistem yang terdampak dari risiko tersebut
TIK.SEC0801,SPESIALIS RISIKO SIBER (CYBER RISK SPECIALIST),menyusun rencana mitigasi risiko keamanan siber berdasarkan risk appetite manajemen
TIK.SEC0801,SPESIALIS RISIKO SIBER (CYBER RISK SPECIALIST),mengkomunikasikan rekomendasi perbaikan terhadap pengelolaan risiko keamanan siber kepada manajemen dan unit bisnis terkait
TIK.SEC0801,SPESIALIS RISIKO SIBER (CYBER RISK SPECIALIST),"mengevaluasi secara kontinu pengelolaan risiko atas keamanan siber dalam berkomunikasi, kerentanan data, keberlangsungan bisnis dan kepatuhan"
TIK.SEC0801,SPESIALIS RISIKO SIBER (CYBER RISK SPECIALIST),mengelola knowledge base berbasis risiko siber
TIK.SEC0801,SPESIALIS RISIKO SIBER (CYBER RISK SPECIALIST),melakukan pembaruan terhadap risk register berdasarkan risk appetite
TIK.SEC0801,SPESIALIS RISIKO SIBER (CYBER RISK SPECIALIST),menyusun business impact analysis berdasarkan risk register/risk assessment yang telah dibuat
TIK.SEC0801,SPESIALIS RISIKO SIBER (CYBER RISK SPECIALIST),menyusun business continuity plan (bcp) untuk organisasi sebagai action plan untuk mitigasi risiko
TIK.SEC0801,SPESIALIS RISIKO SIBER (CYBER RISK SPECIALIST),merancang keamanan jaringan
TIK.SEC0801,SPESIALIS RISIKO SIBER (CYBER RISK SPECIALIST),menganalisis skalabilitas perangkat lunak
TIK.SEC0801,SPESIALIS RISIKO SIBER (CYBER RISK SPECIALIST),melakukan pemantauan resource yang digunakan aplikasi
TIK.SEC0801,SPESIALIS RISIKO SIBER (CYBER RISK SPECIALIST),menganalisis proses bisnis yang berjalan
TIK.SEC0801,SPESIALIS RISIKO SIBER (CYBER RISK SPECIALIST),menganalisis alternate flow dari proses bisnis
TIK.SEC0801,SPESIALIS RISIKO SIBER (CYBER RISK SPECIALIST),menerapkan prinsip perlindungan informasi
TIK.SEC0801,SPESIALIS RISIKO SIBER (CYBER RISK SPECIALIST),menyelaraskan penerapan prinsip perlindungan informasi dengan misi dan tujuan organisasi
TIK.SEC0801,SPESIALIS RISIKO SIBER (CYBER RISK SPECIALIST),menerapkan prinsip keamanan informasi untuk penggunaan jaringan internet
TIK.SEC0801,SPESIALIS RISIKO SIBER (CYBER RISK SPECIALIST),menerapkan prinsip keamanan informasi pada transaksi elektronik
TIK.SEC0801,SPESIALIS RISIKO SIBER (CYBER RISK SPECIALIST),mengelola risiko keamanan informasi
TIK.SEC0801,SPESIALIS RISIKO SIBER (CYBER RISK SPECIALIST),melakukan evaluasi kinerja keamanan informasi
TIK.SEC0801,SPESIALIS RISIKO SIBER (CYBER RISK SPECIALIST),mengkaji efektivitas penerapan kontrol akses
TIK.SEC0801,SPESIALIS RISIKO SIBER (CYBER RISK SPECIALIST),merekayasa arsitektur virtualisasi sistem public/private/hybrid/sovereign cloud
TIK.SEC0801,SPESIALIS RISIKO SIBER (CYBER RISK SPECIALIST),melakukan antisipasi gangguan dan ancaman terhadap sistem cloud
TIK.SEC0801,SPESIALIS RISIKO SIBER (CYBER RISK SPECIALIST),menganalisis risiko audit teknologi informasi
TIK.SEC0801,SPESIALIS RISIKO SIBER (CYBER RISK SPECIALIST),mengawasi kelayakan pelaksanaan prosedur audit teknologi informasi
TIK.SEC0801,SPESIALIS RISIKO SIBER (CYBER RISK SPECIALIST),mengawasi kelayakan dokumentasi hasil pelaksanaan prosedur audit teknologi informasi
TIK.SEC0801,SPESIALIS RISIKO SIBER (CYBER RISK SPECIALIST),menyusun rekomendasi audit teknologi informasi
TIK.SEC0801,SPESIALIS RISIKO SIBER (CYBER RISK SPECIALIST),memverifikasi kelayakan tindak lanjut audit teknologi informasi
TIK.SEC0801,SPESIALIS RISIKO SIBER (CYBER RISK SPECIALIST),melaksanakan penulisan bisnis (business writing)
TIK.SEC0801,SPESIALIS RISIKO SIBER (CYBER RISK SPECIALIST),mewujudkan kepuasan pelanggan
TIK.SEC0801,SPESIALIS RISIKO SIBER (CYBER RISK SPECIALIST),menerapkan manajemen risiko k3
TIK.SEC0802,ARSITEK KEAMANAN (SECURITY ARCHITECT),"orang yang memiliki kompetensi dan keahlian untuk memastikan security requirement dari pemangku kepentingan yang diperlukan untuk melindungi misi dan proses bisnis organisasi ditangani secara memadai dalam seluruh aspek dari enterprise architecture. aspek-aspek tersebut meliputi reference model, solution architecture dan sistem yang dihasilkannya."
TIK.SEC0802,ARSITEK KEAMANAN (SECURITY ARCHITECT),menyusun arsitektur keamanan siber berdasarkan visi dan misi organisasi
TIK.SEC0802,ARSITEK KEAMANAN (SECURITY ARCHITECT),"menyusun arsitektur keamanan siber berdasarkan kebijakan keamanan informasi, klasifikasi informasi serta berbagai peraturan dan standar yang sesuai dengan kebutuhan organisasi"
TIK.SEC0802,ARSITEK KEAMANAN (SECURITY ARCHITECT),menyusun arsitektur keamanan siber sesuai kebutuhan fungsional organisasi
TIK.SEC0802,ARSITEK KEAMANAN (SECURITY ARCHITECT),melakukan analisis kesenjangan dan peta jalan implementasi arsitektur keamanan siber
TIK.SEC0802,ARSITEK KEAMANAN (SECURITY ARCHITECT),"memastikan implementasi arsitektur keamanan siber sesuai dengan visi dan misi, kebutuhan fungsional dan kepatuhan pada peraturan dan standar"
TIK.SEC0802,ARSITEK KEAMANAN (SECURITY ARCHITECT),melakukan evaluasi antara arsitektur keamanan siber dengan kebutuhan dan persyaratan organisasi
TIK.SEC0802,ARSITEK KEAMANAN (SECURITY ARCHITECT),berintegritas
TIK.SEC0802,ARSITEK KEAMANAN (SECURITY ARCHITECT),analitis
TIK.SEC0802,ARSITEK KEAMANAN (SECURITY ARCHITECT),sintesis
TIK.SEC0802,ARSITEK KEAMANAN (SECURITY ARCHITECT),memimpin tim
TIK.SEC0802,ARSITEK KEAMANAN (SECURITY ARCHITECT),bertanggung jawab
TIK.SEC0802,ARSITEK KEAMANAN (SECURITY ARCHITECT),merencanakan dan mengorganisasi pekerjaan
TIK.SEC0802,ARSITEK KEAMANAN (SECURITY ARCHITECT),"memahami kebutuhan dan persyaratan keamanan siber sesuai visi, misi dan konteks organisasi"
TIK.SEC0802,ARSITEK KEAMANAN (SECURITY ARCHITECT),"menyusun arsitektur keamanan siber berdasarkan klasifikasi informasi, kebutuhan fungsionalitas bisnis dan kepatuhan pada peraturan dan standar yang berlaku"
TIK.SEC0802,ARSITEK KEAMANAN (SECURITY ARCHITECT),menyusun peta jalan implementasi arsitektur keamanan siber
TIK.SEC0802,ARSITEK KEAMANAN (SECURITY ARCHITECT),memastikan sistem yang dibeli dan/atau dikembangkan sesuai dengan arsitektur keamanan siber
TIK.SEC0802,ARSITEK KEAMANAN (SECURITY ARCHITECT),melakukan evaluasi atas arsitektur keamanan siber
TIK.SEC0802,ARSITEK KEAMANAN (SECURITY ARCHITECT),menentukan persyaratan keamanan siber
TIK.SEC0802,ARSITEK KEAMANAN (SECURITY ARCHITECT),mengevaluasi penerapan persyaratan keamanan siber
TIK.SEC0802,ARSITEK KEAMANAN (SECURITY ARCHITECT),"menetapkan baseline dan target arsitektur bisnis, serta kesenjangan antara baseline dan target arsitektur bisnis"
TIK.SEC0802,ARSITEK KEAMANAN (SECURITY ARCHITECT),menyusun roadmap dan komponen arsitektur data
TIK.SEC0802,ARSITEK KEAMANAN (SECURITY ARCHITECT),menyusun roadmap dan komponen arsitektur teknologi
TIK.SEC0802,ARSITEK KEAMANAN (SECURITY ARCHITECT),menyelaraskan penerapan prinsip perlindungan informasi dengan misi dan tujuan organisasi
TIK.SEC0802,ARSITEK KEAMANAN (SECURITY ARCHITECT),menerapkan prinsip perlindungan informasi
TIK.SEC0802,ARSITEK KEAMANAN (SECURITY ARCHITECT),melakukan evaluasi kinerja keamanan informasi
TIK.SEC0802,ARSITEK KEAMANAN (SECURITY ARCHITECT),mengidentifikasi serangan-serangan terhadap kontrol akses
TIK.SEC0802,ARSITEK KEAMANAN (SECURITY ARCHITECT),mengkaji efektivitas penerapan kontrol akses
TIK.SEC0802,ARSITEK KEAMANAN (SECURITY ARCHITECT),melakukan pengujian keamanan perangkat lunak
TIK.SEC0802,ARSITEK KEAMANAN (SECURITY ARCHITECT),melaksanakan komunikasi efektif
TIK.SEC0802,ARSITEK KEAMANAN (SECURITY ARCHITECT),melaksanakan penulisan bisnis (business writing)
TIK.SEC0802,ARSITEK KEAMANAN (SECURITY ARCHITECT),melakukan pendekatan kepada calon pelanggan potensial
TIK.SEC0803,SPESIALIS KRIPTOGRAFI (CRYPTOGRAPHIC SPECIALIST),orang yang membutuhkan kemampuan memecahkan permasalahan di bidang kriptografi melalui pendekatan inter atau multidisipliner; mengembangkan pengetahuan dan teknologi di bidang kriptografi melalui riset hingga menghasilkan karya inovatif dan teruji; serta mampu mengelola riset dan pengembangan dan mendapat pengakuan nasional dan internasional.
TIK.SEC0803,SPESIALIS KRIPTOGRAFI (CRYPTOGRAPHIC SPECIALIST),merancang algoritma kriptografi/protokol kriptografi/skema manajemen kunci kriptografi/tanda tangan digital
TIK.SEC0803,SPESIALIS KRIPTOGRAFI (CRYPTOGRAPHIC SPECIALIST),memodifikasi algoritma kriptografi/protokol kriptografi/manajemen kunci kriptografi/tanda tangan digital
TIK.SEC0803,SPESIALIS KRIPTOGRAFI (CRYPTOGRAPHIC SPECIALIST),melakukan sintesis untuk pengembangan algoritma kriptografi/protokol kriptografi/manajemen kunci kriptografi/tanda tangan digital
TIK.SEC0803,SPESIALIS KRIPTOGRAFI (CRYPTOGRAPHIC SPECIALIST),mengevaluasi dan menganalisis kekuatan kriptografis algoritma kriptografi/protokol kriptografi/manajemen kunci kriptografi/tanda tangan digital
TIK.SEC0803,SPESIALIS KRIPTOGRAFI (CRYPTOGRAPHIC SPECIALIST),memberikan rekomendasi aplikasi algoritma kriptografi/protokol kriptografi/manajemen kunci/tanda tangan digital sesuai spesifikasi kebutuhan keamanan.
TIK.SEC0803,SPESIALIS KRIPTOGRAFI (CRYPTOGRAPHIC SPECIALIST),merancang algoritma kriptografi/protokol kriptografi/skema manajemen kunci kriptografi/tanda tangan digital
TIK.SEC0803,SPESIALIS KRIPTOGRAFI (CRYPTOGRAPHIC SPECIALIST),tepat dalam menyusun kebutuhan keamanan minimal produk kriptografi berdasarkan hasil telaah terkait
TIK.SEC0803,SPESIALIS KRIPTOGRAFI (CRYPTOGRAPHIC SPECIALIST),tepat dalam merumuskan ruang lingkup produk kriptografi berdasarkan hasil konfirmasi
TIK.SEC0803,SPESIALIS KRIPTOGRAFI (CRYPTOGRAPHIC SPECIALIST),tepat dalam merumuskan spesifikasi desain produk kriptografi sesuai daftar algoritma dan modul kriptografi yang sesuai
TIK.SEC0803,SPESIALIS KRIPTOGRAFI (CRYPTOGRAPHIC SPECIALIST),tepat dalam memilih metode analisis matematis sesuai model serangan
TIK.SEC0803,SPESIALIS KRIPTOGRAFI (CRYPTOGRAPHIC SPECIALIST),mengidentifikasi kebutuhan keamanan minimal produk kriptografi
TIK.SEC0803,SPESIALIS KRIPTOGRAFI (CRYPTOGRAPHIC SPECIALIST),merumuskan kebutuhan keamanan minimal produk kriptografi
TIK.SEC0803,SPESIALIS KRIPTOGRAFI (CRYPTOGRAPHIC SPECIALIST),menelaah referensi terkait produk kriptografi
TIK.SEC0803,SPESIALIS KRIPTOGRAFI (CRYPTOGRAPHIC SPECIALIST),menyusun ruang lingkup produk kriptografi
TIK.SEC0803,SPESIALIS KRIPTOGRAFI (CRYPTOGRAPHIC SPECIALIST),menelaah ruang lingkup produk kriptografi
TIK.SEC0803,SPESIALIS KRIPTOGRAFI (CRYPTOGRAPHIC SPECIALIST),menentukan spesifikasi desain produk kriptografi
TIK.SEC0803,SPESIALIS KRIPTOGRAFI (CRYPTOGRAPHIC SPECIALIST),menelaah algoritma desain produk kriptografi
TIK.SEC0803,SPESIALIS KRIPTOGRAFI (CRYPTOGRAPHIC SPECIALIST),menyusun daftar model serangan
TIK.SEC0803,SPESIALIS KRIPTOGRAFI (CRYPTOGRAPHIC SPECIALIST),menetapkan metode analisis matematis
TIK.SEC0803,SPESIALIS KRIPTOGRAFI (CRYPTOGRAPHIC SPECIALIST),menentukan kebutuhan keamanan minimal produk kriptografi
TIK.SEC0803,SPESIALIS KRIPTOGRAFI (CRYPTOGRAPHIC SPECIALIST),menentukan ruang lingkup produk kriptografi
TIK.SEC0803,SPESIALIS KRIPTOGRAFI (CRYPTOGRAPHIC SPECIALIST),menetapkan spesifikasi desain produk kriptografi
TIK.SEC0803,SPESIALIS KRIPTOGRAFI (CRYPTOGRAPHIC SPECIALIST),menentukan metode analisis matematis terhadap desain produk kriptografi
TIK.SEC0803,SPESIALIS KRIPTOGRAFI (CRYPTOGRAPHIC SPECIALIST),membangun skema kriptografi
TIK.SEC0803,SPESIALIS KRIPTOGRAFI (CRYPTOGRAPHIC SPECIALIST),melakukan analisis matematis terhadap desain produk kriptografi 2023-004)
TIK.SEC0803,SPESIALIS KRIPTOGRAFI (CRYPTOGRAPHIC SPECIALIST),menentukan metode pemodelan yang relevan dengan kebutuhan desain produk kriptografi 2023-004)
TIK.SEC0804,MANAJER INVESTIGASI INSIDEN SIBER (CYBER INCIDENT INVESTIGATION MANAGER),"orang yang memiliki kemampuan teknis dan keahlian untuk melakukan manajerial investigasi terhadap cyber incidents yang meliputi sumber daya (personil, peralatan, dan proses), teknis dan hukum dalam rangka memecahkan kasus cyber incidents secara ilmiah dan kuat secara hukum."
TIK.SEC0804,MANAJER INVESTIGASI INSIDEN SIBER (CYBER INCIDENT INVESTIGATION MANAGER),membentuk tim dan pertelaan tugas
TIK.SEC0804,MANAJER INVESTIGASI INSIDEN SIBER (CYBER INCIDENT INVESTIGATION MANAGER),mengelola peralatan
TIK.SEC0804,MANAJER INVESTIGASI INSIDEN SIBER (CYBER INCIDENT INVESTIGATION MANAGER),membagi pekerjaan dan urutan berbasis skala prioritas
TIK.SEC0804,MANAJER INVESTIGASI INSIDEN SIBER (CYBER INCIDENT INVESTIGATION MANAGER),mengawasi dan mengendalikan pelaksanaan respon terhadap cyber incidents
TIK.SEC0804,MANAJER INVESTIGASI INSIDEN SIBER (CYBER INCIDENT INVESTIGATION MANAGER),mengawasi dan mengendalikan pelaksanaan pemeriksaan digital forensik
TIK.SEC0804,MANAJER INVESTIGASI INSIDEN SIBER (CYBER INCIDENT INVESTIGATION MANAGER),mengawasi dan mengendalikan pelaksanaan investigasi umum
TIK.SEC0804,MANAJER INVESTIGASI INSIDEN SIBER (CYBER INCIDENT INVESTIGATION MANAGER),berintegritas
TIK.SEC0804,MANAJER INVESTIGASI INSIDEN SIBER (CYBER INCIDENT INVESTIGATION MANAGER),tidak memihak
TIK.SEC0804,MANAJER INVESTIGASI INSIDEN SIBER (CYBER INCIDENT INVESTIGATION MANAGER),analitis
TIK.SEC0804,MANAJER INVESTIGASI INSIDEN SIBER (CYBER INCIDENT INVESTIGATION MANAGER),mengatasi masalah
TIK.SEC0804,MANAJER INVESTIGASI INSIDEN SIBER (CYBER INCIDENT INVESTIGATION MANAGER),merencanakan dan mengorganisasikan pekerjaan
TIK.SEC0804,MANAJER INVESTIGASI INSIDEN SIBER (CYBER INCIDENT INVESTIGATION MANAGER),bertanggung jawab
TIK.SEC0804,MANAJER INVESTIGASI INSIDEN SIBER (CYBER INCIDENT INVESTIGATION MANAGER),memastikan pelaksanaan cyber incident response dapat dilaksanakan dengan semestinya
TIK.SEC0804,MANAJER INVESTIGASI INSIDEN SIBER (CYBER INCIDENT INVESTIGATION MANAGER),memastikan pelaksanaan pemeriksaan digital forensik dapat dilaksanakan dengan semestinya
TIK.SEC0804,MANAJER INVESTIGASI INSIDEN SIBER (CYBER INCIDENT INVESTIGATION MANAGER),memastikan pelaksanaan investigasi bersesuaian dengan aturan dan hukum yang berlaku
TIK.SEC0804,MANAJER INVESTIGASI INSIDEN SIBER (CYBER INCIDENT INVESTIGATION MANAGER),meminta akses cyber incident response
TIK.SEC0804,MANAJER INVESTIGASI INSIDEN SIBER (CYBER INCIDENT INVESTIGATION MANAGER),meminta akses barang bukti elektronik dan digital
TIK.SEC0804,MANAJER INVESTIGASI INSIDEN SIBER (CYBER INCIDENT INVESTIGATION MANAGER),meminta akses pemeriksaan digital forensic
TIK.SEC0804,MANAJER INVESTIGASI INSIDEN SIBER (CYBER INCIDENT INVESTIGATION MANAGER),meminta akses sistem manajemen data
TIK.SEC0804,MANAJER INVESTIGASI INSIDEN SIBER (CYBER INCIDENT INVESTIGATION MANAGER),investigate incidents
TIK.SEC0804,MANAJER INVESTIGASI INSIDEN SIBER (CYBER INCIDENT INVESTIGATION MANAGER),develop incident containment tactics
TIK.SEC0804,MANAJER INVESTIGASI INSIDEN SIBER (CYBER INCIDENT INVESTIGATION MANAGER),coordinate incident response
TIK.SEC0804,MANAJER INVESTIGASI INSIDEN SIBER (CYBER INCIDENT INVESTIGATION MANAGER),manage incident response information
TIK.SEC0804,MANAJER INVESTIGASI INSIDEN SIBER (CYBER INCIDENT INVESTIGATION MANAGER),manage emergency incidents
TIK.SEC0804,MANAJER INVESTIGASI INSIDEN SIBER (CYBER INCIDENT INVESTIGATION MANAGER),plan and implement information security strategies for an organization
TIK.SEC0804,MANAJER INVESTIGASI INSIDEN SIBER (CYBER INCIDENT INVESTIGATION MANAGER),melakukan manajerial terhadap kompetensi tim yang sesuai dengan pertelaan tugasnya melakukan manajerial terhadap peralatan penanganan cyber incidents dan pemeriksaan digital forensik menentukan urutan pekerjaan penanganan cyber incidents dan pemeriksaan digital forensik 184 melakukan pengawasan dan pengendalian terhadap pelaksanaan penanganan cyber incidents dan pemeriksaan digital forensik melakukan pengawasan dan pengendalian terhadap pelaksanaan scientific crime investigation secara keseluruhan dan bersesuaian dengan hukum yang berlaku
TIK.SEC0805,SPESIALIS FORENSIK SIBER (CYBER FORENSIC SPECIALIST),"orang yang memiliki kemampuan teknis dan keahlian untuk memeriksa secara mendalam barang bukti elektronik dan digital yang berasal dari sistem jaringan dalam rangka mendapatkan data investigatif untuk dianalisis secara komprehensif sebagai bukti digital yang dapat digunakan untuk memecahkan kasus cybercrime, baik pada tahap investigasi maupun pada tahap penuntutan sebagai ahli di dalam persidangan."
TIK.SEC0805,SPESIALIS FORENSIK SIBER (CYBER FORENSIC SPECIALIST),membentuk tim dan pertelaan tugas
TIK.SEC0805,SPESIALIS FORENSIK SIBER (CYBER FORENSIC SPECIALIST),mengelola peralatan
TIK.SEC0805,SPESIALIS FORENSIK SIBER (CYBER FORENSIC SPECIALIST),membagi pekerjaan dan urutan berbasis skala prioritas
TIK.SEC0805,SPESIALIS FORENSIK SIBER (CYBER FORENSIC SPECIALIST),mengawasi dan mengendalikan pelaksanaan respon terhadap cyber incidents
TIK.SEC0805,SPESIALIS FORENSIK SIBER (CYBER FORENSIC SPECIALIST),mengawasi dan mengendalikan pelaksanaan pemeriksaan digital forensik
TIK.SEC0805,SPESIALIS FORENSIK SIBER (CYBER FORENSIC SPECIALIST),mengawasi dan mengendalikan pelaksanaan investigasi umum
TIK.SEC0805,SPESIALIS FORENSIK SIBER (CYBER FORENSIC SPECIALIST),berintegritas
TIK.SEC0805,SPESIALIS FORENSIK SIBER (CYBER FORENSIC SPECIALIST),profesional
TIK.SEC0805,SPESIALIS FORENSIK SIBER (CYBER FORENSIC SPECIALIST),tidak memihak
TIK.SEC0805,SPESIALIS FORENSIK SIBER (CYBER FORENSIC SPECIALIST),analitis
TIK.SEC0805,SPESIALIS FORENSIK SIBER (CYBER FORENSIC SPECIALIST),mengatasi masalah (problem-solving)
TIK.SEC0805,SPESIALIS FORENSIK SIBER (CYBER FORENSIC SPECIALIST),berorientasi pada detail
TIK.SEC0805,SPESIALIS FORENSIK SIBER (CYBER FORENSIC SPECIALIST),memastikan bukti digital kuat secara ilmiah dan hukum
TIK.SEC0805,SPESIALIS FORENSIK SIBER (CYBER FORENSIC SPECIALIST),memastikan pemeriksaan dan analisis digital forensic dapat dilaksanakan dengan semestinya
TIK.SEC0805,SPESIALIS FORENSIK SIBER (CYBER FORENSIC SPECIALIST),memastikan pelaksanaan cyber incident response dapat dilaksanakan dengan semestinya
TIK.SEC0805,SPESIALIS FORENSIK SIBER (CYBER FORENSIC SPECIALIST),memastikan kepatuhan dengan sistem manajemen mutu sesuai dengan standar iso 17025 atau iso 9001
TIK.SEC0805,SPESIALIS FORENSIK SIBER (CYBER FORENSIC SPECIALIST),mengelola beban kerja tim teknis berdasarkan keahlian
TIK.SEC0805,SPESIALIS FORENSIK SIBER (CYBER FORENSIC SPECIALIST),menyusun laporan hasil investigasi sebagai bukti digital dalam persidangan
TIK.SEC0805,SPESIALIS FORENSIK SIBER (CYBER FORENSIC SPECIALIST),develop forensic crime scene expertise
TIK.SEC0805,SPESIALIS FORENSIK SIBER (CYBER FORENSIC SPECIALIST),conduct complex forensic crime and incident scene investigations
TIK.SEC0805,SPESIALIS FORENSIK SIBER (CYBER FORENSIC SPECIALIST),coordinate multi-discipline forensic investigation
TIK.SEC0805,SPESIALIS FORENSIK SIBER (CYBER FORENSIC SPECIALIST),mengidentifikasi dan mengumpulkan barang bukti elektronik dan digital mengidentifikasi dan melokalisir cyber attack mempersiapkan triage tools dan melaksanakan triage forensic melakukan preservasi barang bukti elektronik dan digital melakukan akuisisi barang bukti elektronik dan digital melakukan forensic imaging melalui sistem jaringan 186 menganalisis paket-paket data pada sistem jaringan menganalisis sistem jaringan khusus menganalisis malware pada sistem jaringan menganalisis logs menganalisis cyber attacks melakukan data recovery
TIK.SEC0701,MANAJER KEAMANAN JARINGAN (NETWORK SECURITY MANAGER),orang yang memiliki kemampuan teknis dan keahlian untuk mengelola kontrol keamanan dalam rangka memberikan layanan keamanan jaringan sesuai dengan kebijakan keamanan yang berlaku.
TIK.SEC0701,MANAJER KEAMANAN JARINGAN (NETWORK SECURITY MANAGER),memastikan implementasi pengamanan jaringan sesuai dengan kebijakan keamanan jaringan yang berlaku
TIK.SEC0701,MANAJER KEAMANAN JARINGAN (NETWORK SECURITY MANAGER),melakukan koordinasi dalam rangka penerapan kontrol keamanan jaringan sesuai dengan kebijakan yang berlaku
TIK.SEC0701,MANAJER KEAMANAN JARINGAN (NETWORK SECURITY MANAGER),memantau pengelolaan administrasi pada semua network security device sesuai dengan prosedur yang berlaku
TIK.SEC0701,MANAJER KEAMANAN JARINGAN (NETWORK SECURITY MANAGER),berintegritas
TIK.SEC0701,MANAJER KEAMANAN JARINGAN (NETWORK SECURITY MANAGER),profesional
TIK.SEC0701,MANAJER KEAMANAN JARINGAN (NETWORK SECURITY MANAGER),analitis
TIK.SEC0701,MANAJER KEAMANAN JARINGAN (NETWORK SECURITY MANAGER),merencanakan dan mengorganisasikan pekerjaan
TIK.SEC0701,MANAJER KEAMANAN JARINGAN (NETWORK SECURITY MANAGER),bertanggung jawab
TIK.SEC0701,MANAJER KEAMANAN JARINGAN (NETWORK SECURITY MANAGER),memastikan pengelolaan kontrol keamanan jaringan sesuai dengan kebijakan yang berlaku
TIK.SEC0701,MANAJER KEAMANAN JARINGAN (NETWORK SECURITY MANAGER),melakukan koordinasi dalam rangka penerapan kontrol keamanan jaringan sesuai dengan kebijakan yang berlaku
TIK.SEC0701,MANAJER KEAMANAN JARINGAN (NETWORK SECURITY MANAGER),memantau pengelolaan administrasi pada semua network security device sesuai dengan sop yang berlaku
TIK.SEC0701,MANAJER KEAMANAN JARINGAN (NETWORK SECURITY MANAGER),menyusun laporan penerapan kontrol keamanan jaringan kepada manajemen
TIK.SEC0701,MANAJER KEAMANAN JARINGAN (NETWORK SECURITY MANAGER),"menentukan teknologi, dan metode yang diperlukan untuk memastikan keamanan jaringan"
TIK.SEC0701,MANAJER KEAMANAN JARINGAN (NETWORK SECURITY MANAGER),menerapkan prinsip keamanan informasi untuk penggunaan jaringan internet
TIK.SEC0701,MANAJER KEAMANAN JARINGAN (NETWORK SECURITY MANAGER),melakukan evaluasi kinerja keamanan informasi
TIK.SEC0701,MANAJER KEAMANAN JARINGAN (NETWORK SECURITY MANAGER),mengkaji efektivitas penerapan kontrol akses
TIK.SEC0701,MANAJER KEAMANAN JARINGAN (NETWORK SECURITY MANAGER),mengoptimalkan kinerja sistem jaringan
TIK.SEC0701,MANAJER KEAMANAN JARINGAN (NETWORK SECURITY MANAGER),mengelola sistem pertahanan dan perlindungan keamanan informasi
TIK.SEC0701,MANAJER KEAMANAN JARINGAN (NETWORK SECURITY MANAGER),memonitor keamanan dan pengaturan akun pengguna dalam jaringan komputer
TIK.SEC0701,MANAJER KEAMANAN JARINGAN (NETWORK SECURITY MANAGER),menerapkan prinsip perlindungan informasi
TIK.SEC0702,MANAJER KEAMANAN SIBER (CYBERSECURITY MANAGER),"orang yang memiliki kemampuan teknis dan keahlian untuk untuk melaksanakan implementasi, melakukan dokumentasi, dan memonitor pelaksanaan program keamanan siber dalam suatu organisasi di lingkungan tertentu, serta memastikan kepatuhan terhadap rencana implementasi manajemen risiko yang sudah ditetapkan."
TIK.SEC0702,MANAJER KEAMANAN SIBER (CYBERSECURITY MANAGER),mengimplementasikan program keamanan siber
TIK.SEC0702,MANAJER KEAMANAN SIBER (CYBERSECURITY MANAGER),mendokumentasikan pelaksanaan program keamanan siber
TIK.SEC0702,MANAJER KEAMANAN SIBER (CYBERSECURITY MANAGER),memonitor pelaksanaan program keamanan siber
TIK.SEC0702,MANAJER KEAMANAN SIBER (CYBERSECURITY MANAGER),memastikan kepatuhan pelaksanaan program keamanan siber terhadap rencana implementasi manajemen risiko
TIK.SEC0702,MANAJER KEAMANAN SIBER (CYBERSECURITY MANAGER),berintegritas
TIK.SEC0702,MANAJER KEAMANAN SIBER (CYBERSECURITY MANAGER),analitis
TIK.SEC0702,MANAJER KEAMANAN SIBER (CYBERSECURITY MANAGER),komunikatif
TIK.SEC0702,MANAJER KEAMANAN SIBER (CYBERSECURITY MANAGER),merencanakan dan mengorganisasikan pekerjaan
TIK.SEC0702,MANAJER KEAMANAN SIBER (CYBERSECURITY MANAGER),bekerja dalam tim
TIK.SEC0702,MANAJER KEAMANAN SIBER (CYBERSECURITY MANAGER),merencanakan implementasi program keamanan siber berdasarkan rencana mitigasi risiko siber dan tata kelola keamanan siber
TIK.SEC0702,MANAJER KEAMANAN SIBER (CYBERSECURITY MANAGER),menyelaraskan penerapan prinsip perlindungan informasi dalam sistem elektronik
TIK.SEC0702,MANAJER KEAMANAN SIBER (CYBERSECURITY MANAGER),melaksanakan kebijakan keamanan informasi dalam sistem elektronik
TIK.SEC0702,MANAJER KEAMANAN SIBER (CYBERSECURITY MANAGER),"mengelola siklus informasi mulai dari klasifikasi, kategorisasi, dan penanggung jawab"
TIK.SEC0702,MANAJER KEAMANAN SIBER (CYBERSECURITY MANAGER),mengelola prosedur dan menerapkan standar keamanan informasi yang berlaku
TIK.SEC0702,MANAJER KEAMANAN SIBER (CYBERSECURITY MANAGER),"melaksanakan koordinasi, pengarahan, dan pengelolaan sdm dalam rangka pelaksanaan tugas tugas yang berhubungan dengan program keamanan siber"
TIK.SEC0702,MANAJER KEAMANAN SIBER (CYBERSECURITY MANAGER),mengelola program dan sdm yang berhubungan dengan keamanan siber
TIK.SEC0702,MANAJER KEAMANAN SIBER (CYBERSECURITY MANAGER),memberikan usulan kebijakan dan program keamanan siber
TIK.SEC0702,MANAJER KEAMANAN SIBER (CYBERSECURITY MANAGER),mengelola program peningkatan kepedulian dan pelatihan terkait dengan keamanan informasi
TIK.SEC0702,MANAJER KEAMANAN SIBER (CYBERSECURITY MANAGER),mengelola risiko keamanan informasi
TIK.SEC0702,MANAJER KEAMANAN SIBER (CYBERSECURITY MANAGER),menyelaraskan penerapan prinsip perlindungan informasi dengan misi dan tujuan organisasi
TIK.SEC0702,MANAJER KEAMANAN SIBER (CYBERSECURITY MANAGER),mengimplementasikan penyediaan fasilitas pemrosesan informasi dengan redudansi yang sesuai dengan ketentuan yang berlaku
TIK.SEC0702,MANAJER KEAMANAN SIBER (CYBERSECURITY MANAGER),melaksanakan pemantauan penerapan kebijakan keamanan informasi
TIK.SEC0702,MANAJER KEAMANAN SIBER (CYBERSECURITY MANAGER),mengimplementasikan prosedur keamanan informasi dalam kegiatan pengadaan
TIK.SEC0702,MANAJER KEAMANAN SIBER (CYBERSECURITY MANAGER),menerapkan standarstandar keamanan informasi yang berlaku
TIK.SEC0702,MANAJER KEAMANAN SIBER (CYBERSECURITY MANAGER),mengklasifikasikan informasi yang bersifat rahasia
TIK.SEC0702,MANAJER KEAMANAN SIBER (CYBERSECURITY MANAGER),mengelola sistem pertahanan dan perlindungan keamanan informasi
TIK.SEC0702,MANAJER KEAMANAN SIBER (CYBERSECURITY MANAGER),mengimplementasikan prosedur keamanan informasi dalam kegiatan pengadaan
TIK.SEC0702,MANAJER KEAMANAN SIBER (CYBERSECURITY MANAGER),memetakan profil sumber daya manusia keamanan informasi
TIK.SEC0702,MANAJER KEAMANAN SIBER (CYBERSECURITY MANAGER),melaksanakan koordinasi dan pengarahan pelaksanaan tugastugas keamanan informasi
TIK.SEC0702,MANAJER KEAMANAN SIBER (CYBERSECURITY MANAGER),mengelola sdm yang terkait dengan tugastugas keamanan informasi
TIK.SEC0702,MANAJER KEAMANAN SIBER (CYBERSECURITY MANAGER),melakukan evaluasi kinerja keamanan informasi
TIK.SEC0703,MANAJER KEAMANAN INFORMASI (INFORMATION SECURITY MANAGER),"seorang yang memiliki kemampuan merencanakan dan mengelola sumberdaya di bawah tanggung jawabnya di bidang keamanan informasi, mengevaluasi secara komprehensif dengan memanfaatkan ilmu pengetahuan dan teknologi di bidang keamanan informasi, menghasilkan langkah-langkah pengembangan strategis organisasi, memecahkan permasalahan di bidang keamanan informasi melalui pendekatan monodisipliner, melakukan riset dan mengambil keputusan strategis dengan akuntabilitas dan tanggung jawab penuh atas semua aspek yang berada di bawah tanggung jawab bidang keamanan informasi."
TIK.SEC0703,MANAJER KEAMANAN INFORMASI (INFORMATION SECURITY MANAGER),mengembangkan kebijakan keamanan
TIK.SEC0703,MANAJER KEAMANAN INFORMASI (INFORMATION SECURITY MANAGER),melakukan manajemen risiko keamanan
TIK.SEC0703,MANAJER KEAMANAN INFORMASI (INFORMATION SECURITY MANAGER),teliti dalam menganalisis persyaratan keamanan sesuai karakteristik teknologi informasi
TIK.SEC0703,MANAJER KEAMANAN INFORMASI (INFORMATION SECURITY MANAGER),tepat dalam menentukan kebijakan keamanan informasi sesuai dengan kebutuhan dan persyaratan keamanan informasi
TIK.SEC0703,MANAJER KEAMANAN INFORMASI (INFORMATION SECURITY MANAGER),cermat dalam mengidentifikasi instrumen pemantauan penerapan kebijakan keamanan informasi sesuai kebutuhan keamanan informasi
TIK.SEC0703,MANAJER KEAMANAN INFORMASI (INFORMATION SECURITY MANAGER),menentukan pemutakhiran teknologi informasi
TIK.SEC0703,MANAJER KEAMANAN INFORMASI (INFORMATION SECURITY MANAGER),menentukan persyaratan keamanan yang relevan terhadap pemutakhiran teknologi informasi
TIK.SEC0703,MANAJER KEAMANAN INFORMASI (INFORMATION SECURITY MANAGER),mengidentifikasi persyaratan kebijakan keamanan informasi
TIK.SEC0703,MANAJER KEAMANAN INFORMASI (INFORMATION SECURITY MANAGER),menentukan kebijakan keamanan informasi
TIK.SEC0703,MANAJER KEAMANAN INFORMASI (INFORMATION SECURITY MANAGER),menentukan instrumen pemantauan penerapan kebijakan keamanan informasi
TIK.SEC0703,MANAJER KEAMANAN INFORMASI (INFORMATION SECURITY MANAGER),melakukan pemantauan penerapan kebijakan keamanan informasi
TIK.SEC0703,MANAJER KEAMANAN INFORMASI (INFORMATION SECURITY MANAGER),memecahkan permasalahan ilmu pengetahuan dan teknologi di dalam bidang keamanan informasi melalui pendekatan monodisipliner
TIK.SEC0703,MANAJER KEAMANAN INFORMASI (INFORMATION SECURITY MANAGER),mengambil keputusan strategis dengan akuntabilitas dan tanggung jawab penuh atas semua aspek yang berada di bawah tanggung jawab bidang keamanan informasi
TIK.SEC0703,MANAJER KEAMANAN INFORMASI (INFORMATION SECURITY MANAGER),menyusun rencana penerapan aspek keamanan informasi pada pemutakhiran teknologi informasi
TIK.SEC0703,MANAJER KEAMANAN INFORMASI (INFORMATION SECURITY MANAGER),menyusun rencana penerapan kebijakan keamanan informasi
TIK.SEC0703,MANAJER KEAMANAN INFORMASI (INFORMATION SECURITY MANAGER),melaksanakan pemantauan penerapan kebijakan keamanan informasi
TIK.SEC0703,MANAJER KEAMANAN INFORMASI (INFORMATION SECURITY MANAGER),mengevaluasi bukti pelaksanaan tindak lanjut rekomendasi audit keamanan informasi
TIK.SEC0703,MANAJER KEAMANAN INFORMASI (INFORMATION SECURITY MANAGER),menyusun rekomendasi berdasarkan hasil pengujian
TIK.SEC0704,KEPALA PETUGAS KESADARAN KEAMANAN SIBER (CYBERSECURITY AWARENESS LEAD,"orang yang memiliki kemampuan teknis dan keahlian untuk merancang, mengimplementasikan, memonitor, dan mengevaluasi program peningkatan kesadaran risiko keamanan siber."
TIK.SEC0704,KEPALA PETUGAS KESADARAN KEAMANAN SIBER (CYBERSECURITY AWARENESS LEAD,merancang program peningkatan kesadaran keamanan siber
TIK.SEC0704,KEPALA PETUGAS KESADARAN KEAMANAN SIBER (CYBERSECURITY AWARENESS LEAD,mengevaluasi kebijakan keamanan siber untuk peningkatan kesadaran
TIK.SEC0704,KEPALA PETUGAS KESADARAN KEAMANAN SIBER (CYBERSECURITY AWARENESS LEAD,melakukan advokasi kesadaran keamanan siber untuk berbagai jenis golongan
TIK.SEC0704,KEPALA PETUGAS KESADARAN KEAMANAN SIBER (CYBERSECURITY AWARENESS LEAD,mengawasi pelaksanaan program peningkatan kesadaran keamanan siber
TIK.SEC0704,KEPALA PETUGAS KESADARAN KEAMANAN SIBER (CYBERSECURITY AWARENESS LEAD,merancang aktivitas pembelajaran pada program peningkatan kesadaran keamanan siber
TIK.SEC0704,KEPALA PETUGAS KESADARAN KEAMANAN SIBER (CYBERSECURITY AWARENESS LEAD,berintegritas
TIK.SEC0704,KEPALA PETUGAS KESADARAN KEAMANAN SIBER (CYBERSECURITY AWARENESS LEAD,sintesis
TIK.SEC0704,KEPALA PETUGAS KESADARAN KEAMANAN SIBER (CYBERSECURITY AWARENESS LEAD,merencanakan dan mengorganisasikan pekerjaan
TIK.SEC0704,KEPALA PETUGAS KESADARAN KEAMANAN SIBER (CYBERSECURITY AWARENESS LEAD,berkomunikasi dengan baik
TIK.SEC0704,KEPALA PETUGAS KESADARAN KEAMANAN SIBER (CYBERSECURITY AWARENESS LEAD,berorientasi pada detail
TIK.SEC0704,KEPALA PETUGAS KESADARAN KEAMANAN SIBER (CYBERSECURITY AWARENESS LEAD,kreatif
TIK.SEC0704,KEPALA PETUGAS KESADARAN KEAMANAN SIBER (CYBERSECURITY AWARENESS LEAD,merancang dan membuat program peningkatan kesadaran keamanan siber
TIK.SEC0704,KEPALA PETUGAS KESADARAN KEAMANAN SIBER (CYBERSECURITY AWARENESS LEAD,mengukur dampak peningkatan kesadaran keamanan siber
TIK.SEC0704,KEPALA PETUGAS KESADARAN KEAMANAN SIBER (CYBERSECURITY AWARENESS LEAD,merumuskan dasar program kesadaran keamanan informasi
TIK.SEC0704,KEPALA PETUGAS KESADARAN KEAMANAN SIBER (CYBERSECURITY AWARENESS LEAD,melakukan penilaian risiko pelaksanaan program kesadaran keamanan informasi
TIK.SEC0704,KEPALA PETUGAS KESADARAN KEAMANAN SIBER (CYBERSECURITY AWARENESS LEAD,melakukan analisis kebutuhan program kesadaran kesadaran keamanan informasi
TIK.SEC0704,KEPALA PETUGAS KESADARAN KEAMANAN SIBER (CYBERSECURITY AWARENESS LEAD,merumuskan indikator keberhasilan program kesadaran keamanan informasi
TIK.SEC0704,KEPALA PETUGAS KESADARAN KEAMANAN SIBER (CYBERSECURITY AWARENESS LEAD,menyusun dokumen perencanaan program kesadaran keamanan informasi
TIK.SEC0704,KEPALA PETUGAS KESADARAN KEAMANAN SIBER (CYBERSECURITY AWARENESS LEAD,menyusun kebutuhan materi program kesadaran keamanan informasi yang relevan
TIK.SEC0704,KEPALA PETUGAS KESADARAN KEAMANAN SIBER (CYBERSECURITY AWARENESS LEAD,mengawasi program kesadaran keamanan informasi
TIK.SEC0705,MANAJER TIM TANGGAP INSIDEN (INCIDENT RESPONSE TEAM MANAGER),"orang yang memiliki kemampuan teknis dan keahlian untuk mengelola dan memantau penanganan insiden serta ancaman keamanan siber dalam suatu organisasi, serta menyediakan koordinasi, umpan balik, dan komunikasi yang dibutuhkan."
TIK.SEC0705,MANAJER TIM TANGGAP INSIDEN (INCIDENT RESPONSE TEAM MANAGER),perencanaan dan pengelolaan kapabilitas tim penanganan insiden
TIK.SEC0705,MANAJER TIM TANGGAP INSIDEN (INCIDENT RESPONSE TEAM MANAGER),perencanaan program penanganan insiden dan pendelegasian wewenang
TIK.SEC0705,MANAJER TIM TANGGAP INSIDEN (INCIDENT RESPONSE TEAM MANAGER),investigasi insiden keamanan
TIK.SEC0705,MANAJER TIM TANGGAP INSIDEN (INCIDENT RESPONSE TEAM MANAGER),koordinasi penanganan insiden dan manajemen krisis
TIK.SEC0705,MANAJER TIM TANGGAP INSIDEN (INCIDENT RESPONSE TEAM MANAGER),evaluasi proses penanganan insiden
TIK.SEC0705,MANAJER TIM TANGGAP INSIDEN (INCIDENT RESPONSE TEAM MANAGER),penyediaan laporan penanganan insiden
TIK.SEC0705,MANAJER TIM TANGGAP INSIDEN (INCIDENT RESPONSE TEAM MANAGER),koordinasi penegakan hukum insiden keamanan
TIK.SEC0705,MANAJER TIM TANGGAP INSIDEN (INCIDENT RESPONSE TEAM MANAGER),berintegritas
TIK.SEC0705,MANAJER TIM TANGGAP INSIDEN (INCIDENT RESPONSE TEAM MANAGER),merencanakan dan mengorganisasikan pekerjaan
TIK.SEC0705,MANAJER TIM TANGGAP INSIDEN (INCIDENT RESPONSE TEAM MANAGER),analitis
TIK.SEC0705,MANAJER TIM TANGGAP INSIDEN (INCIDENT RESPONSE TEAM MANAGER),berorientasi pada detail
TIK.SEC0705,MANAJER TIM TANGGAP INSIDEN (INCIDENT RESPONSE TEAM MANAGER),bekerja dalam tim
TIK.SEC0705,MANAJER TIM TANGGAP INSIDEN (INCIDENT RESPONSE TEAM MANAGER),pengawasan penanganan insiden
TIK.SEC0705,MANAJER TIM TANGGAP INSIDEN (INCIDENT RESPONSE TEAM MANAGER),"berkoordinasi dengan semua pihak yang terkait dalam penanganan insiden, baik internal maupun eksternal (aparat penegak hukum dan/atau media)"
TIK.SEC0705,MANAJER TIM TANGGAP INSIDEN (INCIDENT RESPONSE TEAM MANAGER),merumuskan prosedur keamanan
TIK.SEC0705,MANAJER TIM TANGGAP INSIDEN (INCIDENT RESPONSE TEAM MANAGER),menetapkan protokol komunikasi
TIK.SEC0705,MANAJER TIM TANGGAP INSIDEN (INCIDENT RESPONSE TEAM MANAGER),merumuskan rencana pengembangan program
TIK.SEC0705,MANAJER TIM TANGGAP INSIDEN (INCIDENT RESPONSE TEAM MANAGER),mengambil tindakan yang diperlukan yang dianggap sesuai dalam merespon insiden
TIK.SEC0705,MANAJER TIM TANGGAP INSIDEN (INCIDENT RESPONSE TEAM MANAGER),menyusun rencana penerapan kebijakan keamanan informasi
TIK.SEC0705,MANAJER TIM TANGGAP INSIDEN (INCIDENT RESPONSE TEAM MANAGER),melaksanakan pemantauan penerapan kebijakan keamanan informasi
TIK.SEC0705,MANAJER TIM TANGGAP INSIDEN (INCIDENT RESPONSE TEAM MANAGER),melaksanakan ketentuan hukum yang berlaku tentang keamanan informasi
TIK.SEC0705,MANAJER TIM TANGGAP INSIDEN (INCIDENT RESPONSE TEAM MANAGER),melaksanakan koordinasi dan pengarahan pelaksanaan tugastugas keamanan informasi
TIK.SEC0705,MANAJER TIM TANGGAP INSIDEN (INCIDENT RESPONSE TEAM MANAGER),mengelola sdm yang terkait dengan tugastugas keamanan informasi
TIK.SEC0705,MANAJER TIM TANGGAP INSIDEN (INCIDENT RESPONSE TEAM MANAGER),mengelola risiko keamanan informasi
TIK.SEC0705,MANAJER TIM TANGGAP INSIDEN (INCIDENT RESPONSE TEAM MANAGER),melakukan kajian keamanan informasi
TIK.SEC0705,MANAJER TIM TANGGAP INSIDEN (INCIDENT RESPONSE TEAM MANAGER),mengelola log
TIK.SEC0705,MANAJER TIM TANGGAP INSIDEN (INCIDENT RESPONSE TEAM MANAGER),mengelola audit keamanan informasi
TIK.SEC0705,MANAJER TIM TANGGAP INSIDEN (INCIDENT RESPONSE TEAM MANAGER),melakukan evaluasi kinerja keamanan informasi
TIK.SEC0705,MANAJER TIM TANGGAP INSIDEN (INCIDENT RESPONSE TEAM MANAGER),mengelola insiden keamanan informasi
TIK.SEC0705,MANAJER TIM TANGGAP INSIDEN (INCIDENT RESPONSE TEAM MANAGER),mengimplementasikan manajemen perbaikan/respon yang terkait dengan keamanan informasi
TIK.SEC0705,MANAJER TIM TANGGAP INSIDEN (INCIDENT RESPONSE TEAM MANAGER),melaksanakan pengamanan keutuhan informasi
TIK.SEC0705,MANAJER TIM TANGGAP INSIDEN (INCIDENT RESPONSE TEAM MANAGER),melaksanakan validasi keutuhan informasi
TIK.SEC0705,MANAJER TIM TANGGAP INSIDEN (INCIDENT RESPONSE TEAM MANAGER),melaksanakan kegiatan pemulihan data
TIK.SEC0706,PEREKAYASA KRIPTOGRAFI (CRYPTOGRAPHIC ENGINEER),orang yang membutuhkan kemampuan memecahkan permasalahan di bidang kriptografi melalui pendekatan monodisipliner; mengevaluasi secara komprehensif dengan memanfaatkan ilmu pengetahuan dan teknologi di bidang kriptografi; mengambil keputusan untuk menghasilkan langkah-langkah pengembangan strategis organisasi; dan tanggung jawab penuh atas semua aspek yang berada di bawah tanggung jawab bidang kriptografi.
TIK.SEC0706,PEREKAYASA KRIPTOGRAFI (CRYPTOGRAPHIC ENGINEER),merancang spesifikasi kebutuhan penerapan/modifikasi sistem produk kriptografi
TIK.SEC0706,PEREKAYASA KRIPTOGRAFI (CRYPTOGRAPHIC ENGINEER),menentukan fungsi/modul/komponen pada desain rancangan produk kriptografi
TIK.SEC0706,PEREKAYASA KRIPTOGRAFI (CRYPTOGRAPHIC ENGINEER),menyusun arsitektur keamanan siber sesuai kebutuhan fungsional organisasi
TIK.SEC0706,PEREKAYASA KRIPTOGRAFI (CRYPTOGRAPHIC ENGINEER),mengintegrasikan hasil implementasi fungsi/modul/komponen produk kriptografi
TIK.SEC0706,PEREKAYASA KRIPTOGRAFI (CRYPTOGRAPHIC ENGINEER),melakukan verifikasi/validasi hasil integrasi
TIK.SEC0706,PEREKAYASA KRIPTOGRAFI (CRYPTOGRAPHIC ENGINEER),tepat dalam merumuskan desain produk kriptografi berdasarkan integrasi skema kriptografi yang sesuai
TIK.SEC0706,PEREKAYASA KRIPTOGRAFI (CRYPTOGRAPHIC ENGINEER),tepat dalam menghitung nilai kompleksitas dari serangan berdasarkan waktu dan memori yang digunakan
TIK.SEC0706,PEREKAYASA KRIPTOGRAFI (CRYPTOGRAPHIC ENGINEER),tepat dalam memilih metode pemodelan berdasarkan analisis tingkat relevansinya
TIK.SEC0706,PEREKAYASA KRIPTOGRAFI (CRYPTOGRAPHIC ENGINEER),menentukan algoritma kriptografi yang sesuai
TIK.SEC0706,PEREKAYASA KRIPTOGRAFI (CRYPTOGRAPHIC ENGINEER),menyusun desain produk kriptografi
TIK.SEC0706,PEREKAYASA KRIPTOGRAFI (CRYPTOGRAPHIC ENGINEER),mengidentifikasi kriteria analisis matematis
TIK.SEC0706,PEREKAYASA KRIPTOGRAFI (CRYPTOGRAPHIC ENGINEER),menelaah nilai kompleksitas serangan
TIK.SEC0706,PEREKAYASA KRIPTOGRAFI (CRYPTOGRAPHIC ENGINEER),menguraikan aktivitas proses
TIK.SEC0706,PEREKAYASA KRIPTOGRAFI (CRYPTOGRAPHIC ENGINEER),mengidentifikasi metode pemodelan
TIK.SEC0706,PEREKAYASA KRIPTOGRAFI (CRYPTOGRAPHIC ENGINEER),menyeleksi metode pemodelan
TIK.SEC0706,PEREKAYASA KRIPTOGRAFI (CRYPTOGRAPHIC ENGINEER),memecahkan permasalahan ilmu pengetahuan dan teknologi di dalam bidang kriptografi melalui pendekatan monodisipliner
TIK.SEC0706,PEREKAYASA KRIPTOGRAFI (CRYPTOGRAPHIC ENGINEER),mengambil keputusan strategis dengan akuntabilitas dan tanggung jawab penuh atas semua aspek yang berada di bawah tanggung jawab bidang kriptografi
TIK.SEC0706,PEREKAYASA KRIPTOGRAFI (CRYPTOGRAPHIC ENGINEER),membangun skema kriptografi
TIK.SEC0706,PEREKAYASA KRIPTOGRAFI (CRYPTOGRAPHIC ENGINEER),melakukan analisis matematis terhadap desain produk kriptografi
TIK.SEC0706,PEREKAYASA KRIPTOGRAFI (CRYPTOGRAPHIC ENGINEER),menentukan metode pemodelan yang relevan dengan kebutuhan desain produk kriptografi
TIK.SEC0706,PEREKAYASA KRIPTOGRAFI (CRYPTOGRAPHIC ENGINEER),melakukan integrasi fungsi kriptografi dan fungsi pendukungnya
TIK.SEC0706,PEREKAYASA KRIPTOGRAFI (CRYPTOGRAPHIC ENGINEER),menentukan metode pengujian yang akan dilakukan
TIK.SEC0706,PEREKAYASA KRIPTOGRAFI (CRYPTOGRAPHIC ENGINEER),menyusun skenario pengujian produk kriptografi
TIK.SEC0707,EVALUATOR UTAMA PRODUK KEAMANAN TIK (ICT SECURITY PRODUCT LEAD EVALUATOR). 196,orang yang memiliki kemampuan teknis dan keahlian untuk memastikan proyek evaluasi sesuai dengan evaluation work plan dan proses penilaian kesesuaian memberikan jaminan keamanan produk ict sesuai dengan standar yang diakui oleh pemerintah (sni).
TIK.SEC0707,EVALUATOR UTAMA PRODUK KEAMANAN TIK (ICT SECURITY PRODUCT LEAD EVALUATOR). 196,memastikan sumber daya evaluasi keamanan produk ict tersedia dan manajemen resiko proyek evaluasi terantisipasi
TIK.SEC0707,EVALUATOR UTAMA PRODUK KEAMANAN TIK (ICT SECURITY PRODUCT LEAD EVALUATOR). 196,mengesahkan buku kerja evaluasi untuk setiap work unit komponen jaminan keamanan yang dievaluasi oleh ict product security evaluator
TIK.SEC0707,EVALUATOR UTAMA PRODUK KEAMANAN TIK (ICT SECURITY PRODUCT LEAD EVALUATOR). 196,mengesahkan evaluation observation reports (eor) untuk setiap temuan pada setiap work unit komponen jaminan keamanan yang dibuat oleh ict product security evaluator
TIK.SEC0707,EVALUATOR UTAMA PRODUK KEAMANAN TIK (ICT SECURITY PRODUCT LEAD EVALUATOR). 196,mengesahkan evaluation technical reports (etr) sebagai laporan final evaluasi untuk setiap kelas jaminan keamanan yang dievaluasi yang dibuat oleh ict product security evaluator
TIK.SEC0707,EVALUATOR UTAMA PRODUK KEAMANAN TIK (ICT SECURITY PRODUCT LEAD EVALUATOR). 196,memantau proses proyek evaluasi dan mutu hasil pengujian kelas jaminan keamanan produk ict yang dievaluasi
TIK.SEC0707,EVALUATOR UTAMA PRODUK KEAMANAN TIK (ICT SECURITY PRODUCT LEAD EVALUATOR). 196,berintegritas
TIK.SEC0707,EVALUATOR UTAMA PRODUK KEAMANAN TIK (ICT SECURITY PRODUCT LEAD EVALUATOR). 196,mengikuti prosedur
TIK.SEC0707,EVALUATOR UTAMA PRODUK KEAMANAN TIK (ICT SECURITY PRODUCT LEAD EVALUATOR). 196,analitis
TIK.SEC0707,EVALUATOR UTAMA PRODUK KEAMANAN TIK (ICT SECURITY PRODUCT LEAD EVALUATOR). 196,tidak memihak
TIK.SEC0707,EVALUATOR UTAMA PRODUK KEAMANAN TIK (ICT SECURITY PRODUCT LEAD EVALUATOR). 196,berorientasi pada detail
TIK.SEC0707,EVALUATOR UTAMA PRODUK KEAMANAN TIK (ICT SECURITY PRODUCT LEAD EVALUATOR). 196,merencanakan dan mengorganisasi pekerjaan
TIK.SEC0707,EVALUATOR UTAMA PRODUK KEAMANAN TIK (ICT SECURITY PRODUCT LEAD EVALUATOR). 196,melaksanakan pengujian kesesuaian keamanan produk ict sesuai dengan standar yang diakui oleh pemerintah (sni)
TIK.SEC0707,EVALUATOR UTAMA PRODUK KEAMANAN TIK (ICT SECURITY PRODUCT LEAD EVALUATOR). 196,memeriksa dan mengawasi mutu hasil eor dan etr
TIK.SEC0707,EVALUATOR UTAMA PRODUK KEAMANAN TIK (ICT SECURITY PRODUCT LEAD EVALUATOR). 196,melakukan pengawasan proyek evaluasi dan memastikan mutu hasil uji proyek evaluasi sesuai dengan standar yang diakui pemerintah (sni)
TIK.SEC0707,EVALUATOR UTAMA PRODUK KEAMANAN TIK (ICT SECURITY PRODUCT LEAD EVALUATOR). 196,menjadi authorized signatory etr
TIK.SEC0707,EVALUATOR UTAMA PRODUK KEAMANAN TIK (ICT SECURITY PRODUCT LEAD EVALUATOR). 196,"telah mengikuti pelatihan terkait common criteria foundation evaluator, skema common criteria indonesia (scci), uji penetrasi pada aplikasi mobile, web, atau iot/embedded hardware."
TIK.SEC0707,EVALUATOR UTAMA PRODUK KEAMANAN TIK (ICT SECURITY PRODUCT LEAD EVALUATOR). 196,membuat jadwal kerja laboratorium untuk tim
TIK.SEC0707,EVALUATOR UTAMA PRODUK KEAMANAN TIK (ICT SECURITY PRODUCT LEAD EVALUATOR). 196,mengelola dan mengembangkan tim
TIK.SEC0707,EVALUATOR UTAMA PRODUK KEAMANAN TIK (ICT SECURITY PRODUCT LEAD EVALUATOR). 196,mengawasi operasional laboratorium dalam area kerja/fungsional
TIK.SEC0707,EVALUATOR UTAMA PRODUK KEAMANAN TIK (ICT SECURITY PRODUCT LEAD EVALUATOR). 196,merekam dan menyajikan data
TIK.SEC0707,EVALUATOR UTAMA PRODUK KEAMANAN TIK (ICT SECURITY PRODUCT LEAD EVALUATOR). 196,mengolah dan menginterpretasikan data
TIK.SEC0707,EVALUATOR UTAMA PRODUK KEAMANAN TIK (ICT SECURITY PRODUCT LEAD EVALUATOR). 196,menggunakan software aplikasi laboratorium
TIK.SEC0707,EVALUATOR UTAMA PRODUK KEAMANAN TIK (ICT SECURITY PRODUCT LEAD EVALUATOR). 196,memantau mutu hasil dan data pengujian
TIK.SEC0707,EVALUATOR UTAMA PRODUK KEAMANAN TIK (ICT SECURITY PRODUCT LEAD EVALUATOR). 196,mengesahkan penerbitan hasil uji
TIK.SEC0707,EVALUATOR UTAMA PRODUK KEAMANAN TIK (ICT SECURITY PRODUCT LEAD EVALUATOR). 196,"melakukan penilaian kesesuaian bukti evaluasi (kelas ase, agd, alc, dan adv) sesuai dengan standar common criteria"
TIK.SEC0707,EVALUATOR UTAMA PRODUK KEAMANAN TIK (ICT SECURITY PRODUCT LEAD EVALUATOR). 196,melakukan uji fungsionalitas sesuai test plan pada kelas jaminan keamanan ate untuk produk ict yang dievaluasi sesuai dengan sop dan standar yang telah ditentukan
TIK.SEC0707,EVALUATOR UTAMA PRODUK KEAMANAN TIK (ICT SECURITY PRODUCT LEAD EVALUATOR). 196,melakukan uji penetrasi sesuai test plan pada kelas jaminan keamanan ava untuk produk ict yang dievaluasi sesuai dengan sop dan standar yang telah ditentukan
TIK.SEC0708,PEJABAT TATA KELOLA KEAMANAN SIBER (CYBERSECURITY GOVERNANCE OFFICER),"orang yang memiliki kemampuan teknis dan keahlian untuk mengelola tata kelola keamanan siber, memberikan asesmen risiko keamanan siber, dan menegakkan pelaksanaan tata kelola keamanan siber."
TIK.SEC0708,PEJABAT TATA KELOLA KEAMANAN SIBER (CYBERSECURITY GOVERNANCE OFFICER),merancang tata kelola keamanan siber organisasi
TIK.SEC0708,PEJABAT TATA KELOLA KEAMANAN SIBER (CYBERSECURITY GOVERNANCE OFFICER),melakukan supervisi pelaksanaan tata kelola keamanan siber organisasi
TIK.SEC0708,PEJABAT TATA KELOLA KEAMANAN SIBER (CYBERSECURITY GOVERNANCE OFFICER),membantu menyusun it security risk assessment terhadap produk dan jasa dalam kaitannya dengan kepatuhan terhadap regulasi keamanan siber
TIK.SEC0708,PEJABAT TATA KELOLA KEAMANAN SIBER (CYBERSECURITY GOVERNANCE OFFICER),menegakkan pelaksanaan tata kelola keamanan siber
TIK.SEC0708,PEJABAT TATA KELOLA KEAMANAN SIBER (CYBERSECURITY GOVERNANCE OFFICER),melakukan koordinasi dengan regulator dan penegak hukum
TIK.SEC0708,PEJABAT TATA KELOLA KEAMANAN SIBER (CYBERSECURITY GOVERNANCE OFFICER),melakukan evaluasi dan perbaikan terhadap tata kelola keamanan siber secara berkesinambungan
TIK.SEC0708,PEJABAT TATA KELOLA KEAMANAN SIBER (CYBERSECURITY GOVERNANCE OFFICER),berintegritas
TIK.SEC0708,PEJABAT TATA KELOLA KEAMANAN SIBER (CYBERSECURITY GOVERNANCE OFFICER),profesional
TIK.SEC0708,PEJABAT TATA KELOLA KEAMANAN SIBER (CYBERSECURITY GOVERNANCE OFFICER),analitis
TIK.SEC0708,PEJABAT TATA KELOLA KEAMANAN SIBER (CYBERSECURITY GOVERNANCE OFFICER),mengatasi masalah (problem-solving)
TIK.SEC0708,PEJABAT TATA KELOLA KEAMANAN SIBER (CYBERSECURITY GOVERNANCE OFFICER),cepat tanggap
TIK.SEC0708,PEJABAT TATA KELOLA KEAMANAN SIBER (CYBERSECURITY GOVERNANCE OFFICER),merencanakan dan mengorganisasikan pekerjaan
TIK.SEC0708,PEJABAT TATA KELOLA KEAMANAN SIBER (CYBERSECURITY GOVERNANCE OFFICER),melakukan evaluasi tata kelola keamanan siber secara berkala
TIK.SEC0708,PEJABAT TATA KELOLA KEAMANAN SIBER (CYBERSECURITY GOVERNANCE OFFICER),merumuskan prosedur keamanan siber dan perlindungan data pribadi sesuai dengan tata kelola keamanan siber
TIK.SEC0708,PEJABAT TATA KELOLA KEAMANAN SIBER (CYBERSECURITY GOVERNANCE OFFICER),menegakkan pelaksanaan tata kelola keamanan siber
TIK.SEC0708,PEJABAT TATA KELOLA KEAMANAN SIBER (CYBERSECURITY GOVERNANCE OFFICER),berkoordinasi dengan regulator dan penegak hukum
TIK.SEC0708,PEJABAT TATA KELOLA KEAMANAN SIBER (CYBERSECURITY GOVERNANCE OFFICER),melakukan analisis it security risk assessment terhadap produk dan jasa dalam kaitannya dengan kepatuhan terhadap regulasi keamanan siber
TIK.SEC0708,PEJABAT TATA KELOLA KEAMANAN SIBER (CYBERSECURITY GOVERNANCE OFFICER),mengusulkan tata kelola keamanan siber organisasi
TIK.SEC0708,PEJABAT TATA KELOLA KEAMANAN SIBER (CYBERSECURITY GOVERNANCE OFFICER),menyusun rencana penerapan kebijakan keamanan informasi
TIK.SEC0708,PEJABAT TATA KELOLA KEAMANAN SIBER (CYBERSECURITY GOVERNANCE OFFICER),melaksanakan pemantauan penerapan kebijakan keamanan informasi
TIK.SEC0708,PEJABAT TATA KELOLA KEAMANAN SIBER (CYBERSECURITY GOVERNANCE OFFICER),melaksanakan koordinasi dan pengarahan pelaksanaan tugas-tugas keamanan informasi
TIK.SEC0708,PEJABAT TATA KELOLA KEAMANAN SIBER (CYBERSECURITY GOVERNANCE OFFICER),melakukan evaluasi kinerja keamanan informasi
TIK.SEC0708,PEJABAT TATA KELOLA KEAMANAN SIBER (CYBERSECURITY GOVERNANCE OFFICER),melaksanakan evaluasi kelemahan (vulnerabilitas) keamanan
TIK.SEC0708,PEJABAT TATA KELOLA KEAMANAN SIBER (CYBERSECURITY GOVERNANCE OFFICER),menganalisis risiko audit teknologi informasi
TIK.SEC0709,ANALIS FORENSIK DIGITAL (DIGITAL FORENSIC ANALYST),"orang yang memiliki kemampuan teknis dan keahlian untuk memeriksa secara mendalam barang bukti elektronik dan digital dalam rangka mendapatkan data investigatif untuk dianalisis secara komprehensif sebagai bukti digital yang dapat digunakan untuk memecahkan kasus cybercrime dan computer-related crime, baik pada tahap investigasi maupun pada tahap penuntutan sebagai ahli di dalam persidangan."
TIK.SEC0709,ANALIS FORENSIK DIGITAL (DIGITAL FORENSIC ANALYST),memeriksa dan menganalisis barang bukti elektronik dan digital
TIK.SEC0709,ANALIS FORENSIK DIGITAL (DIGITAL FORENSIC ANALYST),melaksanakan proses penanganan bukti digital
TIK.SEC0709,ANALIS FORENSIK DIGITAL (DIGITAL FORENSIC ANALYST),merespon dan melakukan investigasi cyber incidents
TIK.SEC0709,ANALIS FORENSIK DIGITAL (DIGITAL FORENSIC ANALYST),memberikan keterangan ahli di dalam persidangan
TIK.SEC0709,ANALIS FORENSIK DIGITAL (DIGITAL FORENSIC ANALYST),berintegritas
TIK.SEC0709,ANALIS FORENSIK DIGITAL (DIGITAL FORENSIC ANALYST),profesional
TIK.SEC0709,ANALIS FORENSIK DIGITAL (DIGITAL FORENSIC ANALYST),tidak memihak
TIK.SEC0709,ANALIS FORENSIK DIGITAL (DIGITAL FORENSIC ANALYST),analitis
TIK.SEC0709,ANALIS FORENSIK DIGITAL (DIGITAL FORENSIC ANALYST),berorientasi pada detail
TIK.SEC0709,ANALIS FORENSIK DIGITAL (DIGITAL FORENSIC ANALYST),bekerja dalam tim
TIK.SEC0709,ANALIS FORENSIK DIGITAL (DIGITAL FORENSIC ANALYST),memastikan bukti digital kuat secara ilmiah dan hukum
TIK.SEC0709,ANALIS FORENSIK DIGITAL (DIGITAL FORENSIC ANALYST),memastikan pemeriksaan dan analisis digital forensic dapat dilaksanakan dengan semestinya
TIK.SEC0709,ANALIS FORENSIK DIGITAL (DIGITAL FORENSIC ANALYST),memastikan pelaksanaan cyber incident response dapat dilaksanakan dengan semestinya
TIK.SEC0709,ANALIS FORENSIK DIGITAL (DIGITAL FORENSIC ANALYST),memastikan prosedur preservasi bukti digital dan chain of custody dilaksanakan dengan semestinya
TIK.SEC0709,ANALIS FORENSIK DIGITAL (DIGITAL FORENSIC ANALYST),"merumuskan kebijakan, rancangan, dan prosedur investigasi forensik digital"
TIK.SEC0709,ANALIS FORENSIK DIGITAL (DIGITAL FORENSIC ANALYST),"melakukan identifikasi, memulihkan, mengekstraksi, mendokumentasikan, dan menganalisis bukti digital"
TIK.SEC0709,ANALIS FORENSIK DIGITAL (DIGITAL FORENSIC ANALYST),melakukan preservasi dan menjaga bukti digital dan memastikan ketersediaannya bagi pihak yang berwenang
TIK.SEC0709,ANALIS FORENSIK DIGITAL (DIGITAL FORENSIC ANALYST),melakukan penyelidikan guna mencari bukti adanya tindakan yang tidak sah dan melanggar hukum
TIK.SEC0709,ANALIS FORENSIK DIGITAL (DIGITAL FORENSIC ANALYST),"melakukan dokumentasi, laporan, dan mempresentasikan temuan dan hasil analisis forensik digital secara sistematis dan terstruktur"
TIK.SEC0709,ANALIS FORENSIK DIGITAL (DIGITAL FORENSIC ANALYST),"menentukan dan melakukan kustomisasi teknik pengujian, analisis, dan pelaporan forensik"
TIK.SEC0709,ANALIS FORENSIK DIGITAL (DIGITAL FORENSIC ANALYST),meminta akses cyber incident response
TIK.SEC0709,ANALIS FORENSIK DIGITAL (DIGITAL FORENSIC ANALYST),meminta akses barang bukti elektronik dan digital
TIK.SEC0709,ANALIS FORENSIK DIGITAL (DIGITAL FORENSIC ANALYST),meminta akses pemeriksaan digital forensic
TIK.SEC0709,ANALIS FORENSIK DIGITAL (DIGITAL FORENSIC ANALYST),melakukan pencadangan data security operation center
TIK.SEC0709,ANALIS FORENSIK DIGITAL (DIGITAL FORENSIC ANALYST),mengakhiri proses respon terhadap keamanan siber
TIK.SEC0709,ANALIS FORENSIK DIGITAL (DIGITAL FORENSIC ANALYST),mengidentifikasi dan mengumpulkan barang bukti elektronik dan digital
TIK.SEC0709,ANALIS FORENSIK DIGITAL (DIGITAL FORENSIC ANALYST),mengidentifikasi dan melokalisir cyber attack
TIK.SEC0709,ANALIS FORENSIK DIGITAL (DIGITAL FORENSIC ANALYST),mempersiapkan triage tools dan melaksanakan triage forensic
TIK.SEC0709,ANALIS FORENSIK DIGITAL (DIGITAL FORENSIC ANALYST),melakukan preservasi barang bukti elektronik dan digital
TIK.SEC0709,ANALIS FORENSIK DIGITAL (DIGITAL FORENSIC ANALYST),melakukan akuisisi barang bukti elektronik dan digital
TIK.SEC0709,ANALIS FORENSIK DIGITAL (DIGITAL FORENSIC ANALYST),melakukan data recovery
TIK.SEC0709,ANALIS FORENSIK DIGITAL (DIGITAL FORENSIC ANALYST),menganalisis image file untuk mendapatkan data investigatif sebagai digital evidence
TIK.SEC0709,ANALIS FORENSIK DIGITAL (DIGITAL FORENSIC ANALYST),menghubungkan digital evidence dengan cybercrime dan pelaku
TIK.SEC0709,ANALIS FORENSIK DIGITAL (DIGITAL FORENSIC ANALYST),memberikan testimoni keterangan ahli di persidangan
TIK.SEC0710,MANAJER SOC (SOC MANAGER),"orang yang mampu merencanakan dan mengelola sumberdaya security operation center di bawah tanggung jawabnya, dan mengevaluasi secara komprehensif pekerjaan security operation center dengan memanfaatkan ilmu pengetahuan, teknologi, dan/atau seni untuk menghasilkan langkah-langkah pengembangan strategis tim security operation center; mampu memecahkan permasalahan ilmu pengetahuan, teknologi, dan/atau seni di dalam bidang security operation center melalui pendekatan monodisipliner; mampu mengambil keputusan strategis dengan akuntabilitas dan tanggung jawab penuh atas semua aspek yang berada di bawah tanggung jawab bidang security operation center."
TIK.SEC0710,MANAJER SOC (SOC MANAGER),melakukan manajemen security operation center
TIK.SEC0710,MANAJER SOC (SOC MANAGER),cermat dalam menganalisis kondisi keamanan informasi yang ingin dicapai berdasarkan jenis dan sifat organisasi
TIK.SEC0710,MANAJER SOC (SOC MANAGER),mampu dalam mengidentifikasi model operasi berdasarkan strategi penanganan dan kecukupan akan sumber daya yang ada
TIK.SEC0710,MANAJER SOC (SOC MANAGER),tepat dalam menyusun pola kerja dan pola komunikasi tim dalam melaksanakan kegiatan soc sehari-hari sesuai dengan kebijakan yang berlaku
TIK.SEC0710,MANAJER SOC (SOC MANAGER),tepat dalam melakukan estimasi kapabilitas perangkat berdasarkan best practice dan dokumen pembelajaran
TIK.SEC0710,MANAJER SOC (SOC MANAGER),cermat dalam menentukan kebutuhan kompetensi sesuai dengan sdm pada soc
TIK.SEC0710,MANAJER SOC (SOC MANAGER),cermat dalam menyusun tugas pokok dan target kinerja
TIK.SEC0710,MANAJER SOC (SOC MANAGER),tepat dalam mengelola bukti elektronik dari insiden keamanan siber sesuai prosedur digital evidence first response jika diperlukan investigasi lebih lanjut
TIK.SEC0710,MANAJER SOC (SOC MANAGER),mampu dalam mengkomunikasikan informasi mengenai pengakhiran proses penanganan insiden keamanan siber kepada pihak terkait
TIK.SEC0710,MANAJER SOC (SOC MANAGER),mengumpulkan informasi terkait ancaman dan best practice pembangunan dan pengelolaan soc yang ada
TIK.SEC0710,MANAJER SOC (SOC MANAGER),melakukan analisis kesenjangan (gap analysis) terhadap kondisi keamanan informasi saat ini dan yang ingin dicapai
TIK.SEC0710,MANAJER SOC (SOC MANAGER),menyusun rancangan aspek pengelolaan soc
TIK.SEC0710,MANAJER SOC (SOC MANAGER),menyusun rancangan aspek sumber daya manusia soc
TIK.SEC0710,MANAJER SOC (SOC MANAGER),mengidentifikasi kebutuhan organisasi akan tim penanganan insiden keamanan siber
TIK.SEC0710,MANAJER SOC (SOC MANAGER),mengelola tim penanganan insiden keamanan siber
TIK.SEC0710,MANAJER SOC (SOC MANAGER),menjaga kolaborasi dengan para pihak eksternal
TIK.SEC0710,MANAJER SOC (SOC MANAGER),menentukan kesiapsiagaan tim
TIK.SEC0710,MANAJER SOC (SOC MANAGER),melakukan monitor terhadap pengetesan ulang aset ti untuk memastikan tidak ada kerentanan yang tersisa
TIK.SEC0710,MANAJER SOC (SOC MANAGER),mengidentifikasi dokumen-dokumen terkait insiden keamanan siber
TIK.SEC0710,MANAJER SOC (SOC MANAGER),melakukan pengakhiran proses penanganan insiden keamanan siber
TIK.SEC0710,MANAJER SOC (SOC MANAGER),memecahkan permasalahan ilmu pengetahuan dan teknologi di dalam bidang security operation center melalui pendekatan monodisipliner
TIK.SEC0710,MANAJER SOC (SOC MANAGER),mengambil keputusan strategis dengan akuntabilitas dan tanggung jawab penuh atas semua aspek yang berada di bawah tanggung jawab bidang security operation center
TIK.SEC0710,MANAJER SOC (SOC MANAGER),membuat model operasi dan strategi security operations center (soc) yang diinginkan
TIK.SEC0710,MANAJER SOC (SOC MANAGER),merancang kapabilitas security operations center (soc)
TIK.SEC0710,MANAJER SOC (SOC MANAGER),mengelola tim penanganan insiden keamanan siber
TIK.SEC0710,MANAJER SOC (SOC MANAGER),mengakhiri proses respon terhadap insiden keamanan siber
TIK.SEC0710,MANAJER SOC (SOC MANAGER),mengkomunikasikan penanganan insiden keamanan siber dan manajemen krisis
TIK.SEC0710,MANAJER SOC (SOC MANAGER),melakukan investigasi modus operandi insiden keamanan siber
TIK.SEC0711,MANAJER AUDIT KEAMANAN INFORMASI (INFORMATION SECURITY AUDIT MANAGER),"orang yang mampu merencanakan dan mengelola sumber daya audit keamanan informasi di bawah tanggung jawabnya, dan mengevaluasi secara komprehensif kerjanya dengan memanfaatkan ilmu pengetahuan, teknologi, dan/atau seni untuk menghasilkan langkah-langkah audit keamanan informasi; mampu memecahkan permasalahan ilmu pengetahuan, teknologi, dan/atau seni di dalam bidang audit keamanan informasi melalui pendekatan monodisipliner; mampu melakukan riset dan mengambil keputusan strategis dengan akuntabilitas dan tanggung jawab penuh atas semua aspek yang berada di bawah tanggung jawab bidang audit keamanan informasi."
TIK.SEC0711,MANAJER AUDIT KEAMANAN INFORMASI (INFORMATION SECURITY AUDIT MANAGER),memanajemeni audit keamanan informasi
TIK.SEC0711,MANAJER AUDIT KEAMANAN INFORMASI (INFORMATION SECURITY AUDIT MANAGER),tepat dalam menentukan tujuan audit keamanan informasi berdasarkan kebutuhan
TIK.SEC0711,MANAJER AUDIT KEAMANAN INFORMASI (INFORMATION SECURITY AUDIT MANAGER),tepat dalam merumuskan risiko audit keamanan informasi berdasarkan komponen risiko audit keamanan informasi
TIK.SEC0711,MANAJER AUDIT KEAMANAN INFORMASI (INFORMATION SECURITY AUDIT MANAGER),tepat dalam menjabarkan metode audit keamanan informasi pada setiap tahapan dalam prosedur audit keamanan informasi sesuai dengan kebutuhan
TIK.SEC0711,MANAJER AUDIT KEAMANAN INFORMASI (INFORMATION SECURITY AUDIT MANAGER),tepat dalam menentukan personel pelaksana audit keamanan informasi sesuai kebutuhan
TIK.SEC0711,MANAJER AUDIT KEAMANAN INFORMASI (INFORMATION SECURITY AUDIT MANAGER),tepat dalam menentukan waktu pelaksanaan audit keamanan informasi sesuai kebutuhan
TIK.SEC0711,MANAJER AUDIT KEAMANAN INFORMASI (INFORMATION SECURITY AUDIT MANAGER),mendefinisikan tujuan aki
TIK.SEC0711,MANAJER AUDIT KEAMANAN INFORMASI (INFORMATION SECURITY AUDIT MANAGER),mendefinisikan lingkup aki
TIK.SEC0711,MANAJER AUDIT KEAMANAN INFORMASI (INFORMATION SECURITY AUDIT MANAGER),mengidentifikasi risiko aki
TIK.SEC0711,MANAJER AUDIT KEAMANAN INFORMASI (INFORMATION SECURITY AUDIT MANAGER),menilai risiko aki
TIK.SEC0711,MANAJER AUDIT KEAMANAN INFORMASI (INFORMATION SECURITY AUDIT MANAGER),mengidentifikasi prosedur aki yang akan dilakukan
TIK.SEC0711,MANAJER AUDIT KEAMANAN INFORMASI (INFORMATION SECURITY AUDIT MANAGER),menguraikan prosedur aki yang akan dilakukan
TIK.SEC0711,MANAJER AUDIT KEAMANAN INFORMASI (INFORMATION SECURITY AUDIT MANAGER),menelaah kebutuhan sumber daya aki
TIK.SEC0711,MANAJER AUDIT KEAMANAN INFORMASI (INFORMATION SECURITY AUDIT MANAGER),menetapkan sumber daya aki yang dibutuhkan
TIK.SEC0711,MANAJER AUDIT KEAMANAN INFORMASI (INFORMATION SECURITY AUDIT MANAGER),"memecahkan permasalahan ilmu pengetahuan dan teknologi di dalam bidang audit keamanan informasi melalui pendekatan monodisipliner, dan"
TIK.SEC0711,MANAJER AUDIT KEAMANAN INFORMASI (INFORMATION SECURITY AUDIT MANAGER),mengambil keputusan strategis dengan akuntabilitas dan tanggung jawab penuh atas semua aspek yang berada di bawah tanggung jawab bidang audit keamanan informasi
TIK.SEC0711,MANAJER AUDIT KEAMANAN INFORMASI (INFORMATION SECURITY AUDIT MANAGER),menentukan tujuan dan lingkup audit keamanan informasi (aki)
TIK.SEC0711,MANAJER AUDIT KEAMANAN INFORMASI (INFORMATION SECURITY AUDIT MANAGER),melakukan analisis risiko audit keamanan informasi (aki)
TIK.SEC0711,MANAJER AUDIT KEAMANAN INFORMASI (INFORMATION SECURITY AUDIT MANAGER),membuat prosedur audit keamanan informasi (aki)
TIK.SEC0711,MANAJER AUDIT KEAMANAN INFORMASI (INFORMATION SECURITY AUDIT MANAGER),menentukan kebutuhan sumber daya audit keamanan informasi (aki)
TIK.SEC0711,MANAJER AUDIT KEAMANAN INFORMASI (INFORMATION SECURITY AUDIT MANAGER),menyampaikan prosedur audit keamanan informasi (aki) yang dilaksanakan di dalam laporan aki
TIK.SEC0711,MANAJER AUDIT KEAMANAN INFORMASI (INFORMATION SECURITY AUDIT MANAGER),menyampaikan sumber daya audit keamanan informasi (aki) yang digunakan dalam laporan aki
TIK.SEC0711,MANAJER AUDIT KEAMANAN INFORMASI (INFORMATION SECURITY AUDIT MANAGER),menyampaikan temuan audit keamanan informasi (aki) dalam laporan aki
TIK.SEC0711,MANAJER AUDIT KEAMANAN INFORMASI (INFORMATION SECURITY AUDIT MANAGER),menyampaikan rekomendasi audit keamanan informasi (aki) dalam laporan aki
TIK.SEC0711,MANAJER AUDIT KEAMANAN INFORMASI (INFORMATION SECURITY AUDIT MANAGER),menyampaikan kesimpulan audit keamanan informasi (aki)
TIK.SEC0712,PENGUJI KEAMANAN SIBER MADYA (SENIOR PENETRATION TESTER),"orang yang mampu merencanakan dan mengelola sumber daya di bawah tanggung jawabnya, dan mengevaluasi secara komprehensif kerjanya dengan memanfaatkan ilmu pengetahuan, teknologi, dan/atau seni untuk menghasilkan langkah-langkah pengembangan strategis organisasi; mampu memecahkan permasalahan ilmu pengetahuan, teknologi, dan/atau seni dalam bidang uji keamanan siber (uks) melalui pendekatan monodisipliner; mampu melakukan riset dan mengambil keputusan strategis dengan akuntabilitas dan tanggung jawab penuh atas semua aspek yang berada di bawah tanggung jawab bidang uji keamanan siber."
TIK.SEC0712,PENGUJI KEAMANAN SIBER MADYA (SENIOR PENETRATION TESTER),merencanakan dan menindaklanjuti hasil uji
TIK.SEC0712,PENGUJI KEAMANAN SIBER MADYA (SENIOR PENETRATION TESTER),tepat dalam mengidentifikasi aset ti sebagai objek pengujian sesuai dengan ruang lingkup pengujian keamanan siber
TIK.SEC0712,PENGUJI KEAMANAN SIBER MADYA (SENIOR PENETRATION TESTER),tepat dalam menyusun tim penguji berdasarkan hasil analisis kebutuhan
TIK.SEC0712,PENGUJI KEAMANAN SIBER MADYA (SENIOR PENETRATION TESTER),tepat dalam menentukan peningkatan hak akses berdasarkan hasil eksploitasi dan/atau penggunaan informasi yang relevan terhadap objek pengujian
TIK.SEC0712,PENGUJI KEAMANAN SIBER MADYA (SENIOR PENETRATION TESTER),menyiapkan kebutuhan informasi terkait perencanaan uks
TIK.SEC0712,PENGUJI KEAMANAN SIBER MADYA (SENIOR PENETRATION TESTER),menyiapkan prosedur pengujian keamanan siber
TIK.SEC0712,PENGUJI KEAMANAN SIBER MADYA (SENIOR PENETRATION TESTER),memeriksa kebutuhan tim penguji keamanan siber sesuai ruang lingkup pengujian keamanan siber
TIK.SEC0712,PENGUJI KEAMANAN SIBER MADYA (SENIOR PENETRATION TESTER),menyiapkan tim penguji keamanan siber
TIK.SEC0712,PENGUJI KEAMANAN SIBER MADYA (SENIOR PENETRATION TESTER),meningkatkan hak akses 1
TIK.SEC0712,PENGUJI KEAMANAN SIBER MADYA (SENIOR PENETRATION TESTER),memastikan akses selalu dapat digunakan
TIK.SEC0712,PENGUJI KEAMANAN SIBER MADYA (SENIOR PENETRATION TESTER),melakukan aktivitas data exfiltration
TIK.SEC0712,PENGUJI KEAMANAN SIBER MADYA (SENIOR PENETRATION TESTER),melakukan covering track
TIK.SEC0712,PENGUJI KEAMANAN SIBER MADYA (SENIOR PENETRATION TESTER),memecahkan permasalahan ilmu pengetahuan dan teknologi di dalam bidang uji keamanan siber melalui pendekatan monodisipliner
TIK.SEC0712,PENGUJI KEAMANAN SIBER MADYA (SENIOR PENETRATION TESTER),mengambil keputusan strategis dengan akuntabilitas dan tanggung jawab penuh atas semua aspek yang berada di bawah tanggung jawab bidang uji keamanan siber
TIK.SEC0712,PENGUJI KEAMANAN SIBER MADYA (SENIOR PENETRATION TESTER),merencanakan prosedur uji keamanan siber
TIK.SEC0712,PENGUJI KEAMANAN SIBER MADYA (SENIOR PENETRATION TESTER),menentukan tim penguji keamanan siber
TIK.SEC0712,PENGUJI KEAMANAN SIBER MADYA (SENIOR PENETRATION TESTER),melakukan kegiatan setelah eksploitasi berdasarkan ruang lingkup pengujian keamanan siber
TIK.SEC0712,PENGUJI KEAMANAN SIBER MADYA (SENIOR PENETRATION TESTER),menentukan metode penilaian kerentanan
TIK.SEC0712,PENGUJI KEAMANAN SIBER MADYA (SENIOR PENETRATION TESTER),menentukan ruang lingkup pengujian keamanan siber
TIK.SEC0712,PENGUJI KEAMANAN SIBER MADYA (SENIOR PENETRATION TESTER),mengumpulkan informasi yang diperlukan untuk pengujian keamanan siber
TIK.SEC0712,PENGUJI KEAMANAN SIBER MADYA (SENIOR PENETRATION TESTER),mencari kerentanan sesuai ruang lingkup pengujian keamanan siber
TIK.SEC0713,MANAJER PROGRAM KESADARAN KEAMANAN INFORMASI (INFORMATION SECURITY,orang yang mampu mengaplikasikan bidang keahlian dan ilmu pengetahuannya untuk menyelenggarakan kegiatan kesadaran keamanan informasi di dalam suatu organisasi; mampu menguasai konsep teoritis bidang pengetahuan kesadaran keamanan informasi; mampu mengambil keputusan yang tepat berdasarkan analisis informasi dan data dalam proses penyusunan rencana kebutuhan program kesadaran keamanan informasi; mampu memberikan petunjuk dalam mengawasi pelaksanaan program kesadaran keamanan informasi; dan mampu bertanggung jawab pada pekerjaan sendiri dan dapat diberi tanggung jawab atas pencapaian hasil kerja organisasi.
TIK.SEC0713,MANAJER PROGRAM KESADARAN KEAMANAN INFORMASI (INFORMATION SECURITY,"merumuskan program, mengevaluasi dan rekomendasi perbaikan"
TIK.SEC0713,MANAJER PROGRAM KESADARAN KEAMANAN INFORMASI (INFORMATION SECURITY,sesuai dalam menentukan ruang lingkup program kesadaran keamanan informasi berdasarkan tujuan program
TIK.SEC0713,MANAJER PROGRAM KESADARAN KEAMANAN INFORMASI (INFORMATION SECURITY,tepat dalam menentukan perlakuan risiko pelaksanaan program kesadaran keamanan informasi
TIK.SEC0713,MANAJER PROGRAM KESADARAN KEAMANAN INFORMASI (INFORMATION SECURITY,sesuai dalam menentukan indikator keberhasilan program kesadaran keamanan informasi sesuai dengan tujuan program
TIK.SEC0713,MANAJER PROGRAM KESADARAN KEAMANAN INFORMASI (INFORMATION SECURITY,sesuai dalam menyimpulkan data hasil pengukuran terhadap indikator keberhasilan program kesadaran keamanan informasi
TIK.SEC0713,MANAJER PROGRAM KESADARAN KEAMANAN INFORMASI (INFORMATION SECURITY,sesuai dalam menyusun daftar tindak lanjut berdasarkan skala prioritas
TIK.SEC0713,MANAJER PROGRAM KESADARAN KEAMANAN INFORMASI (INFORMATION SECURITY,mengembangkan tujuan program kesadaran keamanan informasi
TIK.SEC0713,MANAJER PROGRAM KESADARAN KEAMANAN INFORMASI (INFORMATION SECURITY,mendefinisikan ruang lingkup program kesadaran keamanan informasi
TIK.SEC0713,MANAJER PROGRAM KESADARAN KEAMANAN INFORMASI (INFORMATION SECURITY,menganalisis risiko pelaksanaan program kesadaran keamanan informasi
TIK.SEC0713,MANAJER PROGRAM KESADARAN KEAMANAN INFORMASI (INFORMATION SECURITY,melakukan evaluasi risiko pelaksanaan program kesadaran keamanan informasi
TIK.SEC0713,MANAJER PROGRAM KESADARAN KEAMANAN INFORMASI (INFORMATION SECURITY,menentukan indikator keberhasilan program kesadaran keamanan informasi
TIK.SEC0713,MANAJER PROGRAM KESADARAN KEAMANAN INFORMASI (INFORMATION SECURITY,merancang instrumen evaluasi keberhasilan program kesadaran keamanan informasi
TIK.SEC0713,MANAJER PROGRAM KESADARAN KEAMANAN INFORMASI (INFORMATION SECURITY,menyusun target program kesadaran keamanan informasi
TIK.SEC0713,MANAJER PROGRAM KESADARAN KEAMANAN INFORMASI (INFORMATION SECURITY,mengumpulkan data dukung pengukuran tingkat keberhasilan program kesadaran keamanan informasi
TIK.SEC0713,MANAJER PROGRAM KESADARAN KEAMANAN INFORMASI (INFORMATION SECURITY,melakukan analisis data pengukuran tingkat keberhasilan program kesadaran keamanan informasi
TIK.SEC0713,MANAJER PROGRAM KESADARAN KEAMANAN INFORMASI (INFORMATION SECURITY,melakukan analisis kesenjangan capaian program kesadaran keamanan informasi yang berjalan
TIK.SEC0713,MANAJER PROGRAM KESADARAN KEAMANAN INFORMASI (INFORMATION SECURITY,merumuskan daftar tindak lanjut sebagai rekomendasi perbaikan program kesadaran keamanan informasi
TIK.SEC0713,MANAJER PROGRAM KESADARAN KEAMANAN INFORMASI (INFORMATION SECURITY,memecahkan permasalahan ilmu pengetahuan dan teknologi di dalam bidang kesadaran keamanan informasi melalui pendekatan monodisipliner
TIK.SEC0713,MANAJER PROGRAM KESADARAN KEAMANAN INFORMASI (INFORMATION SECURITY,mengambil keputusan strategis dengan akuntabilitas dan tanggung jawab penuh atas semua aspek yang berada di bawah tanggung jawab bidang kesadaran keamanan informasi
TIK.SEC0713,MANAJER PROGRAM KESADARAN KEAMANAN INFORMASI (INFORMATION SECURITY,merumuskan dasar program kesadaran keamanan informasi
TIK.SEC0713,MANAJER PROGRAM KESADARAN KEAMANAN INFORMASI (INFORMATION SECURITY,melakukan penilaian risiko pelaksanaan program kesadaran keamanan informasi
TIK.SEC0713,MANAJER PROGRAM KESADARAN KEAMANAN INFORMASI (INFORMATION SECURITY,merumuskan indikator keberhasilan program kesadaran keamanan informasi
TIK.SEC0713,MANAJER PROGRAM KESADARAN KEAMANAN INFORMASI (INFORMATION SECURITY,mengukur tingkat keberhasilan program kesadaran keamanan informasi
TIK.SEC0713,MANAJER PROGRAM KESADARAN KEAMANAN INFORMASI (INFORMATION SECURITY,menyusun rekomendasi perbaikan program kesadaran keamanan informasi
TIK.SEC0713,MANAJER PROGRAM KESADARAN KEAMANAN INFORMASI (INFORMATION SECURITY,memetakan profil sumber daya manusia (sdm) keamanan informasi
TIK.SEC0713,MANAJER PROGRAM KESADARAN KEAMANAN INFORMASI (INFORMATION SECURITY,menyusun rencana penerapan aspek keamanan informasi pada pemutakhiran teknologi informasi
TIK.SEC0713,MANAJER PROGRAM KESADARAN KEAMANAN INFORMASI (INFORMATION SECURITY,menyusun rencana penerapan kebijakan keamanan informasi
TIK.SEC0714,MANAJER KEAMANAN DATA (DATA SECURITY MANAGER),"orang yang bertanggung jawab untuk mengembangkan, menerapkan, dan mengelola program keamanan data perusahaan. program ini harus melindungi data perusahaan dari kehilangan, penyalahgunaan, atau pengungkapan yang tidak sah."
TIK.SEC0714,MANAJER KEAMANAN DATA (DATA SECURITY MANAGER),memimpin dan mengelola program keamanan data organisasi
TIK.SEC0714,MANAJER KEAMANAN DATA (DATA SECURITY MANAGER),merumuskan dan mengimplementasikan kebijakan dan prosedur keamanan data
TIK.SEC0714,MANAJER KEAMANAN DATA (DATA SECURITY MANAGER),melakukan penilaian dan audit keamanan data
TIK.SEC0714,MANAJER KEAMANAN DATA (DATA SECURITY MANAGER),berintegritas
TIK.SEC0714,MANAJER KEAMANAN DATA (DATA SECURITY MANAGER),analitis
TIK.SEC0714,MANAJER KEAMANAN DATA (DATA SECURITY MANAGER),mengatasi masalah (problem-solving)
TIK.SEC0714,MANAJER KEAMANAN DATA (DATA SECURITY MANAGER),merencanakan dan mengorganisasi pekerjaan
TIK.SEC0714,MANAJER KEAMANAN DATA (DATA SECURITY MANAGER),memimpin tim
TIK.SEC0714,MANAJER KEAMANAN DATA (DATA SECURITY MANAGER),bertanggung jawab
TIK.SEC0714,MANAJER KEAMANAN DATA (DATA SECURITY MANAGER),mampu mengarahkan dan mempunyai visi
TIK.SEC0714,MANAJER KEAMANAN DATA (DATA SECURITY MANAGER),memberi motivasi
TIK.SEC0714,MANAJER KEAMANAN DATA (DATA SECURITY MANAGER),memimpin perubahan
TIK.SEC0714,MANAJER KEAMANAN DATA (DATA SECURITY MANAGER),memimpin dan mengelola program keamanan data organisasi
TIK.SEC0714,MANAJER KEAMANAN DATA (DATA SECURITY MANAGER),merumuskan dan mengimplementasikan kebijakan dan prosedur keamanan data
TIK.SEC0714,MANAJER KEAMANAN DATA (DATA SECURITY MANAGER),melakukan penilaian dan audit keamanan data
TIK.SEC0714,MANAJER KEAMANAN DATA (DATA SECURITY MANAGER),mengelola risiko keamanan data
TIK.SEC0714,MANAJER KEAMANAN DATA (DATA SECURITY MANAGER),membangun dan memelihara kepercayaan dan kepatuhan terhadap peraturan keamanan data
TIK.SEC0714,MANAJER KEAMANAN DATA (DATA SECURITY MANAGER),kemampuan untuk memahami dan memitigasi risiko keamanan data;
TIK.SEC0714,MANAJER KEAMANAN DATA (DATA SECURITY MANAGER),kemampuan untuk berkomunikasi secara efektif dengan berbagai pemangku kepentingan;
TIK.SEC0714,MANAJER KEAMANAN DATA (DATA SECURITY MANAGER),kemampuan untuk bekerja secara mandiri dan sebagai bagian dari tim.
TIK.SEC0714,MANAJER KEAMANAN DATA (DATA SECURITY MANAGER),develop it strategic and action plans
TIK.SEC0714,MANAJER KEAMANAN DATA (DATA SECURITY MANAGER),"manage copyright, ethics and privacy in an it environment"
TIK.SEC0714,MANAJER KEAMANAN DATA (DATA SECURITY MANAGER),design and configure secure integrated wireless systems
TIK.SEC0714,MANAJER KEAMANAN DATA (DATA SECURITY MANAGER),manage and control it project risks
TIK.SEC0714,MANAJER KEAMANAN DATA (DATA SECURITY MANAGER),manage and communicate it solutions
TIK.SEC0715,MANAJER KEAMANAN DAN WORKSTATION (SECURITY AND WORKSTATIONS MANAGER),"orang yang bertanggung jawab atas pengelolaan dan pengawasan keamanan informasi serta infrastruktur teknologi di sebuah organisasi. peran ini mencakup perlindungan terhadap data sensitif, sistem komputer, dan jaringan agar tetap aman dan terhindar dari ancaman keamanan."
TIK.SEC0715,MANAJER KEAMANAN DAN WORKSTATION (SECURITY AND WORKSTATIONS MANAGER),pengelolaan keamanan workstation
TIK.SEC0715,MANAJER KEAMANAN DAN WORKSTATION (SECURITY AND WORKSTATIONS MANAGER),manajemen keamanan jaringan
TIK.SEC0715,MANAJER KEAMANAN DAN WORKSTATION (SECURITY AND WORKSTATIONS MANAGER),berintegritas
TIK.SEC0715,MANAJER KEAMANAN DAN WORKSTATION (SECURITY AND WORKSTATIONS MANAGER),analitis
TIK.SEC0715,MANAJER KEAMANAN DAN WORKSTATION (SECURITY AND WORKSTATIONS MANAGER),mengatasi masalah (problem-solving)
TIK.SEC0715,MANAJER KEAMANAN DAN WORKSTATION (SECURITY AND WORKSTATIONS MANAGER),merencanakan dan mengorganisasi pekerjaan
TIK.SEC0715,MANAJER KEAMANAN DAN WORKSTATION (SECURITY AND WORKSTATIONS MANAGER),memimpin tim
TIK.SEC0715,MANAJER KEAMANAN DAN WORKSTATION (SECURITY AND WORKSTATIONS MANAGER),bertanggung jawab
TIK.SEC0715,MANAJER KEAMANAN DAN WORKSTATION (SECURITY AND WORKSTATIONS MANAGER),mampu mengarahkan dan mempunyai visi
TIK.SEC0715,MANAJER KEAMANAN DAN WORKSTATION (SECURITY AND WORKSTATIONS MANAGER),memberi motivasi
TIK.SEC0715,MANAJER KEAMANAN DAN WORKSTATION (SECURITY AND WORKSTATIONS MANAGER),memimpin perubahan
TIK.SEC0715,MANAJER KEAMANAN DAN WORKSTATION (SECURITY AND WORKSTATIONS MANAGER),memimpin dan mengelola tim yang bertanggung jawab untuk keamanan dan manajemen workstation
TIK.SEC0715,MANAJER KEAMANAN DAN WORKSTATION (SECURITY AND WORKSTATIONS MANAGER),merumuskan dan mengimplementasikan kebijakan dan prosedur keamanan workstation
TIK.SEC0715,MANAJER KEAMANAN DAN WORKSTATION (SECURITY AND WORKSTATIONS MANAGER),melakukan audit dan evaluasi keamanan workstation
TIK.SEC0715,MANAJER KEAMANAN DAN WORKSTATION (SECURITY AND WORKSTATIONS MANAGER),mengawasi dan memantau sistem keamanan workstation
TIK.SEC0715,MANAJER KEAMANAN DAN WORKSTATION (SECURITY AND WORKSTATIONS MANAGER),menangani insiden keamanan workstation
TIK.SEC0715,MANAJER KEAMANAN DAN WORKSTATION (SECURITY AND WORKSTATIONS MANAGER),memiliki kemampuan komunikasi dan interpersonal yang baik.
TIK.SEC0715,MANAJER KEAMANAN DAN WORKSTATION (SECURITY AND WORKSTATIONS MANAGER),manage innovation and continuous improvement (mengelola inovasi dan peningkatan berkelanjutan)
TIK.SEC0715,MANAJER KEAMANAN DAN WORKSTATION (SECURITY AND WORKSTATIONS MANAGER),manage the use of appropriate development methodologies
TIK.SEC0715,MANAJER KEAMANAN DAN WORKSTATION (SECURITY AND WORKSTATIONS MANAGER),identify and implement business innovation
TIK.SEC0715,MANAJER KEAMANAN DAN WORKSTATION (SECURITY AND WORKSTATIONS MANAGER),implement a knowledge management strategy
TIK.SEC0715,MANAJER KEAMANAN DAN WORKSTATION (SECURITY AND WORKSTATIONS MANAGER),interact with clients on a business level
TIK.SEC0715,MANAJER KEAMANAN DAN WORKSTATION (SECURITY AND WORKSTATIONS MANAGER),lead the evaluation and implementation of current industry-specific technologies
TIK.SEC0715,MANAJER KEAMANAN DAN WORKSTATION (SECURITY AND WORKSTATIONS MANAGER),"manage copyright, ethics and privacy in an it environment"
TIK.SEC0715,MANAJER KEAMANAN DAN WORKSTATION (SECURITY AND WORKSTATIONS MANAGER),design and implement a security system
TIK.SEC0715,MANAJER KEAMANAN DAN WORKSTATION (SECURITY AND WORKSTATIONS MANAGER),"plan, configure and test advanced server based security"
TIK.SEC0715,MANAJER KEAMANAN DAN WORKSTATION (SECURITY AND WORKSTATIONS MANAGER),implement voice applications over secure wireless networks
TIK.SEC0715,MANAJER KEAMANAN DAN WORKSTATION (SECURITY AND WORKSTATIONS MANAGER),design and implement wireless network security
TIK.SEC0715,MANAJER KEAMANAN DAN WORKSTATION (SECURITY AND WORKSTATIONS MANAGER),manage it security
TIK.SEC0715,MANAJER KEAMANAN DAN WORKSTATION (SECURITY AND WORKSTATIONS MANAGER),"manage security, privacy and compliance of cloud service deployment"
TIK.SEC0715,MANAJER KEAMANAN DAN WORKSTATION (SECURITY AND WORKSTATIONS MANAGER),manage and communicate it solutions
TIK.SEC0715,MANAJER KEAMANAN DAN WORKSTATION (SECURITY AND WORKSTATIONS MANAGER),analyse stakeholder requirements
TIK.SEC0715,MANAJER KEAMANAN DAN WORKSTATION (SECURITY AND WORKSTATIONS MANAGER),implement change-management processes
TIK.SEC0715,MANAJER KEAMANAN DAN WORKSTATION (SECURITY AND WORKSTATIONS MANAGER),produce technical solutions from business specifications
TIK.SEC0715,MANAJER KEAMANAN DAN WORKSTATION (SECURITY AND WORKSTATIONS MANAGER),mengevaluasi dan menegosiasi penawaran vendor
TIK.SEC0715,MANAJER KEAMANAN DAN WORKSTATION (SECURITY AND WORKSTATIONS MANAGER),melakukan analisa teknologi baru
TIK.SEC0715,MANAJER KEAMANAN DAN WORKSTATION (SECURITY AND WORKSTATIONS MANAGER),menentukan dan menyelesaikan masalah komputasi pada klien
TIK.SEC0715,MANAJER KEAMANAN DAN WORKSTATION (SECURITY AND WORKSTATIONS MANAGER),mengelola pekerjaan dalam proyek ti
TIK.SEC0715,MANAJER KEAMANAN DAN WORKSTATION (SECURITY AND WORKSTATIONS MANAGER),menjamin integritas informasi
TIK.SEC0715,MANAJER KEAMANAN DAN WORKSTATION (SECURITY AND WORKSTATIONS MANAGER),meningkatkan aspek ketersediaan dalam layanan ti
TIK.SEC0715,MANAJER KEAMANAN DAN WORKSTATION (SECURITY AND WORKSTATIONS MANAGER),mengatur otorisasi akses teknologi informasi
TIK.SEC0715,MANAJER KEAMANAN DAN WORKSTATION (SECURITY AND WORKSTATIONS MANAGER),menentukan arsitektur perangkat keras
TIK.SEC0715,MANAJER KEAMANAN DAN WORKSTATION (SECURITY AND WORKSTATIONS MANAGER),menentukan arsitektur perangkat lunak
TIK.SEC0715,MANAJER KEAMANAN DAN WORKSTATION (SECURITY AND WORKSTATIONS MANAGER),menyediakan manajemen teknis dari operasional teknologi informasi
TIK.SEC0716,MANAJER BUKTI DIGITAL (DIGITAL EVIDENCE MANAGER (DEM)),"orang yang melaksanakan tugas seorang ppbe dan memiliki pengetahuan, keterampilan, dan kemampuan khusus untuk menangani berbagai permasalahan teknis dalam penanganan bukti elektronik yang sesuai dengan kebutuhan penanganan perkara."
TIK.SEC0716,MANAJER BUKTI DIGITAL (DIGITAL EVIDENCE MANAGER (DEM)),berintegritas
TIK.SEC0716,MANAJER BUKTI DIGITAL (DIGITAL EVIDENCE MANAGER (DEM)),profesional
TIK.SEC0716,MANAJER BUKTI DIGITAL (DIGITAL EVIDENCE MANAGER (DEM)),tidak memihak
TIK.SEC0716,MANAJER BUKTI DIGITAL (DIGITAL EVIDENCE MANAGER (DEM)),analitis
TIK.SEC0716,MANAJER BUKTI DIGITAL (DIGITAL EVIDENCE MANAGER (DEM)),berorientasi pada detail
TIK.SEC0716,MANAJER BUKTI DIGITAL (DIGITAL EVIDENCE MANAGER (DEM)),bekerja dalam tim
TIK.SEC0716,MANAJER BUKTI DIGITAL (DIGITAL EVIDENCE MANAGER (DEM)),"melaksanakan tugas ppbe dan memiliki pengetahuan, keterampilan, dan kemampuan khusus untuk menangani berbagai permasalahan teknis"
TIK.SEC0716,MANAJER BUKTI DIGITAL (DIGITAL EVIDENCE MANAGER (DEM)),"memiliki keterampilan khusus tambahan seperti akuisisi jaringan, akuisisi ram, dan pengetahuan mengenai perangkat lunak sistem operasi atau mainframe"
TIK.SEC0716,MANAJER BUKTI DIGITAL (DIGITAL EVIDENCE MANAGER (DEM)),menjalankan fungsi penerimaan barang bukti dan sebagai pengurus utama barang bukti digital yang diterima oleh digital forensik
TIK.SEC0716,MANAJER BUKTI DIGITAL (DIGITAL EVIDENCE MANAGER (DEM)),"mempersiapkan dokumentasi bukti kasus, memberi label dan memotret bukti yang masuk dan menyiapkan file kasus"
TIK.SEC0716,MANAJER BUKTI DIGITAL (DIGITAL EVIDENCE MANAGER (DEM)),membuat dan memelihara dokumentasi mengenai aktivitas penanganan dan pergerakan bukti elektronik
TIK.SEC0716,MANAJER BUKTI DIGITAL (DIGITAL EVIDENCE MANAGER (DEM)),"melakukan audit berkala terhadap barang bukti, peralatan, personil, dan catatan kasus"
TIK.SEC0716,MANAJER BUKTI DIGITAL (DIGITAL EVIDENCE MANAGER (DEM)),sudah menjadi penangan pertama bukti elektronik (ppbe)/digital evidence first responder (defr) paling sedikit 3 (tiga) tahun;
TIK.SEC0716,MANAJER BUKTI DIGITAL (DIGITAL EVIDENCE MANAGER (DEM)),memiliki pemahaman teknis dan hukum yang memadai untuk menangani bukti elektronik potensial secara tepat;
TIK.SEC0716,MANAJER BUKTI DIGITAL (DIGITAL EVIDENCE MANAGER (DEM)),menyalin data elektronik dengan kondisi khusus
TIK.SEC0716,MANAJER BUKTI DIGITAL (DIGITAL EVIDENCE MANAGER (DEM)),memberi dukungan teknis lanjutan
TIK.SEC0716,MANAJER BUKTI DIGITAL (DIGITAL EVIDENCE MANAGER (DEM)),menyegel data elektronik yang telah diakuisisi dengan menggunakan fungsi verifikasi
TIK.SEC0716,MANAJER BUKTI DIGITAL (DIGITAL EVIDENCE MANAGER (DEM)),"mengamankan bukti elektronik dengan menerapkan prinsip kerahasiaan, integritas, dan ketersediaan"
TIK.SEC0716,MANAJER BUKTI DIGITAL (DIGITAL EVIDENCE MANAGER (DEM)),mengemas bukti elektronik
TIK.SEC0601,ANALIS KEAMANAN SIBER (CYBERSECURITY ANALYST),"merupakan seseorang yang memiliki kemampuan dan keterampilan untuk menindaklanjuti tiket insiden, menganalisis insiden, memantau penanganan insiden dan ancaman keamanan dalam suatu organisasi, serta bertugas untuk melaksanakan prosedur-prosedur dan perintah dari pejabat di atasnya pada pusat operasi keamanan/security operation center."
TIK.SEC0601,ANALIS KEAMANAN SIBER (CYBERSECURITY ANALYST),perencanaan program penanganan dan eskalasi insiden
TIK.SEC0601,ANALIS KEAMANAN SIBER (CYBERSECURITY ANALYST),analisis insiden keamanan
TIK.SEC0601,ANALIS KEAMANAN SIBER (CYBERSECURITY ANALYST),koordinasi teknis penanganan insiden
TIK.SEC0601,ANALIS KEAMANAN SIBER (CYBERSECURITY ANALYST),evaluasi insiden
TIK.SEC0601,ANALIS KEAMANAN SIBER (CYBERSECURITY ANALYST),penyediaan laporan penanganan insiden
TIK.SEC0601,ANALIS KEAMANAN SIBER (CYBERSECURITY ANALYST),berintegritas
TIK.SEC0601,ANALIS KEAMANAN SIBER (CYBERSECURITY ANALYST),mematuhi prosedur
TIK.SEC0601,ANALIS KEAMANAN SIBER (CYBERSECURITY ANALYST),berorientasi pada detail
TIK.SEC0601,ANALIS KEAMANAN SIBER (CYBERSECURITY ANALYST),komunikatif
TIK.SEC0601,ANALIS KEAMANAN SIBER (CYBERSECURITY ANALYST),mampu bekerja dalam tim
TIK.SEC0601,ANALIS KEAMANAN SIBER (CYBERSECURITY ANALYST),pengawasan penanganan insiden
TIK.SEC0601,ANALIS KEAMANAN SIBER (CYBERSECURITY ANALYST),"berkoordinasi dengan semua pihak yang terkait dalam penanganan insiden, baik internal maupun eksternal (aparat penegak hukum dan/atau media)"
TIK.SEC0601,ANALIS KEAMANAN SIBER (CYBERSECURITY ANALYST),menganalisa tren postur keamanan siber
TIK.SEC0601,ANALIS KEAMANAN SIBER (CYBERSECURITY ANALYST),berkontribusi dalam merumuskan kebijakan keamanan informasi dan memastikan implementasi kebijakan keamanan yang tepat
TIK.SEC0601,ANALIS KEAMANAN SIBER (CYBERSECURITY ANALYST),"mengembangkan kebijakan keamanan, mengelola akses pengguna, mengamankan sistem dan jaringan, serta melaksanakan solusi keamanan seperti firewalls, antivirus, dan sistem deteksi intrusi"
TIK.SEC0601,ANALIS KEAMANAN SIBER (CYBERSECURITY ANALYST),"membantu pelaksanaan penilaian risiko, menganalisis data log dan lalu lintas jaringan, serta melakukan pemantauan berkelanjutan untuk mengidentifikasi indikasi serangan atau aktivitas mencurigakan"
TIK.SEC0601,ANALIS KEAMANAN SIBER (CYBERSECURITY ANALYST),"mengidentifikasi dan memvalidasi serangan, mengisolasi dan memulihkan sistem yang terdampak, serta mengoordinasikan respons darurat dengan tim penanggulangan insiden"
TIK.SEC0601,ANALIS KEAMANAN SIBER (CYBERSECURITY ANALYST),"membantu dalam mengidentifikasi aset informasi yang penting, ancaman dan kerentanan yang mungkin ada, serta memahami dampak bisnis yang mungkin timbul dari serangan keamanan"
TIK.SEC0601,ANALIS KEAMANAN SIBER (CYBERSECURITY ANALYST),mengambil langkah-langkah untuk merespons secara cepat dan efektif serta membantu dalam memulihkan sistem dan data yang terdampak
TIK.SEC0601,ANALIS KEAMANAN SIBER (CYBERSECURITY ANALYST),mengambil tindakan yang diperlukan yang dianggap sesuai dalam merespon insiden
TIK.SEC0601,ANALIS KEAMANAN SIBER (CYBERSECURITY ANALYST),memiliki dasar pengetahuan tentang cara kerja sistem komputer dan aplikasinya;
TIK.SEC0601,ANALIS KEAMANAN SIBER (CYBERSECURITY ANALYST),menerapkan prinsip perlindungan informasi
TIK.SEC0601,ANALIS KEAMANAN SIBER (CYBERSECURITY ANALYST),menerapkan prinsip keamanan informasi untuk penggunaan jaringan internet
TIK.SEC0601,ANALIS KEAMANAN SIBER (CYBERSECURITY ANALYST),menerapkan prinsip keamanan informasi pada transaksi elektronik
TIK.SEC0601,ANALIS KEAMANAN SIBER (CYBERSECURITY ANALYST),menyusun rencana penerapan kebijakan keamanan informasi
TIK.SEC0601,ANALIS KEAMANAN SIBER (CYBERSECURITY ANALYST),melaksanakan pemantauan penerapan kebijakan keamanan informasi
TIK.SEC0601,ANALIS KEAMANAN SIBER (CYBERSECURITY ANALYST),mengaplikasikan ketentuan/persyaratan keamanan informasi
TIK.SEC0601,ANALIS KEAMANAN SIBER (CYBERSECURITY ANALYST),mengelola log
TIK.SEC0601,ANALIS KEAMANAN SIBER (CYBERSECURITY ANALYST),melaksanakan pencatatan aset
TIK.SEC0601,ANALIS KEAMANAN SIBER (CYBERSECURITY ANALYST),melaksanakan pengontrolan akses pengguna yang berwenang
TIK.SEC0601,ANALIS KEAMANAN SIBER (CYBERSECURITY ANALYST),mengidentifikasi serangan-serangan terhadap kontrol akses
TIK.SEC0601,ANALIS KEAMANAN SIBER (CYBERSECURITY ANALYST),melakukan instalasi software aplikasi
TIK.SEC0602,PEJABAT KESADARAN KEAMANAN SIBER (CYBERSECURITY AWARENESS OFFICER),"merupakan seseorang yang memiliki kemampuan teknis dan keahlian untuk mengimplementasikan, mengevaluasi dan melaporkan program peningkatan kesadaran keamanan informasi."
TIK.SEC0602,PEJABAT KESADARAN KEAMANAN SIBER (CYBERSECURITY AWARENESS OFFICER),menjalankan program peningkatan kesadaran keamanan siber
TIK.SEC0602,PEJABAT KESADARAN KEAMANAN SIBER (CYBERSECURITY AWARENESS OFFICER),komunikasi kesadaran keamanan siber untuk berbagai jenis golongan
TIK.SEC0602,PEJABAT KESADARAN KEAMANAN SIBER (CYBERSECURITY AWARENESS OFFICER),merancang media pembelajaran pada program peningkatan kesadaran keamanan siber
TIK.SEC0602,PEJABAT KESADARAN KEAMANAN SIBER (CYBERSECURITY AWARENESS OFFICER),berintegritas
TIK.SEC0602,PEJABAT KESADARAN KEAMANAN SIBER (CYBERSECURITY AWARENESS OFFICER),analitis
TIK.SEC0602,PEJABAT KESADARAN KEAMANAN SIBER (CYBERSECURITY AWARENESS OFFICER),sintesis
TIK.SEC0602,PEJABAT KESADARAN KEAMANAN SIBER (CYBERSECURITY AWARENESS OFFICER),mengatasi masalah (problem-solving)
TIK.SEC0602,PEJABAT KESADARAN KEAMANAN SIBER (CYBERSECURITY AWARENESS OFFICER),berorientasi pada detail
TIK.SEC0602,PEJABAT KESADARAN KEAMANAN SIBER (CYBERSECURITY AWARENESS OFFICER),merencanakan dan mengorganisasikan pekerjaan
TIK.SEC0602,PEJABAT KESADARAN KEAMANAN SIBER (CYBERSECURITY AWARENESS OFFICER),menjalankan program peningkatan kesadaran keamanan informasi
TIK.SEC0602,PEJABAT KESADARAN KEAMANAN SIBER (CYBERSECURITY AWARENESS OFFICER),mengembangkan materi kesadaran keamanan informasi
TIK.SEC0602,PEJABAT KESADARAN KEAMANAN SIBER (CYBERSECURITY AWARENESS OFFICER),melakukan penyampaian materi kesadaran keamanan informasi
TIK.SEC0602,PEJABAT KESADARAN KEAMANAN SIBER (CYBERSECURITY AWARENESS OFFICER),mengukur tingkat keberhasilan program kesadaran keamanan informasi
TIK.SEC0602,PEJABAT KESADARAN KEAMANAN SIBER (CYBERSECURITY AWARENESS OFFICER),menyusun rekomendasi perbaikan program kesadaran keamanan informasi
TIK.SEC0602,PEJABAT KESADARAN KEAMANAN SIBER (CYBERSECURITY AWARENESS OFFICER),menyusun laporan kegiatan program kesadaran keamanan informasi
TIK.SEC0603,ADMINISTRATOR KEAMANAN JARINGAN (NETWORK SECURITY ADMINISTRATOR),merupakan seseorang yang memiliki kemampuan dan keahlian untuk menganalisa ancaman keamanan baik dari dalam maupun luar jaringan dan mengembangkan kebijakan keamanan yang diperlukan sesuai kebijakan keamanan yang berlaku.
TIK.SEC0603,ADMINISTRATOR KEAMANAN JARINGAN (NETWORK SECURITY ADMINISTRATOR),memberikan dukungan teknis/menjaga sla
TIK.SEC0603,ADMINISTRATOR KEAMANAN JARINGAN (NETWORK SECURITY ADMINISTRATOR),"menyediakan layanan jaringan yang aman, handal dan terpercaya"
TIK.SEC0603,ADMINISTRATOR KEAMANAN JARINGAN (NETWORK SECURITY ADMINISTRATOR),mengelola kontrol keamanan jaringan sesuai dengan
TIK.SEC0603,ADMINISTRATOR KEAMANAN JARINGAN (NETWORK SECURITY ADMINISTRATOR),"memberikan dukungan on site maupun remote terkait keamanan siber, analisis, dan monitoring baik layanan maupun produk"
TIK.SEC0603,ADMINISTRATOR KEAMANAN JARINGAN (NETWORK SECURITY ADMINISTRATOR),mengoperasikan dan melakukan tugas administrasi pada semua network security device sesuai dengan kebijakan yang berlaku
TIK.SEC0603,ADMINISTRATOR KEAMANAN JARINGAN (NETWORK SECURITY ADMINISTRATOR),berintegritas
TIK.SEC0603,ADMINISTRATOR KEAMANAN JARINGAN (NETWORK SECURITY ADMINISTRATOR),mengikuti prosedur
TIK.SEC0603,ADMINISTRATOR KEAMANAN JARINGAN (NETWORK SECURITY ADMINISTRATOR),berorientasi pada detail
TIK.SEC0603,ADMINISTRATOR KEAMANAN JARINGAN (NETWORK SECURITY ADMINISTRATOR),mampu bekerja dalam tim
TIK.SEC0603,ADMINISTRATOR KEAMANAN JARINGAN (NETWORK SECURITY ADMINISTRATOR),melaksanakan kontrol keamanan jaringan sesuai dengan kebijakan yang berlaku
TIK.SEC0603,ADMINISTRATOR KEAMANAN JARINGAN (NETWORK SECURITY ADMINISTRATOR),memantau pengelolaan administrasi pada semua network security device sesuai dengan sop yang berlaku
TIK.SEC0603,ADMINISTRATOR KEAMANAN JARINGAN (NETWORK SECURITY ADMINISTRATOR),menyusun laporan penerapan kontrol keamanan jaringan kepada manajemen
TIK.SEC0603,ADMINISTRATOR KEAMANAN JARINGAN (NETWORK SECURITY ADMINISTRATOR),memiliki dasar pengetahuan tentang cara kerja sistem komputer dan aplikasinya;
TIK.SEC0603,ADMINISTRATOR KEAMANAN JARINGAN (NETWORK SECURITY ADMINISTRATOR),mengumpulkan data peralatan jaringan dengan teknologi yang sesuai
TIK.SEC0603,ADMINISTRATOR KEAMANAN JARINGAN (NETWORK SECURITY ADMINISTRATOR),memonitor keamanan dan pengaturan akun pengguna dalam jaringan komputer
TIK.SEC0603,ADMINISTRATOR KEAMANAN JARINGAN (NETWORK SECURITY ADMINISTRATOR),mengatasi serangan pada jaringan
TIK.SEC0603,ADMINISTRATOR KEAMANAN JARINGAN (NETWORK SECURITY ADMINISTRATOR),mengoptimalkan kinerja sistem jaringan
TIK.SEC0603,ADMINISTRATOR KEAMANAN JARINGAN (NETWORK SECURITY ADMINISTRATOR),memelihara jaringan
TIK.SEC0603,ADMINISTRATOR KEAMANAN JARINGAN (NETWORK SECURITY ADMINISTRATOR),menerapkan prinsip keamanan informasi untuk penggunaan jaringan internet
TIK.SEC0603,ADMINISTRATOR KEAMANAN JARINGAN (NETWORK SECURITY ADMINISTRATOR),mengelola log
TIK.SEC0603,ADMINISTRATOR KEAMANAN JARINGAN (NETWORK SECURITY ADMINISTRATOR),mengelola sistem pertahanan dan perlindungan keamanan informasi
TIK.SEC0603,ADMINISTRATOR KEAMANAN JARINGAN (NETWORK SECURITY ADMINISTRATOR),mengimplementasikan keamanan sistem server
TIK.SEC0603,ADMINISTRATOR KEAMANAN JARINGAN (NETWORK SECURITY ADMINISTRATOR),memantau ketersediaan sistem
TIK.SEC0603,ADMINISTRATOR KEAMANAN JARINGAN (NETWORK SECURITY ADMINISTRATOR),memantau kinerja sistem
TIK.SEC0603,ADMINISTRATOR KEAMANAN JARINGAN (NETWORK SECURITY ADMINISTRATOR),memantau keamanan sistem
TIK.SEC0604,EVALUATOR PRODUK TIK (ICT PRODUCT EVALUATOR),melaksanakan proyek evaluasi keamanan produk ict sesuai dengan evaluation assurance level (eal) yang ditentukan sesuai dengan standar standar yang diakui oleh pemerintah.
TIK.SEC0604,EVALUATOR PRODUK TIK (ICT PRODUCT EVALUATOR),membuat buku kerja evaluasi untuk setiap work unit komponen jaminan keamanan yang dievaluasi
TIK.SEC0604,EVALUATOR PRODUK TIK (ICT PRODUCT EVALUATOR),membuat evaluation observation reports (eor) untuk setiap temuan/findings pada setiap work unit komponen jaminan keamanan yang dievaluasi
TIK.SEC0604,EVALUATOR PRODUK TIK (ICT PRODUCT EVALUATOR),membuat evaluation technical reports (etr) sebagai laporan final evaluasi untuk setiap kelas jaminan keamanan yang dievaluasi
TIK.SEC0604,EVALUATOR PRODUK TIK (ICT PRODUCT EVALUATOR),melaksanakan pengujian fungsional dan penetrasi sesuai dengan test plan
TIK.SEC0604,EVALUATOR PRODUK TIK (ICT PRODUCT EVALUATOR),berintegritas
TIK.SEC0604,EVALUATOR PRODUK TIK (ICT PRODUCT EVALUATOR),analitis
TIK.SEC0604,EVALUATOR PRODUK TIK (ICT PRODUCT EVALUATOR),melaksanakan prosedur
TIK.SEC0604,EVALUATOR PRODUK TIK (ICT PRODUCT EVALUATOR),berorientasi pada detail
TIK.SEC0604,EVALUATOR PRODUK TIK (ICT PRODUCT EVALUATOR),mampu bekerja dalam tim
TIK.SEC0604,EVALUATOR PRODUK TIK (ICT PRODUCT EVALUATOR),melaksanakan pengujian atau evaluasi produk ict sesuai dengan standar common criteria
TIK.SEC0604,EVALUATOR PRODUK TIK (ICT PRODUCT EVALUATOR),"telah mengikuti pelatihan terkait common criteria foundation evaluator, skema common criteria indonesia (scci), uji penetrasi pada aplikasi mobile, web, atau iot/embedded hardware."
TIK.SEC0604,EVALUATOR PRODUK TIK (ICT PRODUCT EVALUATOR),mengelola dan mengembangkan tim
TIK.SEC0604,EVALUATOR PRODUK TIK (ICT PRODUCT EVALUATOR),merekam dan menyajikan data
TIK.SEC0604,EVALUATOR PRODUK TIK (ICT PRODUCT EVALUATOR),menggunakan software aplikasi laboratorium
TIK.SEC0604,EVALUATOR PRODUK TIK (ICT PRODUCT EVALUATOR),menganalisis data dan melaporkan hasil
TIK.SEC0604,EVALUATOR PRODUK TIK (ICT PRODUCT EVALUATOR),"melakukan penilaian kesesuaian bukti evaluasi (kelas ase, agd, alc, dan adv) sesuai dengan standar common criteria"
TIK.SEC0604,EVALUATOR PRODUK TIK (ICT PRODUCT EVALUATOR),melakukan uji fungsionalitas sesuai test plan pada kelas jaminan keamanan ate (ate.fun dan ate.ind) untuk produk ict yang dievaluasi sesuai dengan sop dan standar yang telah ditentukan
TIK.SEC0604,EVALUATOR PRODUK TIK (ICT PRODUCT EVALUATOR),melakukan uji penetrasi sesuai test plan pada kelas jaminan keamanan ava untuk produk ict yang dievaluasi sesuai dengan sop dan standar yang telah ditentukan
TIK.SEC0604,EVALUATOR PRODUK TIK (ICT PRODUCT EVALUATOR),membuat test plan khusus kelas pengujian ate (functional test) dan pengujian ava (penetration test) berdasarkan common evaluation methodology (cem)
TIK.SEC0605,ADMINISTRATOR KEAMANAN SIBER (CYBERSECURITY ADMINISTRATOR),merupakan seseorang yang memiliki kemampuan dan keterampilan untuk melaksanakan implementasi dan membuat laporan pelaksanaan program keamanan siber sesuai rencana implementasi manajemen risiko yang sudah ditetapkan.
TIK.SEC0605,ADMINISTRATOR KEAMANAN SIBER (CYBERSECURITY ADMINISTRATOR),mengimplementasikan program keamanan siber
TIK.SEC0605,ADMINISTRATOR KEAMANAN SIBER (CYBERSECURITY ADMINISTRATOR),mendokumentasikan pelaksanaan program keamanan siber
TIK.SEC0605,ADMINISTRATOR KEAMANAN SIBER (CYBERSECURITY ADMINISTRATOR),menyusun laporan pelaksanaan program keamanan siber
TIK.SEC0605,ADMINISTRATOR KEAMANAN SIBER (CYBERSECURITY ADMINISTRATOR),berintegritas
TIK.SEC0605,ADMINISTRATOR KEAMANAN SIBER (CYBERSECURITY ADMINISTRATOR),mematuhi prosedur
TIK.SEC0605,ADMINISTRATOR KEAMANAN SIBER (CYBERSECURITY ADMINISTRATOR),berorientasi pada detail
TIK.SEC0605,ADMINISTRATOR KEAMANAN SIBER (CYBERSECURITY ADMINISTRATOR),komunikatif
TIK.SEC0605,ADMINISTRATOR KEAMANAN SIBER (CYBERSECURITY ADMINISTRATOR),mampu bekerja dalam tim
TIK.SEC0605,ADMINISTRATOR KEAMANAN SIBER (CYBERSECURITY ADMINISTRATOR),mengimplementasikan program keamanan siber berdasarkan rencana mitigasi risiko siber dan tata kelola keamanan siber
TIK.SEC0605,ADMINISTRATOR KEAMANAN SIBER (CYBERSECURITY ADMINISTRATOR),melaksanakan kebijakan keamanan informasi dalam sistem elektronik
TIK.SEC0605,ADMINISTRATOR KEAMANAN SIBER (CYBERSECURITY ADMINISTRATOR),"menerapkan keamanan dalam siklus informasi mulai dari klasifikasi, kategorisasi, dan penanggung jawab"
TIK.SEC0605,ADMINISTRATOR KEAMANAN SIBER (CYBERSECURITY ADMINISTRATOR),menjalankan prosedur dan menerapkan standar keamanan informasi yang berlaku
TIK.SEC0605,ADMINISTRATOR KEAMANAN SIBER (CYBERSECURITY ADMINISTRATOR),memiliki dasar pengetahuan tentang cara kerja sistem komputer dan aplikasinya;
TIK.SEC0605,ADMINISTRATOR KEAMANAN SIBER (CYBERSECURITY ADMINISTRATOR),menerapkan prinsip perlindungan informasi
TIK.SEC0605,ADMINISTRATOR KEAMANAN SIBER (CYBERSECURITY ADMINISTRATOR),melaksanakan pemantauan penerapan kebijakan keamanan informasi
TIK.SEC0605,ADMINISTRATOR KEAMANAN SIBER (CYBERSECURITY ADMINISTRATOR),mengklasifikasikan informasi yang bersifat rahasia
TIK.SEC0605,ADMINISTRATOR KEAMANAN SIBER (CYBERSECURITY ADMINISTRATOR),mengimplementasikan prosedur keamanan informasi dalam kegiatan pengadaan
TIK.SEC0605,ADMINISTRATOR KEAMANAN SIBER (CYBERSECURITY ADMINISTRATOR),menerapkan standar-standar keamanan informasi yang berlaku
TIK.SEC0605,ADMINISTRATOR KEAMANAN SIBER (CYBERSECURITY ADMINISTRATOR),mengelola audit keamanan informasi
TIK.SEC0605,ADMINISTRATOR KEAMANAN SIBER (CYBERSECURITY ADMINISTRATOR),mengimplementasikan konfigurasi keamanan informasi
TIK.SEC0606,ANALIS KRIPTOGRAFI (CRYPTOGRAPHIC ANALYST),"orang yang membutuhkan kemampuan mengaplikasikan ilmu pengetahuan dan teknologi bidang kriptografi dalam penyelesaian masalah; menguasai konsep teoritis bidang kriptografi secara mendalam, mengambil keputusan yang tepat berdasarkan analisis informasi dan data; mampu memberikan petunjuk dalam memilih berbagai alternatif solusi secara mandiri maupun kelompok; serta bertanggung jawab pada pekerjaan sendiri dan dapat diberi tanggung jawab atas pencapaian hasil kerja organisasi."
TIK.SEC0606,ANALIS KRIPTOGRAFI (CRYPTOGRAPHIC ANALYST),melakukan identifikasi kebutuhan kekuatan keamanan yang diperlukan dalam aspek kriptografi
TIK.SEC0606,ANALIS KRIPTOGRAFI (CRYPTOGRAPHIC ANALYST),"melakukan penerapan aplikasi algoritma kriptografi, protokol kriptografi, manajemen kunci dan tanda tangan digital pada sistem elektronik"
TIK.SEC0606,ANALIS KRIPTOGRAFI (CRYPTOGRAPHIC ANALYST),tepat dalam menentukan metode pengujian berdasarkan hasil identifikasi kesesuaian metode pengujian
TIK.SEC0606,ANALIS KRIPTOGRAFI (CRYPTOGRAPHIC ANALYST),tepat dalam memverifikasi skenario pengujian sesuai dengan spesifikasi desain produk kriptografi
TIK.SEC0606,ANALIS KRIPTOGRAFI (CRYPTOGRAPHIC ANALYST),cermat dalam menganalisis data hasil pengujian sesuai dengan metode pengujian yang ditetapkan
TIK.SEC0606,ANALIS KRIPTOGRAFI (CRYPTOGRAPHIC ANALYST),tepat dalam menyusun rekomendasi perbaikan berdasarkan kerentanan produk kriptografi
TIK.SEC0606,ANALIS KRIPTOGRAFI (CRYPTOGRAPHIC ANALYST),mengidentifikasi informasi yang relevan terkait dengan desain produk kriptografi yang akan diuji
TIK.SEC0606,ANALIS KRIPTOGRAFI (CRYPTOGRAPHIC ANALYST),menelaah kesesuaian metode pengujian terhadap desain produk kriptografi
TIK.SEC0606,ANALIS KRIPTOGRAFI (CRYPTOGRAPHIC ANALYST),memilih metode pengujian
TIK.SEC0606,ANALIS KRIPTOGRAFI (CRYPTOGRAPHIC ANALYST),menganalisis metode pengujian
TIK.SEC0606,ANALIS KRIPTOGRAFI (CRYPTOGRAPHIC ANALYST),merumuskan skenario pengujian
TIK.SEC0606,ANALIS KRIPTOGRAFI (CRYPTOGRAPHIC ANALYST),menyiapkan pengujian
TIK.SEC0606,ANALIS KRIPTOGRAFI (CRYPTOGRAPHIC ANALYST),menjalankan tahapan pengujian
TIK.SEC0606,ANALIS KRIPTOGRAFI (CRYPTOGRAPHIC ANALYST),merumuskan hasil pengujian
TIK.SEC0606,ANALIS KRIPTOGRAFI (CRYPTOGRAPHIC ANALYST),mengidentifikasi kerentanan produk kriptografi
TIK.SEC0606,ANALIS KRIPTOGRAFI (CRYPTOGRAPHIC ANALYST),mengidentifikasi kebutuhan perbaikan produk kriptografi
TIK.SEC0606,ANALIS KRIPTOGRAFI (CRYPTOGRAPHIC ANALYST),membuat rekomendasi perbaikan terhadap produk kriptografi
TIK.SEC0606,ANALIS KRIPTOGRAFI (CRYPTOGRAPHIC ANALYST),mengambil keputusan yang tepat berdasarkan analisis informasi dan data
TIK.SEC0606,ANALIS KRIPTOGRAFI (CRYPTOGRAPHIC ANALYST),memberikan petunjuk dalam memilih berbagai alternatif solusi kriptografi secara mandiri dan kelompok
TIK.SEC0606,ANALIS KRIPTOGRAFI (CRYPTOGRAPHIC ANALYST),menentukan metode pengujian yang akan dilakukan
TIK.SEC0606,ANALIS KRIPTOGRAFI (CRYPTOGRAPHIC ANALYST),menyusun skenario pengujian produk kriptografi
TIK.SEC0606,ANALIS KRIPTOGRAFI (CRYPTOGRAPHIC ANALYST),melakukan pengujian terhadap produk kriptografi
TIK.SEC0606,ANALIS KRIPTOGRAFI (CRYPTOGRAPHIC ANALYST),menyusun rekomendasi berdasarkan hasil pengujian
TIK.SEC0606,ANALIS KRIPTOGRAFI (CRYPTOGRAPHIC ANALYST),melaksanakan pengujian unit program
TIK.SEC0606,ANALIS KRIPTOGRAFI (CRYPTOGRAPHIC ANALYST),melaksanakan pengujian integrasi program
TIK.SEC0606,ANALIS KRIPTOGRAFI (CRYPTOGRAPHIC ANALYST),melaksanakan pengujian program sistem
TIK.SEC0606,ANALIS KRIPTOGRAFI (CRYPTOGRAPHIC ANALYST),melaksanakan pengujian oleh pengguna (uat)
TIK.SEC0607,ANALIS MODUL KRIPTOGRAFI (CRYPTOGRAPHIC MODULE ANALYST),"orang yang membutuhkan kemampuan mengaplikasikan ilmu pengetahuan dan teknologi bidang kriptografi dalam penyelesaian masalah; menguasai konsep teoritis bidang kriptografi secara mendalam, mengambil keputusan yang tepat berdasarkan analisis informasi dan data; mampu memberikan petunjuk dalam memilih berbagai alternatif solusi secara mandiri maupun kelompok; serta bertanggung jawab pada pekerjaan sendiri dan dapat diberi tanggung jawab atas pencapaian hasil kerja organisasi."
TIK.SEC0607,ANALIS MODUL KRIPTOGRAFI (CRYPTOGRAPHIC MODULE ANALYST),"verifikasi hasil implementasi algoritma, protokol, manajemen kunci kriptografi dan tanda tangan digital"
TIK.SEC0607,ANALIS MODUL KRIPTOGRAFI (CRYPTOGRAPHIC MODULE ANALYST),membuat dokumentasi pembangunan/modifikasi implementasi flowchart/pseudocode
TIK.SEC0607,ANALIS MODUL KRIPTOGRAFI (CRYPTOGRAPHIC MODULE ANALYST),tepat dalam merumuskan rekomendasi implementasi produk kriptografi berdasarkan hasil analisis
TIK.SEC0607,ANALIS MODUL KRIPTOGRAFI (CRYPTOGRAPHIC MODULE ANALYST),tepat dalam menyusun flowchart/pseudocode berdasarkan alur sesuai format dan sistematika
TIK.SEC0607,ANALIS MODUL KRIPTOGRAFI (CRYPTOGRAPHIC MODULE ANALYST),tepat dalam menerapkan integrasi fungsi kriptografi dan pendukungnya sesuai tahapan
TIK.SEC0607,ANALIS MODUL KRIPTOGRAFI (CRYPTOGRAPHIC MODULE ANALYST),tepat dalam menentukan metode pengujian berdasarkan hasil identifikasi kesesuaian metode pengujian
TIK.SEC0607,ANALIS MODUL KRIPTOGRAFI (CRYPTOGRAPHIC MODULE ANALYST),tepat dalam memverifikasi skenario pengujian sesuai dengan spesifikasi desain produk kriptografi
TIK.SEC0607,ANALIS MODUL KRIPTOGRAFI (CRYPTOGRAPHIC MODULE ANALYST),tepat dalam menganalisis data hasil pengujian sesuai dengan metode pengujian yang ditetapkan
TIK.SEC0607,ANALIS MODUL KRIPTOGRAFI (CRYPTOGRAPHIC MODULE ANALYST),tepat dalam menyusun rekomendasi perbaikan berdasarkan kerentanan produk kriptografi
TIK.SEC0607,ANALIS MODUL KRIPTOGRAFI (CRYPTOGRAPHIC MODULE ANALYST),tepat dalam menyusun dokumentasi implementasi produk kriptografi yang sesuai dengan format dan sistematika
TIK.SEC0607,ANALIS MODUL KRIPTOGRAFI (CRYPTOGRAPHIC MODULE ANALYST),tepat dalam membuat prosedur penggunaan produk kriptografi
TIK.SEC0607,ANALIS MODUL KRIPTOGRAFI (CRYPTOGRAPHIC MODULE ANALYST),menyusun daftar fungsi kriptografi dan pendukungnya
TIK.SEC0607,ANALIS MODUL KRIPTOGRAFI (CRYPTOGRAPHIC MODULE ANALYST),melaksanakan tahapan integrasi fungsi kriptografi dan pendukungnya
TIK.SEC0607,ANALIS MODUL KRIPTOGRAFI (CRYPTOGRAPHIC MODULE ANALYST),merumuskan flowchart/pseudocode
TIK.SEC0607,ANALIS MODUL KRIPTOGRAFI (CRYPTOGRAPHIC MODULE ANALYST),menerapkan flowchart/pseudocode
TIK.SEC0607,ANALIS MODUL KRIPTOGRAFI (CRYPTOGRAPHIC MODULE ANALYST),menyusun rekomendasi implementasi produk kriptografi
TIK.SEC0607,ANALIS MODUL KRIPTOGRAFI (CRYPTOGRAPHIC MODULE ANALYST),menyiapkan format dokumentasi
TIK.SEC0607,ANALIS MODUL KRIPTOGRAFI (CRYPTOGRAPHIC MODULE ANALYST),merumuskan dokumentasi implementasi produk kriptografi
TIK.SEC0607,ANALIS MODUL KRIPTOGRAFI (CRYPTOGRAPHIC MODULE ANALYST),mengidentifikasi metode penggunaan produk kriptografi
TIK.SEC0607,ANALIS MODUL KRIPTOGRAFI (CRYPTOGRAPHIC MODULE ANALYST),merumuskan panduan penggunaan produk kriptografi
TIK.SEC0607,ANALIS MODUL KRIPTOGRAFI (CRYPTOGRAPHIC MODULE ANALYST),mengidentifikasi informasi yang relevan terkait dengan desain produk kriptografi yang akan diuji
TIK.SEC0607,ANALIS MODUL KRIPTOGRAFI (CRYPTOGRAPHIC MODULE ANALYST),menelaah kesesuaian metode pengujian terhadap desain produk kriptografi
TIK.SEC0607,ANALIS MODUL KRIPTOGRAFI (CRYPTOGRAPHIC MODULE ANALYST),memilih metode pengujian
TIK.SEC0607,ANALIS MODUL KRIPTOGRAFI (CRYPTOGRAPHIC MODULE ANALYST),menganalisis metode pengujian
TIK.SEC0607,ANALIS MODUL KRIPTOGRAFI (CRYPTOGRAPHIC MODULE ANALYST),merumuskan skenario pengujian
TIK.SEC0607,ANALIS MODUL KRIPTOGRAFI (CRYPTOGRAPHIC MODULE ANALYST),menyiapkan pengujian
TIK.SEC0607,ANALIS MODUL KRIPTOGRAFI (CRYPTOGRAPHIC MODULE ANALYST),menjalankan tahapan pengujian
TIK.SEC0607,ANALIS MODUL KRIPTOGRAFI (CRYPTOGRAPHIC MODULE ANALYST),merumuskan hasil pengujian
TIK.SEC0607,ANALIS MODUL KRIPTOGRAFI (CRYPTOGRAPHIC MODULE ANALYST),mengidentifikasi kerentanan produk kriptografi
TIK.SEC0607,ANALIS MODUL KRIPTOGRAFI (CRYPTOGRAPHIC MODULE ANALYST),mengidentifikasi kebutuhan perbaikan produk kriptografi
TIK.SEC0607,ANALIS MODUL KRIPTOGRAFI (CRYPTOGRAPHIC MODULE ANALYST),membuat rekomendasi perbaikan terhadap produk kriptografi
TIK.SEC0607,ANALIS MODUL KRIPTOGRAFI (CRYPTOGRAPHIC MODULE ANALYST),memecahkan permasalahan ilmu pengetahuan dan teknologi di dalam bidang kriptografi melalui pendekatan monodisipliner
TIK.SEC0607,ANALIS MODUL KRIPTOGRAFI (CRYPTOGRAPHIC MODULE ANALYST),mengambil keputusan strategis dengan akuntabilitas dan tanggung jawab penuh atas semua aspek yang berada di bawah tanggung jawab bidang kriptografi sub bidang pengembangan
TIK.SEC0607,ANALIS MODUL KRIPTOGRAFI (CRYPTOGRAPHIC MODULE ANALYST),melakukan integrasi fungsi kriptografi dan fungsi pendukungnya
TIK.SEC0607,ANALIS MODUL KRIPTOGRAFI (CRYPTOGRAPHIC MODULE ANALYST),melakukan implementasi rancangan teknis produk kriptografi
TIK.SEC0607,ANALIS MODUL KRIPTOGRAFI (CRYPTOGRAPHIC MODULE ANALYST),melakukan dokumentasi implementasi desain produk kriptografi
TIK.SEC0607,ANALIS MODUL KRIPTOGRAFI (CRYPTOGRAPHIC MODULE ANALYST),menyusun panduan penggunaan produk kriptografi
TIK.SEC0607,ANALIS MODUL KRIPTOGRAFI (CRYPTOGRAPHIC MODULE ANALYST),menentukan metode pengujian yang akan dilakukan
TIK.SEC0607,ANALIS MODUL KRIPTOGRAFI (CRYPTOGRAPHIC MODULE ANALYST),menyusun skenario pengujian produk kriptografi
TIK.SEC0607,ANALIS MODUL KRIPTOGRAFI (CRYPTOGRAPHIC MODULE ANALYST),melakukan pengujian terhadap produk kriptografi
TIK.SEC0607,ANALIS MODUL KRIPTOGRAFI (CRYPTOGRAPHIC MODULE ANALYST),menyusun rekomendasi berdasarkan hasil pengujian
TIK.SEC0607,ANALIS MODUL KRIPTOGRAFI (CRYPTOGRAPHIC MODULE ANALYST),mengimplementasikan algoritma pemrograman
TIK.SEC0607,ANALIS MODUL KRIPTOGRAFI (CRYPTOGRAPHIC MODULE ANALYST),melaksanakan pengujian unit program
TIK.SEC0607,ANALIS MODUL KRIPTOGRAFI (CRYPTOGRAPHIC MODULE ANALYST),melaksanakan pengujian integrasi program
TIK.SEC0607,ANALIS MODUL KRIPTOGRAFI (CRYPTOGRAPHIC MODULE ANALYST),melaksanakan pengujian program sistem
TIK.SEC0607,ANALIS MODUL KRIPTOGRAFI (CRYPTOGRAPHIC MODULE ANALYST),melaksanakan pengujian oleh pengguna (uat)
TIK.SEC0607,ANALIS MODUL KRIPTOGRAFI (CRYPTOGRAPHIC MODULE ANALYST),membuat paket instalasi perangkat lunak
TIK.SEC0607,ANALIS MODUL KRIPTOGRAFI (CRYPTOGRAPHIC MODULE ANALYST),menguji kerentanan pada objek pengujian
TIK.SEC0607,ANALIS MODUL KRIPTOGRAFI (CRYPTOGRAPHIC MODULE ANALYST),menyusun laporan hasil pengujian keamanan siber
TIK.SEC0608,ANALIS TANGGAP INSIDEN (INCIDENT RESPONSE ANALYST),"orang yang memiliki kemampuan untuk mendeteksi, menganalisis, merespon insiden siber dan memberikan rekomendasi perbaikan serta melakukan koordinasi penanganan insiden."
TIK.SEC0608,ANALIS TANGGAP INSIDEN (INCIDENT RESPONSE ANALYST),berintegritas
TIK.SEC0608,ANALIS TANGGAP INSIDEN (INCIDENT RESPONSE ANALYST),mematuhi prosedur
TIK.SEC0608,ANALIS TANGGAP INSIDEN (INCIDENT RESPONSE ANALYST),berorientasi pada detail
TIK.SEC0608,ANALIS TANGGAP INSIDEN (INCIDENT RESPONSE ANALYST),tidak memihak
TIK.SEC0608,ANALIS TANGGAP INSIDEN (INCIDENT RESPONSE ANALYST),komunikatif
TIK.SEC0608,ANALIS TANGGAP INSIDEN (INCIDENT RESPONSE ANALYST),mampu bekerja dalam tim
TIK.SEC0608,ANALIS TANGGAP INSIDEN (INCIDENT RESPONSE ANALYST),melakukan penanganan insiden siber
TIK.SEC0608,ANALIS TANGGAP INSIDEN (INCIDENT RESPONSE ANALYST),"berkoordinasi dengan semua pihak yang terkait dalam penanganan insiden, baik internal maupun eksternal (aparat penegak hukum dan/atau media)"
TIK.SEC0608,ANALIS TANGGAP INSIDEN (INCIDENT RESPONSE ANALYST),menganalisa trend postur keamanan siber
TIK.SEC0608,ANALIS TANGGAP INSIDEN (INCIDENT RESPONSE ANALYST),melakukan pencadangan data security operations center (soc)
TIK.SEC0608,ANALIS TANGGAP INSIDEN (INCIDENT RESPONSE ANALYST),mengkomunikasikan penanganan insiden keamanan siber dan manajemen krisis
TIK.SEC0608,ANALIS TANGGAP INSIDEN (INCIDENT RESPONSE ANALYST),melakukan investigasi modus operandi insiden keamanan siber
TIK.SEC0608,ANALIS TANGGAP INSIDEN (INCIDENT RESPONSE ANALYST),mengidentifikasi solusi teknis terhadap insiden keamanan siber yang terjadi
TIK.SEC0608,ANALIS TANGGAP INSIDEN (INCIDENT RESPONSE ANALYST),mengisolasi aset teknologi informasi (ti) yang terdampak untuk menghentikan insiden keamanan siber
TIK.SEC0608,ANALIS TANGGAP INSIDEN (INCIDENT RESPONSE ANALYST),melakukan terminasi layanan aset teknologi informasi (ti) terdampak insiden untuk perbaikan
TIK.SEC0608,ANALIS TANGGAP INSIDEN (INCIDENT RESPONSE ANALYST),menganalisis dampak insiden keamanan siber
TIK.SEC0608,ANALIS TANGGAP INSIDEN (INCIDENT RESPONSE ANALYST),membuat rekomendasi perbaikan setelah insiden keamanan siber
TIK.SEC0609,ANALIS SOC TINGKAT 3 (L3 SOC ANALYST),"orang yang mampu mengaplikasikan bidang security operation center dan memanfaatkan ilmu pengetahuan, teknologi, dan/atau seni pada bidang security operation center dalam penyelesaian masalah serta mampu beradaptasi terhadap situasi yang dihadapi; menguasai konsep teoritis bidang pengetahuan security operation center secara umum dan konsep teoritis bagian khusus dalam bidang security operation center secara mendalam, serta mampu memformulasikan penyelesaian masalah prosedural; mampu mengambil keputusan yang tepat berdasarkan analisis informasi dan data, dan mampu memberikan petunjuk dalam memilih berbagai alternatif solusi security operation center secara mandiri dan kelompok; bertanggung jawab pada pekerjaan sendiri dan dapat diberi tanggung jawab atas pencapaian hasil kerja tim security operation center."
TIK.SEC0609,ANALIS SOC TINGKAT 3 (L3 SOC ANALYST),membantu soc manager dalam pelaksanaan security operation center
TIK.SEC0609,ANALIS SOC TINGKAT 3 (L3 SOC ANALYST),cermat dalam mengidentifikasi kebutuhan ragam prosedur pada setiap tahapan proses bisnis berdasarkan standar dan best practice
TIK.SEC0609,ANALIS SOC TINGKAT 3 (L3 SOC ANALYST),cermat dalam mengidentifikasi pencadangan data soc berdasarkan kebijakan retensi data organisasi
TIK.SEC0609,ANALIS SOC TINGKAT 3 (L3 SOC ANALYST),tepat dalam melakukan prosedur pencadangan berdasarkan kebijakan yang ditentukan
TIK.SEC0609,ANALIS SOC TINGKAT 3 (L3 SOC ANALYST),mampu dalam komunikasi penanganan insiden keamanan siber kepada pihak terkait yang berdasarkan tujuan komunikasi
TIK.SEC0609,ANALIS SOC TINGKAT 3 (L3 SOC ANALYST),tepat dalam menentukan langkah-langkah komunikasi manajemen krisis sesuai prosedur komunikasi manajemen krisis
TIK.SEC0609,ANALIS SOC TINGKAT 3 (L3 SOC ANALYST),tepat dalam menganalisis log dan traffic dari aset ti yang terdampak berdasarkan parameter kewajaran
TIK.SEC0609,ANALIS SOC TINGKAT 3 (L3 SOC ANALYST),tepat dalam menentukan modus operandi sesuai dengan hasil analisis
TIK.SEC0609,ANALIS SOC TINGKAT 3 (L3 SOC ANALYST),tepat dalam mengidentifikasi penyebab atau sumber insiden yang terjadi berdasarkan informasi insiden keamanan siber
TIK.SEC0609,ANALIS SOC TINGKAT 3 (L3 SOC ANALYST),tepat dalam memberikan rekomendasi solusi teknis berdasarkan hasil analisis kepada pihak terkait
TIK.SEC0609,ANALIS SOC TINGKAT 3 (L3 SOC ANALYST),tepat dalam melakukan isolasi terhadap aset ti yang terdampak berdasarkan prosedur dan kewenangan sesuai dengan kesepakatan antara bisnis manajer dengan tim tanggap insiden keamanan siber
TIK.SEC0609,ANALIS SOC TINGKAT 3 (L3 SOC ANALYST),tepat dalam melakukan terminasi terhadap aset ti yang terdampak berdasarkan prosedur dan kewenangan yang diberikan
TIK.SEC0609,ANALIS SOC TINGKAT 3 (L3 SOC ANALYST),tepat dalam menganalisis strategi penerapan perbaikan sistem setelah insiden keamanan siber berdasarkan tingkat keberhasilan
TIK.SEC0609,ANALIS SOC TINGKAT 3 (L3 SOC ANALYST),mampu dalam membuat daftar pembelajaran berdasarkan penanganan insiden keamanan siber sebelumnya
TIK.SEC0609,ANALIS SOC TINGKAT 3 (L3 SOC ANALYST),mengidentifikasikan proses bisnis penanganan insiden keamanan siber
TIK.SEC0609,ANALIS SOC TINGKAT 3 (L3 SOC ANALYST),mengidentifikasi prosedur yang dibutuhkan dalam setiap tahap penanganan insiden keamanan siber
TIK.SEC0609,ANALIS SOC TINGKAT 3 (L3 SOC ANALYST),membuat prosedur penanganan insiden keamanan siber
TIK.SEC0609,ANALIS SOC TINGKAT 3 (L3 SOC ANALYST),menyiapkan pencadangan data
TIK.SEC0609,ANALIS SOC TINGKAT 3 (L3 SOC ANALYST),melaksanakan pencadangan data
TIK.SEC0609,ANALIS SOC TINGKAT 3 (L3 SOC ANALYST),melaksanakan pemulihan pencadangan data
TIK.SEC0609,ANALIS SOC TINGKAT 3 (L3 SOC ANALYST),melaksanakan penghapusan data yang sudah melalui masa retensi
TIK.SEC0609,ANALIS SOC TINGKAT 3 (L3 SOC ANALYST),melaksanakan prosedur komunikasi penanganan insiden keamanan siber yang telah ditentukan
TIK.SEC0609,ANALIS SOC TINGKAT 3 (L3 SOC ANALYST),melakukan komunikasi penanganan insiden keamanan siber kepada pihak terkait
TIK.SEC0609,ANALIS SOC TINGKAT 3 (L3 SOC ANALYST),melaksanakan prosedur komunikasi manajemen krisis apabila keadaan tidak terkendali
TIK.SEC0609,ANALIS SOC TINGKAT 3 (L3 SOC ANALYST),melaksanakan prosedur awal penanganan insiden keamanan siber
TIK.SEC0609,ANALIS SOC TINGKAT 3 (L3 SOC ANALYST),melakukan analisis modus serangan
TIK.SEC0609,ANALIS SOC TINGKAT 3 (L3 SOC ANALYST),mendokumentasikan kegiatan
TIK.SEC0609,ANALIS SOC TINGKAT 3 (L3 SOC ANALYST),melakukan analisis terhadap insiden keamanan siber yang terjadi berdasarkan data yang dikumpulkan
TIK.SEC0609,ANALIS SOC TINGKAT 3 (L3 SOC ANALYST),memberikan rekomendasi solusi teknis
TIK.SEC0609,ANALIS SOC TINGKAT 3 (L3 SOC ANALYST),menentukan apakah insiden keamanan siber dapat diisolasi
TIK.SEC0609,ANALIS SOC TINGKAT 3 (L3 SOC ANALYST),melakukan isolasi terhadap aset ti terdampak 222
TIK.SEC0609,ANALIS SOC TINGKAT 3 (L3 SOC ANALYST),melakukan penghentian insiden keamanan siber
TIK.SEC0609,ANALIS SOC TINGKAT 3 (L3 SOC ANALYST),melakukan pencabutan isolasi terhadap aset ti yang terdampak insiden
TIK.SEC0609,ANALIS SOC TINGKAT 3 (L3 SOC ANALYST),menentukan titik awal insiden keamanan siber
TIK.SEC0609,ANALIS SOC TINGKAT 3 (L3 SOC ANALYST),melakukan terminasi terhadap aset ti yang terdampak
TIK.SEC0609,ANALIS SOC TINGKAT 3 (L3 SOC ANALYST),melakukan proses pencabutan terminasi
TIK.SEC0609,ANALIS SOC TINGKAT 3 (L3 SOC ANALYST),mengukur efektivitas dari strategi yang disiapkan dalam menghadapi insiden keamanan siber
TIK.SEC0609,ANALIS SOC TINGKAT 3 (L3 SOC ANALYST),mengidentifikasi kebutuhan perbaikan strategi penanganan insiden keamanan siber
TIK.SEC0609,ANALIS SOC TINGKAT 3 (L3 SOC ANALYST),membuat rekomendasi perbaikan setelah insiden keamanan siber
TIK.SEC0609,ANALIS SOC TINGKAT 3 (L3 SOC ANALYST),mengambil keputusan yang tepat berdasarkan analisis informasi dan data
TIK.SEC0609,ANALIS SOC TINGKAT 3 (L3 SOC ANALYST),memberikan petunjuk dalam memilih berbagai alternatif solusi security operation center secara mandiri dan kelompok
TIK.SEC0609,ANALIS SOC TINGKAT 3 (L3 SOC ANALYST),menyusun prosedur penanganan insiden keamanan siber
TIK.SEC0609,ANALIS SOC TINGKAT 3 (L3 SOC ANALYST),melakukan pencadangan data security operations center (soc)
TIK.SEC0609,ANALIS SOC TINGKAT 3 (L3 SOC ANALYST),mengkomunikasikan penanganan insiden keamanan siber dan manajemen krisis
TIK.SEC0609,ANALIS SOC TINGKAT 3 (L3 SOC ANALYST),melakukan investigasi modus operandi insiden keamanan siber
TIK.SEC0609,ANALIS SOC TINGKAT 3 (L3 SOC ANALYST),mengidentifikasi solusi teknis terhadap insiden keamanan siber yang terjadi
TIK.SEC0609,ANALIS SOC TINGKAT 3 (L3 SOC ANALYST),mengisolasi aset teknologi informasi (ti) yang terdampak untuk menghentikan insiden keamanan siber
TIK.SEC0609,ANALIS SOC TINGKAT 3 (L3 SOC ANALYST),melakukan terminasi layanan aset teknologi informasi (ti) terdampak insiden untuk perbaikan
TIK.SEC0609,ANALIS SOC TINGKAT 3 (L3 SOC ANALYST),membuat rekomendasi perbaikan setelah insiden keamanan siber
TIK.SEC0609,ANALIS SOC TINGKAT 3 (L3 SOC ANALYST),melakukan analisis keamanan siber terhadap insiden keamanan siber untuk menentukan kendali
TIK.SEC0609,ANALIS SOC TINGKAT 3 (L3 SOC ANALYST),mengelompokkan insiden keamanan siber yang terjadi sesuai dengan tingkat kegentingan
TIK.SEC0609,ANALIS SOC TINGKAT 3 (L3 SOC ANALYST),menganalisis dampak insiden keamanan siber
TIK.SEC0609,ANALIS SOC TINGKAT 3 (L3 SOC ANALYST),menguji kerentanan pada obyek pengujian
TIK.SEC0610,SUPERVISOR AUDIT KEAMANAN INFORMASI (INFORMATION SECURITY AUDIT SUPERVISOR),"orang yang mampu mengaplikasikan bidang keahliannya dan memanfaatkan ilmu pengetahuan, teknologi, dan/atau seni pada bidang audit keamanan informasi dalam penyelesaian masalah serta mampu beradaptasi terhadap situasi yang dihadapi; menguasai konsep teoritis bidang pengetahuan audit keamanan informasi secara umum dan konsep teoritis bagian khusus dalam bidang pengetahuan audit keamanan informasi secara mendalam, serta mampu memformulasikan penyelesaian masalah prosedural; mampu mengambil keputusan yang tepat berdasarkan analisis informasi dan data, dan mampu memberikan petunjuk dalam memilih berbagai alternatif solusi secara mandiri dan kelompok; bertanggung jawab pada pekerjaan sendiri dan dapat diberi tanggung jawab atas pencapaian hasil kerja organisasi."
TIK.SEC0610,SUPERVISOR AUDIT KEAMANAN INFORMASI (INFORMATION SECURITY AUDIT SUPERVISOR),mensupervisi auditor keamanan informasi dalam pelaksanaan audit keamanan informasi
TIK.SEC0610,SUPERVISOR AUDIT KEAMANAN INFORMASI (INFORMATION SECURITY AUDIT SUPERVISOR),tepat dalam membuat catatan supervisi informasi sesuai dengan realisasi pelaksanaan prosedur audit keamanan informasi
TIK.SEC0610,SUPERVISOR AUDIT KEAMANAN INFORMASI (INFORMATION SECURITY AUDIT SUPERVISOR),tepat dalam membuat catatan supervisi kecukupan teknis sesuai dengan realisasi pelaksanaan prosedur audit keamanan informasi dan penilaian kelayakan teknis prosedur yang telah dijalankan
TIK.SEC0610,SUPERVISOR AUDIT KEAMANAN INFORMASI (INFORMATION SECURITY AUDIT SUPERVISOR),tepat dalam mengevaluasi kelayakan dokumentasi kertas kerja
TIK.SEC0610,SUPERVISOR AUDIT KEAMANAN INFORMASI (INFORMATION SECURITY AUDIT SUPERVISOR),audit keamanan informasi dievaluasi sesuai dengan prosedur dokumentasi kertas kerja audit keamanan informasi
TIK.SEC0610,SUPERVISOR AUDIT KEAMANAN INFORMASI (INFORMATION SECURITY AUDIT SUPERVISOR),tepat dalam mengevaluasi kelayakan dokumentasi bukti audit keamanan informasi sesuai dengan prosedur dokumentasi bukti audit keamanan informasi
TIK.SEC0610,SUPERVISOR AUDIT KEAMANAN INFORMASI (INFORMATION SECURITY AUDIT SUPERVISOR),menelaah prosedur aki yang direncanakan
TIK.SEC0610,SUPERVISOR AUDIT KEAMANAN INFORMASI (INFORMATION SECURITY AUDIT SUPERVISOR),mengevaluasi pelaksanaan prosedur aki dengan rencana aki
TIK.SEC0610,SUPERVISOR AUDIT KEAMANAN INFORMASI (INFORMATION SECURITY AUDIT SUPERVISOR),menentukan aspek aspek teknis dari prosedur aki
TIK.SEC0610,SUPERVISOR AUDIT KEAMANAN INFORMASI (INFORMATION SECURITY AUDIT SUPERVISOR),menganalisis kecukupan teknis prosedur aki
TIK.SEC0610,SUPERVISOR AUDIT KEAMANAN INFORMASI (INFORMATION SECURITY AUDIT SUPERVISOR),menentukan kertas kerja aki yang akan disupervisi
TIK.SEC0610,SUPERVISOR AUDIT KEAMANAN INFORMASI (INFORMATION SECURITY AUDIT SUPERVISOR),menganalisis kelayakan kertas kerja aki yang telah dibuat
TIK.SEC0610,SUPERVISOR AUDIT KEAMANAN INFORMASI (INFORMATION SECURITY AUDIT SUPERVISOR),menentukan bukti aki yang akan disupervisi
TIK.SEC0610,SUPERVISOR AUDIT KEAMANAN INFORMASI (INFORMATION SECURITY AUDIT SUPERVISOR),menganalisis kelayakan bukti aki yang telah didokumentasikan
TIK.SEC0610,SUPERVISOR AUDIT KEAMANAN INFORMASI (INFORMATION SECURITY AUDIT SUPERVISOR),mengambil keputusan yang tepat berdasarkan analisis informasi dan data
TIK.SEC0610,SUPERVISOR AUDIT KEAMANAN INFORMASI (INFORMATION SECURITY AUDIT SUPERVISOR),memberikan petunjuk dalam memilih berbagai alternatif solusi audit keamanan informasi secara mandiri dan kelompok
TIK.SEC0610,SUPERVISOR AUDIT KEAMANAN INFORMASI (INFORMATION SECURITY AUDIT SUPERVISOR),mengawasi kecukupan pelaksanaan audit sesuai dengan prosedur audit keamanan informasi (aki)
TIK.SEC0610,SUPERVISOR AUDIT KEAMANAN INFORMASI (INFORMATION SECURITY AUDIT SUPERVISOR),mengawasi kelayakan teknis pelaksanaan prosedur audit keamanan informasi (aki)
TIK.SEC0610,SUPERVISOR AUDIT KEAMANAN INFORMASI (INFORMATION SECURITY AUDIT SUPERVISOR),mengawasi kelayakan dokumentasi kertas kerja audit keamanan informasi (aki)
TIK.SEC0610,SUPERVISOR AUDIT KEAMANAN INFORMASI (INFORMATION SECURITY AUDIT SUPERVISOR),mengawasi kelayakan dokumentasi bukti audit keamanan informasi (aki)
TIK.SEC0610,SUPERVISOR AUDIT KEAMANAN INFORMASI (INFORMATION SECURITY AUDIT SUPERVISOR),melaksanakan prosedur audit keamanan informasi (aki) terhadap kendali organisasi
TIK.SEC0610,SUPERVISOR AUDIT KEAMANAN INFORMASI (INFORMATION SECURITY AUDIT SUPERVISOR),melaksanakan prosedur audit keamanan informasi (aki) terhadap kendali teknologi
TIK.SEC0610,SUPERVISOR AUDIT KEAMANAN INFORMASI (INFORMATION SECURITY AUDIT SUPERVISOR),melaksanakan prosedur audit keamanan informasi (aki) terhadap kendali fisik
TIK.SEC0610,SUPERVISOR AUDIT KEAMANAN INFORMASI (INFORMATION SECURITY AUDIT SUPERVISOR),melaksanakan prosedur audit keamanan informasi (aki) terhadap kendali personel
TIK.SEC0610,SUPERVISOR AUDIT KEAMANAN INFORMASI (INFORMATION SECURITY AUDIT SUPERVISOR),mengevaluasi bukti pelaksanaan tindak lanjut rekomendasi audit keamanan informasi (aki)
TIK.SEC0611,AUDITOR KEAMANAN INFORMASI (INFORMATION SECURITY AUDITOR),"orang yang mampu mengaplikasikan bidang keahliannya dan memanfaatkan ilmu pengetahuan, teknologi, dan/atau seni pada bidang audit keamanan informasi dalam penyelesaian masalah serta mampu beradaptasi terhadap situasi yang dihadapi; menguasai konsep teoritis bidang pengetahuan audit keamanan informasi secara umum dan konsep teoritis bagian khusus dalam bidang pengetahuan audit keamanan informasi secara mendalam, serta mampu memformulasikan penyelesaian masalah prosedural; mampu mengambil keputusan yang tepat berdasarkan analisis informasi dan data, dan mampu memberikan petunjuk dalam memilih berbagai alternatif solusi secara mandiri dan kelompok; bertanggung jawab pada pekerjaan sendiri dan dapat diberi tanggung jawab atas pencapaian hasil kerja organisasi."
TIK.SEC0611,AUDITOR KEAMANAN INFORMASI (INFORMATION SECURITY AUDITOR),mengemukakan hasil pelaksanaan audit keamanan informasi
TIK.SEC0611,AUDITOR KEAMANAN INFORMASI (INFORMATION SECURITY AUDITOR),tepat dalam menyampaikan langkah-langkah audit keamanan informasi kepada pihak terkait sesuai dengan kebutuhan
TIK.SEC0611,AUDITOR KEAMANAN INFORMASI (INFORMATION SECURITY AUDITOR),tepat dalam mengkompilasi sumber daya audit keamanan informasi sesuai dengan prosedur pelaporan
TIK.SEC0611,AUDITOR KEAMANAN INFORMASI (INFORMATION SECURITY AUDITOR),tepat dalam menjabarkan temuan audit keamanan informasi sesuai dengan prosedur audit keamanan informasi
TIK.SEC0611,AUDITOR KEAMANAN INFORMASI (INFORMATION SECURITY AUDITOR),tepat dalam menjabarkan rekomendasi untuk temuan audit keamanan informasi sesuai dengan kebutuhan
TIK.SEC0611,AUDITOR KEAMANAN INFORMASI (INFORMATION SECURITY AUDITOR),tepat dalam menyampaikan kesimpulan audit keamanan informasi dalam laporan kepada pihak terkait sesuai dengan prosedur audit keamanan informasi
TIK.SEC0611,AUDITOR KEAMANAN INFORMASI (INFORMATION SECURITY AUDITOR),mengumpulkan langkah-langkah aki yang telah dilaksanakan dalam laporan aki
TIK.SEC0611,AUDITOR KEAMANAN INFORMASI (INFORMATION SECURITY AUDITOR),mengkomunikasikan langkah-langkah aki yang telah dilaksanakan dalam laporan aki
TIK.SEC0611,AUDITOR KEAMANAN INFORMASI (INFORMATION SECURITY AUDITOR),mengumpulkan sumber daya aki yang digunakan dalam laporan aki
TIK.SEC0611,AUDITOR KEAMANAN INFORMASI (INFORMATION SECURITY AUDITOR),mengkomunikasikan sumber daya aki yang digunakan
TIK.SEC0611,AUDITOR KEAMANAN INFORMASI (INFORMATION SECURITY AUDITOR),memformulasikan temuan aki
TIK.SEC0611,AUDITOR KEAMANAN INFORMASI (INFORMATION SECURITY AUDITOR),mengkomunikasikan temuan aki dalam laporan aki
TIK.SEC0611,AUDITOR KEAMANAN INFORMASI (INFORMATION SECURITY AUDITOR),merumuskan rekomendasi untuk temuan aki
TIK.SEC0611,AUDITOR KEAMANAN INFORMASI (INFORMATION SECURITY AUDITOR),mengkomunikasikan rekomendasi aki dalam laporan aki
TIK.SEC0611,AUDITOR KEAMANAN INFORMASI (INFORMATION SECURITY AUDITOR),memperoleh tanggapan atas rekomendasi yang disampaikan
TIK.SEC0611,AUDITOR KEAMANAN INFORMASI (INFORMATION SECURITY AUDITOR),menarik kesimpulan dari hasil pelaksanaan aki
TIK.SEC0611,AUDITOR KEAMANAN INFORMASI (INFORMATION SECURITY AUDITOR),mengkomunikasikan kesimpulan aki dalam laporan aki
TIK.SEC0611,AUDITOR KEAMANAN INFORMASI (INFORMATION SECURITY AUDITOR),mendefinisikan tujuan aki
TIK.SEC0611,AUDITOR KEAMANAN INFORMASI (INFORMATION SECURITY AUDITOR),mendefinisikan lingkup aki
TIK.SEC0611,AUDITOR KEAMANAN INFORMASI (INFORMATION SECURITY AUDITOR),"mengambil keputusan yang tepat berdasarkan analisis informasi dan data, dan"
TIK.SEC0611,AUDITOR KEAMANAN INFORMASI (INFORMATION SECURITY AUDITOR),memberikan petunjuk dalam memilih berbagai alternatif solusi audit keamanan informasi secara mandiri dan kelompok
TIK.SEC0611,AUDITOR KEAMANAN INFORMASI (INFORMATION SECURITY AUDITOR),menyampaikan prosedur audit keamanan informasi (aki) yang dilaksanakan di dalam laporan aki
TIK.SEC0611,AUDITOR KEAMANAN INFORMASI (INFORMATION SECURITY AUDITOR),menyampaikan sumber daya audit keamanan informasi (aki) yang digunakan dalam laporan aki
TIK.SEC0611,AUDITOR KEAMANAN INFORMASI (INFORMATION SECURITY AUDITOR),menyampaikan temuan audit keamanan informasi (aki) dalam laporan aki
TIK.SEC0611,AUDITOR KEAMANAN INFORMASI (INFORMATION SECURITY AUDITOR),menyampaikan rekomendasi audit keamanan informasi (aki) dalam laporan aki
TIK.SEC0611,AUDITOR KEAMANAN INFORMASI (INFORMATION SECURITY AUDITOR),menyampaikan kesimpulan audit keamanan informasi (aki)
TIK.SEC0611,AUDITOR KEAMANAN INFORMASI (INFORMATION SECURITY AUDITOR),menentukan tujuan dan lingkup audit keamanan informasi (aki)
TIK.SEC0611,AUDITOR KEAMANAN INFORMASI (INFORMATION SECURITY AUDITOR),melaksanakan prosedur audit keamanan informasi (aki) terhadap kendali organisasi
TIK.SEC0611,AUDITOR KEAMANAN INFORMASI (INFORMATION SECURITY AUDITOR),melaksanakan prosedur audit keamanan informasi (aki) terhadap kendali teknologi
TIK.SEC0611,AUDITOR KEAMANAN INFORMASI (INFORMATION SECURITY AUDITOR),melaksanakan prosedur audit keamanan informasi (aki) terhadap kendali fisik
TIK.SEC0611,AUDITOR KEAMANAN INFORMASI (INFORMATION SECURITY AUDITOR),melaksanakan prosedur audit keamanan informasi (aki) terhadap kendali personel
TIK.SEC0611,AUDITOR KEAMANAN INFORMASI (INFORMATION SECURITY AUDITOR),mengevaluasi bukti pelaksanaan tindak lanjut rekomendasi audit keamanan informasi (aki)
TIK.SEC0612,PENYELENGGARA PROGRAM KESADARAN KEAMANAN INFORMASI (INFORMATION SECURITY,orang yang mampu mengaplikasikan bidang keahlian dan ilmu pengetahuannya untuk menyelenggarakan kegiatan kesadaran keamanan informasi di dalam suatu organisasi; mampu menguasai konsep teoritis bidang pengetahuan kesadaran keamanan informasi; mampu mengambil keputusan yang tepat berdasarkan analisis informasi dan data dalam proses penyusunan rencana kebutuhan program kesadaran keamanan informasi; mampu memberikan petunjuk dalam mengawasi pelaksanaan program kesadaran keamanan informasi; dan mampu bertanggung jawab pada pekerjaan sendiri dan dapat diberi tanggung jawab atas pencapaian hasil kerja organisasi.
TIK.SEC0612,PENYELENGGARA PROGRAM KESADARAN KEAMANAN INFORMASI (INFORMATION SECURITY,"melaksanakan analisis kebutuhan, merencanakan dan melaporkan program kesadaran keamanan informasi"
TIK.SEC0612,PENYELENGGARA PROGRAM KESADARAN KEAMANAN INFORMASI (INFORMATION SECURITY,sesuai dalam mengidentifikasi kebutuhan pemangku kepentingan program kesadaran keamanan informasi berdasarkan metode yang sesuai
TIK.SEC0612,PENYELENGGARA PROGRAM KESADARAN KEAMANAN INFORMASI (INFORMATION SECURITY,tepat dalam menyusun dokumen perencanaan program kesadaran keamanan informasi
TIK.SEC0612,PENYELENGGARA PROGRAM KESADARAN KEAMANAN INFORMASI (INFORMATION SECURITY,sesuai dalam merancang kerangka materi kesadaran keamanan informasi sesuai dengan topik program kesadaran keamanan informasi
TIK.SEC0612,PENYELENGGARA PROGRAM KESADARAN KEAMANAN INFORMASI (INFORMATION SECURITY,tepat dalam memantau kesesuaian pelaksanaan program kesadaran keamanan informasi; dan
TIK.SEC0612,PENYELENGGARA PROGRAM KESADARAN KEAMANAN INFORMASI (INFORMATION SECURITY,sesuai dalam menyusun narasi laporan program kesadaran keamanan informasi secara komprehensif
TIK.SEC0612,PENYELENGGARA PROGRAM KESADARAN KEAMANAN INFORMASI (INFORMATION SECURITY,menyusun konteks sasaran program kesadaran keamanan informasi
TIK.SEC0612,PENYELENGGARA PROGRAM KESADARAN KEAMANAN INFORMASI (INFORMATION SECURITY,menginventarisasi kebutuhan pemangku kepentingan program kesadaran keamanan informasi
TIK.SEC0612,PENYELENGGARA PROGRAM KESADARAN KEAMANAN INFORMASI (INFORMATION SECURITY,menentukan kebutuhan media sesuai materi program kesadaran keamanan informasi
TIK.SEC0612,PENYELENGGARA PROGRAM KESADARAN KEAMANAN INFORMASI (INFORMATION SECURITY,merumuskan sumber daya program kesadaran keamanan informasi
TIK.SEC0612,PENYELENGGARA PROGRAM KESADARAN KEAMANAN INFORMASI (INFORMATION SECURITY,merangkaikan komponen program kesadaran keamanan informasi
TIK.SEC0612,PENYELENGGARA PROGRAM KESADARAN KEAMANAN INFORMASI (INFORMATION SECURITY,membuat narasi perencanaan program kesadaran keamanan informasi
TIK.SEC0612,PENYELENGGARA PROGRAM KESADARAN KEAMANAN INFORMASI (INFORMATION SECURITY,menentukan topik program kesadaran keamanan informasi
TIK.SEC0612,PENYELENGGARA PROGRAM KESADARAN KEAMANAN INFORMASI (INFORMATION SECURITY,menentukan sumber referensi yang relevan
TIK.SEC0612,PENYELENGGARA PROGRAM KESADARAN KEAMANAN INFORMASI (INFORMATION SECURITY,melakukan pemantauan kesesuaian pelaksanaan program kesadaran keamanan informasi
TIK.SEC0612,PENYELENGGARA PROGRAM KESADARAN KEAMANAN INFORMASI (INFORMATION SECURITY,melakukan dokumentasi hasil pengawasan kesesuaian pelaksanaan program kesadaran keamanan informasi
TIK.SEC0612,PENYELENGGARA PROGRAM KESADARAN KEAMANAN INFORMASI (INFORMATION SECURITY,membuat narasi laporan program kesadaran keamanan informasi
TIK.SEC0612,PENYELENGGARA PROGRAM KESADARAN KEAMANAN INFORMASI (INFORMATION SECURITY,mengkomunikasikan laporan program kesadaran keamanan informasi
TIK.SEC0612,PENYELENGGARA PROGRAM KESADARAN KEAMANAN INFORMASI (INFORMATION SECURITY,mengambil keputusan yang tepat berdasarkan analisis informasi dan data
TIK.SEC0612,PENYELENGGARA PROGRAM KESADARAN KEAMANAN INFORMASI (INFORMATION SECURITY,memberikan petunjuk dalam memilih berbagai alternatif solusi kesadaran keamanan informasi secara mandiri dan kelompok
TIK.SEC0612,PENYELENGGARA PROGRAM KESADARAN KEAMANAN INFORMASI (INFORMATION SECURITY,melakukan analisis kebutuhan program kesadaran kesadaran keamanan informasi
TIK.SEC0612,PENYELENGGARA PROGRAM KESADARAN KEAMANAN INFORMASI (INFORMATION SECURITY,menyusun dokumen perencanaan program kesadaran keamanan informasi
TIK.SEC0612,PENYELENGGARA PROGRAM KESADARAN KEAMANAN INFORMASI (INFORMATION SECURITY,menyusun kebutuhan materi program kesadaran keamanan informasi yang relevan
TIK.SEC0612,PENYELENGGARA PROGRAM KESADARAN KEAMANAN INFORMASI (INFORMATION SECURITY,mengawasi program kesadaran keamanan informasi
TIK.SEC0612,PENYELENGGARA PROGRAM KESADARAN KEAMANAN INFORMASI (INFORMATION SECURITY,menyusun laporan kegiatan program kesadaran keamanan informasi
TIK.SEC0612,PENYELENGGARA PROGRAM KESADARAN KEAMANAN INFORMASI (INFORMATION SECURITY,mengklasifikasikan informasi yang bersifat rahasia
TIK.SEC0612,PENYELENGGARA PROGRAM KESADARAN KEAMANAN INFORMASI (INFORMATION SECURITY,melaksanakan pengamanan integritas informasi
TIK.SEC0612,PENYELENGGARA PROGRAM KESADARAN KEAMANAN INFORMASI (INFORMATION SECURITY,mengimplementasikan penyediaan fasilitas pemrosesan informasi dengan redundansi yang sesuai
TIK.SEC0612,PENYELENGGARA PROGRAM KESADARAN KEAMANAN INFORMASI (INFORMATION SECURITY,menetapkan metode autentikasi
TIK.SEC0613,ANALIS KEAMANAN INFORMASI (INFORMATION SECURITY ANALYST),"orang yang memiliki kemampuan mengaplikasikan ilmu pengetahuan dan teknologi dalam penyelesaian masalah di bidang keamanan informasi, beradaptasi terhadap situasi yang dihadapi, menguasai konsep teoritis bidang keamanan informasi secara umum dan konsep teoritis bagian khusus secara mendalam; memformulasikan penyelesaian masalah prosedural, mengambil keputusan yang tepat berdasarkan analisis informasi dan data, memberikan petunjuk dalam memilih berbagai alternatif solusi secara mandiri dan kelompok; dan bertanggung jawab pada pekerjaan sendiri dan dapat diberi tanggung jawab atas pencapaian hasil kerja organisasi."
TIK.SEC0613,ANALIS KEAMANAN INFORMASI (INFORMATION SECURITY ANALYST),melakukan analisis informasi dan data dalam bidang keamanan informasi
TIK.SEC0613,ANALIS KEAMANAN INFORMASI (INFORMATION SECURITY ANALYST),tepat dalam menentukan kategori aset teknologi informasi sesuai kontrol keamanan yang ditetapkan
TIK.SEC0613,ANALIS KEAMANAN INFORMASI (INFORMATION SECURITY ANALYST),tepat dalam menentukan kontrol akses pengguna berdasarkan hak akses dan jenis aktivitas pengguna sesuai dengan kewenangan
TIK.SEC0613,ANALIS KEAMANAN INFORMASI (INFORMATION SECURITY ANALYST),tepat dalam memilih metode pelindungan fisik berdasarkan tingkat pelindungan fisik
TIK.SEC0613,ANALIS KEAMANAN INFORMASI (INFORMATION SECURITY ANALYST),sistematis dalam membuat rencana pelaksanaan pelindungan fisik berdasarkan kebutuhan keamanan fisik; dan
TIK.SEC0613,ANALIS KEAMANAN INFORMASI (INFORMATION SECURITY ANALYST),objektif dalam memetakan profil sdm pada peran jabatan yang sesuai profil risiko keamanan informasi
TIK.SEC0613,ANALIS KEAMANAN INFORMASI (INFORMATION SECURITY ANALYST),melakukan pencatatan aset teknologi informasi
TIK.SEC0613,ANALIS KEAMANAN INFORMASI (INFORMATION SECURITY ANALYST),menerapkan kategori di setiap aset penting
TIK.SEC0613,ANALIS KEAMANAN INFORMASI (INFORMATION SECURITY ANALYST),memeriksa ketentuan hak akses pengguna
TIK.SEC0613,ANALIS KEAMANAN INFORMASI (INFORMATION SECURITY ANALYST),melakukan pemantauan terhadap aktivitas pelanggaran
TIK.SEC0613,ANALIS KEAMANAN INFORMASI (INFORMATION SECURITY ANALYST),mengidentifikasi ancaman fisik keamanan informasi
TIK.SEC0613,ANALIS KEAMANAN INFORMASI (INFORMATION SECURITY ANALYST),mengidentifikasi metode pelindungan fisik keamanan informasi
TIK.SEC0613,ANALIS KEAMANAN INFORMASI (INFORMATION SECURITY ANALYST),mengidentifikasi keberadaan entitas pada area pengamanan fisik
TIK.SEC0613,ANALIS KEAMANAN INFORMASI (INFORMATION SECURITY ANALYST),menentukan rencana pelaksanaan pelindungan fisik keamanan informasi
TIK.SEC0613,ANALIS KEAMANAN INFORMASI (INFORMATION SECURITY ANALYST),menentukan profil sdm sesuai dengan profil risiko keamanan informasi organisasi
TIK.SEC0613,ANALIS KEAMANAN INFORMASI (INFORMATION SECURITY ANALYST),menyusun pembagian peran sesuai profil sdm
TIK.SEC0613,ANALIS KEAMANAN INFORMASI (INFORMATION SECURITY ANALYST),mengambil keputusan yang tepat berdasarkan analisis informasi dan data
TIK.SEC0613,ANALIS KEAMANAN INFORMASI (INFORMATION SECURITY ANALYST),memberikan petunjuk dalam memilih berbagai alternatif solusi keamanan informasi secara mandiri dan kelompok
TIK.SEC0613,ANALIS KEAMANAN INFORMASI (INFORMATION SECURITY ANALYST),menentukan aset teknologi informasi yang dikontrol
TIK.SEC0613,ANALIS KEAMANAN INFORMASI (INFORMATION SECURITY ANALYST),melaksanakan pengontrolan akses pengguna yang berwenang
TIK.SEC0613,ANALIS KEAMANAN INFORMASI (INFORMATION SECURITY ANALYST),menentukan metode pelindungan fisik keamanan informasi
TIK.SEC0613,ANALIS KEAMANAN INFORMASI (INFORMATION SECURITY ANALYST),menyusun rencana pelaksanaan pelindungan fisik keamanan informasi
TIK.SEC0613,ANALIS KEAMANAN INFORMASI (INFORMATION SECURITY ANALYST),memetakan profil sumber daya manusia (sdm) keamanan informasi
TIK.SEC0613,ANALIS KEAMANAN INFORMASI (INFORMATION SECURITY ANALYST),menyusun dokumen skrining personel keamanan informasi
TIK.SEC0613,ANALIS KEAMANAN INFORMASI (INFORMATION SECURITY ANALYST),menerapkan teknologi keamanan informasi sesuai dengan ketentuan yang berlaku
TIK.SEC0614,PENANGAN PERTAMA BUKTI DIGITAL (DIGITAL EVIDENCE FIRST RESPONDER),"individu yang berwenang, terlatih, dan memiliki kemampuan teknik dan keahlian untuk bertindak pertama pada lokasi kejadian dalam melakukan identifikasi, akuisisi, koleksi, dan preservasi barang bukti digital dalam rangka mendapatkan data investigatif untuk dianalisis secara komprehensif sebagai bukti digital yang dapat digunakan untuk penyelidikan, penyidikan dan penuntutan."
TIK.SEC0614,PENANGAN PERTAMA BUKTI DIGITAL (DIGITAL EVIDENCE FIRST RESPONDER),identifikasi barang bukti digital
TIK.SEC0614,PENANGAN PERTAMA BUKTI DIGITAL (DIGITAL EVIDENCE FIRST RESPONDER),koleksi dan/atau akuisisi barang bukti digital
TIK.SEC0614,PENANGAN PERTAMA BUKTI DIGITAL (DIGITAL EVIDENCE FIRST RESPONDER),keamanan barang bukti digital
TIK.SEC0614,PENANGAN PERTAMA BUKTI DIGITAL (DIGITAL EVIDENCE FIRST RESPONDER),beretika
TIK.SEC0614,PENANGAN PERTAMA BUKTI DIGITAL (DIGITAL EVIDENCE FIRST RESPONDER),teliti dan hati-hati
TIK.SEC0614,PENANGAN PERTAMA BUKTI DIGITAL (DIGITAL EVIDENCE FIRST RESPONDER),berintegritas mematuhi aturan dan prosedur yang telah ditetapkan
TIK.SEC0614,PENANGAN PERTAMA BUKTI DIGITAL (DIGITAL EVIDENCE FIRST RESPONDER),selalu belajar hal baru
TIK.SEC0614,PENANGAN PERTAMA BUKTI DIGITAL (DIGITAL EVIDENCE FIRST RESPONDER),komunikatif
TIK.SEC0614,PENANGAN PERTAMA BUKTI DIGITAL (DIGITAL EVIDENCE FIRST RESPONDER),bekerja dalam tim
TIK.SEC0614,PENANGAN PERTAMA BUKTI DIGITAL (DIGITAL EVIDENCE FIRST RESPONDER),"memastikan barang bukti digital dapat memenuhi: relevansi, keandalan, dan kecukupan"
TIK.SEC0614,PENANGAN PERTAMA BUKTI DIGITAL (DIGITAL EVIDENCE FIRST RESPONDER),"memastikan penanganan barang bukti digital harus dapat dilakukan audit, diulang kembali, diproduksi kembali, dan memiliki justifikasi"
TIK.SEC0614,PENANGAN PERTAMA BUKTI DIGITAL (DIGITAL EVIDENCE FIRST RESPONDER),menangani pengamanan tempat kejadian perkara
TIK.SEC0614,PENANGAN PERTAMA BUKTI DIGITAL (DIGITAL EVIDENCE FIRST RESPONDER),menangani akuisisi dan/atau koleksi barang bukti digital
TIK.SEC0614,PENANGAN PERTAMA BUKTI DIGITAL (DIGITAL EVIDENCE FIRST RESPONDER),menangani preservasi barang bukti digital selama proses penanganan kasus
TIK.SEC0614,PENANGAN PERTAMA BUKTI DIGITAL (DIGITAL EVIDENCE FIRST RESPONDER),memiliki pemahaman alat bukti hukum yang sah;
TIK.SEC0614,PENANGAN PERTAMA BUKTI DIGITAL (DIGITAL EVIDENCE FIRST RESPONDER),menyalin data elektronik dari bukti elektronik dalam kondisi masih hidup/on
TIK.SEC0614,PENANGAN PERTAMA BUKTI DIGITAL (DIGITAL EVIDENCE FIRST RESPONDER),menyalin data elektronik dari bukti elektronik dalam kondisi sudah mati/off
TIK.SEC0614,PENANGAN PERTAMA BUKTI DIGITAL (DIGITAL EVIDENCE FIRST RESPONDER),menyalin data elektronik dari bukti elektronik yang terkoneksi ke jaringan (networked devices)
TIK.SEC0614,PENANGAN PERTAMA BUKTI DIGITAL (DIGITAL EVIDENCE FIRST RESPONDER),menyalin data elektronik dari sistem closed circuit television (cctv)
TIK.SEC0614,PENANGAN PERTAMA BUKTI DIGITAL (DIGITAL EVIDENCE FIRST RESPONDER),menyalin data elektronik dengan kondisi khusus
TIK.SEC0614,PENANGAN PERTAMA BUKTI DIGITAL (DIGITAL EVIDENCE FIRST RESPONDER),memberi dukungan teknis lanjutan (*)
TIK.SEC0614,PENANGAN PERTAMA BUKTI DIGITAL (DIGITAL EVIDENCE FIRST RESPONDER),menyegel data elektronik yang telah diakuisisi dengan menggunakan fungsi verifikasi
TIK.SEC0614,PENANGAN PERTAMA BUKTI DIGITAL (DIGITAL EVIDENCE FIRST RESPONDER),"mengamankan bukti elektronik dengan menerapkan prinsip kerahasiaan, integritas, dan ketersediaan (*)"
TIK.SEC0614,PENANGAN PERTAMA BUKTI DIGITAL (DIGITAL EVIDENCE FIRST RESPONDER),mengemas bukti elektronik
TIK.SEC0615,- PENANGAN INSIDEN PDP (PDP INCIDENT HANDLER),orang yang memastikan kepatuhan terkait peraturan perundang-undangan pdp yang berhubungan dengan penanganan insiden kegagalan pdp untuk mengurangi risiko kegagalan pdp kepada subjek data pribadi terdampak dan organisasi sebagai pengendali atau prosesor data pribadi.
TIK.SEC0615,- PENANGAN INSIDEN PDP (PDP INCIDENT HANDLER),"memastikan kepatuhan terkait peraturan perundang-undangan pdp yang berhubungan dengan penanganan insiden kegagalan pdp baik yang dikarenakan serangan siber, ancaman orang dalam, serta kegagalan manajemen pdp dalam melakukan tindakan teknis dan organisasional."
TIK.SEC0615,- PENANGAN INSIDEN PDP (PDP INCIDENT HANDLER),analitis
TIK.SEC0615,- PENANGAN INSIDEN PDP (PDP INCIDENT HANDLER),bertanggung jawab
TIK.SEC0615,- PENANGAN INSIDEN PDP (PDP INCIDENT HANDLER),berintegritas
TIK.SEC0615,- PENANGAN INSIDEN PDP (PDP INCIDENT HANDLER),mengidentifikasi data pribadi yang terungkap akibat insiden
TIK.SEC0615,- PENANGAN INSIDEN PDP (PDP INCIDENT HANDLER),manajemen risiko melakukan analisis dampak insiden pada subjek data pribadi
TIK.SEC0615,- PENANGAN INSIDEN PDP (PDP INCIDENT HANDLER),menyiapkan laporan dan pemberitahuan kepada lembaga dan subjek data pribadi terdampak dalam batas waktu 3x24 jam
TIK.SEC0615,- PENANGAN INSIDEN PDP (PDP INCIDENT HANDLER),melakukan pengelolaan hoaks/false disclosure yang berpotensi memecah belah publik
TIK.SEC0615,- PENANGAN INSIDEN PDP (PDP INCIDENT HANDLER),berkoordinasi dengan unit sdm terkait kegagalan pdp akibat ancaman orang dalam
TIK.SEC0615,- PENANGAN INSIDEN PDP (PDP INCIDENT HANDLER),berkoordinasi dengan unit keamanan informasi terkait kegagalan pdp akibat serangan siber
TIK.SEC0615,- PENANGAN INSIDEN PDP (PDP INCIDENT HANDLER),berkoordinasi dengan unit manajemen pdp lainnya terkait kegagalan pdp akibat kegagalan manajemen pdp dalam melakukan tindakan teknis dan organisasional.
TIK.SEC0615,- PENANGAN INSIDEN PDP (PDP INCIDENT HANDLER),berkoordinasi dengan unit legal untuk memastikan definisi kegagalan pdp telah terpenuhi sesuai aturan yurisdiksinya.
TIK.SEC0615,- PENANGAN INSIDEN PDP (PDP INCIDENT HANDLER),melaksanakan tanggap insiden kegagalan pdp
TIK.SEC0615,- PENANGAN INSIDEN PDP (PDP INCIDENT HANDLER),menyusun laporan dan memberikan saran kepada manajer operasional pdp terkait mitigasi risiko kegagalan pdp termasuk pelaksanaan kewajiban pemberitahuan kepada lembaga dan subjek data pribadi terdampak
TIK.SEC0615,- PENANGAN INSIDEN PDP (PDP INCIDENT HANDLER),menyusun pembelajaran insiden serta melaporkannya kepada manajer operasional pdp
TIK.SEC0615,- PENANGAN INSIDEN PDP (PDP INCIDENT HANDLER),"telah mengikuti pelatihan secara khusus mengenai manajemen risiko pdp terhadap pengendali, prosesor, serta subjek data pribadi, hak subjek data pribadi, dan penanganan komplain; dan"
TIK.SEC0615,- PENANGAN INSIDEN PDP (PDP INCIDENT HANDLER),mengidentifikasi peraturan perundang - undangan terkait pelindungan data pribadi
TIK.SEC0615,- PENANGAN INSIDEN PDP (PDP INCIDENT HANDLER),memastikan pelindungan data pribadi telah terintegrasi dalam manajemen respons insiden
TIK.SEC0615,- PENANGAN INSIDEN PDP (PDP INCIDENT HANDLER),memastikan berjalannya manajemen respons insiden terkait kegagalan pelindungan data pribadi
TIK.SEC0616,- AUDITOR PDP (PDP AUDITOR),"orang yang bertanggung jawab terkait pelaksanaan audit kepatuhan dan kematangan pdp di organisasinya, termasuk diantaranya audit internal berdasarkan kontrol yang disepakati, audit kepada prosesor data pribadi yang terikat kontrak, serta menyiapkan proses audit yang yang dilakukan pihak ketiga ke organisasi."
TIK.SEC0616,- AUDITOR PDP (PDP AUDITOR),memastikan kepatuhan terkait peraturan perundang-undangan pdp yang berhubungan dengan pengawasan pelaksanaan pdp oleh pihak yang memproses data pribadi atas nama organisasi sebagai pengendali data pribadi
TIK.SEC0616,- AUDITOR PDP (PDP AUDITOR),analitis
TIK.SEC0616,- AUDITOR PDP (PDP AUDITOR),bertanggung jawab
TIK.SEC0616,- AUDITOR PDP (PDP AUDITOR),berintegritas
TIK.SEC0616,- AUDITOR PDP (PDP AUDITOR),bebas benturan kepentingan
TIK.SEC0616,- AUDITOR PDP (PDP AUDITOR),melakukan asesmen mandiri terkait kepatuhan terhadap undang-undang pdp
TIK.SEC0616,- AUDITOR PDP (PDP AUDITOR),melakukan audit kepada prosesor data pribadi terutama yang memiliki potensi risiko tinggi dalam pemrosesan data pribadi
TIK.SEC0616,- AUDITOR PDP (PDP AUDITOR),menyelenggarakan dan membantu pelaksanaan audit pdp oleh pihak ketiga
TIK.SEC0616,- AUDITOR PDP (PDP AUDITOR),melakukan koordinasi dalam melaksanakan saran hasil audit
TIK.SEC0616,- AUDITOR PDP (PDP AUDITOR),"menentukan tujuan dan kontrol audit pdp, apakah berdasarkan kepatuhan, standar tertentu, kematangan, atau investigatif dengan kriteria yang terdokumentasi."
TIK.SEC0616,- AUDITOR PDP (PDP AUDITOR),"menentukan waktu pelaksanaan kegiatan audit internal, audit kepada prosesor, dan membantu pelaksanaan audit eksternal"
TIK.SEC0616,- AUDITOR PDP (PDP AUDITOR),melaporkan hasil audit kepada pejabat pengawas pdp
TIK.SEC0616,- AUDITOR PDP (PDP AUDITOR),"telah mengikuti pelatihan tentang peraturan hukum dan praktek pelaksanaan pelindungan data pribadi baik di level undang - undang, peraturan pelaksana, peraturan sektornya, maupun peraturan di negara lain yang relevan secara umum dan pelatihan terkait audit pdp secara khusus; dan"
TIK.SEC0616,- AUDITOR PDP (PDP AUDITOR),mengidentifikasi peraturan perundang - undangan terkait pelindungan data pribadi
TIK.SEC0616,- AUDITOR PDP (PDP AUDITOR),mengelola audit berkaitan dengan program kerja pelindungan data pribadi
TIK.SEC0616,- AUDITOR PDP (PDP AUDITOR),memastikan tindak lanjut terhadap hasil audit pelindungan data pribadi dilakukan oleh unit terkait
TIK.SEC0617,- PELAKSANA KEPATUHAN PDP (PDP COMPLIANCE),orang yang bertanggung jawab terkait monitoring kepatuhan terhadap peraturan perundang-undangan pdp di organisasi dan pihak lain yang terkait.
TIK.SEC0617,- PELAKSANA KEPATUHAN PDP (PDP COMPLIANCE),memastikan kepatuhan terkait peraturan perundang-undangan pdp sesuai yurisdiksi tempat data pribadi diproses melalui telaah dokumen dan prosedur serta pemberian saran kepatuhan apabila diminta
TIK.SEC0617,- PELAKSANA KEPATUHAN PDP (PDP COMPLIANCE),bertanggung jawab
TIK.SEC0617,- PELAKSANA KEPATUHAN PDP (PDP COMPLIANCE),berintegritas
TIK.SEC0617,- PELAKSANA KEPATUHAN PDP (PDP COMPLIANCE),teliti
TIK.SEC0617,- PELAKSANA KEPATUHAN PDP (PDP COMPLIANCE),bebas benturan kepentingan
TIK.SEC0617,- PELAKSANA KEPATUHAN PDP (PDP COMPLIANCE),melakukan
TIK.SEC0617,- PELAKSANA KEPATUHAN PDP (PDP COMPLIANCE),monitoring pelaksanaan program pdp agar sesuai dengan peraturan
TIK.SEC0617,- PELAKSANA KEPATUHAN PDP (PDP COMPLIANCE),"perundang-undangan pdp di yurisdiksi tempat data pribadi diproses, sebagai kanal pengaduan internal dan menyiapkan matriks sanksi berjenjang"
TIK.SEC0617,- PELAKSANA KEPATUHAN PDP (PDP COMPLIANCE),menilai tingkat kepatuhan organisasi berdasarkan telaah dokumen dan prosedur terkait pelaksanaan pdp
TIK.SEC0617,- PELAKSANA KEPATUHAN PDP (PDP COMPLIANCE),melaporkan hasil penilaian kepada pejabat pengawas pdp
TIK.SEC0617,- PELAKSANA KEPATUHAN PDP (PDP COMPLIANCE),memberikan saran kepatuhan pdp kepada manajemen organisasi jika diminta atau compliance advisory tertulis dengan tenggat tindak lanjut
TIK.SEC0617,- PELAKSANA KEPATUHAN PDP (PDP COMPLIANCE),"telah mengikuti pelatihan secara umum tentang peraturan hukum dan praktek pelaksanaan pelindungan data pribadi baik di level undang - undang, peraturan pelaksana, peraturan sektornya, maupun peraturan di negara lain yang relevan dan secara khusus terkait pelaksanaan kepatuhan pdp; dan"
TIK.SEC0617,- PELAKSANA KEPATUHAN PDP (PDP COMPLIANCE),mengidentifikasi peraturan perundang-undangan terkait pelindungan data pribadi
TIK.SEC0617,- PELAKSANA KEPATUHAN PDP (PDP COMPLIANCE),menguji efektivitas program kerja pelindungan data pribadi
TIK.SEC0617,- PELAKSANA KEPATUHAN PDP (PDP COMPLIANCE),melakukan pemantauan program kerja pelindungan data pribadi sesuai kepatuhan terhadap regulasi
TIK.SEC0501,OPERATOR KEAMANAN SIBER (CYBERSECURITY OPERATOR),"orang yang memiliki kemampuan dan keterampilan untuk mengkategorikan dan mengenali tingkat kerawanan suatu insiden keamanan siber, bertugas untuk melaksanakan prosedur-prosedur dan perintah dari pejabat di atasnya pada pusat operasi keamanan/security operation center."
TIK.SEC0501,OPERATOR KEAMANAN SIBER (CYBERSECURITY OPERATOR),kategorisasi insiden keamanan siber
TIK.SEC0501,OPERATOR KEAMANAN SIBER (CYBERSECURITY OPERATOR),peninjauan notifikasi
TIK.SEC0501,OPERATOR KEAMANAN SIBER (CYBERSECURITY OPERATOR),pembuatan tiket berdasarkan tingkat kerawanan
TIK.SEC0501,OPERATOR KEAMANAN SIBER (CYBERSECURITY OPERATOR),pelaporan notifikasi
TIK.SEC0501,OPERATOR KEAMANAN SIBER (CYBERSECURITY OPERATOR),berintegritas
TIK.SEC0501,OPERATOR KEAMANAN SIBER (CYBERSECURITY OPERATOR),mematuhi prosedur
TIK.SEC0501,OPERATOR KEAMANAN SIBER (CYBERSECURITY OPERATOR),berorientasi pada detail
TIK.SEC0501,OPERATOR KEAMANAN SIBER (CYBERSECURITY OPERATOR),komunikatif
TIK.SEC0501,OPERATOR KEAMANAN SIBER (CYBERSECURITY OPERATOR),mampu bekerja dalam tim
TIK.SEC0501,OPERATOR KEAMANAN SIBER (CYBERSECURITY OPERATOR),menjalankan prosedur dan perintah dari pejabat di atasnya pada pusat operasi keamanan/security operation center
TIK.SEC0501,OPERATOR KEAMANAN SIBER (CYBERSECURITY OPERATOR),mengambil tindakan yang diperlukan yang dianggap sesuai dalam merespon insiden
TIK.SEC0501,OPERATOR KEAMANAN SIBER (CYBERSECURITY OPERATOR),memiliki dasar pengetahuan tentang cara bekerja sistem komputer dan aplikasinya;
TIK.SEC0501,OPERATOR KEAMANAN SIBER (CYBERSECURITY OPERATOR),menerapkan prinsip perlindungan informasi
TIK.SEC0501,OPERATOR KEAMANAN SIBER (CYBERSECURITY OPERATOR),mendeteksi kerentanan (vulnerability) keamanan dan potensi pelanggaran
TIK.SEC0501,OPERATOR KEAMANAN SIBER (CYBERSECURITY OPERATOR),mengelola insiden keamanan informasi
TIK.SEC0502,ANALIS SOC TINGKAT 2 (L2 SOC ANALYST),"orang yang mampu menyelesaikan pekerjaan security operation center berlingkup luas, memilih metode yang sesuai dari beragam pilihan yang sudah maupun belum baku dengan menganalisis data, serta mampu menunjukkan kinerja dengan mutu dan kuantitas yang terukur; menguasai konsep teoritis bidang pengetahuan security operation center secara umum, serta mampu memformulasikan penyelesaian masalah prosedural; mampu mengelola kelompok kerja dan menyusun laporan security operation center secara komprehensif; bertanggung jawab pada pekerjaan sendiri dan dapat diberi tanggung jawab atas pencapaian hasil kerja tim security operation center."
TIK.SEC0502,ANALIS SOC TINGKAT 2 (L2 SOC ANALYST),membantu l3 soc analyst dalam pelaksanaan security operation center
TIK.SEC0502,ANALIS SOC TINGKAT 2 (L2 SOC ANALYST),cermat menganalisis anomali log berdasarkan parameter kewajaran
TIK.SEC0502,ANALIS SOC TINGKAT 2 (L2 SOC ANALYST),cermat dalam meninjau ulang rincian payload serangan terhadap target yang masuk ke dalam aset ti berdasarkan parameter kewajaran
TIK.SEC0502,ANALIS SOC TINGKAT 2 (L2 SOC ANALYST),cermat dalam menganalisis sumber yang menjadi ancaman berdasarkan data threat intelligence
TIK.SEC0502,ANALIS SOC TINGKAT 2 (L2 SOC ANALYST),ketepatan dalam menetapkan tingkat urgensi berdasarkan layanan terdampak
TIK.SEC0502,ANALIS SOC TINGKAT 2 (L2 SOC ANALYST),ketepatan dalam menghitung biaya pemulihan untuk setiap sistem terdampak insiden keamanan siber
TIK.SEC0502,ANALIS SOC TINGKAT 2 (L2 SOC ANALYST),ketepatan mengidentifikasi dampak kerugian non finansial berdasarkan analisis jangka panjang
TIK.SEC0502,ANALIS SOC TINGKAT 2 (L2 SOC ANALYST),menentukan parameter kewajaran
TIK.SEC0502,ANALIS SOC TINGKAT 2 (L2 SOC ANALYST),melakukan pemeriksaan terhadap log
TIK.SEC0502,ANALIS SOC TINGKAT 2 (L2 SOC ANALYST),menentukan tingkat ancaman
TIK.SEC0502,ANALIS SOC TINGKAT 2 (L2 SOC ANALYST),melakukan penelusuran terhadap threat intelligence data terhadap ancaman yang masuk untuk mendapatkan informasi mengenai ancaman yang datang
TIK.SEC0502,ANALIS SOC TINGKAT 2 (L2 SOC ANALYST),melakukan pengecekan korelasi dari beberapa log aset ti
TIK.SEC0502,ANALIS SOC TINGKAT 2 (L2 SOC ANALYST),memformulasikan penyelesaian masalah dalam pelaksanaan prosedur security operation center
TIK.SEC0502,ANALIS SOC TINGKAT 2 (L2 SOC ANALYST),menganalisis ancaman/anomali keamanan siber (threat intelligence) pada perimeter keamanan
TIK.SEC0502,ANALIS SOC TINGKAT 2 (L2 SOC ANALYST),mengelompokkan insiden keamanan siber yang terjadi sesuai dengan tingkat kegentingan
TIK.SEC0502,ANALIS SOC TINGKAT 2 (L2 SOC ANALYST),menganalisis dampak insiden keamanan siber
TIK.SEC0502,ANALIS SOC TINGKAT 2 (L2 SOC ANALYST),melakukan analisis keamanan siber terhadap insiden keamanan siber untuk menentukan kendali
TIK.SEC0502,ANALIS SOC TINGKAT 2 (L2 SOC ANALYST),melakukan pemantauan aset teknologi informasi (ti) terhadap aktivitas ancaman siber
TIK.SEC0503,PENGUJI KEAMANAN SIBER (PENETRATION TESTER),"orang yang mampu menyelesaikan pekerjaan uji keamanan siber (uks) dengan lingkup luas, memilih metode uji yang sesuai dari beragam pilihan yang sudah maupun belum baku dengan menganalisis data, serta mampu menunjukkan kinerja dengan mutu dan kuantitas yang terukur; menguasai konsep teoritis bidang uji keamanan siber secara umum, serta mampu memformulasikan penyelesaian masalah prosedural; mampu mengelola tim uji dan menyusun laporan tertulis hasil uji secara komprehensif; bertanggung jawab pada pekerjaan sendiri dan dapat diberi tanggung jawab atas pencapaian hasil kerja tim uji."
TIK.SEC0503,PENGUJI KEAMANAN SIBER (PENETRATION TESTER),melakukan pengujian keamanan siber
TIK.SEC0503,PENGUJI KEAMANAN SIBER (PENETRATION TESTER),keberhasilan dalam melakukan eksploitasi parameter pada objek pengujian dengan exploit yang dianggap relevan
TIK.SEC0503,PENGUJI KEAMANAN SIBER (PENETRATION TESTER),"tepat dalam menentukan ruang lingkup pengujian berdasarkan objek pengujian, tujuan pengujian, dan kerangka kerja pengujian keamanan siber"
TIK.SEC0503,PENGUJI KEAMANAN SIBER (PENETRATION TESTER),tepat dalam menyusun laporan yang lengkap sesuai dengan ruang lingkup pengujian keamanan siber
TIK.SEC0503,PENGUJI KEAMANAN SIBER (PENETRATION TESTER),menganalisis ruang lingkup pengujian keamanan siber
TIK.SEC0503,PENGUJI KEAMANAN SIBER (PENETRATION TESTER),menetapkan ruang lingkup pengujian keamanan siber
TIK.SEC0503,PENGUJI KEAMANAN SIBER (PENETRATION TESTER),menentukan parameter yang akan dieksploitasi pada objek pengujian
TIK.SEC0503,PENGUJI KEAMANAN SIBER (PENETRATION TESTER),memeriksa parameter yang dieksploitasi pada objek pengujian
TIK.SEC0503,PENGUJI KEAMANAN SIBER (PENETRATION TESTER),mengidentifikasi dampak temuan terhadap organisasi
TIK.SEC0503,PENGUJI KEAMANAN SIBER (PENETRATION TESTER),membuat narasi laporan
TIK.SEC0503,PENGUJI KEAMANAN SIBER (PENETRATION TESTER),memformulasikan penyelesaian masalah dalam pelaksanaan prosedur uji keamanan siber
TIK.SEC0503,PENGUJI KEAMANAN SIBER (PENETRATION TESTER),menentukan ruang lingkup pengujian keamanan siber
TIK.SEC0503,PENGUJI KEAMANAN SIBER (PENETRATION TESTER),menguji kerentanan pada objek pengujian
TIK.SEC0503,PENGUJI KEAMANAN SIBER (PENETRATION TESTER),menyusun laporan hasil pengujian keamanan siber
TIK.SEC0503,PENGUJI KEAMANAN SIBER (PENETRATION TESTER),menentukan metode penilaian kerentanan
TIK.SEC0503,PENGUJI KEAMANAN SIBER (PENETRATION TESTER),mengumpulkan informasi yang diperlukan untuk pengujian keamanan siber
TIK.SEC0503,PENGUJI KEAMANAN SIBER (PENETRATION TESTER),mencari kerentanan sesuai ruang lingkup pengujian keamanan siber
TIK.SEC0504,ASISTEN AUDITOR KEAMANAN INFORMASI (ASSISTANT INFORMATION SECURITY AUDITOR) 239,"orang yang mampu menyelesaikan pekerjaan bidang audit keamanan informasi yang berlingkup luas, memilih metode audit yang sesuai dari beragam pilihan yang sudah maupun belum baku dengan menganalisis data, serta mampu mengelola tim audit keamanan informasi dalam menunjukkan kinerja dengan mutu dan kuantitas yang terukur; menguasai konsep teoritis bidang audit keamanan informasi secara umum, mampu memformulasikan penyelesaian masalah prosedural; mampu mengelola kelompok kerja dan menyusun laporan tertulis secara komprehensif; bertanggung jawab pada pekerjaan sendiri dan dapat diberi tanggung jawab atas pencapaian hasil kerja kelompok."
TIK.SEC0504,ASISTEN AUDITOR KEAMANAN INFORMASI (ASSISTANT INFORMATION SECURITY AUDITOR) 239,membantu auditor keamanan informasi dalam pelaksanaan audit keamanan informasi
TIK.SEC0504,ASISTEN AUDITOR KEAMANAN INFORMASI (ASSISTANT INFORMATION SECURITY AUDITOR) 239,tepat dalam mengevaluasi bukti kendali organisasi keamanan informasi sesuai dengan kriteria
TIK.SEC0504,ASISTEN AUDITOR KEAMANAN INFORMASI (ASSISTANT INFORMATION SECURITY AUDITOR) 239,tepat dalam mengevaluasi bukti kendali teknologi keamanan informasi sesuai dengan kriteria
TIK.SEC0504,ASISTEN AUDITOR KEAMANAN INFORMASI (ASSISTANT INFORMATION SECURITY AUDITOR) 239,tepat dalam mengidentifikasi kendali keamanan fisik keamanan informasi sesuai dengan prosedur audit keamanan informasi
TIK.SEC0504,ASISTEN AUDITOR KEAMANAN INFORMASI (ASSISTANT INFORMATION SECURITY AUDITOR) 239,tepat dalam mengidentifikasi kendali personel keamanan informasi sesuai prosedur audit keamanan informasi
TIK.SEC0504,ASISTEN AUDITOR KEAMANAN INFORMASI (ASSISTANT INFORMATION SECURITY AUDITOR) 239,tepat dalam mengidentifikasi bukti tindak lanjut rekomendasi audit keamanan informasi berdasarkan rekomendasi audit keamanan informasi
TIK.SEC0504,ASISTEN AUDITOR KEAMANAN INFORMASI (ASSISTANT INFORMATION SECURITY AUDITOR) 239,memerinci kendali organisasi keamanan informasi
TIK.SEC0504,ASISTEN AUDITOR KEAMANAN INFORMASI (ASSISTANT INFORMATION SECURITY AUDITOR) 239,menguji kendali organisasi keamanan informasi
TIK.SEC0504,ASISTEN AUDITOR KEAMANAN INFORMASI (ASSISTANT INFORMATION SECURITY AUDITOR) 239,memerinci kendali teknologi keamanan informasi
TIK.SEC0504,ASISTEN AUDITOR KEAMANAN INFORMASI (ASSISTANT INFORMATION SECURITY AUDITOR) 239,menguji kendali teknologi keamanan informasi
TIK.SEC0504,ASISTEN AUDITOR KEAMANAN INFORMASI (ASSISTANT INFORMATION SECURITY AUDITOR) 239,memerinci kendali fisik terkait keamanan informasi
TIK.SEC0504,ASISTEN AUDITOR KEAMANAN INFORMASI (ASSISTANT INFORMATION SECURITY AUDITOR) 239,menguji kendali fisik terkait keamanan informasi
TIK.SEC0504,ASISTEN AUDITOR KEAMANAN INFORMASI (ASSISTANT INFORMATION SECURITY AUDITOR) 239,memerinci kendali personel terkait keamanan informasi
TIK.SEC0504,ASISTEN AUDITOR KEAMANAN INFORMASI (ASSISTANT INFORMATION SECURITY AUDITOR) 239,menguji kendali personel terkait keamanan informasi
TIK.SEC0504,ASISTEN AUDITOR KEAMANAN INFORMASI (ASSISTANT INFORMATION SECURITY AUDITOR) 239,menguji bentuk tindak lanjut rekomendasi aki
TIK.SEC0504,ASISTEN AUDITOR KEAMANAN INFORMASI (ASSISTANT INFORMATION SECURITY AUDITOR) 239,menguji agenda tindak lanjut rekomendasi aki
TIK.SEC0504,ASISTEN AUDITOR KEAMANAN INFORMASI (ASSISTANT INFORMATION SECURITY AUDITOR) 239,memformulasikan penyelesaian masalah dalam pelaksanaan prosedur audit keamanan informasi
TIK.SEC0504,ASISTEN AUDITOR KEAMANAN INFORMASI (ASSISTANT INFORMATION SECURITY AUDITOR) 239,melaksanakan prosedur audit keamanan informasi (aki) terhadap kendali organisasi
TIK.SEC0504,ASISTEN AUDITOR KEAMANAN INFORMASI (ASSISTANT INFORMATION SECURITY AUDITOR) 239,melaksanakan prosedur audit keamanan informasi (aki) terhadap kendali teknologi
TIK.SEC0504,ASISTEN AUDITOR KEAMANAN INFORMASI (ASSISTANT INFORMATION SECURITY AUDITOR) 239,melaksanakan prosedur audit keamanan informasi (aki) terhadap kendali fisik
TIK.SEC0504,ASISTEN AUDITOR KEAMANAN INFORMASI (ASSISTANT INFORMATION SECURITY AUDITOR) 239,melaksanakan prosedur audit keamanan informasi (aki) terhadap kendali personel
TIK.SEC0504,ASISTEN AUDITOR KEAMANAN INFORMASI (ASSISTANT INFORMATION SECURITY AUDITOR) 239,mengevaluasi bukti pelaksanaan tindak lanjut rekomendasi audit keamanan informasi (aki)
TIK.SEC0504,ASISTEN AUDITOR KEAMANAN INFORMASI (ASSISTANT INFORMATION SECURITY AUDITOR) 239,membuat kertas kerja audit keamanan informasi (aki)
TIK.SEC0504,ASISTEN AUDITOR KEAMANAN INFORMASI (ASSISTANT INFORMATION SECURITY AUDITOR) 239,membuat dokumentasi bukti audit keamanan informasi (aki)
TIK.SEC0504,ASISTEN AUDITOR KEAMANAN INFORMASI (ASSISTANT INFORMATION SECURITY AUDITOR) 239,mengumpulkan bukti pelaksanaan tindak lanjut audit keamanan informasi (aki)
TIK.SEC0505,PENYULUH KESADARAN KEAMANAN INFORMASI (INFORMATION SECURITY AWARENESS,"orang yang mampu menyelesaikan pekerjaan berlingkup luas, memilih metode yang sesuai dalam menyampaikan materi kesadaran keamanan informasi; mampu menunjukkan kinerja dengan mutu dan kualitas yang terukur; mampu menguasai konsep teoritis dalam mengembangkan materi kesadaran keamanan informasi; mampu mengelola kelompok kerja dan menyusun laporan tertulis pelaksanaan program kesadaran keamanan informasi secara komprehensif; mampu bertanggung jawab pada pekerjaan sendiri dan dapat diberi tanggung jawab atas pencapaian hasil kerja kelompok."
TIK.SEC0505,PENYULUH KESADARAN KEAMANAN INFORMASI (INFORMATION SECURITY AWARENESS,melaksanakan pengembangan dan penyampaian materi
TIK.SEC0505,PENYULUH KESADARAN KEAMANAN INFORMASI (INFORMATION SECURITY AWARENESS,sesuai penyampaian materi kesadaran keamanan informasi berdasarkan perencanaan program kesadaran keamanan informasi
TIK.SEC0505,PENYULUH KESADARAN KEAMANAN INFORMASI (INFORMATION SECURITY AWARENESS,sesuai dalam membuat materi kesadaran keamanan informasi berdasarkan kerangka materi kesadaran keamanan informasi
TIK.SEC0505,PENYULUH KESADARAN KEAMANAN INFORMASI (INFORMATION SECURITY AWARENESS,merumuskan metode penyampaian materi kesadaran keamanan informasi
TIK.SEC0505,PENYULUH KESADARAN KEAMANAN INFORMASI (INFORMATION SECURITY AWARENESS,menyusun materi kesadaran keamanan informasi
TIK.SEC0505,PENYULUH KESADARAN KEAMANAN INFORMASI (INFORMATION SECURITY AWARENESS,menyiapkan pelaksanaan penyampaian materi program kesadaran keamanan informasi
TIK.SEC0505,PENYULUH KESADARAN KEAMANAN INFORMASI (INFORMATION SECURITY AWARENESS,memberikan materi program kesadaran keamanan informasi
TIK.SEC0505,PENYULUH KESADARAN KEAMANAN INFORMASI (INFORMATION SECURITY AWARENESS,memformulasikan penyelesaian masalah dalam pelaksanaan prosedur kesadaran keamanan informasi
TIK.SEC0505,PENYULUH KESADARAN KEAMANAN INFORMASI (INFORMATION SECURITY AWARENESS,mengembangkan materi kesadaran keamanan informasi
TIK.SEC0505,PENYULUH KESADARAN KEAMANAN INFORMASI (INFORMATION SECURITY AWARENESS,melakukan penyampaian materi kesadaran keamanan informasi
TIK.SEC0505,PENYULUH KESADARAN KEAMANAN INFORMASI (INFORMATION SECURITY AWARENESS,menyusun laporan kegiatan program kesadaran keamanan informasi
TIK.SEC0505,PENYULUH KESADARAN KEAMANAN INFORMASI (INFORMATION SECURITY AWARENESS,melaksanakan pengamanan integritas informasi
TIK.SEC0506,PELAKSANA KEAMANAN INFORMASI (JUNIOR INFORMATION SECURITY),"orang yang memiliki kemampuan menyelesaikan pekerjaan berlingkup luas di bidang keamanan informasi, memilih metode pengamanan informasi yang sesuai dari beragam pilihan yang sudah maupun belum baku dengan menganalisis data, menunjukkan kinerja dengan mutu dan kuantitas yang terukur; menguasai konsep teoritis bidang keamanan informasi secara umum, mampu memformulasikan penyelesaian masalah keamanan informasi secara prosedural, mampu menyusun laporan tertulis secara komprehensif; dan bertanggung jawab pada pekerjaan sendiri dan dapat diberi tanggung jawab atas pencapaian hasil kerja kelompok."
TIK.SEC0506,PELAKSANA KEAMANAN INFORMASI (JUNIOR INFORMATION SECURITY),melaksanakan pekerjaan bidang keamanan informasi secara umum
TIK.SEC0506,PELAKSANA KEAMANAN INFORMASI (JUNIOR INFORMATION SECURITY),cermat dalam mengidentifikasi klasifikasi informasi berdasarkan kebutuhan keamanan informasi
TIK.SEC0506,PELAKSANA KEAMANAN INFORMASI (JUNIOR INFORMATION SECURITY),cermat dalam mengidentifikasi metode pengamanan integritas informasi yang sesuai dengan tingkat kepentingan informasi
TIK.SEC0506,PELAKSANA KEAMANAN INFORMASI (JUNIOR INFORMATION SECURITY),tepat dalam menentukan metode validasi integritas informasi berdasarkan praktik terbaik keamanan informasi
TIK.SEC0506,PELAKSANA KEAMANAN INFORMASI (JUNIOR INFORMATION SECURITY),sistematis dalam membuat rencana pelaksanaan keberlangsungan keamanan informasi sesuai dengan daftar kesiapan tik di organisasi
TIK.SEC0506,PELAKSANA KEAMANAN INFORMASI (JUNIOR INFORMATION SECURITY),"tepat dalam memilih metode autentikasi berdasarkan praktik terbaik keamanan informasi dan hasil identifikasi risiko pada transmisi, pesan atau sumber aslinya"
TIK.SEC0506,PELAKSANA KEAMANAN INFORMASI (JUNIOR INFORMATION SECURITY),membuat kategori klasifikasi informasi
TIK.SEC0506,PELAKSANA KEAMANAN INFORMASI (JUNIOR INFORMATION SECURITY),mendata informasi yang bersifat rahasia
TIK.SEC0506,PELAKSANA KEAMANAN INFORMASI (JUNIOR INFORMATION SECURITY),menentukan tingkat kepentingan informasi
TIK.SEC0506,PELAKSANA KEAMANAN INFORMASI (JUNIOR INFORMATION SECURITY),menentukan metode pengamanan integritas informasi
TIK.SEC0506,PELAKSANA KEAMANAN INFORMASI (JUNIOR INFORMATION SECURITY),mengidentifikasi ancaman terhadap integritas informasi
TIK.SEC0506,PELAKSANA KEAMANAN INFORMASI (JUNIOR INFORMATION SECURITY),mengidentifikasi metode validasi integritas informasi
TIK.SEC0506,PELAKSANA KEAMANAN INFORMASI (JUNIOR INFORMATION SECURITY),mendokumentasikan hasil validasi integritas informasi
TIK.SEC0506,PELAKSANA KEAMANAN INFORMASI (JUNIOR INFORMATION SECURITY),menyusun daftar kesiapan tik untuk keberlangsungan bisnis
TIK.SEC0506,PELAKSANA KEAMANAN INFORMASI (JUNIOR INFORMATION SECURITY),melakukan pengamanan ketersediaan
TIK.SEC0506,PELAKSANA KEAMANAN INFORMASI (JUNIOR INFORMATION SECURITY),"mengidentifikasi risiko pada transmisi, pesan atau sumber aslinya"
TIK.SEC0506,PELAKSANA KEAMANAN INFORMASI (JUNIOR INFORMATION SECURITY),"menentukan metode autentikasi yang akan digunakan untuk validasi transmisi, pesan atau sumber aslinya yang terpercaya"
TIK.SEC0506,PELAKSANA KEAMANAN INFORMASI (JUNIOR INFORMATION SECURITY),memformulasikan penyelesaian masalah dalam pelaksanaan prosedur keamanan informasi
TIK.SEC0506,PELAKSANA KEAMANAN INFORMASI (JUNIOR INFORMATION SECURITY),mengklasifikasikan informasi yang bersifat rahasia
TIK.SEC0506,PELAKSANA KEAMANAN INFORMASI (JUNIOR INFORMATION SECURITY),melaksanakan pengamanan integritas informasi
TIK.SEC0506,PELAKSANA KEAMANAN INFORMASI (JUNIOR INFORMATION SECURITY),melaksanakan validasi integritas informasi
TIK.SEC0506,PELAKSANA KEAMANAN INFORMASI (JUNIOR INFORMATION SECURITY),melaksanakan keberlangsungan keamanan informasi
TIK.SEC0506,PELAKSANA KEAMANAN INFORMASI (JUNIOR INFORMATION SECURITY),menetapkan metode autentikasi
TIK.SEC0506,PELAKSANA KEAMANAN INFORMASI (JUNIOR INFORMATION SECURITY),melaksanakan pengamanan informasi yang bersifat rahasia
TIK.SEC0506,PELAKSANA KEAMANAN INFORMASI (JUNIOR INFORMATION SECURITY),mengimplementasikan penyediaan fasilitas pemrosesan informasi dengan redundansi yang sesuai
TIK.SEC0507,KEAMANAN SIBER MUDA (ASSOCIATE CYBER SECURITY),orang yang bertanggung jawab untuk membantu melindungi sistem komputer dan jaringan dari ancaman keamanan. pekerjaan ini mencakup berbagai tugas dan tanggung jawab yang dirancang untuk memastikan keamanan informasi dan infrastruktur teknologi suatu organisasi.
TIK.SEC0507,KEAMANAN SIBER MUDA (ASSOCIATE CYBER SECURITY),memantau aktivitas jaringan dan sistem
TIK.SEC0507,KEAMANAN SIBER MUDA (ASSOCIATE CYBER SECURITY),mengambil tindakan untuk mengisolasi dan mengatasi ancaman keamanan
TIK.SEC0507,KEAMANAN SIBER MUDA (ASSOCIATE CYBER SECURITY),berintegritas
TIK.SEC0507,KEAMANAN SIBER MUDA (ASSOCIATE CYBER SECURITY),analitis
TIK.SEC0507,KEAMANAN SIBER MUDA (ASSOCIATE CYBER SECURITY),mengatasi masalah (problem-solving)
TIK.SEC0507,KEAMANAN SIBER MUDA (ASSOCIATE CYBER SECURITY),merencanakan dan mengorganisasi pekerjaan
TIK.SEC0507,KEAMANAN SIBER MUDA (ASSOCIATE CYBER SECURITY),bertanggung jawab
TIK.SEC0507,KEAMANAN SIBER MUDA (ASSOCIATE CYBER SECURITY),mampu mengarahkan dan mempunyai visi
TIK.SEC0507,KEAMANAN SIBER MUDA (ASSOCIATE CYBER SECURITY),memberi motivasi
TIK.SEC0507,KEAMANAN SIBER MUDA (ASSOCIATE CYBER SECURITY),memimpin perubahan
TIK.SEC0507,KEAMANAN SIBER MUDA (ASSOCIATE CYBER SECURITY),memantau aktivitas jaringan dan sistem untuk mendeteksi potensi ancaman keamanan
TIK.SEC0507,KEAMANAN SIBER MUDA (ASSOCIATE CYBER SECURITY),menganalisis log keamanan dan data untuk mengidentifikasi pola yang mencurigakan
TIK.SEC0507,KEAMANAN SIBER MUDA (ASSOCIATE CYBER SECURITY),memberikan tanggapan cepat terhadap insiden keamanan yang terdeteksi
TIK.SEC0507,KEAMANAN SIBER MUDA (ASSOCIATE CYBER SECURITY),mengambil tindakan untuk mengisolasi dan mengatasi ancaman keamanan
TIK.SEC0507,KEAMANAN SIBER MUDA (ASSOCIATE CYBER SECURITY),menganalisis metode serangan yang potensial dan mengembangkan strategi untuk mencegahnya
TIK.SEC0507,KEAMANAN SIBER MUDA (ASSOCIATE CYBER SECURITY),melakukan investigasi terhadap insiden keamanan untuk memahami asal usul dan dampaknya
TIK.SEC0507,KEAMANAN SIBER MUDA (ASSOCIATE CYBER SECURITY),memastikan perangkat lunak keamanan dan alat keamanan lainnya tetap diperbarui
TIK.SEC0507,KEAMANAN SIBER MUDA (ASSOCIATE CYBER SECURITY),melakukan pemeliharaan rutin pada sistem keamanan
TIK.SEC0507,KEAMANAN SIBER MUDA (ASSOCIATE CYBER SECURITY),"memiliki pengetahuan dasar tentang keamanan siber, seperti: firewall, intrusion detection system (id, intrusion prevention system (ips), vulnerability assessment, penetration testing;"
TIK.SEC0507,KEAMANAN SIBER MUDA (ASSOCIATE CYBER SECURITY),memiliki kemampuan untuk bekerja secara mandiri dan dalam tim;
TIK.SEC0507,KEAMANAN SIBER MUDA (ASSOCIATE CYBER SECURITY),memiliki kemampuan untuk belajar dan beradaptasi dengan cepat.
TIK.SEC0507,KEAMANAN SIBER MUDA (ASSOCIATE CYBER SECURITY),menerapkan prinsip perlindungan informasi
TIK.SEC0507,KEAMANAN SIBER MUDA (ASSOCIATE CYBER SECURITY),menerapkan prinsip keamanan informasi untuk penggunaan jaringan internet
TIK.SEC0507,KEAMANAN SIBER MUDA (ASSOCIATE CYBER SECURITY),menerapkan prinsip keamanan informasi pada transaksi elektronik
TIK.SEC0507,KEAMANAN SIBER MUDA (ASSOCIATE CYBER SECURITY),melaksanakan pemantauan penerapan kebijakan keamanan informasi
TIK.SEC0507,KEAMANAN SIBER MUDA (ASSOCIATE CYBER SECURITY),mengaplikasikan ketentuan/persyaratan keamanan informasi
TIK.SEC0507,KEAMANAN SIBER MUDA (ASSOCIATE CYBER SECURITY),mengelola log
TIK.SEC0507,KEAMANAN SIBER MUDA (ASSOCIATE CYBER SECURITY),melaksanakan pengontrolan akses pengguna yang berwenang
TIK.SEC0508,PENANGAN PERTAMA BUKTI DIGITAL MUDA (ASSOCIATE DIGITAL EVIDENCE FIRST,"orang yang berwenang, terlatih, dan memiliki kemampuan teknik dan keahlian untuk membantu dalam rangka mendampingi tugas seorang defr yang bertindak pertama pada lokasi kejadian dalam melakukan identifikasi, akuisisi, koleksi, dan preservasi barang bukti digital dalam rangka mendapatkan data investigatif untuk dianalisis secara komprehensif sebagai bukti digital yang dapat digunakan untuk penyelidikan, penyidikan dan penuntutan."
TIK.SEC0508,PENANGAN PERTAMA BUKTI DIGITAL MUDA (ASSOCIATE DIGITAL EVIDENCE FIRST,identifikasi barang bukti digital
TIK.SEC0508,PENANGAN PERTAMA BUKTI DIGITAL MUDA (ASSOCIATE DIGITAL EVIDENCE FIRST,koleksi dan/atau akuisisi barang bukti digital
TIK.SEC0508,PENANGAN PERTAMA BUKTI DIGITAL MUDA (ASSOCIATE DIGITAL EVIDENCE FIRST,keamanan barang bukti digital
TIK.SEC0508,PENANGAN PERTAMA BUKTI DIGITAL MUDA (ASSOCIATE DIGITAL EVIDENCE FIRST,beretika
TIK.SEC0508,PENANGAN PERTAMA BUKTI DIGITAL MUDA (ASSOCIATE DIGITAL EVIDENCE FIRST,teliti dan hati-hati
TIK.SEC0508,PENANGAN PERTAMA BUKTI DIGITAL MUDA (ASSOCIATE DIGITAL EVIDENCE FIRST,berintegritas mematuhi aturan dan prosedur yang telah ditetapkan
TIK.SEC0508,PENANGAN PERTAMA BUKTI DIGITAL MUDA (ASSOCIATE DIGITAL EVIDENCE FIRST,selalu belajar hal baru
TIK.SEC0508,PENANGAN PERTAMA BUKTI DIGITAL MUDA (ASSOCIATE DIGITAL EVIDENCE FIRST,komunikatif
TIK.SEC0508,PENANGAN PERTAMA BUKTI DIGITAL MUDA (ASSOCIATE DIGITAL EVIDENCE FIRST,bekerja dalam tim
TIK.SEC0508,PENANGAN PERTAMA BUKTI DIGITAL MUDA (ASSOCIATE DIGITAL EVIDENCE FIRST,"memastikan barang bukti digital dapat memenuhi: relevansi, keandalan, dan kecukupan"
TIK.SEC0508,PENANGAN PERTAMA BUKTI DIGITAL MUDA (ASSOCIATE DIGITAL EVIDENCE FIRST,"memastikan penanganan barang bukti digital harus dapat dilakukan audit, diulang kembali, diproduksi kembali, dan memiliki justifikasi"
TIK.SEC0508,PENANGAN PERTAMA BUKTI DIGITAL MUDA (ASSOCIATE DIGITAL EVIDENCE FIRST,menangani pengamanan tempat kejadian perkara
TIK.SEC0508,PENANGAN PERTAMA BUKTI DIGITAL MUDA (ASSOCIATE DIGITAL EVIDENCE FIRST,menangani akuisisi dan/atau koleksi barang bukti digital
TIK.SEC0508,PENANGAN PERTAMA BUKTI DIGITAL MUDA (ASSOCIATE DIGITAL EVIDENCE FIRST,menangani preservasi barang bukti digital selama proses penanganan kasus
TIK.SEC0508,PENANGAN PERTAMA BUKTI DIGITAL MUDA (ASSOCIATE DIGITAL EVIDENCE FIRST,memiliki pemahaman alat bukti hukum yang sah;
TIK.SEC0508,PENANGAN PERTAMA BUKTI DIGITAL MUDA (ASSOCIATE DIGITAL EVIDENCE FIRST,mempersiapkan penanganan pertama bukti elektronik
TIK.SEC0508,PENANGAN PERTAMA BUKTI DIGITAL MUDA (ASSOCIATE DIGITAL EVIDENCE FIRST,mencari bukti elektronik fisik mandiri (standalone devices)
TIK.SEC0508,PENANGAN PERTAMA BUKTI DIGITAL MUDA (ASSOCIATE DIGITAL EVIDENCE FIRST,mencari bukti elektronik fisik yang terkoneksi ke jaringan (networked devices)
TIK.SEC0508,PENANGAN PERTAMA BUKTI DIGITAL MUDA (ASSOCIATE DIGITAL EVIDENCE FIRST,mengumpulkan informasi non-elektronik
TIK.SEC0508,PENANGAN PERTAMA BUKTI DIGITAL MUDA (ASSOCIATE DIGITAL EVIDENCE FIRST,memilih opsi untuk koleksi atau akuisisi
TIK.SEC0508,PENANGAN PERTAMA BUKTI DIGITAL MUDA (ASSOCIATE DIGITAL EVIDENCE FIRST,mengumpulkan bukti elektronik dalam kondisi masih hidup/on
TIK.SEC0508,PENANGAN PERTAMA BUKTI DIGITAL MUDA (ASSOCIATE DIGITAL EVIDENCE FIRST,mengumpulkan bukti elektronik dalam kondisi sudah mati/off
TIK.SEC0508,PENANGAN PERTAMA BUKTI DIGITAL MUDA (ASSOCIATE DIGITAL EVIDENCE FIRST,mengumpulkan bukti elektronik yang terkoneksi ke jaringan (networked devices)
TIK.SEC0508,PENANGAN PERTAMA BUKTI DIGITAL MUDA (ASSOCIATE DIGITAL EVIDENCE FIRST,mengumpulkan bukti elektronik dari sistem closed circuit television (cctv)
TIK.SEC0401,ANALIS SOC TINGKAT 1 (L1 SOC ANALYST),"orang yang mampu menyelesaikan tugas security operation center berlingkup luas dan kasus spesifik dengan menganalisis informasi secara terbatas, memilih metode yang sesuai dengan beberapa pilihan yang baku, serta mampu menunjukkan kinerja dengan mutu dan kuantitas yang terukur; menguasai beberapa prinsip dasar bidang security operation center dan mampu menyelaraskan dengan permasalahan faktual di bidang security operation center; menyusun laporan security operation center daam lingkup terbatas; mampu bekerja sama dan melakukan komunikasi, memiliki inisiatif, bertanggung jawab pada pekerjaan sendiri dan dapat diberi tanggung jawab atas hasil kerja tim security operation center."
TIK.SEC0401,ANALIS SOC TINGKAT 1 (L1 SOC ANALYST),membantu l2 soc analyst dalam pelaksanaan security operation center
TIK.SEC0401,ANALIS SOC TINGKAT 1 (L1 SOC ANALYST),tepat dalam membuat eskalasi pengambilan keputusan berdasarkan kewenangan dilakukan sesuai prosedur
TIK.SEC0401,ANALIS SOC TINGKAT 1 (L1 SOC ANALYST),cermat dalam mengidentifikasi ruang lingkup deteksi kerentanan berdasarkan dokumen kesepakatan
TIK.SEC0401,ANALIS SOC TINGKAT 1 (L1 SOC ANALYST),tepat dalam mendeteksi kerentanan aset ti sesuai dengan tahapan vulnerability assessment
TIK.SEC0401,ANALIS SOC TINGKAT 1 (L1 SOC ANALYST),cermat dalam mengidentifikasi aktivitas siber yang mencurigakan berdasarkan informasi ancaman
TIK.SEC0401,ANALIS SOC TINGKAT 1 (L1 SOC ANALYST),cermat dalam menganalisis aktivitas siber yang sudah teridentifikasi sesuai prosedur
TIK.SEC0401,ANALIS SOC TINGKAT 1 (L1 SOC ANALYST),cermat dalam memberikan layanan tiket sesuai hasil identifikasi sistem tiket
TIK.SEC0401,ANALIS SOC TINGKAT 1 (L1 SOC ANALYST),cermat dalam menentukan parameter kewajaran sesuai kebutuhan
TIK.SEC0401,ANALIS SOC TINGKAT 1 (L1 SOC ANALYST),cermat dalam mengidentifikasi log artefak sesuai parameter kewajaran
TIK.SEC0401,ANALIS SOC TINGKAT 1 (L1 SOC ANALYST),mengumpulkan informasi terkait efek dari insiden keamanan siber
TIK.SEC0401,ANALIS SOC TINGKAT 1 (L1 SOC ANALYST),mengidentifikasi dampak insiden keamanan siber
TIK.SEC0401,ANALIS SOC TINGKAT 1 (L1 SOC ANALYST),menentukan kendali terhadap insiden keamanan siber
TIK.SEC0401,ANALIS SOC TINGKAT 1 (L1 SOC ANALYST),mengidentifikasi ruang lingkup deteksi kerentanan aset ti
TIK.SEC0401,ANALIS SOC TINGKAT 1 (L1 SOC ANALYST),mengidentifikasi kerentanan pada aset ti
TIK.SEC0401,ANALIS SOC TINGKAT 1 (L1 SOC ANALYST),mengidentifikasi daftar aset ti yang rentan terhadap ancaman siber
TIK.SEC0401,ANALIS SOC TINGKAT 1 (L1 SOC ANALYST),memantau aktivitas yang dapat menyebabkan ancaman siber
TIK.SEC0401,ANALIS SOC TINGKAT 1 (L1 SOC ANALYST),memproses tiket terhadap insiden keamanan siber
TIK.SEC0401,ANALIS SOC TINGKAT 1 (L1 SOC ANALYST),mendistribusikan tiket terhadap insiden keamanan siber
TIK.SEC0401,ANALIS SOC TINGKAT 1 (L1 SOC ANALYST),menentukan jenis log
TIK.SEC0401,ANALIS SOC TINGKAT 1 (L1 SOC ANALYST),memeriksa log
TIK.SEC0401,ANALIS SOC TINGKAT 1 (L1 SOC ANALYST),mendokumentasikan kegiatan analisis log
TIK.SEC0401,ANALIS SOC TINGKAT 1 (L1 SOC ANALYST),melakukan analisis keamanan siber terhadap insiden keamanan siber untuk menentukan kendali
TIK.SEC0401,ANALIS SOC TINGKAT 1 (L1 SOC ANALYST),melakukan deteksi kerentanan aset teknologi informasi (ti)
TIK.SEC0401,ANALIS SOC TINGKAT 1 (L1 SOC ANALYST),melakukan pemantauan aset teknologi informasi (ti) terhadap aktivitas ancaman siber
TIK.SEC0401,ANALIS SOC TINGKAT 1 (L1 SOC ANALYST),memberikan tiket terhadap insiden keamanan siber
TIK.SEC0401,ANALIS SOC TINGKAT 1 (L1 SOC ANALYST),menganalisis log pada security operations center (soc)
TIK.SEC0401,ANALIS SOC TINGKAT 1 (L1 SOC ANALYST),menganalisis dampak insiden keamanan siber
TIK.SEC0402,ASISTEN KEAMANAN SIBER (CYBER SECURITY ASSISTANT),"orang yang bertanggung jawab untuk melindungi sistem, jaringan, dan data dari ancaman keamanan komputer. dalam konteks teknologi informasi dan komunikasi (tik), pekerjaan ini melibatkan berbagai tugas untuk menjaga integritas, kerahasiaan, dan ketersediaan informasi yang disimpan dan diproses oleh sistem komputer."
TIK.SEC0402,ASISTEN KEAMANAN SIBER (CYBER SECURITY ASSISTANT),menganalisis risiko keamanan
TIK.SEC0402,ASISTEN KEAMANAN SIBER (CYBER SECURITY ASSISTANT),mengimplementasikan pemeliharaan keamanan
TIK.SEC0402,ASISTEN KEAMANAN SIBER (CYBER SECURITY ASSISTANT),berintegritas
TIK.SEC0402,ASISTEN KEAMANAN SIBER (CYBER SECURITY ASSISTANT),analitis
TIK.SEC0402,ASISTEN KEAMANAN SIBER (CYBER SECURITY ASSISTANT),mengatasi masalah (problem-solving)
TIK.SEC0402,ASISTEN KEAMANAN SIBER (CYBER SECURITY ASSISTANT),merencanakan dan mengorganisasi pekerjaan
TIK.SEC0402,ASISTEN KEAMANAN SIBER (CYBER SECURITY ASSISTANT),bertanggung jawab
TIK.SEC0402,ASISTEN KEAMANAN SIBER (CYBER SECURITY ASSISTANT),mampu mengarahkan dan mempunyai visi
TIK.SEC0402,ASISTEN KEAMANAN SIBER (CYBER SECURITY ASSISTANT),memberi motivasi
TIK.SEC0402,ASISTEN KEAMANAN SIBER (CYBER SECURITY ASSISTANT),mengimplementasikan dan memelihara kebijakan keamanan informasi
TIK.SEC0402,ASISTEN KEAMANAN SIBER (CYBER SECURITY ASSISTANT),"mengonfigurasi dan mengelola firewall, antivirus, dan perangkat keamanan lainnya"
TIK.SEC0402,ASISTEN KEAMANAN SIBER (CYBER SECURITY ASSISTANT),melakukan evaluasi keamanan secara rutin untuk menilai efektivitas langkah-langkah keamanan yang ada
TIK.SEC0402,ASISTEN KEAMANAN SIBER (CYBER SECURITY ASSISTANT),menyusun dan menyajikan laporan keamanan kepada pemangku kepentingan
TIK.SEC0402,ASISTEN KEAMANAN SIBER (CYBER SECURITY ASSISTANT),kemampuan analisis yang kuat untuk mengidentifikasi dan memecahkan masalah dengan cepat;
TIK.SEC0402,ASISTEN KEAMANAN SIBER (CYBER SECURITY ASSISTANT),kemampuan berkomunikasi dengan jelas dan efektif.
TIK.SEC0402,ASISTEN KEAMANAN SIBER (CYBER SECURITY ASSISTANT),monitor and improve knowledge management system (memantau dan meningkatkan sistem manajemen pengetahuan)
TIK.SEC0402,ASISTEN KEAMANAN SIBER (CYBER SECURITY ASSISTANT),research and review hardware technology options for organisations
TIK.SEC0402,ASISTEN KEAMANAN SIBER (CYBER SECURITY ASSISTANT),validate quality and completeness of system design specifications
TIK.SEC0402,ASISTEN KEAMANAN SIBER (CYBER SECURITY ASSISTANT),match it needs with the strategic direction of the enterprise
TIK.SEC0402,ASISTEN KEAMANAN SIBER (CYBER SECURITY ASSISTANT),install and test renewable energy system for ict networks (menginstal dan menguji sistem energi terbarukan untuk jaringan tik)
TIK.SEC0402,ASISTEN KEAMANAN SIBER (CYBER SECURITY ASSISTANT),"install, configure and test an internet protocol network"
TIK.SEC0402,ASISTEN KEAMANAN SIBER (CYBER SECURITY ASSISTANT),configure and troubleshoot advanced network switching
TIK.SEC0301,PENGUJI KEAMANAN SIBER PERTAMA (JUNIOR PENETRATION TESTER),"orang yang mampu melaksanakan serangkaian tugas spesifik pada uji keamanan siber, dengan menerjemahkan informasi dan menggunakan alat, berdasarkan sejumlah pilihan prosedur kerja, serta mampu menunjukkan kinerja dengan mutu dan kuantitas yang terukur, yang sebagian merupakan hasil kerja sendiri dengan pengawasan tidak langsung penetration tester dan/atau senior penetration tester. memiliki pengetahuan operasional yang lengkap, prinsip-prinsip serta konsep umum yang terkait dengan fakta bidang uji keamanan siber, sehingga mampu menyelesaikan berbagai masalah yang lazim dengan metode yang sesuai. mampu bekerja sama dan melakukan komunikasi dalam lingkup kerjanya. bertanggung jawab pada pekerjaan sendiri dan dapat diberi tanggung jawab atas kuantitas dan mutu hasil kerja orang lain."
TIK.SEC0301,PENGUJI KEAMANAN SIBER PERTAMA (JUNIOR PENETRATION TESTER),membantu penguji keamanan siber muda mengumpulkan informasi yang dibutuhkan dalam melakukan pengujian
TIK.SEC0301,PENGUJI KEAMANAN SIBER PERTAMA (JUNIOR PENETRATION TESTER),tepat dalam memilih metode penilaian kerentanan berdasarkan relevansi terhadap hasil uks
TIK.SEC0301,PENGUJI KEAMANAN SIBER PERTAMA (JUNIOR PENETRATION TESTER),tepat dalam memetakan hasil analisis berdasarkan tingkat reliabilitasnya terhadap pelaksanaan uks
TIK.SEC0301,PENGUJI KEAMANAN SIBER PERTAMA (JUNIOR PENETRATION TESTER),tepat dalam mengidentifikasi kerentanan yang bersifat false positive berdasarkan hasil analisis daftar kerentanan
TIK.SEC0301,PENGUJI KEAMANAN SIBER PERTAMA (JUNIOR PENETRATION TESTER),tepat dalam menganalisis relevansi temuan terhadap kebutuhan laporan berdasarkan ruang lingkup pengujian keamanan siber
TIK.SEC0301,PENGUJI KEAMANAN SIBER PERTAMA (JUNIOR PENETRATION TESTER),menelaah metode penilaian kerentanan yang relevan
TIK.SEC0301,PENGUJI KEAMANAN SIBER PERTAMA (JUNIOR PENETRATION TESTER),mengidentifikasi metode penilaian kerentanan hasil uji keamanan siber (uks)
TIK.SEC0301,PENGUJI KEAMANAN SIBER PERTAMA (JUNIOR PENETRATION TESTER),menghimpun informasi yang dianggap relevan
TIK.SEC0301,PENGUJI KEAMANAN SIBER PERTAMA (JUNIOR PENETRATION TESTER),memeriksa hasil penghimpunan informasi yang relevan
TIK.SEC0301,PENGUJI KEAMANAN SIBER PERTAMA (JUNIOR PENETRATION TESTER),mengidentifikasi kerentanan objek pengujian
TIK.SEC0301,PENGUJI KEAMANAN SIBER PERTAMA (JUNIOR PENETRATION TESTER),memeriksa kerentanan objek pengujian
TIK.SEC0301,PENGUJI KEAMANAN SIBER PERTAMA (JUNIOR PENETRATION TESTER),mengidentifikasi temuan yang relevan
TIK.SEC0301,PENGUJI KEAMANAN SIBER PERTAMA (JUNIOR PENETRATION TESTER),mendokumentasikan temuan hasil pengujian keamanan siber
TIK.SEC0301,PENGUJI KEAMANAN SIBER PERTAMA (JUNIOR PENETRATION TESTER),memilih penyelesaian yang tersedia terhadap masalah yang lazim timbul dalam penyusunan dokumentasi uji keamanan siber
TIK.SEC0301,PENGUJI KEAMANAN SIBER PERTAMA (JUNIOR PENETRATION TESTER),menentukan metode penilaian kerentanan
TIK.SEC0301,PENGUJI KEAMANAN SIBER PERTAMA (JUNIOR PENETRATION TESTER),mengumpulkan informasi yang diperlukan untuk pengujian keamanan siber
TIK.SEC0301,PENGUJI KEAMANAN SIBER PERTAMA (JUNIOR PENETRATION TESTER),mencari kerentanan sesuai ruang lingkup pengujian keamanan siber
TIK.SEC0301,PENGUJI KEAMANAN SIBER PERTAMA (JUNIOR PENETRATION TESTER),melakukan kompilasi temuan hasil pengujian keamanan siber
TIK.SEC0301,PENGUJI KEAMANAN SIBER PERTAMA (JUNIOR PENETRATION TESTER),melakukan deteksi kerentanan aset teknologi informasi (ti)
TIK.SEC0301,PENGUJI KEAMANAN SIBER PERTAMA (JUNIOR PENETRATION TESTER),menganalisis ancaman/anomali keamanan siber (threat intelligence) pada perimeter keamanan
TIK.SEC0301,PENGUJI KEAMANAN SIBER PERTAMA (JUNIOR PENETRATION TESTER),mengklasifikasikan informasi yang bersifat rahasia
TIK.INF0901,PEMIMPIN INFRASTRUKTUR TI (CHIEF IT INFRASTRUCTURE OFFICER),"orang yang bertanggung jawab atas perencanaan, desain, implementasi, dan pengelolaan infrastruktur teknologi informasi (ti) di sebuah organisasi, serta memastikan kelancaran operasional infrastruktur ti suatu organisasi. infrastruktur ti mencakup semua komponen fisik dan non-fisik yang diperlukan untuk menjalankan sistem ti, termasuk perangkat keras, perangkat lunak, jaringan, dan data center."
TIK.INF0901,PEMIMPIN INFRASTRUKTUR TI (CHIEF IT INFRASTRUCTURE OFFICER),perencanaan dan desain infrastruktur ti
TIK.INF0901,PEMIMPIN INFRASTRUKTUR TI (CHIEF IT INFRASTRUCTURE OFFICER),implementasi dan pengelolaan infrastruktur ti
TIK.INF0901,PEMIMPIN INFRASTRUKTUR TI (CHIEF IT INFRASTRUCTURE OFFICER),"keterampilan teknis di bidang infrastruktur ti, seperti jaringan, server, penyimpanan, dan keamanan"
TIK.INF0901,PEMIMPIN INFRASTRUKTUR TI (CHIEF IT INFRASTRUCTURE OFFICER),keterampilan manajemen proyek
TIK.INF0901,PEMIMPIN INFRASTRUKTUR TI (CHIEF IT INFRASTRUCTURE OFFICER),keterampilan komunikasi dan interpersonal
TIK.INF0901,PEMIMPIN INFRASTRUKTUR TI (CHIEF IT INFRASTRUCTURE OFFICER),kemampuan untuk berpikir strategis dan memecahkan masalah; dan
TIK.INF0901,PEMIMPIN INFRASTRUKTUR TI (CHIEF IT INFRASTRUCTURE OFFICER),kemampuan untuk bekerja sama dengan tim lintas fungsi.
TIK.INF0901,PEMIMPIN INFRASTRUKTUR TI (CHIEF IT INFRASTRUCTURE OFFICER),merumuskan strategi infrastruktur ti untuk mendukung tujuan bisnis organisasi
TIK.INF0901,PEMIMPIN INFRASTRUKTUR TI (CHIEF IT INFRASTRUCTURE OFFICER),merencanakan dan merancang infrastruktur ti baru atau yang diperbarui
TIK.INF0901,PEMIMPIN INFRASTRUKTUR TI (CHIEF IT INFRASTRUCTURE OFFICER),mengimplementasikan infrastruktur ti baru atau yang diperbarui
TIK.INF0901,PEMIMPIN INFRASTRUKTUR TI (CHIEF IT INFRASTRUCTURE OFFICER),mengelola infrastruktur ti yang ada
TIK.INF0901,PEMIMPIN INFRASTRUKTUR TI (CHIEF IT INFRASTRUCTURE OFFICER),memantau dan menganalisis kinerja infrastruktur ti
TIK.INF0901,PEMIMPIN INFRASTRUKTUR TI (CHIEF IT INFRASTRUCTURE OFFICER),melakukan pemeliharaan dan perbaikan infrastruktur ti
TIK.INF0901,PEMIMPIN INFRASTRUKTUR TI (CHIEF IT INFRASTRUCTURE OFFICER),mengelola keamanan dan compliance infrastruktur ti
TIK.INF0901,PEMIMPIN INFRASTRUKTUR TI (CHIEF IT INFRASTRUCTURE OFFICER),membuat keputusan tentang infrastruktur ti
TIK.INF0901,PEMIMPIN INFRASTRUKTUR TI (CHIEF IT INFRASTRUCTURE OFFICER),mengembangkan dan mengelola anggaran infrastruktur ti
TIK.INF0901,PEMIMPIN INFRASTRUKTUR TI (CHIEF IT INFRASTRUCTURE OFFICER),mengembangkan dan mengelola tim teknis ti
TIK.INF0901,PEMIMPIN INFRASTRUKTUR TI (CHIEF IT INFRASTRUCTURE OFFICER),melakukan negosiasi kontrak dengan vendor ti
TIK.INF0901,PEMIMPIN INFRASTRUKTUR TI (CHIEF IT INFRASTRUCTURE OFFICER),manage it services
TIK.INF0901,PEMIMPIN INFRASTRUKTUR TI (CHIEF IT INFRASTRUCTURE OFFICER),configure network devices for a secure network infrastructure
TIK.INF0901,PEMIMPIN INFRASTRUKTUR TI (CHIEF IT INFRASTRUCTURE OFFICER),manage it projects (mengelola proyek ti)
TIK.INF0901,PEMIMPIN INFRASTRUKTUR TI (CHIEF IT INFRASTRUCTURE OFFICER),manage it project planning (mengelola perencanaan proyek ti)
TIK.INF0901,PEMIMPIN INFRASTRUKTUR TI (CHIEF IT INFRASTRUCTURE OFFICER),manage it project quality
TIK.INF0901,PEMIMPIN INFRASTRUKTUR TI (CHIEF IT INFRASTRUCTURE OFFICER),manage it project systems implementation
TIK.INF0902,PEMIMPIN INFRASTRUKTUR (CHIEF INFRASTRUCTURE OFFICER),"orang yang bertanggung jawab untuk memastikan kelancaran operasional infrastruktur ti suatu organisasi. infrastruktur ti merupakan fondasi dari seluruh sistem dan aplikasi ti, sehingga pemimpin infrastruktur memiliki peran yang sangat penting dalam memastikan kelancaran operasional bisnis."
TIK.INF0902,PEMIMPIN INFRASTRUKTUR (CHIEF INFRASTRUCTURE OFFICER),perencanaan dan implementasi infrastruktur ti
TIK.INF0902,PEMIMPIN INFRASTRUKTUR (CHIEF INFRASTRUCTURE OFFICER),operasi dan pemeliharaan infrastruktur ti
TIK.INF0902,PEMIMPIN INFRASTRUKTUR (CHIEF INFRASTRUCTURE OFFICER),tanggung jawab
TIK.INF0902,PEMIMPIN INFRASTRUKTUR (CHIEF INFRASTRUCTURE OFFICER),keterampilan teknis
TIK.INF0902,PEMIMPIN INFRASTRUKTUR (CHIEF INFRASTRUCTURE OFFICER),kepemimpinan
TIK.INF0902,PEMIMPIN INFRASTRUKTUR (CHIEF INFRASTRUCTURE OFFICER),"memiliki keterampilan manajemen untuk dapat merencanakan mengimplementasikan, dan mengelola infrastruktur ti"
TIK.INF0902,PEMIMPIN INFRASTRUKTUR (CHIEF INFRASTRUCTURE OFFICER),menetapkan strategi dan rencana infrastruktur ti yang memenuhi kebutuhan bisnis organisasi
TIK.INF0902,PEMIMPIN INFRASTRUKTUR (CHIEF INFRASTRUCTURE OFFICER),mengelola anggaran dan sumber daya infrastruktur ti
TIK.INF0902,PEMIMPIN INFRASTRUKTUR (CHIEF INFRASTRUCTURE OFFICER),"membangun dan memelihara infrastruktur ti yang aman, andal, dan efisien"
TIK.INF0902,PEMIMPIN INFRASTRUKTUR (CHIEF INFRASTRUCTURE OFFICER),memimpin dan mengembangkan tim teknis infrastruktur ti
TIK.INF0902,PEMIMPIN INFRASTRUKTUR (CHIEF INFRASTRUCTURE OFFICER),merencanakan dan mengimplementasikan infrastruktur ti
TIK.INF0902,PEMIMPIN INFRASTRUKTUR (CHIEF INFRASTRUCTURE OFFICER),mengoperasikan dan memelihara infrastruktur ti
TIK.INF0902,PEMIMPIN INFRASTRUKTUR (CHIEF INFRASTRUCTURE OFFICER),mengelola aset ti
TIK.INF0902,PEMIMPIN INFRASTRUKTUR (CHIEF INFRASTRUCTURE OFFICER),mengelola perubahan infrastruktur ti
TIK.INF0902,PEMIMPIN INFRASTRUKTUR (CHIEF INFRASTRUCTURE OFFICER),menangani insiden dan masalah ti
TIK.INF0902,PEMIMPIN INFRASTRUKTUR (CHIEF INFRASTRUCTURE OFFICER),memantau kinerja infrastruktur ti
TIK.INF0902,PEMIMPIN INFRASTRUKTUR (CHIEF INFRASTRUCTURE OFFICER),mengelola kemampuan dan fungsionalitas dari seluruh komponen ti
TIK.INF0902,PEMIMPIN INFRASTRUKTUR (CHIEF INFRASTRUCTURE OFFICER),menyediakan layanan berdasarkan tingkat tingkat tertentu
TIK.INF0902,PEMIMPIN INFRASTRUKTUR (CHIEF INFRASTRUCTURE OFFICER),mengendalikan aset dan seluruh sumber daya pelayanan ti
TIK.INF0902,PEMIMPIN INFRASTRUKTUR (CHIEF INFRASTRUCTURE OFFICER),mengesahkan dan menerapkan layanan kepada pengguna
TIK.INF0902,PEMIMPIN INFRASTRUKTUR (CHIEF INFRASTRUCTURE OFFICER),menetapkan resolusi dan masalah terhadap seluruh aktivitas seluruh siklus hidup ti
TIK.INF0902,PEMIMPIN INFRASTRUKTUR (CHIEF INFRASTRUCTURE OFFICER),menetapkan manajemen eskalasi terhadap permasalahan
TIK.INF0902,PEMIMPIN INFRASTRUKTUR (CHIEF INFRASTRUCTURE OFFICER),menyusun roadmap dan komponen arsitektur teknologi
TIK.INF0801,KEPALA MANAJEMEN INFRASTRUKTUR (LEAD INFRASTRUCTURE MANAGEMENT),"orang yang bertanggung jawab atas semua hal yang berkaitan dengan infrastruktur teknologi informasi (ti) di sebuah organisasi. mereka memastikan bahwa infrastruktur ti dapat mendukung kebutuhan bisnis secara andal dan aman. di tahun 2023, peran kepala manajemen infrastruktur menjadi semakin penting seiring dengan meningkatnya kebutuhan akan infrastruktur ti yang canggih. hal ini disebabkan oleh perkembangan teknologi ti yang pesat, seperti cloud computing, big data, dan artificial intelligence. organisasi dituntut untuk dapat beradaptasi dengan perkembangan teknologi tersebut agar dapat tetap bersaing."
TIK.INF0801,KEPALA MANAJEMEN INFRASTRUKTUR (LEAD INFRASTRUCTURE MANAGEMENT),"pengelolaan infrastruktur ti seperti jaringan komputer, sistem, dan perangkat lunak"
TIK.INF0801,KEPALA MANAJEMEN INFRASTRUKTUR (LEAD INFRASTRUCTURE MANAGEMENT),pengembangan infrastruktur ti yang berkaitan dengan evaluasi dan pengembangan infrastruktur ti untuk masa depan
TIK.INF0801,KEPALA MANAJEMEN INFRASTRUKTUR (LEAD INFRASTRUCTURE MANAGEMENT),"pengetahuan yang mendalam tentang teknologi ti terkini, seperti cloud computing, big data, dan artificial intelligence"
TIK.INF0801,KEPALA MANAJEMEN INFRASTRUKTUR (LEAD INFRASTRUCTURE MANAGEMENT),kemampuan untuk memimpin dan mengelola tim
TIK.INF0801,KEPALA MANAJEMEN INFRASTRUKTUR (LEAD INFRASTRUCTURE MANAGEMENT),kemampuan untuk berpikir strategis dan memecahkan masalah
TIK.INF0801,KEPALA MANAJEMEN INFRASTRUKTUR (LEAD INFRASTRUCTURE MANAGEMENT),kemampuan untuk berkomunikasi secara efektif dengan berbagai pemangku kepentingan
TIK.INF0801,KEPALA MANAJEMEN INFRASTRUKTUR (LEAD INFRASTRUCTURE MANAGEMENT),kemampuan untuk beradaptasi dengan perubahan
TIK.INF0801,KEPALA MANAJEMEN INFRASTRUKTUR (LEAD INFRASTRUCTURE MANAGEMENT),kemampuan untuk berpikir kritis dan mengambil keputusan
TIK.INF0801,KEPALA MANAJEMEN INFRASTRUKTUR (LEAD INFRASTRUCTURE MANAGEMENT),merumuskan dan mengimplementasikan strategi infrastruktur ti organisasi
TIK.INF0801,KEPALA MANAJEMEN INFRASTRUKTUR (LEAD INFRASTRUCTURE MANAGEMENT),memimpin dan mengelola tim infrastruktur ti
TIK.INF0801,KEPALA MANAJEMEN INFRASTRUKTUR (LEAD INFRASTRUCTURE MANAGEMENT),mengelola anggaran infrastruktur ti
TIK.INF0801,KEPALA MANAJEMEN INFRASTRUKTUR (LEAD INFRASTRUCTURE MANAGEMENT),"memastikan keandalan, keamanan, dan kinerja infrastruktur ti"
TIK.INF0801,KEPALA MANAJEMEN INFRASTRUKTUR (LEAD INFRASTRUCTURE MANAGEMENT),merumuskan dan mengimplementasikan strategi infrastruktur ti organisasi
TIK.INF0801,KEPALA MANAJEMEN INFRASTRUKTUR (LEAD INFRASTRUCTURE MANAGEMENT),memimpin dan mengelola tim infrastruktur ti
TIK.INF0801,KEPALA MANAJEMEN INFRASTRUKTUR (LEAD INFRASTRUCTURE MANAGEMENT),mengelola anggaran infrastruktur ti
TIK.INF0801,KEPALA MANAJEMEN INFRASTRUKTUR (LEAD INFRASTRUCTURE MANAGEMENT),"memastikan keandalan, keamanan, dan kinerja infrastruktur ti"
TIK.INF0801,KEPALA MANAJEMEN INFRASTRUKTUR (LEAD INFRASTRUCTURE MANAGEMENT),memberikan pelayanan ti sesuai dengan bisnis yang dijalankan
TIK.INF0801,KEPALA MANAJEMEN INFRASTRUKTUR (LEAD INFRASTRUCTURE MANAGEMENT),mengendalikan aset dan seluruh sumber daya pelayanan ti
TIK.INF0801,KEPALA MANAJEMEN INFRASTRUKTUR (LEAD INFRASTRUCTURE MANAGEMENT),mengevaluasi jaringan komputer untuk pengembangan masa depan
TIK.INF0801,KEPALA MANAJEMEN INFRASTRUKTUR (LEAD INFRASTRUCTURE MANAGEMENT),mengevaluasi sistem untuk pengembangan masa depan
TIK.INF0801,KEPALA MANAJEMEN INFRASTRUKTUR (LEAD INFRASTRUCTURE MANAGEMENT),mengelola perubahan yang terjadi
TIK.INF0801,KEPALA MANAJEMEN INFRASTRUKTUR (LEAD INFRASTRUCTURE MANAGEMENT),menyusun roadmap dan komponen arsitektur teknologi
TIK.INF0801,KEPALA MANAJEMEN INFRASTRUKTUR (LEAD INFRASTRUCTURE MANAGEMENT),memfinalisasikan arsitektur teknologi
TIK.INF0802,KEPALA MANAJEMEN FASILITAS TI (LEAD IT FACILITIES MANAGEMENT),orang yang bertanggung jawab atas seluruh infrastruktur teknologi informasi (ti) di suatu organisasi dengan menggunakan keterampilan teknis dan non-teknis untuk memastikan bahwa infrastruktur ti berfungsi dengan baik dan aman.
TIK.INF0802,KEPALA MANAJEMEN FASILITAS TI (LEAD IT FACILITIES MANAGEMENT),pengembangan dan implementasi strategi infrastruktur ti
TIK.INF0802,KEPALA MANAJEMEN FASILITAS TI (LEAD IT FACILITIES MANAGEMENT),pengelolaan dan pengoperasian infrastruktur ti
TIK.INF0802,KEPALA MANAJEMEN FASILITAS TI (LEAD IT FACILITIES MANAGEMENT),berintegritas
TIK.INF0802,KEPALA MANAJEMEN FASILITAS TI (LEAD IT FACILITIES MANAGEMENT),mampu memimpin tim
TIK.INF0802,KEPALA MANAJEMEN FASILITAS TI (LEAD IT FACILITIES MANAGEMENT),komunikatif
TIK.INF0802,KEPALA MANAJEMEN FASILITAS TI (LEAD IT FACILITIES MANAGEMENT),teliti
TIK.INF0802,KEPALA MANAJEMEN FASILITAS TI (LEAD IT FACILITIES MANAGEMENT),mampu berpikir kritis
TIK.INF0802,KEPALA MANAJEMEN FASILITAS TI (LEAD IT FACILITIES MANAGEMENT),mampu mengatasi masalah
TIK.INF0802,KEPALA MANAJEMEN FASILITAS TI (LEAD IT FACILITIES MANAGEMENT),mengembangkan dan mengimplementasikan strategi infrastruktur ti
TIK.INF0802,KEPALA MANAJEMEN FASILITAS TI (LEAD IT FACILITIES MANAGEMENT),mengelola anggaran infrastruktur ti
TIK.INF0802,KEPALA MANAJEMEN FASILITAS TI (LEAD IT FACILITIES MANAGEMENT),memimpin dan mengembangkan tim infrastruktur ti
TIK.INF0802,KEPALA MANAJEMEN FASILITAS TI (LEAD IT FACILITIES MANAGEMENT),mengembangkan dan memelihara hubungan dengan vendor ti
TIK.INF0802,KEPALA MANAJEMEN FASILITAS TI (LEAD IT FACILITIES MANAGEMENT),mengembangkan dan memelihara hubungan dengan regulator
TIK.INF0802,KEPALA MANAJEMEN FASILITAS TI (LEAD IT FACILITIES MANAGEMENT),mengembangkan dan mengimplementasikan kebijakan dan prosedur infrastruktur ti
TIK.INF0802,KEPALA MANAJEMEN FASILITAS TI (LEAD IT FACILITIES MANAGEMENT),melakukan perubahan pada infrastruktur ti
TIK.INF0802,KEPALA MANAJEMEN FASILITAS TI (LEAD IT FACILITIES MANAGEMENT),melakukan negosiasi dengan vendor ti
TIK.INF0802,KEPALA MANAJEMEN FASILITAS TI (LEAD IT FACILITIES MANAGEMENT),melakukan representasi organisasi ke pihak eksternal
TIK.INF0802,KEPALA MANAJEMEN FASILITAS TI (LEAD IT FACILITIES MANAGEMENT),memiliki pemahaman mendalam mengenai infrastruktur ti.
TIK.INF0802,KEPALA MANAJEMEN FASILITAS TI (LEAD IT FACILITIES MANAGEMENT),evaluate the planning requirements for provisioning a telecommunications building facility
TIK.INF0802,KEPALA MANAJEMEN FASILITAS TI (LEAD IT FACILITIES MANAGEMENT),mendefinisikan sumber daya yang dibutuhkan
TIK.INF0802,KEPALA MANAJEMEN FASILITAS TI (LEAD IT FACILITIES MANAGEMENT),memberikan pelayanan ti sesuai dengan bisnis yang dijalankan
TIK.INF0802,KEPALA MANAJEMEN FASILITAS TI (LEAD IT FACILITIES MANAGEMENT),mengendalikan aset dan seluruh sumber daya pelayanan ti
TIK.INF0803,KEPALA PELAYANAN TEKNIS (LEAD TECHNICAL SERVICES),"orang yang bertanggung jawab atas semua aspek layanan teknis di sebuah organisasi. kepala pelayanan teknis perlu memahami kebutuhan pelanggan dan tren teknologi terbaru, bekerja sama dengan eksekutif lain di organisasi untuk memastikan bahwa strategi layanan teknis selaras dengan strategi organisasi secara keseluruhan."
TIK.INF0803,KEPALA PELAYANAN TEKNIS (LEAD TECHNICAL SERVICES),"bidang operasional terkait layanan teknis memiliki sumber daya yang memadai, seperti staf, peralatan, dan anggaran"
TIK.INF0803,KEPALA PELAYANAN TEKNIS (LEAD TECHNICAL SERVICES),pengembangan strategi layanan teknis yang akan mendukung kesuksesan organisasi
TIK.INF0803,KEPALA PELAYANAN TEKNIS (LEAD TECHNICAL SERVICES),pengetahuan yang luas tentang teknologi terkini
TIK.INF0803,KEPALA PELAYANAN TEKNIS (LEAD TECHNICAL SERVICES),kemampuan kepemimpinan dan manajemen yang kuat
TIK.INF0803,KEPALA PELAYANAN TEKNIS (LEAD TECHNICAL SERVICES),kemampuan berkolaborasi dan komunikasi yang baik
TIK.INF0803,KEPALA PELAYANAN TEKNIS (LEAD TECHNICAL SERVICES),kemampuan berpikir strategis dan kreatif
TIK.INF0803,KEPALA PELAYANAN TEKNIS (LEAD TECHNICAL SERVICES),kemampuan bekerja di bawah tekanan
TIK.INF0803,KEPALA PELAYANAN TEKNIS (LEAD TECHNICAL SERVICES),memimpin tim teknis dalam mengembangkan dan mengimplementasikan strategi layanan teknis
TIK.INF0803,KEPALA PELAYANAN TEKNIS (LEAD TECHNICAL SERVICES),menetapkan standar dan praktik terbaik untuk layanan teknis
TIK.INF0803,KEPALA PELAYANAN TEKNIS (LEAD TECHNICAL SERVICES),memastikan ketersediaan dan kinerja layanan teknis
TIK.INF0803,KEPALA PELAYANAN TEKNIS (LEAD TECHNICAL SERVICES),mengelola anggaran dan sumber daya teknis
TIK.INF0803,KEPALA PELAYANAN TEKNIS (LEAD TECHNICAL SERVICES),membangun hubungan dengan pemangku kepentingan internal dan eksternal
TIK.INF0803,KEPALA PELAYANAN TEKNIS (LEAD TECHNICAL SERVICES),memimpin dan mengelola departemen layanan teknis
TIK.INF0803,KEPALA PELAYANAN TEKNIS (LEAD TECHNICAL SERVICES),menentukan strategi dan kebijakan layanan teknis
TIK.INF0803,KEPALA PELAYANAN TEKNIS (LEAD TECHNICAL SERVICES),membangun dan memelihara hubungan dengan pelanggan
TIK.INF0803,KEPALA PELAYANAN TEKNIS (LEAD TECHNICAL SERVICES),memastikan layanan teknis memenuhi kebutuhan pelanggan
TIK.INF0803,KEPALA PELAYANAN TEKNIS (LEAD TECHNICAL SERVICES),mengelola anggaran dan sumber daya layanan teknis
TIK.INF0803,KEPALA PELAYANAN TEKNIS (LEAD TECHNICAL SERVICES),"master di bidang teknologi informasi, telekomunikasi, atau teknik lainnya;"
TIK.INF0803,KEPALA PELAYANAN TEKNIS (LEAD TECHNICAL SERVICES),participate in it services
TIK.INF0803,KEPALA PELAYANAN TEKNIS (LEAD TECHNICAL SERVICES),manage it services
TIK.INF0803,KEPALA PELAYANAN TEKNIS (LEAD TECHNICAL SERVICES),evaluate characteristics of cloud computing solutions and services
TIK.INF0803,KEPALA PELAYANAN TEKNIS (LEAD TECHNICAL SERVICES),provide client it support services
TIK.INF0803,KEPALA PELAYANAN TEKNIS (LEAD TECHNICAL SERVICES),review and manage delivery of maintenance services
TIK.INF0701,MANAJER PERANGKAT KERAS DAN DIGITAL (HARDWARE AND DIGITAL PERIPHERAL MANAGER),"orang yang bertanggung jawab untuk mengelola perangkat keras dan periferal digital di sebuah sistem. mereka bertanggung jawab untuk memastikan bahwa perangkat keras dan periferal tersebut berfungsi dengan baik dan sesuai dengan spesifikasi. biasanya dipegang oleh seorang insinyur atau teknisi yang memiliki keahlian di bidang elektronika, komputer, dan jaringan."
TIK.INF0701,MANAJER PERANGKAT KERAS DAN DIGITAL (HARDWARE AND DIGITAL PERIPHERAL MANAGER),perencanaan dan pengembangan perangkat keras dan periferal digital
TIK.INF0701,MANAJER PERANGKAT KERAS DAN DIGITAL (HARDWARE AND DIGITAL PERIPHERAL MANAGER),pengoperasian dan pemeliharaan perangkat keras dan periferal digital
TIK.INF0701,MANAJER PERANGKAT KERAS DAN DIGITAL (HARDWARE AND DIGITAL PERIPHERAL MANAGER),"kemampuan untuk menginstal, mengonfigurasi, dan memelihara perangkat keras dan periferal digital"
TIK.INF0701,MANAJER PERANGKAT KERAS DAN DIGITAL (HARDWARE AND DIGITAL PERIPHERAL MANAGER),kemampuan untuk memecahkan masalah teknis
TIK.INF0701,MANAJER PERANGKAT KERAS DAN DIGITAL (HARDWARE AND DIGITAL PERIPHERAL MANAGER),komunikatif
TIK.INF0701,MANAJER PERANGKAT KERAS DAN DIGITAL (HARDWARE AND DIGITAL PERIPHERAL MANAGER),teamwork
TIK.INF0701,MANAJER PERANGKAT KERAS DAN DIGITAL (HARDWARE AND DIGITAL PERIPHERAL MANAGER),menyusun roadmap dan komponen arsitektur teknologi
TIK.INF0701,MANAJER PERANGKAT KERAS DAN DIGITAL (HARDWARE AND DIGITAL PERIPHERAL MANAGER),menentukan arsitektur perangkat keras
TIK.INF0701,MANAJER PERANGKAT KERAS DAN DIGITAL (HARDWARE AND DIGITAL PERIPHERAL MANAGER),mengevaluasi sistem untuk pengembangan masa depan
TIK.INF0701,MANAJER PERANGKAT KERAS DAN DIGITAL (HARDWARE AND DIGITAL PERIPHERAL MANAGER),menerapkan standar-standar keamanan informasi yang berlaku
TIK.INF0701,MANAJER PERANGKAT KERAS DAN DIGITAL (HARDWARE AND DIGITAL PERIPHERAL MANAGER),menyediakan manajemen teknis dari operasional teknologi informasi
TIK.INF0701,MANAJER PERANGKAT KERAS DAN DIGITAL (HARDWARE AND DIGITAL PERIPHERAL MANAGER),meningkatkan aspek ketersediaan dalam layanan ti
TIK.INF0701,MANAJER PERANGKAT KERAS DAN DIGITAL (HARDWARE AND DIGITAL PERIPHERAL MANAGER),mengendalikan peralatan jaringan teknologi informasi
TIK.INF0701,MANAJER PERANGKAT KERAS DAN DIGITAL (HARDWARE AND DIGITAL PERIPHERAL MANAGER),mengendalikan aset dan seluruh sumber daya pelayanan ti
TIK.INF0701,MANAJER PERANGKAT KERAS DAN DIGITAL (HARDWARE AND DIGITAL PERIPHERAL MANAGER),mengevaluasi sistem untuk pengembangan masa depan
TIK.INF0701,MANAJER PERANGKAT KERAS DAN DIGITAL (HARDWARE AND DIGITAL PERIPHERAL MANAGER),menerapkan standar standar keamanan informasi yang berlaku
TIK.INF0701,MANAJER PERANGKAT KERAS DAN DIGITAL (HARDWARE AND DIGITAL PERIPHERAL MANAGER),menyusun roadmap dan komponen arsitektur teknologi
TIK.INF0701,MANAJER PERANGKAT KERAS DAN DIGITAL (HARDWARE AND DIGITAL PERIPHERAL MANAGER),memfinalisasikan arsitektur teknologi
TIK.INF0701,MANAJER PERANGKAT KERAS DAN DIGITAL (HARDWARE AND DIGITAL PERIPHERAL MANAGER),meningkatkan aspek ketersediaan dalam layanan ti
TIK.INF0701,MANAJER PERANGKAT KERAS DAN DIGITAL (HARDWARE AND DIGITAL PERIPHERAL MANAGER),mengendalikan aset dan seluruh sumber daya pelayanan ti
TIK.INF0701,MANAJER PERANGKAT KERAS DAN DIGITAL (HARDWARE AND DIGITAL PERIPHERAL MANAGER),mengendalikan peralatan jaringan teknologi informasi
TIK.INF0701,MANAJER PERANGKAT KERAS DAN DIGITAL (HARDWARE AND DIGITAL PERIPHERAL MANAGER),menentukan arsitektur perangkat keras
TIK.INF0701,MANAJER PERANGKAT KERAS DAN DIGITAL (HARDWARE AND DIGITAL PERIPHERAL MANAGER),menetapkan standar otorisasi akses di dalam organisasi
TIK.INF0701,MANAJER PERANGKAT KERAS DAN DIGITAL (HARDWARE AND DIGITAL PERIPHERAL MANAGER),menyediakan manajemen teknis dari operasional teknologi informasi
TIK.INF0702,MANAJER JARINGAN (NETWORK MANAGER),"orang yang bertanggung jawab atas perencanaan, desain, implementasi, dan pemeliharaan jaringan komputer. mereka memastikan bahwa jaringan berfungsi dengan lancar dan efisien, dan bahwa memenuhi kebutuhan pengguna. kualikfikasi level 7"
TIK.INF0702,MANAJER JARINGAN (NETWORK MANAGER),"mendesain, implementasi, dan pemeliharaan jaringan"
TIK.INF0702,MANAJER JARINGAN (NETWORK MANAGER),manajemen tim teknis dan memastikan bahwa jaringan memenuhi kebutuhan bisnis
TIK.INF0702,MANAJER JARINGAN (NETWORK MANAGER),keterampilan manajemen yang kuat
TIK.INF0702,MANAJER JARINGAN (NETWORK MANAGER),kemampuan memecahkan masalah
TIK.INF0702,MANAJER JARINGAN (NETWORK MANAGER),kemampuan berkomunikasi secara efektif
TIK.INF0702,MANAJER JARINGAN (NETWORK MANAGER),kemampuan bekerja secara mandiri dan dalam tim
TIK.INF0702,MANAJER JARINGAN (NETWORK MANAGER),"pengetahuan tentang protokol, perangkat keras, dan perangkat lunak jaringan"
TIK.INF0702,MANAJER JARINGAN (NETWORK MANAGER),pengetahuan tentang keamanan informasi
TIK.INF0702,MANAJER JARINGAN (NETWORK MANAGER),keterampilan manajemen proyek
TIK.INF0702,MANAJER JARINGAN (NETWORK MANAGER),merancang dan mengimplementasikan jaringan baru atau yang diperbarui
TIK.INF0702,MANAJER JARINGAN (NETWORK MANAGER),mengelola dan memelihara jaringan yang ada
TIK.INF0702,MANAJER JARINGAN (NETWORK MANAGER),mengatasi masalah jaringan
TIK.INF0702,MANAJER JARINGAN (NETWORK MANAGER),meningkatkan keamanan jaringan
TIK.INF0702,MANAJER JARINGAN (NETWORK MANAGER),menganalisis kinerja jaringan
TIK.INF0702,MANAJER JARINGAN (NETWORK MANAGER),memantau penggunaan jaringan
TIK.INF0702,MANAJER JARINGAN (NETWORK MANAGER),mematuhi peraturan dan standar industri
TIK.INF0702,MANAJER JARINGAN (NETWORK MANAGER),mengembangkan dan menerapkan kebijakan dan prosedur jaringan
TIK.INF0702,MANAJER JARINGAN (NETWORK MANAGER),membeli dan memelihara perangkat keras dan perangkat lunak jaringan
TIK.INF0702,MANAJER JARINGAN (NETWORK MANAGER),mewakili jaringan ke pihak lain
TIK.INF0702,MANAJER JARINGAN (NETWORK MANAGER),mengevaluasi sistem untuk pengembangan masa depan
TIK.INF0702,MANAJER JARINGAN (NETWORK MANAGER),mengevaluasi jaringan komputer untuk pengembangan masa depan
TIK.INF0702,MANAJER JARINGAN (NETWORK MANAGER),menerapkan standar standar keamanan informasi yang berlaku
TIK.INF0702,MANAJER JARINGAN (NETWORK MANAGER),mengelola risiko keamanan informasi
TIK.INF0702,MANAJER JARINGAN (NETWORK MANAGER),menyusun roadmap dan komponen arsitektur teknologi
TIK.INF0702,MANAJER JARINGAN (NETWORK MANAGER),memfinalisasikan arsitektur teknologi
TIK.INF0702,MANAJER JARINGAN (NETWORK MANAGER),menetapkan standar otorisasi akses di dalam organisasi
TIK.INF0702,MANAJER JARINGAN (NETWORK MANAGER),meningkatkan aspek ketersediaan dalam layanan ti
TIK.INF0702,MANAJER JARINGAN (NETWORK MANAGER),mengendalikan peralatan jaringan teknologi informasi
TIK.INF0702,MANAJER JARINGAN (NETWORK MANAGER),mengendalikan aset dan seluruh sumber daya pelayanan ti
TIK.INF0703,INSINYUR JARINGAN SENIOR (SENIOR NETWORK ENGINEER),"orang yang bertanggung jawab untuk mendesain, membangun, dan mengevaluasi jaringan komputer. mereka bertanggung jawab untuk memastikan bahwa jaringan dapat memenuhi kebutuhan bisnis, termasuk untuk komunikasi, penyimpanan data, dan akses ke aplikasi dan layanan."
TIK.INF0703,INSINYUR JARINGAN SENIOR (SENIOR NETWORK ENGINEER),desain dan implementasi jaringan
TIK.INF0703,INSINYUR JARINGAN SENIOR (SENIOR NETWORK ENGINEER),evaluasi masalah jaringan
TIK.INF0703,INSINYUR JARINGAN SENIOR (SENIOR NETWORK ENGINEER),kemampuan untuk membaca dan memahami diagram jaringan
TIK.INF0703,INSINYUR JARINGAN SENIOR (SENIOR NETWORK ENGINEER),kemampuan untuk mengonfigurasi perangkat jaringan
TIK.INF0703,INSINYUR JARINGAN SENIOR (SENIOR NETWORK ENGINEER),kemampuan untuk memecahkan masalah jaringan
TIK.INF0703,INSINYUR JARINGAN SENIOR (SENIOR NETWORK ENGINEER),komunikatif
TIK.INF0703,INSINYUR JARINGAN SENIOR (SENIOR NETWORK ENGINEER),teamwork
TIK.INF0703,INSINYUR JARINGAN SENIOR (SENIOR NETWORK ENGINEER),keterampilan belajar mandiri
TIK.INF0703,INSINYUR JARINGAN SENIOR (SENIOR NETWORK ENGINEER),mengembangkan desain jaringan yang aman dan efisien
TIK.INF0703,INSINYUR JARINGAN SENIOR (SENIOR NETWORK ENGINEER),memasang dan mengonfigurasi perangkat jaringan
TIK.INF0703,INSINYUR JARINGAN SENIOR (SENIOR NETWORK ENGINEER),menguji dan memelihara jaringan untuk memastikan kinerja yang optimal
TIK.INF0703,INSINYUR JARINGAN SENIOR (SENIOR NETWORK ENGINEER),"menangani masalah jaringan, seperti masalah kinerja, keamanan, atau konfigurasi"
TIK.INF0703,INSINYUR JARINGAN SENIOR (SENIOR NETWORK ENGINEER),menerapkan keamanan jaringan untuk melindungi data dan sistem
TIK.INF0703,INSINYUR JARINGAN SENIOR (SENIOR NETWORK ENGINEER),mendukung pengguna dalam menggunakan jaringan
TIK.INF0703,INSINYUR JARINGAN SENIOR (SENIOR NETWORK ENGINEER),membuat keputusan tentang jaringan
TIK.INF0703,INSINYUR JARINGAN SENIOR (SENIOR NETWORK ENGINEER),membuat perubahan pada konfigurasi jaringan
TIK.INF0703,INSINYUR JARINGAN SENIOR (SENIOR NETWORK ENGINEER),menerapkan keamanan jaringan
TIK.INF0703,INSINYUR JARINGAN SENIOR (SENIOR NETWORK ENGINEER),mengumpulkan kebutuhan teknis pengguna yang menggunakan jaringan
TIK.INF0703,INSINYUR JARINGAN SENIOR (SENIOR NETWORK ENGINEER),mengumpulkan data peralatan jaringan dengan teknologi yang sesuai
TIK.INF0703,INSINYUR JARINGAN SENIOR (SENIOR NETWORK ENGINEER),merancang topologi jaringan
TIK.INF0703,INSINYUR JARINGAN SENIOR (SENIOR NETWORK ENGINEER),merancang pengalamatan jaringan
TIK.INF0703,INSINYUR JARINGAN SENIOR (SENIOR NETWORK ENGINEER),menentukan spesifikasi perangkat jaringan
TIK.INF0703,INSINYUR JARINGAN SENIOR (SENIOR NETWORK ENGINEER),merancang keamanan jaringan
TIK.INF0703,INSINYUR JARINGAN SENIOR (SENIOR NETWORK ENGINEER),merancang pemulihan jaringan
TIK.INF0703,INSINYUR JARINGAN SENIOR (SENIOR NETWORK ENGINEER),mengkonfigurasi routing pada perangkat jaringan antar autonomous system
TIK.INF0703,INSINYUR JARINGAN SENIOR (SENIOR NETWORK ENGINEER),mengidentifikasi sumber kerusakan
TIK.INF0703,INSINYUR JARINGAN SENIOR (SENIOR NETWORK ENGINEER),mengevaluasi jaringan komputer untuk pengembangan masa depan
TIK.INF0704,INSINYUR SISTEM (SYSTEM ENGINEER),"orang yang bertanggung jawab untuk merancang, membangun, dan mengevaluasi sistem komputer. bekerja dengan berbagai macam perangkat keras, perangkat lunak, dan jaringan untuk memastikan bahwa sistem ti berfungsi dengan baik dan memenuhi kebutuhan bisnis."
TIK.INF0704,INSINYUR SISTEM (SYSTEM ENGINEER),"perancangan, pembangunan dan evaluasi infrastruktur ti, seperti jaringan, server, dan penyimpanan data"
TIK.INF0704,INSINYUR SISTEM (SYSTEM ENGINEER),"perancangan, pembangunan dan evaluasi platform ti"
TIK.INF0704,INSINYUR SISTEM (SYSTEM ENGINEER),kemampuan teknis
TIK.INF0704,INSINYUR SISTEM (SYSTEM ENGINEER),kemampuan berpikir kritis dan memecahkan masalah
TIK.INF0704,INSINYUR SISTEM (SYSTEM ENGINEER),kemampuan berkomunikasi secara efektif
TIK.INF0704,INSINYUR SISTEM (SYSTEM ENGINEER),kemampuan bekerja sama dalam tim
TIK.INF0704,INSINYUR SISTEM (SYSTEM ENGINEER),kemampuan belajar dan beradaptasi dengan teknologi baru
TIK.INF0704,INSINYUR SISTEM (SYSTEM ENGINEER),merancang sistem komputer baru
TIK.INF0704,INSINYUR SISTEM (SYSTEM ENGINEER),membangun sistem komputer baru
TIK.INF0704,INSINYUR SISTEM (SYSTEM ENGINEER),memelihara sistem komputer yang ada
TIK.INF0704,INSINYUR SISTEM (SYSTEM ENGINEER),melakukan troubleshooting pada sistem komputer yang mengalami masalah
TIK.INF0704,INSINYUR SISTEM (SYSTEM ENGINEER),meningkatkan kinerja sistem komputer
TIK.INF0704,INSINYUR SISTEM (SYSTEM ENGINEER),mengelola keamanan sistem komputer
TIK.INF0704,INSINYUR SISTEM (SYSTEM ENGINEER),melakukan perubahan pada sistem komputer
TIK.INF0704,INSINYUR SISTEM (SYSTEM ENGINEER),menginstal perangkat keras dan perangkat lunak baru
TIK.INF0704,INSINYUR SISTEM (SYSTEM ENGINEER),mengalokasikan sumber daya sistem komputer
TIK.INF0704,INSINYUR SISTEM (SYSTEM ENGINEER),mengumpulkan kebutuhan pengguna
TIK.INF0704,INSINYUR SISTEM (SYSTEM ENGINEER),mengidentifikasi system environment dengan teknologi yang sesuai
TIK.INF0704,INSINYUR SISTEM (SYSTEM ENGINEER),merancang arsitektur server environment
TIK.INF0704,INSINYUR SISTEM (SYSTEM ENGINEER),merancang sistem keamanan server environment
TIK.INF0704,INSINYUR SISTEM (SYSTEM ENGINEER),merancang skenario pengujian server
TIK.INF0704,INSINYUR SISTEM (SYSTEM ENGINEER),mengivestigasi kerusakan sistem
TIK.INF0704,INSINYUR SISTEM (SYSTEM ENGINEER),memperbaiki kerusakan sistem
TIK.INF0704,INSINYUR SISTEM (SYSTEM ENGINEER),mengevaluasi sistem untuk pengembangan masa depan
TIK.INF0704,INSINYUR SISTEM (SYSTEM ENGINEER),melakukan restore sistem
TIK.INF0705,ARSITEK CLOUD COMPUTING (CLOUD COMPUTING ARCHITECT),"orang yang bertanggung jawab untuk merancang, membangun, dan mengelola infrastruktur cloud computing untuk sebuah perusahaan."
TIK.INF0705,ARSITEK CLOUD COMPUTING (CLOUD COMPUTING ARCHITECT),arsitektur cloud
TIK.INF0705,ARSITEK CLOUD COMPUTING (CLOUD COMPUTING ARCHITECT),operasi cloud
TIK.INF0705,ARSITEK CLOUD COMPUTING (CLOUD COMPUTING ARCHITECT),kemampuan berpikir kritis dan memecahkan masalah
TIK.INF0705,ARSITEK CLOUD COMPUTING (CLOUD COMPUTING ARCHITECT),kemampuan untuk bekerja sama dengan tim
TIK.INF0705,ARSITEK CLOUD COMPUTING (CLOUD COMPUTING ARCHITECT),kemampuan untuk berkomunikasi secara efektif
TIK.INF0705,ARSITEK CLOUD COMPUTING (CLOUD COMPUTING ARCHITECT),kemampuan untuk belajar dan beradaptasi dengan perubahan
TIK.INF0705,ARSITEK CLOUD COMPUTING (CLOUD COMPUTING ARCHITECT),merancang arsitektur cloud yang memenuhi kebutuhan bisnis
TIK.INF0705,ARSITEK CLOUD COMPUTING (CLOUD COMPUTING ARCHITECT),memilih dan menggunakan teknologi cloud yang tepat
TIK.INF0705,ARSITEK CLOUD COMPUTING (CLOUD COMPUTING ARCHITECT),membangun dan mengimplementasikan solusi cloud
TIK.INF0705,ARSITEK CLOUD COMPUTING (CLOUD COMPUTING ARCHITECT),mengelola dan memelihara infrastruktur cloud
TIK.INF0705,ARSITEK CLOUD COMPUTING (CLOUD COMPUTING ARCHITECT),menangani keamanan dan kepatuhan cloud
TIK.INF0705,ARSITEK CLOUD COMPUTING (CLOUD COMPUTING ARCHITECT),memiliki akses ke informasi dan sumber daya yang diperlukan untuk melaksanakan tugasnya
TIK.INF0705,ARSITEK CLOUD COMPUTING (CLOUD COMPUTING ARCHITECT),"membuat keputusan tentang desain, implementasi, dan pengelolaan infrastruktur cloud"
TIK.INF0705,ARSITEK CLOUD COMPUTING (CLOUD COMPUTING ARCHITECT),mengembangkan dan mengelola tim arsitek cloud
TIK.INF0705,ARSITEK CLOUD COMPUTING (CLOUD COMPUTING ARCHITECT),"pengetahuan tentang berbagai jenis teknologi cloud, seperti infrastructure as a service (iaas);"
TIK.INF0705,ARSITEK CLOUD COMPUTING (CLOUD COMPUTING ARCHITECT),"platform as a service (paas), dan software as a service (saas)."
TIK.INF0705,ARSITEK CLOUD COMPUTING (CLOUD COMPUTING ARCHITECT),menentukan terminologi dan konsep cloud computing
TIK.INF0705,ARSITEK CLOUD COMPUTING (CLOUD COMPUTING ARCHITECT),menentukan teknologi cloud computing
TIK.INF0705,ARSITEK CLOUD COMPUTING (CLOUD COMPUTING ARCHITECT),merekayasa arsitektur virtualisasi sistem public/private/hybrid/sovereign cloud
TIK.INF0705,ARSITEK CLOUD COMPUTING (CLOUD COMPUTING ARCHITECT),menentukan kebutuhan pengguna akan solusi berbasis cloud
TIK.INF0705,ARSITEK CLOUD COMPUTING (CLOUD COMPUTING ARCHITECT),melakukan antisipasi gangguan dan ancaman terhadap sistem cloud
TIK.INF0706,- INSINYUR CLOUD COMPUTING (CLOUD COMPUTING ENGINEER),"orang yang bertanggung jawab untuk merancang, membangun, dan memelihara infrastruktur cloud. mereka bekerja dengan berbagai teknologi cloud."
TIK.INF0706,- INSINYUR CLOUD COMPUTING (CLOUD COMPUTING ENGINEER),bidang arsitektur dan desain cloud computing
TIK.INF0706,- INSINYUR CLOUD COMPUTING (CLOUD COMPUTING ENGINEER),bidang operasi dan manajemen cloud computing
TIK.INF0706,- INSINYUR CLOUD COMPUTING (CLOUD COMPUTING ENGINEER),kemampuan memecahkan masalah
TIK.INF0706,- INSINYUR CLOUD COMPUTING (CLOUD COMPUTING ENGINEER),kemampuan berkomunikasi
TIK.INF0706,- INSINYUR CLOUD COMPUTING (CLOUD COMPUTING ENGINEER),kemampuan bekerja sama
TIK.INF0706,- INSINYUR CLOUD COMPUTING (CLOUD COMPUTING ENGINEER),kemampuan belajar mandiri
TIK.INF0706,- INSINYUR CLOUD COMPUTING (CLOUD COMPUTING ENGINEER),merancang dan membangun infrastruktur cloud untuk memenuhi kebutuhan bisnis
TIK.INF0706,- INSINYUR CLOUD COMPUTING (CLOUD COMPUTING ENGINEER),"mengelola infrastruktur cloud untuk memastikan ketersediaan, kinerja, dan keamanan"
TIK.INF0706,- INSINYUR CLOUD COMPUTING (CLOUD COMPUTING ENGINEER),mengotomatisasi proses cloud untuk meningkatkan efisiensi
TIK.INF0706,- INSINYUR CLOUD COMPUTING (CLOUD COMPUTING ENGINEER),menangani masalah dan insiden cloud
TIK.INF0706,- INSINYUR CLOUD COMPUTING (CLOUD COMPUTING ENGINEER),"memiliki akses ke sumber daya cloud, seperti server, penyimpanan, dan jaringan"
TIK.INF0706,- INSINYUR CLOUD COMPUTING (CLOUD COMPUTING ENGINEER),mengubah konfigurasi infrastruktur cloud
TIK.INF0706,- INSINYUR CLOUD COMPUTING (CLOUD COMPUTING ENGINEER),menjalankan operasi rutin pada infrastruktur cloud
TIK.INF0706,- INSINYUR CLOUD COMPUTING (CLOUD COMPUTING ENGINEER),mendiagnosis dan memecahkan masalah cloud
TIK.INF0706,- INSINYUR CLOUD COMPUTING (CLOUD COMPUTING ENGINEER),menguasai bahasa pemrograman yang umum digunakan di cloud computing.
TIK.INF0706,- INSINYUR CLOUD COMPUTING (CLOUD COMPUTING ENGINEER),menjabarkan berbagai jenis perangkat keras cloud computing
TIK.INF0706,- INSINYUR CLOUD COMPUTING (CLOUD COMPUTING ENGINEER),menentukan berbagai tipe data center
TIK.INF0706,- INSINYUR CLOUD COMPUTING (CLOUD COMPUTING ENGINEER),menentukan alur proses jenis layanan pada cloud computing
TIK.INF0706,- INSINYUR CLOUD COMPUTING (CLOUD COMPUTING ENGINEER),mengimplementasikan kebutuhan organisasi pada layanan cloud
TIK.INF0706,- INSINYUR CLOUD COMPUTING (CLOUD COMPUTING ENGINEER),mengimplementasi layanan cloud yang spesifik
TIK.INF0706,- INSINYUR CLOUD COMPUTING (CLOUD COMPUTING ENGINEER),menyiapkan adaptasi untuk deployment di sistem cloud
TIK.INF0706,- INSINYUR CLOUD COMPUTING (CLOUD COMPUTING ENGINEER),menentukan kebutuhan pengguna akan solusi berbasis cloud
TIK.INF0706,- INSINYUR CLOUD COMPUTING (CLOUD COMPUTING ENGINEER),melakukan antisipasi gangguan dan ancaman terhadap sistem cloud
TIK.INF0707,- MANAJER PUSAT DATA (DATA CENTER MANAGER),orang yang bertanggung jawab untuk mengelola pusat data teknologi informasi (ti) dengan menggunakan keterampilan teknis dan non-teknis untuk memastikan bahwa pusat data berfungsi dengan baik dan aman.
TIK.INF0707,- MANAJER PUSAT DATA (DATA CENTER MANAGER),pengembangan dan implementasi strategi pusat data
TIK.INF0707,- MANAJER PUSAT DATA (DATA CENTER MANAGER),pengelola dan pengoperasian pusat data
TIK.INF0707,- MANAJER PUSAT DATA (DATA CENTER MANAGER),berintegritas
TIK.INF0707,- MANAJER PUSAT DATA (DATA CENTER MANAGER),mampu memimpin tim
TIK.INF0707,- MANAJER PUSAT DATA (DATA CENTER MANAGER),komunikatif
TIK.INF0707,- MANAJER PUSAT DATA (DATA CENTER MANAGER),teliti
TIK.INF0707,- MANAJER PUSAT DATA (DATA CENTER MANAGER),mampu berpikir kritis
TIK.INF0707,- MANAJER PUSAT DATA (DATA CENTER MANAGER),mampu mengatasi masalah
TIK.INF0707,- MANAJER PUSAT DATA (DATA CENTER MANAGER),"mengelola infrastruktur fisik pusat data, seperti ruang, pendingin, listrik, dan keamanan"
TIK.INF0707,- MANAJER PUSAT DATA (DATA CENTER MANAGER),melakukan pemeliharaan dan perbaikan infrastruktur fisik pusat data
TIK.INF0707,- MANAJER PUSAT DATA (DATA CENTER MANAGER),mengembangkan dan menerapkan prosedur dan kebijakan untuk mengelola infrastruktur fisik pusat data
TIK.INF0707,- MANAJER PUSAT DATA (DATA CENTER MANAGER),berkolaborasi dengan tim ti lainnya
TIK.INF0707,- MANAJER PUSAT DATA (DATA CENTER MANAGER),memimpin dan mengembangkan tim pusat data
TIK.INF0707,- MANAJER PUSAT DATA (DATA CENTER MANAGER),mengakses dan menggunakan infrastruktur fisik pusat data
TIK.INF0707,- MANAJER PUSAT DATA (DATA CENTER MANAGER),melakukan perubahan pada infrastruktur fisik pusat data
TIK.INF0707,- MANAJER PUSAT DATA (DATA CENTER MANAGER),berkolaborasi dengan tim ti lainnya
TIK.INF0707,- MANAJER PUSAT DATA (DATA CENTER MANAGER),memimpin dan mengembangkan tim pusat data
TIK.INF0707,- MANAJER PUSAT DATA (DATA CENTER MANAGER),memiliki pemahaman mendalam mengenai pengelolaan pusat data.
TIK.INF0707,- MANAJER PUSAT DATA (DATA CENTER MANAGER),menetapkan kebutuhan pengelolaan pusat data untuk organisasi
TIK.INF0707,- MANAJER PUSAT DATA (DATA CENTER MANAGER),menetapkan standar dan acuan praktik terbaik yang berlaku
TIK.INF0707,- MANAJER PUSAT DATA (DATA CENTER MANAGER),menetapkan organisasi pusat data
TIK.INF0707,- MANAJER PUSAT DATA (DATA CENTER MANAGER),menyusun anggaran pengelolaan pusat data
TIK.INF0707,- MANAJER PUSAT DATA (DATA CENTER MANAGER),menyusun rencana pemeliharaan pusat data
TIK.INF0707,- MANAJER PUSAT DATA (DATA CENTER MANAGER),menyusun rencana kapasitas pusat data
TIK.INF0707,- MANAJER PUSAT DATA (DATA CENTER MANAGER),mengelola organisasi pusat data
TIK.INF0707,- MANAJER PUSAT DATA (DATA CENTER MANAGER),mengelola pemasok
TIK.INF0707,- MANAJER PUSAT DATA (DATA CENTER MANAGER),melakukan pengawasan pusat data
TIK.INF0707,- MANAJER PUSAT DATA (DATA CENTER MANAGER),menyusun dan mengelola dokumentasi
TIK.INF0707,- MANAJER PUSAT DATA (DATA CENTER MANAGER),melakukan proses audit pusat data
TIK.INF0601,PENGELOLA INSTALASI DAN PEMELIHARAAN PERANGKAT (HARDWARE INSTALLATION AND,"orang yang bertanggung jawab untuk pemasangan, pemeliharaan, dan perbaikan perangkat keras komputer dan sistem teknologi lainnya. mereka bekerja di berbagai industri, termasuk perusahaan teknologi, perusahaan manufaktur, dan instansi pemerintah."
TIK.INF0601,PENGELOLA INSTALASI DAN PEMELIHARAAN PERANGKAT (HARDWARE INSTALLATION AND,bidang instalasi perangkat keras
TIK.INF0601,PENGELOLA INSTALASI DAN PEMELIHARAAN PERANGKAT (HARDWARE INSTALLATION AND,bidang pemeliharaan perangkat keras
TIK.INF0601,PENGELOLA INSTALASI DAN PEMELIHARAAN PERANGKAT (HARDWARE INSTALLATION AND,kemampuan untuk menggunakan alat dan peralatan teknis
TIK.INF0601,PENGELOLA INSTALASI DAN PEMELIHARAAN PERANGKAT (HARDWARE INSTALLATION AND,kemampuan untuk membaca dan memahami diagram dan manual
TIK.INF0601,PENGELOLA INSTALASI DAN PEMELIHARAAN PERANGKAT (HARDWARE INSTALLATION AND,kemampuan untuk memecahkan masalah
TIK.INF0601,PENGELOLA INSTALASI DAN PEMELIHARAAN PERANGKAT (HARDWARE INSTALLATION AND,kemampuan untuk berkomunikasi secara efektif dengan pengguna perangkat keras dan rekan kerja
TIK.INF0601,PENGELOLA INSTALASI DAN PEMELIHARAAN PERANGKAT (HARDWARE INSTALLATION AND,kemampuan untuk bekerja secara mandiri dan dalam tim
TIK.INF0601,PENGELOLA INSTALASI DAN PEMELIHARAAN PERANGKAT (HARDWARE INSTALLATION AND,kemampuan untuk bekerja di bawah tekanan
TIK.INF0601,PENGELOLA INSTALASI DAN PEMELIHARAAN PERANGKAT (HARDWARE INSTALLATION AND,"memasang perangkat keras komputer dan sistem teknologi lainnya, seperti komputer desktop, laptop, server, jaringan, dan perangkat elektronik lainnya"
TIK.INF0601,PENGELOLA INSTALASI DAN PEMELIHARAAN PERANGKAT (HARDWARE INSTALLATION AND,"melakukan pemeliharaan rutin untuk memastikan perangkat keras berfungsi dengan baik, termasuk membersihkan, memeriksa, dan mengganti komponen yang rusak atau usang"
TIK.INF0601,PENGELOLA INSTALASI DAN PEMELIHARAAN PERANGKAT (HARDWARE INSTALLATION AND,"mendiagnosa dan memperbaiki masalah perangkat keras, seperti masalah kinerja, masalah perangkat lunak, dan masalah fisik"
TIK.INF0601,PENGELOLA INSTALASI DAN PEMELIHARAAN PERANGKAT (HARDWARE INSTALLATION AND,memberikan dukungan teknis kepada pengguna perangkat keras
TIK.INF0601,PENGELOLA INSTALASI DAN PEMELIHARAAN PERANGKAT (HARDWARE INSTALLATION AND,melakukan pembelian perangkat keras dan komponen terkait
TIK.INF0601,PENGELOLA INSTALASI DAN PEMELIHARAAN PERANGKAT (HARDWARE INSTALLATION AND,mengajukan anggaran untuk pekerjaan pemeliharaan dan perbaikan perangkat keras
TIK.INF0601,PENGELOLA INSTALASI DAN PEMELIHARAAN PERANGKAT (HARDWARE INSTALLATION AND,memberikan pelatihan kepada pengguna perangkat keras
TIK.INF0601,PENGELOLA INSTALASI DAN PEMELIHARAAN PERANGKAT (HARDWARE INSTALLATION AND,berkonsultasi dengan manajer atau profesional ti lainnya tentang masalah perangkat keras
TIK.INF0601,PENGELOLA INSTALASI DAN PEMELIHARAAN PERANGKAT (HARDWARE INSTALLATION AND,meng-install sistem operasi server
TIK.INF0601,PENGELOLA INSTALASI DAN PEMELIHARAAN PERANGKAT (HARDWARE INSTALLATION AND,merancang spesifikasi sesuai dengan fungsi dan kebutuhan pengguna
TIK.INF0601,PENGELOLA INSTALASI DAN PEMELIHARAAN PERANGKAT (HARDWARE INSTALLATION AND,merencanakan perawatan komputer dan peralatan penunjang
TIK.INF0601,PENGELOLA INSTALASI DAN PEMELIHARAAN PERANGKAT (HARDWARE INSTALLATION AND,melakukan setting untuk optimasi sistem
TIK.INF0601,PENGELOLA INSTALASI DAN PEMELIHARAAN PERANGKAT (HARDWARE INSTALLATION AND,merumuskan kebutuhan pengguna
TIK.INF0601,PENGELOLA INSTALASI DAN PEMELIHARAAN PERANGKAT (HARDWARE INSTALLATION AND,menerapkan standarstandar keamanan informasi yang berlaku
TIK.INF0601,PENGELOLA INSTALASI DAN PEMELIHARAAN PERANGKAT (HARDWARE INSTALLATION AND,memfinalisasikan arsitektur teknologi
TIK.INF0602,ADMINISTRATOR JARINGAN (NETWORK ADMINISTRATOR),"orang yang bertanggung jawab atas desain, implementasi, manajemen, dan pemeliharaan jaringan komputer di sebuah perusahaan atau organisasi."
TIK.INF0602,ADMINISTRATOR JARINGAN (NETWORK ADMINISTRATOR),"desain, implementasi, dan pemeliharaan jaringan komputer"
TIK.INF0602,ADMINISTRATOR JARINGAN (NETWORK ADMINISTRATOR),perlindungan jaringan komputer dari ancaman keamanan
TIK.INF0602,ADMINISTRATOR JARINGAN (NETWORK ADMINISTRATOR),"memiliki kemampuan merancang, membangun, dan memelihara jaringan komputer yang kompleks dan aman"
TIK.INF0602,ADMINISTRATOR JARINGAN (NETWORK ADMINISTRATOR),komunikatif
TIK.INF0602,ADMINISTRATOR JARINGAN (NETWORK ADMINISTRATOR),teamwork
TIK.INF0602,ADMINISTRATOR JARINGAN (NETWORK ADMINISTRATOR),kemampuan dalam pemecahan masalah
TIK.INF0602,ADMINISTRATOR JARINGAN (NETWORK ADMINISTRATOR),menganalisis kebutuhan jaringan perusahaan
TIK.INF0602,ADMINISTRATOR JARINGAN (NETWORK ADMINISTRATOR),memilih dan menginstal perangkat keras dan perangkat lunak jaringan
TIK.INF0602,ADMINISTRATOR JARINGAN (NETWORK ADMINISTRATOR),mengonfigurasi jaringan
TIK.INF0602,ADMINISTRATOR JARINGAN (NETWORK ADMINISTRATOR),menyediakan akses jaringan ke pengguna
TIK.INF0602,ADMINISTRATOR JARINGAN (NETWORK ADMINISTRATOR),mengelola keamanan jaringan
TIK.INF0602,ADMINISTRATOR JARINGAN (NETWORK ADMINISTRATOR),melakukan pemantauan dan pemeliharaan jaringan
TIK.INF0602,ADMINISTRATOR JARINGAN (NETWORK ADMINISTRATOR),menangani masalah jaringan
TIK.INF0602,ADMINISTRATOR JARINGAN (NETWORK ADMINISTRATOR),merancang topologi jaringan
TIK.INF0602,ADMINISTRATOR JARINGAN (NETWORK ADMINISTRATOR),merancang keamanan jaringan
TIK.INF0602,ADMINISTRATOR JARINGAN (NETWORK ADMINISTRATOR),mengkonfigurasi routing pada perangkat jaringan antar autonomous system
TIK.INF0602,ADMINISTRATOR JARINGAN (NETWORK ADMINISTRATOR),memonitor keamanan dan pengaturan akun pengguna dalam jaringan komputer
TIK.INF0602,ADMINISTRATOR JARINGAN (NETWORK ADMINISTRATOR),mengatasi serangan pada jaringan
TIK.INF0602,ADMINISTRATOR JARINGAN (NETWORK ADMINISTRATOR),mengidentifikasi sumber kerusakan
TIK.INF0602,ADMINISTRATOR JARINGAN (NETWORK ADMINISTRATOR),memperbaiki kerusakan konfigurasi jaringan
TIK.INF0602,ADMINISTRATOR JARINGAN (NETWORK ADMINISTRATOR),mengoptimalkan kinerja sistem jaringan
TIK.INF0602,ADMINISTRATOR JARINGAN (NETWORK ADMINISTRATOR),memelihara jaringan
TIK.INF0602,ADMINISTRATOR JARINGAN (NETWORK ADMINISTRATOR),melakukan backup dan restore konfigurasi perangkat jaringan
TIK.INF0603,ADMINISTRATOR SISTEM (SYSTEM ADMINISTRATOR),"orang yang bertanggung jawab atas pemeliharaan dan pengelolaan sistem komputer, jaringan, dan perangkat keras."
TIK.INF0603,ADMINISTRATOR SISTEM (SYSTEM ADMINISTRATOR),"perancangan dan implementasi sistem komputer, jaringan, dan perangkat keras yang memenuhi kebutuhan pengguna"
TIK.INF0603,ADMINISTRATOR SISTEM (SYSTEM ADMINISTRATOR),"pemeliharaan dan dukungan sistem komputer, jaringan, dan perangkat keras yang telah ada"
TIK.INF0603,ADMINISTRATOR SISTEM (SYSTEM ADMINISTRATOR),keterampilan pemecahan masalah
TIK.INF0603,ADMINISTRATOR SISTEM (SYSTEM ADMINISTRATOR),komunikatif
TIK.INF0603,ADMINISTRATOR SISTEM (SYSTEM ADMINISTRATOR),teamwork
TIK.INF0603,ADMINISTRATOR SISTEM (SYSTEM ADMINISTRATOR),mudah beradaptasi
TIK.INF0603,ADMINISTRATOR SISTEM (SYSTEM ADMINISTRATOR),teliti
TIK.INF0603,ADMINISTRATOR SISTEM (SYSTEM ADMINISTRATOR),mengidentifikasi system environment dengan teknologi yang sesuai
TIK.INF0603,ADMINISTRATOR SISTEM (SYSTEM ADMINISTRATOR),merancang arsitektur server environment
TIK.INF0603,ADMINISTRATOR SISTEM (SYSTEM ADMINISTRATOR),merancang sistem keamanan server environment
TIK.INF0603,ADMINISTRATOR SISTEM (SYSTEM ADMINISTRATOR),merancang skenario pengujian server
TIK.INF0603,ADMINISTRATOR SISTEM (SYSTEM ADMINISTRATOR),memantau ketersediaan sistem
TIK.INF0603,ADMINISTRATOR SISTEM (SYSTEM ADMINISTRATOR),memantau kinerja sistem
TIK.INF0603,ADMINISTRATOR SISTEM (SYSTEM ADMINISTRATOR),memantau keamanan sistem
TIK.INF0603,ADMINISTRATOR SISTEM (SYSTEM ADMINISTRATOR),menginvestigasi kerusakan sistem
TIK.INF0603,ADMINISTRATOR SISTEM (SYSTEM ADMINISTRATOR),kemampuan untuk mengakses dan mengelola data pengguna
TIK.INF0603,ADMINISTRATOR SISTEM (SYSTEM ADMINISTRATOR),kemampuan untuk membuat dan menghapus akun pengguna
TIK.INF0603,ADMINISTRATOR SISTEM (SYSTEM ADMINISTRATOR),kemampuan untuk menetapkan izin dan kebijakan untuk pengguna
TIK.INF0603,ADMINISTRATOR SISTEM (SYSTEM ADMINISTRATOR),kemampuan untuk menginstal dan memodifikasi perangkat lunak
TIK.INF0603,ADMINISTRATOR SISTEM (SYSTEM ADMINISTRATOR),kemampuan untuk mengelola jaringan dan perangkat keras
TIK.INF0603,ADMINISTRATOR SISTEM (SYSTEM ADMINISTRATOR),kemampuan untuk memantau keamanan sistem
TIK.INF0603,ADMINISTRATOR SISTEM (SYSTEM ADMINISTRATOR),mengumpulkan kebutuhan pengguna
TIK.INF0603,ADMINISTRATOR SISTEM (SYSTEM ADMINISTRATOR),mengidentifikasi system environment dengan teknologi yang sesuai
TIK.INF0603,ADMINISTRATOR SISTEM (SYSTEM ADMINISTRATOR),merancang arsitektur server environment
TIK.INF0603,ADMINISTRATOR SISTEM (SYSTEM ADMINISTRATOR),merancang sistem keamanan server environment
TIK.INF0603,ADMINISTRATOR SISTEM (SYSTEM ADMINISTRATOR),merancang skenario pengujian server
TIK.INF0603,ADMINISTRATOR SISTEM (SYSTEM ADMINISTRATOR),meng-install sistem operasi server
TIK.INF0603,ADMINISTRATOR SISTEM (SYSTEM ADMINISTRATOR),meng-install sumber daya berbagi pakai pada server environment
TIK.INF0603,ADMINISTRATOR SISTEM (SYSTEM ADMINISTRATOR),meng-upgrade server
TIK.INF0603,ADMINISTRATOR SISTEM (SYSTEM ADMINISTRATOR),memigrasi server
TIK.INF0603,ADMINISTRATOR SISTEM (SYSTEM ADMINISTRATOR),meng-install virtual server
TIK.INF0603,ADMINISTRATOR SISTEM (SYSTEM ADMINISTRATOR),meng-install common network services pada server
TIK.INF0603,ADMINISTRATOR SISTEM (SYSTEM ADMINISTRATOR),meng-install common application services pada server
TIK.INF0603,ADMINISTRATOR SISTEM (SYSTEM ADMINISTRATOR),mengkonfigurasi sistem operasi server
TIK.INF0603,ADMINISTRATOR SISTEM (SYSTEM ADMINISTRATOR),mengkonfigurasi common network services pada server
TIK.INF0603,ADMINISTRATOR SISTEM (SYSTEM ADMINISTRATOR),mengkonfigurasi common application services pada server
TIK.INF0603,ADMINISTRATOR SISTEM (SYSTEM ADMINISTRATOR),mengkonfigurasi virtual server
TIK.INF0603,ADMINISTRATOR SISTEM (SYSTEM ADMINISTRATOR),membuat kode program untuk keperluan administrasi sistem
TIK.INF0603,ADMINISTRATOR SISTEM (SYSTEM ADMINISTRATOR),mengimplementasikan keamanan sistem server
TIK.INF0603,ADMINISTRATOR SISTEM (SYSTEM ADMINISTRATOR),memantau ketersediaan sistem
TIK.INF0603,ADMINISTRATOR SISTEM (SYSTEM ADMINISTRATOR),memantau kinerja sistem
TIK.INF0603,ADMINISTRATOR SISTEM (SYSTEM ADMINISTRATOR),memantau keamanan sistem
TIK.INF0603,ADMINISTRATOR SISTEM (SYSTEM ADMINISTRATOR),menginvestigasi kerusakan sistem
TIK.INF0603,ADMINISTRATOR SISTEM (SYSTEM ADMINISTRATOR),memperbaiki kerusakan sistem
TIK.INF0603,ADMINISTRATOR SISTEM (SYSTEM ADMINISTRATOR),mengevaluasi sistem untuk pengembangan masa depan
TIK.INF0603,ADMINISTRATOR SISTEM (SYSTEM ADMINISTRATOR),melakukan restore sistem
TIK.INF0604,DESAINER JARINGAN (NETWORK DESIGNER),"orang yang bertanggung jawab untuk merancang, membangun, dan memelihara jaringan komputer. mereka bekerja dengan berbagai macam teknologi jaringan, termasuk jaringan area lokal (lan), jaringan area luas (wan), dan jaringan seluler."
TIK.INF0604,DESAINER JARINGAN (NETWORK DESIGNER),perancangan dan pembangunan jaringan
TIK.INF0604,DESAINER JARINGAN (NETWORK DESIGNER),pemeliharaan dan perbaikan jaringan
TIK.INF0604,DESAINER JARINGAN (NETWORK DESIGNER),keterampilan pemecahan masalah yang kuat
TIK.INF0604,DESAINER JARINGAN (NETWORK DESIGNER),keterampilan komunikasi yang kuat
TIK.INF0604,DESAINER JARINGAN (NETWORK DESIGNER),kemampuan bekerja secara mandiri dan sebagai bagian dari tim
TIK.INF0604,DESAINER JARINGAN (NETWORK DESIGNER),menganalisis kebutuhan bisnis dan teknis untuk menentukan persyaratan jaringan
TIK.INF0604,DESAINER JARINGAN (NETWORK DESIGNER),membangun model jaringan dan membuat spesifikasi teknis
TIK.INF0604,DESAINER JARINGAN (NETWORK DESIGNER),memilih dan mengintegrasikan perangkat dan teknologi jaringan
TIK.INF0604,DESAINER JARINGAN (NETWORK DESIGNER),menguji dan mengimplementasikan jaringan
TIK.INF0604,DESAINER JARINGAN (NETWORK DESIGNER),mendukung dan memelihara jaringan
TIK.INF0604,DESAINER JARINGAN (NETWORK DESIGNER),mengembangkan desain jaringan
TIK.INF0604,DESAINER JARINGAN (NETWORK DESIGNER),memimpin implementasi jaringan
TIK.INF0604,DESAINER JARINGAN (NETWORK DESIGNER),mengevaluasi kinerja jaringan
TIK.INF0604,DESAINER JARINGAN (NETWORK DESIGNER),mengumpulkan kebutuhan teknis pengguna yang menggunakan jaringan
TIK.INF0604,DESAINER JARINGAN (NETWORK DESIGNER),mengumpulkan data peralatan jaringan dengan teknologi yang sesuai
TIK.INF0604,DESAINER JARINGAN (NETWORK DESIGNER),merancang topologi jaringan
TIK.INF0604,DESAINER JARINGAN (NETWORK DESIGNER),merancang pengalamatan jaringan
TIK.INF0604,DESAINER JARINGAN (NETWORK DESIGNER),merancang keamanan jaringan
TIK.INF0604,DESAINER JARINGAN (NETWORK DESIGNER),merancang pemulihan jaringan
TIK.INF0604,DESAINER JARINGAN (NETWORK DESIGNER),memasang perangkat jaringan ke dalam sistem jaringan
TIK.INF0604,DESAINER JARINGAN (NETWORK DESIGNER),mengkonfigurasi switch pada jaringan
TIK.INF0604,DESAINER JARINGAN (NETWORK DESIGNER),mengkonfigurasi routing pada perangkat jaringan dalam satu autonomous system
TIK.INF0604,DESAINER JARINGAN (NETWORK DESIGNER),mengkonfigurasi routing pada perangkat jaringan antar autonomous system
TIK.INF0604,DESAINER JARINGAN (NETWORK DESIGNER),mengevaluasi jaringan komputer untuk pengembangan masa depan
TIK.INF0605,TEKNISI JARINGAN KOMPUTER (COMPUTER NETWORK TECHNICIAN),perencanaan dan desain jaringan
TIK.INF0605,TEKNISI JARINGAN KOMPUTER (COMPUTER NETWORK TECHNICIAN),instalasi dan konfigurasi jaringan
TIK.INF0605,TEKNISI JARINGAN KOMPUTER (COMPUTER NETWORK TECHNICIAN),kemampuan pemecahan masalah
TIK.INF0605,TEKNISI JARINGAN KOMPUTER (COMPUTER NETWORK TECHNICIAN),kemampuan komunikasi
TIK.INF0605,TEKNISI JARINGAN KOMPUTER (COMPUTER NETWORK TECHNICIAN),kemampuan bekerja sama
TIK.INF0605,TEKNISI JARINGAN KOMPUTER (COMPUTER NETWORK TECHNICIAN),kemampuan belajar mandiri
TIK.INF0605,TEKNISI JARINGAN KOMPUTER (COMPUTER NETWORK TECHNICIAN),merencanakan dan merancang jaringan komputer baru atau yang ditingkatkan
TIK.INF0605,TEKNISI JARINGAN KOMPUTER (COMPUTER NETWORK TECHNICIAN),menginstal dan mengonfigurasi perangkat keras dan perangkat lunak jaringan
TIK.INF0605,TEKNISI JARINGAN KOMPUTER (COMPUTER NETWORK TECHNICIAN),melakukan pemeliharaan dan perbaikan jaringan
TIK.INF0605,TEKNISI JARINGAN KOMPUTER (COMPUTER NETWORK TECHNICIAN),mengelola keamanan jaringan
TIK.INF0605,TEKNISI JARINGAN KOMPUTER (COMPUTER NETWORK TECHNICIAN),memantau kinerja jaringan
TIK.INF0605,TEKNISI JARINGAN KOMPUTER (COMPUTER NETWORK TECHNICIAN),menanggulangi masalah jaringan
TIK.INF0605,TEKNISI JARINGAN KOMPUTER (COMPUTER NETWORK TECHNICIAN),meminta informasi dan data dari pengguna jaringan
TIK.INF0605,TEKNISI JARINGAN KOMPUTER (COMPUTER NETWORK TECHNICIAN),mengambil tindakan untuk mengatasi masalah jaringan
TIK.INF0605,TEKNISI JARINGAN KOMPUTER (COMPUTER NETWORK TECHNICIAN),mendelegasikan tugas kepada teknisi jaringan lain
TIK.INF0605,TEKNISI JARINGAN KOMPUTER (COMPUTER NETWORK TECHNICIAN),mengumpulkan kebutuhan teknis pengguna yang menggunakan jaringan
TIK.INF0605,TEKNISI JARINGAN KOMPUTER (COMPUTER NETWORK TECHNICIAN),mengumpulkan data peralatan jaringan dengan teknologi yang sesuai
TIK.INF0605,TEKNISI JARINGAN KOMPUTER (COMPUTER NETWORK TECHNICIAN),merancang topologi jaringan
TIK.INF0605,TEKNISI JARINGAN KOMPUTER (COMPUTER NETWORK TECHNICIAN),merancang pengalamatan jaringan
TIK.INF0605,TEKNISI JARINGAN KOMPUTER (COMPUTER NETWORK TECHNICIAN),menentukan spesifikasi perangkat jaringan
TIK.INF0605,TEKNISI JARINGAN KOMPUTER (COMPUTER NETWORK TECHNICIAN),memasang kabel jaringan
TIK.INF0605,TEKNISI JARINGAN KOMPUTER (COMPUTER NETWORK TECHNICIAN),mengkonfigurasi switch pada jaringan
TIK.INF0606,PENGEMBANG CLOUD COMPUTING (CLOUD COMPUTING DEVELOPER),"orang yang bertanggung jawab untuk mengembangkan dan memelihara aplikasi, perangkat lunak, dan infrastruktur di cloud. mereka bekerja dengan berbagai teknologi cloud."
TIK.INF0606,PENGEMBANG CLOUD COMPUTING (CLOUD COMPUTING DEVELOPER),bidang desain dan pengembangan
TIK.INF0606,PENGEMBANG CLOUD COMPUTING (CLOUD COMPUTING DEVELOPER),bidang operasi dan pemeliharaan
TIK.INF0606,PENGEMBANG CLOUD COMPUTING (CLOUD COMPUTING DEVELOPER),kemampuan untuk bekerja secara mandiri dan dalam tim
TIK.INF0606,PENGEMBANG CLOUD COMPUTING (CLOUD COMPUTING DEVELOPER),kemampuan untuk belajar dan beradaptasi
TIK.INF0606,PENGEMBANG CLOUD COMPUTING (CLOUD COMPUTING DEVELOPER),kemampuan untuk berpikir kritis dan memecahkan masalah
TIK.INF0606,PENGEMBANG CLOUD COMPUTING (CLOUD COMPUTING DEVELOPER),kemampuan untuk berkomunikasi secara efektif
TIK.INF0606,PENGEMBANG CLOUD COMPUTING (CLOUD COMPUTING DEVELOPER),"merancang, mengembangkan, dan menguji aplikasi dan perangkat lunak di cloud"
TIK.INF0606,PENGEMBANG CLOUD COMPUTING (CLOUD COMPUTING DEVELOPER),mengimplementasikan dan mengelola infrastruktur cloud
TIK.INF0606,PENGEMBANG CLOUD COMPUTING (CLOUD COMPUTING DEVELOPER),melakukan pemantauan dan pengelolaan kinerja cloud
TIK.INF0606,PENGEMBANG CLOUD COMPUTING (CLOUD COMPUTING DEVELOPER),melakukan perbaikan dan pemeliharaan cloud
TIK.INF0606,PENGEMBANG CLOUD COMPUTING (CLOUD COMPUTING DEVELOPER),menjamin keamanan dan kepatuhan cloud
TIK.INF0606,PENGEMBANG CLOUD COMPUTING (CLOUD COMPUTING DEVELOPER),memiliki akses ke sumber daya cloud
TIK.INF0606,PENGEMBANG CLOUD COMPUTING (CLOUD COMPUTING DEVELOPER),melakukan perubahan pada konfigurasi cloud
TIK.INF0606,PENGEMBANG CLOUD COMPUTING (CLOUD COMPUTING DEVELOPER),mengambil tindakan untuk mengatasi masalah cloud
TIK.INF0606,PENGEMBANG CLOUD COMPUTING (CLOUD COMPUTING DEVELOPER),keterampilan pemrograman. keterampilan pemrograman ini diperlukan untuk mengembangkan aplikasi dan perangkat lunak cloud.
TIK.INF0606,PENGEMBANG CLOUD COMPUTING (CLOUD COMPUTING DEVELOPER),membangun virtualisasi sesuai kebutuhan organisasi pada public/private/hybrid/sovereign cloud
TIK.INF0606,PENGEMBANG CLOUD COMPUTING (CLOUD COMPUTING DEVELOPER),membangun topologi jaringan
TIK.INF0606,PENGEMBANG CLOUD COMPUTING (CLOUD COMPUTING DEVELOPER),mengimplementasi layanan cloud yang spesifik
TIK.INF0606,PENGEMBANG CLOUD COMPUTING (CLOUD COMPUTING DEVELOPER),menerapkan rancangan adaptasi untuk deployment di sistem cloud
TIK.INF0606,PENGEMBANG CLOUD COMPUTING (CLOUD COMPUTING DEVELOPER),mengelola insiden pada sistem cloud
TIK.INF0606,PENGEMBANG CLOUD COMPUTING (CLOUD COMPUTING DEVELOPER),"mengelola aktivitas rutin pada iaas, paas, dan saas"
TIK.INF0607,ADMINISTRATOR FASILITAS PUSAT DATA (DATA CENTER FACILITY ADMINISTRATOR),orang yang bertanggung jawab untuk mengelola infrastruktur fisik data center dengan administrator menggunakan keterampilan teknis dan non-teknis untuk memastikan bahwa data center berfungsi dengan baik dan aman.
TIK.INF0607,ADMINISTRATOR FASILITAS PUSAT DATA (DATA CENTER FACILITY ADMINISTRATOR),mengelola infrastruktur fisik pusat data
TIK.INF0607,ADMINISTRATOR FASILITAS PUSAT DATA (DATA CENTER FACILITY ADMINISTRATOR),mengelola operasi pusat data
TIK.INF0607,ADMINISTRATOR FASILITAS PUSAT DATA (DATA CENTER FACILITY ADMINISTRATOR),beretika
TIK.INF0607,ADMINISTRATOR FASILITAS PUSAT DATA (DATA CENTER FACILITY ADMINISTRATOR),komunikatif
TIK.INF0607,ADMINISTRATOR FASILITAS PUSAT DATA (DATA CENTER FACILITY ADMINISTRATOR),bekerja dalam tim
TIK.INF0607,ADMINISTRATOR FASILITAS PUSAT DATA (DATA CENTER FACILITY ADMINISTRATOR),teliti
TIK.INF0607,ADMINISTRATOR FASILITAS PUSAT DATA (DATA CENTER FACILITY ADMINISTRATOR),berpikir kritis
TIK.INF0607,ADMINISTRATOR FASILITAS PUSAT DATA (DATA CENTER FACILITY ADMINISTRATOR),selalu belajar hal baru
TIK.INF0607,ADMINISTRATOR FASILITAS PUSAT DATA (DATA CENTER FACILITY ADMINISTRATOR),"mengelola infrastruktur fisik data center, seperti ruang, pendingin, listrik, dan keamanan"
TIK.INF0607,ADMINISTRATOR FASILITAS PUSAT DATA (DATA CENTER FACILITY ADMINISTRATOR),melakukan pemeliharaan dan perbaikan infrastruktur fisik data center
TIK.INF0607,ADMINISTRATOR FASILITAS PUSAT DATA (DATA CENTER FACILITY ADMINISTRATOR),mengembangkan dan menerapkan prosedur dan kebijakan untuk mengelola infrastruktur fisik data center
TIK.INF0607,ADMINISTRATOR FASILITAS PUSAT DATA (DATA CENTER FACILITY ADMINISTRATOR),berkolaborasi dengan tim ti lainnya
TIK.INF0607,ADMINISTRATOR FASILITAS PUSAT DATA (DATA CENTER FACILITY ADMINISTRATOR),mengakses dan menggunakan infrastruktur fisik data center
TIK.INF0607,ADMINISTRATOR FASILITAS PUSAT DATA (DATA CENTER FACILITY ADMINISTRATOR),melakukan perubahan pada infrastruktur fisik data center
TIK.INF0607,ADMINISTRATOR FASILITAS PUSAT DATA (DATA CENTER FACILITY ADMINISTRATOR),berkolaborasi dengan tim ti lainnya
TIK.INF0607,ADMINISTRATOR FASILITAS PUSAT DATA (DATA CENTER FACILITY ADMINISTRATOR),memiliki pemahaman mendalam mengenai infrastruktur pusat data.
TIK.INF0607,ADMINISTRATOR FASILITAS PUSAT DATA (DATA CENTER FACILITY ADMINISTRATOR),menjalin kerja sama dengan pihak luar/client
TIK.INF0607,ADMINISTRATOR FASILITAS PUSAT DATA (DATA CENTER FACILITY ADMINISTRATOR),mengelola kegiatan perawatan pusat data
TIK.INF0607,ADMINISTRATOR FASILITAS PUSAT DATA (DATA CENTER FACILITY ADMINISTRATOR),melaksanakan koordinasi lintas fungsi dalam organisasi
TIK.INF0607,ADMINISTRATOR FASILITAS PUSAT DATA (DATA CENTER FACILITY ADMINISTRATOR),"memeriksa, merawat dan memperbaiki peralatan"
TIK.INF0607,ADMINISTRATOR FASILITAS PUSAT DATA (DATA CENTER FACILITY ADMINISTRATOR),melakukan komunikasi yang baik ditempat kerja (communication capability)
TIK.INF0608,ARSITEK PERANGKAT (DEVICE ARCHITECT),"orang yang bertanggung jawab untuk merancang, mengembangkan, dan menguji perangkat iot, mereka bekerja di berbagai industri, termasuk manufaktur, perawatan kesehatan, dan transportasi. kualifikasi ini memiliki kemampuan mengaplikasikan bidang internet of things dalam penyelesaian masalah serta mampu beradaptasi terhadap situasi yang dihadapi. menguasai konsep teoritis bidang internet of things secara umum dan konsep teoritis bagian khusus dalam bidang pengetahuan tersebut secara mendalam, serta mampu memformulasikan penyelesaian masalah prosedural. mampu mengambil keputusan yang tepat berdasarkan analisis informasi dan data, dan mampu memberikan petunjuk dalam memilih berbagai alternatif solusi secara mandiri dan kelompok. bertanggung jawab pada pekerjaan sendiri dan dapat diberi tanggung jawab atas pencapaian hasil kerja organisasi."
TIK.INF0608,ARSITEK PERANGKAT (DEVICE ARCHITECT),merancang dan mengembangkan perangkat iot
TIK.INF0608,ARSITEK PERANGKAT (DEVICE ARCHITECT),memilih dan mengintegrasikan komponen perangkat iot
TIK.INF0608,ARSITEK PERANGKAT (DEVICE ARCHITECT),bertaqwa kepada tuhan yang maha esa
TIK.INF0608,ARSITEK PERANGKAT (DEVICE ARCHITECT),"memiliki moral, etika dan kepribadian yang baik di dalam menyelesaikan tugasnya"
TIK.INF0608,ARSITEK PERANGKAT (DEVICE ARCHITECT),berperan sebagai warga negara yang bangga dan cinta tanah air serta mendukung perdamaian dunia
TIK.INF0608,ARSITEK PERANGKAT (DEVICE ARCHITECT),mampu bekerja sama dan memiliki kepekaan sosial dan kepedulian yang tinggi terhadap masyarakat dan lingkungannya
TIK.INF0608,ARSITEK PERANGKAT (DEVICE ARCHITECT),"menghargai keanekaragaman budaya, pandangan, kepercayaan, dan agama serta pendapat/temuan orisinal orang lain"
TIK.INF0608,ARSITEK PERANGKAT (DEVICE ARCHITECT),menjunjung tinggi penegakan hukum serta memiliki semangat untuk mendahulukan kepentingan bangsa serta masyarakat luas
TIK.INF0608,ARSITEK PERANGKAT (DEVICE ARCHITECT),merancang dan mengembangkan perangkat iot yang memenuhi kebutuhan bisnis
TIK.INF0608,ARSITEK PERANGKAT (DEVICE ARCHITECT),melakukan pengujian perangkat iot untuk memastikan kualitas dan kinerjanya
TIK.INF0608,ARSITEK PERANGKAT (DEVICE ARCHITECT),meningkatkan perangkat iot untuk memenuhi kebutuhan yang berubah
TIK.INF0608,ARSITEK PERANGKAT (DEVICE ARCHITECT),mengambil keputusan tentang desain dan pengembangan perangkat iot
TIK.INF0608,ARSITEK PERANGKAT (DEVICE ARCHITECT),mengalokasikan sumber daya untuk pengembangan perangkat iot
TIK.INF0608,ARSITEK PERANGKAT (DEVICE ARCHITECT),melakukan perubahan pada perangkat iot
TIK.INF0608,ARSITEK PERANGKAT (DEVICE ARCHITECT),membuat analisis sistem dan flow aplikasi iot
TIK.INF0608,ARSITEK PERANGKAT (DEVICE ARCHITECT),mendeteksi potensi terjadinya gangguan saat implementasi perangkat iot (device)
TIK.INF0608,ARSITEK PERANGKAT (DEVICE ARCHITECT),mendesain perangkat lunak (firmware) untuk device iot
TIK.INF0608,ARSITEK PERANGKAT (DEVICE ARCHITECT),merancang sistem keamanan pada perangkat iot
TIK.INF0608,ARSITEK PERANGKAT (DEVICE ARCHITECT),mendeteksi potensi gangguan saat implementasi aplikasi iot
TIK.INF0608,ARSITEK PERANGKAT (DEVICE ARCHITECT),mengatasi gangguan saat implementasi perangkat iot (device)
TIK.INF0608,ARSITEK PERANGKAT (DEVICE ARCHITECT),mengatasi terjadinya gangguan saat implementasi aplikasi iot ( 2020-300
TIK.INF0608,ARSITEK PERANGKAT (DEVICE ARCHITECT),melaksanakan evaluasi kelemahan (vulnerabilitas) keamanan pada perangkat iot
TIK.INF0608,ARSITEK PERANGKAT (DEVICE ARCHITECT),merekomendasi optimasi konektivitas iot
TIK.INF0608,ARSITEK PERANGKAT (DEVICE ARCHITECT),mengoptimalisasikan platform iot
TIK.INF0608,ARSITEK PERANGKAT (DEVICE ARCHITECT),melakukan optimalisasi perangkat iot dan pemutakhiran firmware pada perangkat (device) secara over the air (ota)
TIK.INF0608,ARSITEK PERANGKAT (DEVICE ARCHITECT),mengelola audit keamanan informasi pada perangkat iot
TIK.INF0609,ARSITEK JARINGAN (NETWORK ARCHITECT),"orang yang bertanggung jawab untuk merancang, membangun, dan memelihara jaringan komputer, mereka bekerja dengan berbagai teknologi dan perangkat jaringan untuk memastikan bahwa jaringan berfungsi dengan lancar dan efisien. kualifikasi ini memiliki kemampuan mengaplikasikan bidang internet of things dalam penyelesaian masalah serta mampu beradaptasi terhadap situasi yang dihadapi. menguasai konsep teoritis bidang internet of things secara umum dan konsep teoritis bagian khusus dalam bidang pengetahuan tersebut secara mendalam, serta mampu memformulasikan penyelesaian masalah prosedural. mampu mengambil keputusan yang tepat berdasarkan analisis informasi dan data, dan mampu memberikan petunjuk dalam memilih berbagai alternatif solusi secara mandiri dan kelompok. bertanggung jawab pada pekerjaan sendiri dan dapat diberi tanggung jawab atas pencapaian hasil kerja organisasi."
TIK.INF0609,ARSITEK JARINGAN (NETWORK ARCHITECT),perancangan dan pembangunan jaringan iot
TIK.INF0609,ARSITEK JARINGAN (NETWORK ARCHITECT),pemilihan dan pengintegrasian teknologi jaringan iot
TIK.INF0609,ARSITEK JARINGAN (NETWORK ARCHITECT),bertaqwa kepada tuhan yang maha esa
TIK.INF0609,ARSITEK JARINGAN (NETWORK ARCHITECT),"memiliki moral, etika dan kepribadian yang baik di dalam menyelesaikan tugasnya;"
TIK.INF0609,ARSITEK JARINGAN (NETWORK ARCHITECT),berperan sebagai warga negara yang bangga dan cinta tanah air serta mendukung perdamaian dunia
TIK.INF0609,ARSITEK JARINGAN (NETWORK ARCHITECT),mampu bekerja sama dan memiliki kepekaan sosial dan kepedulian yang tinggi terhadap masyarakat dan lingkungannya
TIK.INF0609,ARSITEK JARINGAN (NETWORK ARCHITECT),"menghargai keanekaragaman budaya, pandangan, kepercayaan, dan agama serta pendapat/temuan orisinal orang lain"
TIK.INF0609,ARSITEK JARINGAN (NETWORK ARCHITECT),menjunjung tinggi penegakan hukum serta memiliki semangat untuk mendahulukan kepentingan bangsa serta masyarakat luas
TIK.INF0609,ARSITEK JARINGAN (NETWORK ARCHITECT),merancang dan menerapkan arsitektur jaringan yang memenuhi kebutuhan bisnis
TIK.INF0609,ARSITEK JARINGAN (NETWORK ARCHITECT),memilih dan menginstal perangkat jaringan yang tepat
TIK.INF0609,ARSITEK JARINGAN (NETWORK ARCHITECT),membangun dan memelihara jaringan
TIK.INF0609,ARSITEK JARINGAN (NETWORK ARCHITECT),melakukan troubleshooting dan perbaikan masalah jaringan
TIK.INF0609,ARSITEK JARINGAN (NETWORK ARCHITECT),memantau kinerja jaringan dan memastikan bahwa jaringan beroperasi secara optimal
TIK.INF0609,ARSITEK JARINGAN (NETWORK ARCHITECT),"membuat keputusan tentang arsitektur, desain, dan implementasi jaringan"
TIK.INF0609,ARSITEK JARINGAN (NETWORK ARCHITECT),merekrut dan mengelola tim teknis
TIK.INF0609,ARSITEK JARINGAN (NETWORK ARCHITECT),melakukan pembelian perangkat dan layanan jaringan
TIK.INF0609,ARSITEK JARINGAN (NETWORK ARCHITECT),menyetujui anggaran jaringan
TIK.INF0609,ARSITEK JARINGAN (NETWORK ARCHITECT),membuat analisis sistem dan flow aplikasi iot
TIK.INF0609,ARSITEK JARINGAN (NETWORK ARCHITECT),mendeteksi potensi terjadinya gangguan saat implementasi perangkat iot (device)
TIK.INF0609,ARSITEK JARINGAN (NETWORK ARCHITECT),mendesain perangkat lunak (firmware) untuk device iot
TIK.INF0609,ARSITEK JARINGAN (NETWORK ARCHITECT),merancang sistem keamanan pada perangkat iot
TIK.INF0609,ARSITEK JARINGAN (NETWORK ARCHITECT),mendeteksi potensi gangguan saat implementasi aplikasi iot
TIK.INF0609,ARSITEK JARINGAN (NETWORK ARCHITECT),mengatasi gangguan saat implementasi perangkat iot (device)
TIK.INF0609,ARSITEK JARINGAN (NETWORK ARCHITECT),mengatasi terjadinya gangguan saat implementasi aplikasi iot
TIK.INF0609,ARSITEK JARINGAN (NETWORK ARCHITECT),melaksanakan evaluasi kelemahan (vulnerabilitas) keamanan pada perangkat iot
TIK.INF0609,ARSITEK JARINGAN (NETWORK ARCHITECT),merekomendasi optimasi konektivitas iot
TIK.INF0609,ARSITEK JARINGAN (NETWORK ARCHITECT),melakukan optimalisasi platform iot dan pemutakhiran firmware pada perangkat (device) secara over the air (ota)
TIK.INF0609,ARSITEK JARINGAN (NETWORK ARCHITECT),mengelola audit keamanan informasi pada perangkat iot
TIK.INF0610,ARSITEK PLATFORM (PLATFORM ARCHITECT),"orang yang bertanggung jawab untuk merancang, membangun, dan memelihara platform teknologi yang mendukung bisnis, mereka bekerja dengan tim lain untuk memahami kebutuhan bisnis, dan kemudian menerapkan solusi yang memenuhi kebutuhan tersebut. kualifikasi ini memiliki kemampuan mengaplikasikan bidang internet of things dalam penyelesaian masalah serta mampu beradaptasi terhadap situasi yang dihadapi. menguasai konsep teoritis bidang internet of things secara umum dan konsep teoritis bagian khusus dalam bidang pengetahuan tersebut secara mendalam, serta mampu memformulasikan penyelesaian masalah prosedural. mampu mengambil keputusan yang tepat berdasarkan analisis informasi dan data, dan mampu memberikan petunjuk dalam memilih berbagai alternatif solusi secara mandiri dan kelompok. bertanggung jawab pada pekerjaan sendiri dan dapat diberi tanggung jawab atas pencapaian hasil kerja organisasi."
TIK.INF0610,ARSITEK PLATFORM (PLATFORM ARCHITECT),perancang dan pembangunan platform iot
TIK.INF0610,ARSITEK PLATFORM (PLATFORM ARCHITECT),memilih dan mengintegrasikan komponen platform iot
TIK.INF0610,ARSITEK PLATFORM (PLATFORM ARCHITECT),bertaqwa kepada tuhan yang maha esa
TIK.INF0610,ARSITEK PLATFORM (PLATFORM ARCHITECT),"memiliki moral, etika dan kepribadian yang baik di dalam menyelesaikan tugasnya;"
TIK.INF0610,ARSITEK PLATFORM (PLATFORM ARCHITECT),berperan sebagai warga negara yang bangga dan cinta tanah air serta mendukung perdamaian dunia
TIK.INF0610,ARSITEK PLATFORM (PLATFORM ARCHITECT),mampu bekerja sama dan memiliki kepekaan sosial dan kepedulian yang tinggi terhadap masyarakat dan lingkungannya
TIK.INF0610,ARSITEK PLATFORM (PLATFORM ARCHITECT),"menghargai keanekaragaman budaya, pandangan, kepercayaan, dan agama serta pendapat/temuan orisinal orang lain"
TIK.INF0610,ARSITEK PLATFORM (PLATFORM ARCHITECT),menjunjung tinggi penegakan hukum serta memiliki semangat untuk mendahulukan kepentingan bangsa serta masyarakat luas
TIK.INF0610,ARSITEK PLATFORM (PLATFORM ARCHITECT),merancang dan mengembangkan arsitektur platform teknologi
TIK.INF0610,ARSITEK PLATFORM (PLATFORM ARCHITECT),membangun dan memelihara infrastruktur platform teknologi
TIK.INF0610,ARSITEK PLATFORM (PLATFORM ARCHITECT),mengelola dan mengoptimalkan kinerja platform teknologi
TIK.INF0610,ARSITEK PLATFORM (PLATFORM ARCHITECT),melakukan evaluasi dan perbaikan platform teknologi
TIK.INF0610,ARSITEK PLATFORM (PLATFORM ARCHITECT),memberikan dukungan teknis kepada tim-tim lain
TIK.INF0610,ARSITEK PLATFORM (PLATFORM ARCHITECT),melakukan koordinasi dan kerja sama dengan tim-tim lain
TIK.INF0610,ARSITEK PLATFORM (PLATFORM ARCHITECT),"membuat keputusan tentang desain, pembangunan, dan pemeliharaan platform teknologi"
TIK.INF0610,ARSITEK PLATFORM (PLATFORM ARCHITECT),menganggarkan dan mengelola sumber daya untuk pengembangan platform teknologi
TIK.INF0610,ARSITEK PLATFORM (PLATFORM ARCHITECT),menyetujui perubahan pada platform teknologi
TIK.INF0610,ARSITEK PLATFORM (PLATFORM ARCHITECT),membuat analisis sistem dan flow aplikasi iot
TIK.INF0610,ARSITEK PLATFORM (PLATFORM ARCHITECT),mendeteksi potensi terjadinya gangguan saat implementasi perangkat iot (device)
TIK.INF0610,ARSITEK PLATFORM (PLATFORM ARCHITECT),mendeteksi potensi gangguan saat implementasi platform iot
TIK.INF0610,ARSITEK PLATFORM (PLATFORM ARCHITECT),mengatasi terjadinya gangguan saat implementasi platform iot
TIK.INF0610,ARSITEK PLATFORM (PLATFORM ARCHITECT),mendeteksi potensi gangguan saat implementasi aplikasi iot ( 2020-300
TIK.INF0610,ARSITEK PLATFORM (PLATFORM ARCHITECT),mengatasi terjadinya gangguan saat implementasi aplikasi iot
TIK.INF0610,ARSITEK PLATFORM (PLATFORM ARCHITECT),mengoptimalisasikan platform iot
TIK.INF0610,ARSITEK PLATFORM (PLATFORM ARCHITECT),melakukan optimalisasi perangkat iot dan pemutakhiran firmware pada perangkat (device) secara over the air (ota)
TIK.INF0610,ARSITEK PLATFORM (PLATFORM ARCHITECT),mengoptimalisasi ui/ux aplikasi iot
TIK.INF0611,ANALIS KEAMANAN JARINGAN (NETWORK SECURITY ANALYST),"orang yang bertanggung jawab untuk melindungi jaringan komputer dari serangan. mereka menggunakan pengetahuan dan keterampilan mereka untuk mengidentifikasi, menilai, dan mengurangi risiko keamanan jaringan."
TIK.INF0611,ANALIS KEAMANAN JARINGAN (NETWORK SECURITY ANALYST),keamanan informasi
TIK.INF0611,ANALIS KEAMANAN JARINGAN (NETWORK SECURITY ANALYST),keamanan jaringan
TIK.INF0611,ANALIS KEAMANAN JARINGAN (NETWORK SECURITY ANALYST),kemampuan berpikir kritis dan memecahkan masalah
TIK.INF0611,ANALIS KEAMANAN JARINGAN (NETWORK SECURITY ANALYST),kemampuan berkomunikasi dan bekerja sama
TIK.INF0611,ANALIS KEAMANAN JARINGAN (NETWORK SECURITY ANALYST),kemampuan belajar mandiri
TIK.INF0611,ANALIS KEAMANAN JARINGAN (NETWORK SECURITY ANALYST),kemampuan beradaptasi
TIK.INF0611,ANALIS KEAMANAN JARINGAN (NETWORK SECURITY ANALYST),melakukan penilaian risiko keamanan jaringan
TIK.INF0611,ANALIS KEAMANAN JARINGAN (NETWORK SECURITY ANALYST),merancang dan menerapkan kebijakan dan prosedur keamanan jaringan
TIK.INF0611,ANALIS KEAMANAN JARINGAN (NETWORK SECURITY ANALYST),menjalankan pemantauan jaringan untuk mendeteksi ancaman
TIK.INF0611,ANALIS KEAMANAN JARINGAN (NETWORK SECURITY ANALYST),menyelidiki dan menanggapi insiden keamanan
TIK.INF0611,ANALIS KEAMANAN JARINGAN (NETWORK SECURITY ANALYST),mengakses dan memantau jaringan komputer
TIK.INF0611,ANALIS KEAMANAN JARINGAN (NETWORK SECURITY ANALYST),mengumpulkan dan menganalisis data keamanan
TIK.INF0611,ANALIS KEAMANAN JARINGAN (NETWORK SECURITY ANALYST),menyelidiki dan menanggapi insiden keamanan
TIK.INF0611,ANALIS KEAMANAN JARINGAN (NETWORK SECURITY ANALYST),mengimplementasikan dan mengelola solusi keamanan
TIK.INF0611,ANALIS KEAMANAN JARINGAN (NETWORK SECURITY ANALYST),memberikan pelatihan dan edukasi keamanan
TIK.INF0611,ANALIS KEAMANAN JARINGAN (NETWORK SECURITY ANALYST),"keterampilan teknis: keamanan jaringan, keamanan informasi, forensik komputer, penilaian kerentanan, manajemen risiko, sistem operasi, protokol jaringan, alat keamanan jaringan, bahasa pemrograman."
TIK.INF0611,ANALIS KEAMANAN JARINGAN (NETWORK SECURITY ANALYST),menyusun dokumen kebijakan keamanan informasi
TIK.INF0611,ANALIS KEAMANAN JARINGAN (NETWORK SECURITY ANALYST),melaksanakan kebijakan keamanan informasi
TIK.INF0611,ANALIS KEAMANAN JARINGAN (NETWORK SECURITY ANALYST),mengelola sistem pertahanan dan perlindungan keamanan informasi
TIK.INF0611,ANALIS KEAMANAN JARINGAN (NETWORK SECURITY ANALYST),menyediakan dukungan keamanan bagi pengguna
TIK.INF0611,ANALIS KEAMANAN JARINGAN (NETWORK SECURITY ANALYST),mengelola perimeter keamanan
TIK.INF0611,ANALIS KEAMANAN JARINGAN (NETWORK SECURITY ANALYST),menerapkan kontrol akses berdasarkan konsep/metodologi yang telah ditetapkan
TIK.INF0611,ANALIS KEAMANAN JARINGAN (NETWORK SECURITY ANALYST),mengkaji efektivitas penerapan kontrol akses
TIK.INF0611,ANALIS KEAMANAN JARINGAN (NETWORK SECURITY ANALYST),mengelola siklus pemberian akses
TIK.INF0611,ANALIS KEAMANAN JARINGAN (NETWORK SECURITY ANALYST),melaksanakan uji coba sistem pertahanan keamanan informasi
TIK.INF0611,ANALIS KEAMANAN JARINGAN (NETWORK SECURITY ANALYST),mendeteksi kerentanan (vulnerabilitas) keamanan dan potensi pelanggaran
TIK.INF0611,ANALIS KEAMANAN JARINGAN (NETWORK SECURITY ANALYST),melaksanakan evaluasi kelemahan (vulnerabilitas) keamanan
TIK.INF0611,ANALIS KEAMANAN JARINGAN (NETWORK SECURITY ANALYST),mengimplementasikan manajemen perbaikan/ respon yang terkait dengan keamanan informasi
TIK.INF0612,ARSITEK KEAMANAN IoT (IoT SECURITY ARCHITECT),"orang yang bertanggung jawab untuk merancang, mengimplementasikan, dan mengelola keamanan untuk perangkat dan jaringan iot. mereka harus memiliki pemahaman yang mendalam tentang keamanan siber, protokol iot, dan teknologi cloud. kualifikasi ini memiliki kemampuan mengaplikasikan bidang internet of things dalam penyelesaian masalah serta mampu beradaptasi terhadap situasi yang dihadapi. menguasai konsep teoritis bidang internet of things secara umum dan konsep teoritis bagian khusus dalam bidang pengetahuan tersebut secara mendalam, serta mampu memformulasikan penyelesaian masalah prosedural. mampu mengambil keputusan yang tepat berdasarkan analisis informasi dan data, dan mampu memberikan petunjuk dalam memilih berbagai alternatif solusi secara mandiri dan kelompok. bertanggung jawab pada pekerjaan sendiri dan dapat diberi tanggung jawab atas pencapaian hasil kerja organisasi."
TIK.INF0612,ARSITEK KEAMANAN IoT (IoT SECURITY ARCHITECT),merancang dan membangun sistem keamanan iot
TIK.INF0612,ARSITEK KEAMANAN IoT (IoT SECURITY ARCHITECT),menganalisis risiko keamanan iot dan mengembangkan solusi keamanan
TIK.INF0612,ARSITEK KEAMANAN IoT (IoT SECURITY ARCHITECT),bertaqwa kepada tuhan yang maha esa
TIK.INF0612,ARSITEK KEAMANAN IoT (IoT SECURITY ARCHITECT),"memiliki moral, etika dan kepribadian yang baik di dalam menyelesaikan tugasnya"
TIK.INF0612,ARSITEK KEAMANAN IoT (IoT SECURITY ARCHITECT),berperan sebagai warga negara yang bangga dan cinta tanah air serta mendukung perdamaian dunia
TIK.INF0612,ARSITEK KEAMANAN IoT (IoT SECURITY ARCHITECT),mampu bekerja sama dan memiliki kepekaan sosial dan kepedulian yang tinggi terhadap masyarakat dan lingkungannya
TIK.INF0612,ARSITEK KEAMANAN IoT (IoT SECURITY ARCHITECT),"menghargai keanekaragaman budaya, pandangan, kepercayaan, dan agama serta pendapat/temuan orisinal orang lain"
TIK.INF0612,ARSITEK KEAMANAN IoT (IoT SECURITY ARCHITECT),menjunjung tinggi penegakan hukum serta memiliki semangat untuk mendahulukan kepentingan bangsa serta masyarakat luas
TIK.INF0612,ARSITEK KEAMANAN IoT (IoT SECURITY ARCHITECT),merancang dan menerapkan strategi keamanan untuk perangkat dan jaringan iot
TIK.INF0612,ARSITEK KEAMANAN IoT (IoT SECURITY ARCHITECT),mendefinisikan dan mengimplementasikan kebijakan keamanan
TIK.INF0612,ARSITEK KEAMANAN IoT (IoT SECURITY ARCHITECT),melakukan penilaian risiko keamanan
TIK.INF0612,ARSITEK KEAMANAN IoT (IoT SECURITY ARCHITECT),menyelidiki dan menanggapi insiden keamanan
TIK.INF0612,ARSITEK KEAMANAN IoT (IoT SECURITY ARCHITECT),melakukan pelatihan keamanan untuk tim teknis
TIK.INF0612,ARSITEK KEAMANAN IoT (IoT SECURITY ARCHITECT),mengambil keputusan tentang strategi keamanan iot
TIK.INF0612,ARSITEK KEAMANAN IoT (IoT SECURITY ARCHITECT),mengalokasikan sumber daya keamanan
TIK.INF0612,ARSITEK KEAMANAN IoT (IoT SECURITY ARCHITECT),memonitor dan memantau keamanan iot
TIK.INF0612,ARSITEK KEAMANAN IoT (IoT SECURITY ARCHITECT),melakukan perubahan pada sistem keamanan iot
TIK.INF0612,ARSITEK KEAMANAN IoT (IoT SECURITY ARCHITECT),membuat analisis sistem dan flow aplikasi iot
TIK.INF0612,ARSITEK KEAMANAN IoT (IoT SECURITY ARCHITECT),mendeteksi potensi terjadinya gangguan saat implementasi perangkat iot (device)
TIK.INF0612,ARSITEK KEAMANAN IoT (IoT SECURITY ARCHITECT),mendesain perangkat lunak (firmware) untuk device iot
TIK.INF0612,ARSITEK KEAMANAN IoT (IoT SECURITY ARCHITECT),merancang sistem keamanan pada perangkat iot
TIK.INF0612,ARSITEK KEAMANAN IoT (IoT SECURITY ARCHITECT),mendeteksi potensi gangguan saat implementasi aplikasi iot
TIK.INF0612,ARSITEK KEAMANAN IoT (IoT SECURITY ARCHITECT),mengatasi gangguan saat implementasi perangkat iot (device)
TIK.INF0612,ARSITEK KEAMANAN IoT (IoT SECURITY ARCHITECT),mengatasi terjadinya gangguan saat implementasi aplikasi iot
TIK.INF0612,ARSITEK KEAMANAN IoT (IoT SECURITY ARCHITECT),melaksanakan evaluasi kelemahan (vulnerabilitas) keamanan pada perangkat iot
TIK.INF0612,ARSITEK KEAMANAN IoT (IoT SECURITY ARCHITECT),merekomendasi optimasi konektivitas iot
TIK.INF0612,ARSITEK KEAMANAN IoT (IoT SECURITY ARCHITECT),mengoptimalisasikan platform iot
TIK.INF0612,ARSITEK KEAMANAN IoT (IoT SECURITY ARCHITECT),melakukan optimalisasi perangkat iot dan pemutakhiran firmware pada perangkat (device) secara over the air (ota)
TIK.INF0612,ARSITEK KEAMANAN IoT (IoT SECURITY ARCHITECT),mengelola audit keamanan informasi pada perangkat iot
TIK.INF0613,ARSITEK APLIKASI (APPLICATION ARCHITECT),"orang yang bertanggung jawab untuk merancang, mengembangkan, dan memelihara sistem aplikasi, mereka bekerja dengan tim lain untuk memahami kebutuhan bisnis dan kemudian mengembangkan solusi yang memenuhi kebutuhan tersebut. kualifikasi ini memiliki kemampuan mengaplikasikan bidang internet of things dalam penyelesaian masalah serta mampu beradaptasi terhadap situasi yang dihadapi. menguasai konsep teoritis bidang internet of things secara umum dan konsep teoritis bagian khusus dalam bidang pengetahuan tersebut secara mendalam, serta mampu memformulasikan penyelesaian masalah prosedural. mampu mengambil keputusan yang tepat berdasarkan analisis informasi dan data, dan mampu memberikan petunjuk dalam memilih berbagai alternatif solusi secara mandiri dan kelompok. bertanggung jawab pada pekerjaan sendiri dan dapat diberi tanggung jawab atas pencapaian hasil kerja organisasi."
TIK.INF0613,ARSITEK APLIKASI (APPLICATION ARCHITECT),perancangan dan pengembangan aplikasi iot
TIK.INF0613,ARSITEK APLIKASI (APPLICATION ARCHITECT),pemilihan dan pengimtegrasiankomponen aplikasi iot
TIK.INF0613,ARSITEK APLIKASI (APPLICATION ARCHITECT),bertaqwa kepada tuhan yang maha esa
TIK.INF0613,ARSITEK APLIKASI (APPLICATION ARCHITECT),"memiliki moral, etika dan kepribadian yang baik di dalam menyelesaikan tugasnya"
TIK.INF0613,ARSITEK APLIKASI (APPLICATION ARCHITECT),berperan sebagai warga negara yang bangga dan cinta tanah air serta mendukung perdamaian dunia
TIK.INF0613,ARSITEK APLIKASI (APPLICATION ARCHITECT),mampu bekerja sama dan memiliki kepekaan sosial dan kepedulian yang tinggi terhadap masyarakat dan lingkungannya
TIK.INF0613,ARSITEK APLIKASI (APPLICATION ARCHITECT),"menghargai keanekaragaman budaya, pandangan, kepercayaan, dan agama serta pendapat/temuan orisinal orang lain"
TIK.INF0613,ARSITEK APLIKASI (APPLICATION ARCHITECT),menjunjung tinggi penegakan hukum serta memiliki semangat untuk mendahulukan kepentingan bangsa serta masyarakat luas
TIK.INF0613,ARSITEK APLIKASI (APPLICATION ARCHITECT),mendefinisikan dan mengimplementasikan arsitektur sistem aplikasi
TIK.INF0613,ARSITEK APLIKASI (APPLICATION ARCHITECT),memimpin pengembangan dan pemeliharaan sistem aplikasi
TIK.INF0613,ARSITEK APLIKASI (APPLICATION ARCHITECT),bekerja dengan tim lain untuk memahami kebutuhan bisnis
TIK.INF0613,ARSITEK APLIKASI (APPLICATION ARCHITECT),melakukan penelitian dan pengembangan untuk teknologi baru
TIK.INF0613,ARSITEK APLIKASI (APPLICATION ARCHITECT),mendokumentasikan sistem aplikasi
TIK.INF0613,ARSITEK APLIKASI (APPLICATION ARCHITECT),memiliki wewenang untuk membuat keputusan teknis tentang sistem aplikasi
TIK.INF0613,ARSITEK APLIKASI (APPLICATION ARCHITECT),memiliki wewenang untuk mengelola tim pengembang
TIK.INF0613,ARSITEK APLIKASI (APPLICATION ARCHITECT),memiliki wewenang untuk mengakses dan menggunakan sumber daya perusahaan
TIK.INF0613,ARSITEK APLIKASI (APPLICATION ARCHITECT),membuat analisis sistem dan flow aplikasi iot
TIK.INF0613,ARSITEK APLIKASI (APPLICATION ARCHITECT),mendeteksi potensi terjadinya gangguan saat implementasi perangkat iot (device)
TIK.INF0613,ARSITEK APLIKASI (APPLICATION ARCHITECT),mendeteksi potensi gangguan saat implementasi platform iot
TIK.INF0613,ARSITEK APLIKASI (APPLICATION ARCHITECT),mengatasi terjadinya gangguan saat implementasi platform iot
TIK.INF0613,ARSITEK APLIKASI (APPLICATION ARCHITECT),mendeteksi potensi gangguan saat implementasi aplikasi iot
TIK.INF0613,ARSITEK APLIKASI (APPLICATION ARCHITECT),mengatasi terjadinya gangguan saat implementasi aplikasi iot
TIK.INF0613,ARSITEK APLIKASI (APPLICATION ARCHITECT),mengoptimalisasikan platform iot
TIK.INF0613,ARSITEK APLIKASI (APPLICATION ARCHITECT),melakukan optimalisasi perangkat iot dan pemutakhiran firmware pada perangkat (device) secara over the air (ota)
TIK.INF0613,ARSITEK APLIKASI (APPLICATION ARCHITECT),mengoptimalisasi ui/ux aplikasi iot
TIK.INF0614,- PELAKSANA TEKNOLOGI PDP (PRIVACY ENHANCING TECHNOLOGY IMPLEMENTER),"orang yang bertanggung jawab terkait pemilihan teknologi yang berhubungan dengan perbaikan postur keamanan data pribadi, membantu meningkatkan tingkat kepatuhan, serta menurunkan risiko pdp."
TIK.INF0614,- PELAKSANA TEKNOLOGI PDP (PRIVACY ENHANCING TECHNOLOGY IMPLEMENTER),memastikan kepatuhan terkait peraturan perundang-undangan pdp dalam hubungannya dengan penggunaan teknologi yang mendukung pelaksanaan pdp dan menurunkan risiko pemrosesan data pribadi
TIK.INF0614,- PELAKSANA TEKNOLOGI PDP (PRIVACY ENHANCING TECHNOLOGY IMPLEMENTER),analitis
TIK.INF0614,- PELAKSANA TEKNOLOGI PDP (PRIVACY ENHANCING TECHNOLOGY IMPLEMENTER),bertanggung jawab
TIK.INF0614,- PELAKSANA TEKNOLOGI PDP (PRIVACY ENHANCING TECHNOLOGY IMPLEMENTER),berintegritas
TIK.INF0614,- PELAKSANA TEKNOLOGI PDP (PRIVACY ENHANCING TECHNOLOGY IMPLEMENTER),komunikatif
TIK.INF0614,- PELAKSANA TEKNOLOGI PDP (PRIVACY ENHANCING TECHNOLOGY IMPLEMENTER),bebas konflik kepentingan dengan vendor/mitra
TIK.INF0614,- PELAKSANA TEKNOLOGI PDP (PRIVACY ENHANCING TECHNOLOGY IMPLEMENTER),"mengidentifikasi kebutuhan terkait teknologi pendukung pdp atau privacy enhancing technology (seperti enkripsi end-to-end, tokenisasi, differential privacy, anonimisasi/pseudonimisasi, key management, dlp, casb), mengidentifikasi vendor terkait teknologi tersebut, melaksanakan pemilihan teknologi sesuai kebutuhan dan anggaran organisasi, melakukan pengujian poc, melakukan benchmark, mengimplementasi teknologi dan menjaga supaya tetap berjalan sesuai masa hidupnya."
TIK.INF0614,- PELAKSANA TEKNOLOGI PDP (PRIVACY ENHANCING TECHNOLOGY IMPLEMENTER),memilih teknologi sesuai dengan kebutuhan dan anggaran organisasi
TIK.INF0614,- PELAKSANA TEKNOLOGI PDP (PRIVACY ENHANCING TECHNOLOGY IMPLEMENTER),meminta informasi dan mengundang vendor terkait solusi
TIK.INF0614,- PELAKSANA TEKNOLOGI PDP (PRIVACY ENHANCING TECHNOLOGY IMPLEMENTER),memberi laporan kepada manajer operasional pdp terkait pemilihan teknologi pdp
TIK.INF0614,- PELAKSANA TEKNOLOGI PDP (PRIVACY ENHANCING TECHNOLOGY IMPLEMENTER),telah mengikuti pelatihan terkait peraturan pelaksana pelindungan data pribadi secara umum dan pelatihan secara khusus tentang teknologi yang mendukung pelaksanaan pdp dan menurunkan risiko pemrosesan data pribadi; dan
TIK.INF0614,- PELAKSANA TEKNOLOGI PDP (PRIVACY ENHANCING TECHNOLOGY IMPLEMENTER),mengidentifikasi peraturan perundang-undangan terkait pelindungan data pribadi
TIK.INF0614,- PELAKSANA TEKNOLOGI PDP (PRIVACY ENHANCING TECHNOLOGY IMPLEMENTER),menerapkan program kerja pelindungan data pribadi
TIK.INF0501,PENGELOLA INSTALASI DAN PEMELIHARAAN PERANGKAT KERAS MUDA (ASSOCIATE,orang yang bertanggung jawab untuk mengawasi dan memastikan kelancaran instalasi dan pemeliharaan perangkat keras (hardware) di sebuah organisasi. okupasi ini juga bertanggung jawab untuk memastikan bahwa perangkat keras yang digunakan sesuai dengan kebutuhan organisasi dan dapat berfungsi dengan baik.
TIK.INF0501,PENGELOLA INSTALASI DAN PEMELIHARAAN PERANGKAT KERAS MUDA (ASSOCIATE,bidang instalasi dan pemeliharaan perangkat keras
TIK.INF0501,PENGELOLA INSTALASI DAN PEMELIHARAAN PERANGKAT KERAS MUDA (ASSOCIATE,bidang manajemen pengetahuan dan sistem
TIK.INF0501,PENGELOLA INSTALASI DAN PEMELIHARAAN PERANGKAT KERAS MUDA (ASSOCIATE,kemampuan untuk bekerja secara mandiri dan dalam tim
TIK.INF0501,PENGELOLA INSTALASI DAN PEMELIHARAAN PERANGKAT KERAS MUDA (ASSOCIATE,kemampuan untuk berkomunikasi secara efektif
TIK.INF0501,PENGELOLA INSTALASI DAN PEMELIHARAAN PERANGKAT KERAS MUDA (ASSOCIATE,berpikir kritis dan analitis
TIK.INF0501,PENGELOLA INSTALASI DAN PEMELIHARAAN PERANGKAT KERAS MUDA (ASSOCIATE,pemecahan masalah
TIK.INF0501,PENGELOLA INSTALASI DAN PEMELIHARAAN PERANGKAT KERAS MUDA (ASSOCIATE,beradaptasi dengan perubahan
TIK.INF0501,PENGELOLA INSTALASI DAN PEMELIHARAAN PERANGKAT KERAS MUDA (ASSOCIATE,bekerja di bawah tekanan
TIK.INF0501,PENGELOLA INSTALASI DAN PEMELIHARAAN PERANGKAT KERAS MUDA (ASSOCIATE,merencanakan dan mengawasi proses instalasi perangkat keras baru
TIK.INF0501,PENGELOLA INSTALASI DAN PEMELIHARAAN PERANGKAT KERAS MUDA (ASSOCIATE,melakukan pemeliharaan rutin terhadap perangkat keras yang sudah ada
TIK.INF0501,PENGELOLA INSTALASI DAN PEMELIHARAAN PERANGKAT KERAS MUDA (ASSOCIATE,mendiagnosis dan memperbaiki masalah pada perangkat keras
TIK.INF0501,PENGELOLA INSTALASI DAN PEMELIHARAAN PERANGKAT KERAS MUDA (ASSOCIATE,melatih staf teknisi terkait instalasi dan pemeliharaan perangkat keras
TIK.INF0501,PENGELOLA INSTALASI DAN PEMELIHARAAN PERANGKAT KERAS MUDA (ASSOCIATE,melakukan penelitian dan pengembangan terkait teknologi perangkat keras terbaru
TIK.INF0501,PENGELOLA INSTALASI DAN PEMELIHARAAN PERANGKAT KERAS MUDA (ASSOCIATE,memantau dan meningkatkan sistem manajemen pengetahuan
TIK.INF0501,PENGELOLA INSTALASI DAN PEMELIHARAAN PERANGKAT KERAS MUDA (ASSOCIATE,merancang rencana pemulihan dari bencana
TIK.INF0501,PENGELOLA INSTALASI DAN PEMELIHARAAN PERANGKAT KERAS MUDA (ASSOCIATE,mengarahkan dan memotivasi staf teknisi
TIK.INF0501,PENGELOLA INSTALASI DAN PEMELIHARAAN PERANGKAT KERAS MUDA (ASSOCIATE,mengalokasikan sumber daya
TIK.INF0501,PENGELOLA INSTALASI DAN PEMELIHARAAN PERANGKAT KERAS MUDA (ASSOCIATE,melakukan negosiasi dengan vendor
TIK.INF0501,PENGELOLA INSTALASI DAN PEMELIHARAAN PERANGKAT KERAS MUDA (ASSOCIATE,membuat keputusan terkait instalasi dan pemeliharaan perangkat keras
TIK.INF0501,PENGELOLA INSTALASI DAN PEMELIHARAAN PERANGKAT KERAS MUDA (ASSOCIATE,merumuskan kebutuhan pengguna
TIK.INF0501,PENGELOLA INSTALASI DAN PEMELIHARAAN PERANGKAT KERAS MUDA (ASSOCIATE,memperbaiki cpu
TIK.INF0501,PENGELOLA INSTALASI DAN PEMELIHARAAN PERANGKAT KERAS MUDA (ASSOCIATE,memperbaiki keyboard
TIK.INF0501,PENGELOLA INSTALASI DAN PEMELIHARAAN PERANGKAT KERAS MUDA (ASSOCIATE,memperbaiki monitor
TIK.INF0501,PENGELOLA INSTALASI DAN PEMELIHARAAN PERANGKAT KERAS MUDA (ASSOCIATE,mencegah komputer dari serangan berbagai jenis virus
TIK.INF0501,PENGELOLA INSTALASI DAN PEMELIHARAAN PERANGKAT KERAS MUDA (ASSOCIATE,melakukan recovery data
TIK.INF0501,PENGELOLA INSTALASI DAN PEMELIHARAAN PERANGKAT KERAS MUDA (ASSOCIATE,melakukan backup data dan sistem
TIK.INF0501,PENGELOLA INSTALASI DAN PEMELIHARAAN PERANGKAT KERAS MUDA (ASSOCIATE,melakukan restore sistem operasi
TIK.INF0502,- ADMINISTRATOR JARINGAN MUDA (ASSOCIATE NETWORK ADMINISTRATOR),orang yang bertanggung jawab untuk mengelola dan memelihara jaringan komputer di suatu organisasi.
TIK.INF0502,- ADMINISTRATOR JARINGAN MUDA (ASSOCIATE NETWORK ADMINISTRATOR),perencanaan dan implementasi jaringan
TIK.INF0502,- ADMINISTRATOR JARINGAN MUDA (ASSOCIATE NETWORK ADMINISTRATOR),pengelolaan dan pemeliharaan jaringan
TIK.INF0502,- ADMINISTRATOR JARINGAN MUDA (ASSOCIATE NETWORK ADMINISTRATOR),kemampuan berkomunikasi dan bekerja sama dengan tim
TIK.INF0502,- ADMINISTRATOR JARINGAN MUDA (ASSOCIATE NETWORK ADMINISTRATOR),kemampuan berpikir kritis dan analitis
TIK.INF0502,- ADMINISTRATOR JARINGAN MUDA (ASSOCIATE NETWORK ADMINISTRATOR),kemampuan untuk belajar dan beradaptasi dengan perubahan
TIK.INF0502,- ADMINISTRATOR JARINGAN MUDA (ASSOCIATE NETWORK ADMINISTRATOR),"merancang dan mengimplementasikan sistem keamanan jaringan, seperti firewall, intrusion detection system (ids), dan virtual private network (vpn)"
TIK.INF0502,- ADMINISTRATOR JARINGAN MUDA (ASSOCIATE NETWORK ADMINISTRATOR),"mengelola dan memelihara sistem keamanan jaringan, seperti melakukan pemindaian keamanan, menerapkan patch keamanan, dan memantau aktivitas jaringan"
TIK.INF0502,- ADMINISTRATOR JARINGAN MUDA (ASSOCIATE NETWORK ADMINISTRATOR),mengelola dan memelihara sistem identitas dan akses
TIK.INF0502,- ADMINISTRATOR JARINGAN MUDA (ASSOCIATE NETWORK ADMINISTRATOR),mengelola dan memelihara sistem manajemen perangkat
TIK.INF0502,- ADMINISTRATOR JARINGAN MUDA (ASSOCIATE NETWORK ADMINISTRATOR),mengelola kebijakan akses jaringan
TIK.INF0502,- ADMINISTRATOR JARINGAN MUDA (ASSOCIATE NETWORK ADMINISTRATOR),mengelola perangkat lunak dan firmware jaringan
TIK.INF0502,- ADMINISTRATOR JARINGAN MUDA (ASSOCIATE NETWORK ADMINISTRATOR),melakukan audit jaringan
TIK.INF0502,- ADMINISTRATOR JARINGAN MUDA (ASSOCIATE NETWORK ADMINISTRATOR),melakukan evaluasi jaringan
TIK.INF0502,- ADMINISTRATOR JARINGAN MUDA (ASSOCIATE NETWORK ADMINISTRATOR),merancang pengalamatan jaringan
TIK.INF0502,- ADMINISTRATOR JARINGAN MUDA (ASSOCIATE NETWORK ADMINISTRATOR),merancang keamanan jaringan
TIK.INF0502,- ADMINISTRATOR JARINGAN MUDA (ASSOCIATE NETWORK ADMINISTRATOR),merancang pemulihan jaringan
TIK.INF0502,- ADMINISTRATOR JARINGAN MUDA (ASSOCIATE NETWORK ADMINISTRATOR),memasang jaringan nirkabel
TIK.INF0502,- ADMINISTRATOR JARINGAN MUDA (ASSOCIATE NETWORK ADMINISTRATOR),memasang perangkat jaringan ke dalam sistem jaringan
TIK.INF0502,- ADMINISTRATOR JARINGAN MUDA (ASSOCIATE NETWORK ADMINISTRATOR),mengkonfigurasi switch pada jaringan
TIK.INF0502,- ADMINISTRATOR JARINGAN MUDA (ASSOCIATE NETWORK ADMINISTRATOR),mengkonfigurasi routing pada perangkat jaringan dalam satu autonomous system
TIK.INF0502,- ADMINISTRATOR JARINGAN MUDA (ASSOCIATE NETWORK ADMINISTRATOR),mengkonfigurasi routing pada perangkat jaringan antar autonomous system
TIK.INF0502,- ADMINISTRATOR JARINGAN MUDA (ASSOCIATE NETWORK ADMINISTRATOR),memonitor keamanan dan pengaturan akun pengguna dalam jaringan komputer
TIK.INF0503,PENDUKUNG TEKNIK CLOUD MUDA (ASSOCIATE CLOUD TECHNICAL SUPPORT),"orang yang bertanggung jawab untuk menganalisis, mendesain, dan mengimplementasikan solusi komputasi cloud. mereka bekerja dengan bisnis dan organisasi untuk memahami kebutuhan mereka dan kemudian mengembangkan solusi yang memenuhi kebutuhan tersebut. cloud computer analyst juga bertanggung jawab untuk mengelola dan memelihara solusi cloud, serta memastikan bahwa solusi tersebut aman dan andal."
TIK.INF0503,PENDUKUNG TEKNIK CLOUD MUDA (ASSOCIATE CLOUD TECHNICAL SUPPORT),bidang arsitektur
TIK.INF0503,PENDUKUNG TEKNIK CLOUD MUDA (ASSOCIATE CLOUD TECHNICAL SUPPORT),bidang operasi
TIK.INF0503,PENDUKUNG TEKNIK CLOUD MUDA (ASSOCIATE CLOUD TECHNICAL SUPPORT),keterampilan pemrograman dan scripting
TIK.INF0503,PENDUKUNG TEKNIK CLOUD MUDA (ASSOCIATE CLOUD TECHNICAL SUPPORT),keterampilan analisis dan pemecahan masalah
TIK.INF0503,PENDUKUNG TEKNIK CLOUD MUDA (ASSOCIATE CLOUD TECHNICAL SUPPORT),keterampilan komunikasi dan kerja tim
TIK.INF0503,PENDUKUNG TEKNIK CLOUD MUDA (ASSOCIATE CLOUD TECHNICAL SUPPORT),keterampilan beradaptasi
TIK.INF0503,PENDUKUNG TEKNIK CLOUD MUDA (ASSOCIATE CLOUD TECHNICAL SUPPORT),menganalisis kebutuhan bisnis dan organisasi
TIK.INF0503,PENDUKUNG TEKNIK CLOUD MUDA (ASSOCIATE CLOUD TECHNICAL SUPPORT),merancang dan mengimplementasikan solusi komputasi cloud
TIK.INF0503,PENDUKUNG TEKNIK CLOUD MUDA (ASSOCIATE CLOUD TECHNICAL SUPPORT),mengelola dan memelihara solusi komputasi cloud
TIK.INF0503,PENDUKUNG TEKNIK CLOUD MUDA (ASSOCIATE CLOUD TECHNICAL SUPPORT),memastikan keamanan dan keandalan solusi komputasi cloud
TIK.INF0503,PENDUKUNG TEKNIK CLOUD MUDA (ASSOCIATE CLOUD TECHNICAL SUPPORT),mendukung pengguna dan pelanggan
TIK.INF0503,PENDUKUNG TEKNIK CLOUD MUDA (ASSOCIATE CLOUD TECHNICAL SUPPORT),melakukan penelitian dan pengembangan teknologi cloud
TIK.INF0503,PENDUKUNG TEKNIK CLOUD MUDA (ASSOCIATE CLOUD TECHNICAL SUPPORT),membuat rekomendasi untuk peningkatan solusi komputasi cloud
TIK.INF0503,PENDUKUNG TEKNIK CLOUD MUDA (ASSOCIATE CLOUD TECHNICAL SUPPORT),bernegosiasi dengan penyedia layanan cloud
TIK.INF0503,PENDUKUNG TEKNIK CLOUD MUDA (ASSOCIATE CLOUD TECHNICAL SUPPORT),mengalokasikan sumber daya untuk solusi komputasi cloud
TIK.INF0503,PENDUKUNG TEKNIK CLOUD MUDA (ASSOCIATE CLOUD TECHNICAL SUPPORT),membangun virtualisasi sesuai kebutuhan organisasi pada public/private/hybrid/sovereign cloud
TIK.INF0503,PENDUKUNG TEKNIK CLOUD MUDA (ASSOCIATE CLOUD TECHNICAL SUPPORT),"mengelola aktivitas rutin pada iaas, paas, dan saas"
TIK.INF0503,PENDUKUNG TEKNIK CLOUD MUDA (ASSOCIATE CLOUD TECHNICAL SUPPORT),memantau sarana dan prasarana agar bisa digunakan oleh pengguna sesuai service level agreement (sla)
TIK.INF0503,PENDUKUNG TEKNIK CLOUD MUDA (ASSOCIATE CLOUD TECHNICAL SUPPORT),memberikan dukungan teknis atas masalah pengguna
TIK.INF0503,PENDUKUNG TEKNIK CLOUD MUDA (ASSOCIATE CLOUD TECHNICAL SUPPORT),mengelola insiden pada sistem cloud
TIK.INF0504,- TEKNISI JARINGAN KOMPUTER MUDA (ASSOCIATE COMPUTER NETWORK TECHNICIAN),"okupasi yang bertanggung jawab untuk merencanakan, menginstal, mengoperasikan, dan memelihara jaringan komputer skala menengah."
TIK.INF0504,- TEKNISI JARINGAN KOMPUTER MUDA (ASSOCIATE COMPUTER NETWORK TECHNICIAN),perancangan dan implementasi jaringan
TIK.INF0504,- TEKNISI JARINGAN KOMPUTER MUDA (ASSOCIATE COMPUTER NETWORK TECHNICIAN),operasi dan pemeliharaan jaringan
TIK.INF0504,- TEKNISI JARINGAN KOMPUTER MUDA (ASSOCIATE COMPUTER NETWORK TECHNICIAN),kemampuan bekerja secara mandiri dan dalam tim
TIK.INF0504,- TEKNISI JARINGAN KOMPUTER MUDA (ASSOCIATE COMPUTER NETWORK TECHNICIAN),kemampuan berkomunikasi secara efektif dengan pelanggan dan rekan kerja
TIK.INF0504,- TEKNISI JARINGAN KOMPUTER MUDA (ASSOCIATE COMPUTER NETWORK TECHNICIAN),merencanakan dan mengimplementasikan jaringan komputer skala menengah
TIK.INF0504,- TEKNISI JARINGAN KOMPUTER MUDA (ASSOCIATE COMPUTER NETWORK TECHNICIAN),mengoperasikan dan memelihara jaringan komputer
TIK.INF0504,- TEKNISI JARINGAN KOMPUTER MUDA (ASSOCIATE COMPUTER NETWORK TECHNICIAN),mendiagnosis dan memecahkan masalah jaringan
TIK.INF0504,- TEKNISI JARINGAN KOMPUTER MUDA (ASSOCIATE COMPUTER NETWORK TECHNICIAN),mendukung pengguna jaringan
TIK.INF0504,- TEKNISI JARINGAN KOMPUTER MUDA (ASSOCIATE COMPUTER NETWORK TECHNICIAN),mendokumentasikan jaringan komputer
TIK.INF0504,- TEKNISI JARINGAN KOMPUTER MUDA (ASSOCIATE COMPUTER NETWORK TECHNICIAN),mengambil keputusan terkait jaringan komputer
TIK.INF0504,- TEKNISI JARINGAN KOMPUTER MUDA (ASSOCIATE COMPUTER NETWORK TECHNICIAN),melakukan pembelian perangkat dan layanan jaringan
TIK.INF0504,- TEKNISI JARINGAN KOMPUTER MUDA (ASSOCIATE COMPUTER NETWORK TECHNICIAN),mengatur anggaran jaringan
TIK.INF0504,- TEKNISI JARINGAN KOMPUTER MUDA (ASSOCIATE COMPUTER NETWORK TECHNICIAN),mempengaruhi kebijakan jaringan
TIK.INF0504,- TEKNISI JARINGAN KOMPUTER MUDA (ASSOCIATE COMPUTER NETWORK TECHNICIAN),mengumpulkan kebutuhan teknis pengguna yang menggunakan jaringan
TIK.INF0504,- TEKNISI JARINGAN KOMPUTER MUDA (ASSOCIATE COMPUTER NETWORK TECHNICIAN),mengumpulkan data peralatan jaringan dengan teknologi yang sesuai
TIK.INF0504,- TEKNISI JARINGAN KOMPUTER MUDA (ASSOCIATE COMPUTER NETWORK TECHNICIAN),merancang topologi jaringan
TIK.INF0504,- TEKNISI JARINGAN KOMPUTER MUDA (ASSOCIATE COMPUTER NETWORK TECHNICIAN),merancang pengalamatan jaringan
TIK.INF0504,- TEKNISI JARINGAN KOMPUTER MUDA (ASSOCIATE COMPUTER NETWORK TECHNICIAN),menentukan spesifikasi perangkat jaringan
TIK.INF0504,- TEKNISI JARINGAN KOMPUTER MUDA (ASSOCIATE COMPUTER NETWORK TECHNICIAN),memasang kabel jaringan
TIK.INF0504,- TEKNISI JARINGAN KOMPUTER MUDA (ASSOCIATE COMPUTER NETWORK TECHNICIAN),memasang jaringan nirkabel
TIK.INF0504,- TEKNISI JARINGAN KOMPUTER MUDA (ASSOCIATE COMPUTER NETWORK TECHNICIAN),mengkonfigurasi switch pada jaringan
TIK.INF0504,- TEKNISI JARINGAN KOMPUTER MUDA (ASSOCIATE COMPUTER NETWORK TECHNICIAN),mengkonfigurasi routing pada perangkat jaringan dalam satu autonomous system
TIK.INF0504,- TEKNISI JARINGAN KOMPUTER MUDA (ASSOCIATE COMPUTER NETWORK TECHNICIAN),mengkonfigurasi routing pada perangkat jaringan antar autonomous system
TIK.INF0505,INSINYUR PERANGKAT MUDA (ASSOCIATE DEVICE ENGINEER),"orang yang bertanggung jawab untuk merancang, mengembangkan, dan memelihara perangkat iot. kualifikasi ini memiliki kemampuan untuk menyelesaikan pekerjaan berlingkup luas, memilih metode yang sesuai dari beragam pilihan yang sudah maupun belum baku dengan menganalisis data dan informasi (termasuk aturan/regulasi, spesifikasi/standar yang relevan dan berlaku), serta mampu menunjukkan kinerja dengan mutu dan kuantitas yang terukur. menguasai konsep teoritis dan prinsip dasar bidang internet of things secara umum, serta mampu memformulasikan penyelesaian masalah prosedural. mampu menyusun laporan tertulis secara komprehensif, mengelola kelompok kerja dan bertanggung jawab pada pekerjaan sendiri dan pencapaian hasil kerja kelompok."
TIK.INF0505,INSINYUR PERANGKAT MUDA (ASSOCIATE DEVICE ENGINEER),melakukan debug perangkat iot
TIK.INF0505,INSINYUR PERANGKAT MUDA (ASSOCIATE DEVICE ENGINEER),melakukan pemeliharaan perangkat iot
TIK.INF0505,INSINYUR PERANGKAT MUDA (ASSOCIATE DEVICE ENGINEER),bertaqwa kepada tuhan yang maha esa
TIK.INF0505,INSINYUR PERANGKAT MUDA (ASSOCIATE DEVICE ENGINEER),"memiliki moral, etika dan kepribadian yang baik di dalam menyelesaikan tugasnya"
TIK.INF0505,INSINYUR PERANGKAT MUDA (ASSOCIATE DEVICE ENGINEER),berperan sebagai warga negara yang bangga dan cinta tanah air serta mendukung perdamaian dunia
TIK.INF0505,INSINYUR PERANGKAT MUDA (ASSOCIATE DEVICE ENGINEER),mampu bekerja sama dan memiliki kepekaan sosial dan kepedulian yang tinggi terhadap masyarakat dan lingkungannya
TIK.INF0505,INSINYUR PERANGKAT MUDA (ASSOCIATE DEVICE ENGINEER),"menghargai keanekaragaman budaya, pandangan, kepercayaan, dan agama serta pendapat/temuan orisinal orang lain; dan"
TIK.INF0505,INSINYUR PERANGKAT MUDA (ASSOCIATE DEVICE ENGINEER),menjunjung tinggi penegakan hukum serta memiliki semangat untuk mendahulukan kepentingan bangsa serta masyarakat luas
TIK.INF0505,INSINYUR PERANGKAT MUDA (ASSOCIATE DEVICE ENGINEER),merancang perangkat keras atau perangkat lunak dengan mempertimbangkan kebutuhan proyek atau produk
TIK.INF0505,INSINYUR PERANGKAT MUDA (ASSOCIATE DEVICE ENGINEER),membangun atau mengembangkan perangkat sesuai dengan desain yang telah disepakati
TIK.INF0505,INSINYUR PERANGKAT MUDA (ASSOCIATE DEVICE ENGINEER),mengidentifikasi dan memecahkan masalah teknis yang mungkin muncul selama pengembangan atau pemeliharaan perangkat
TIK.INF0505,INSINYUR PERANGKAT MUDA (ASSOCIATE DEVICE ENGINEER),melakukan uji coba untuk memverifikasi kinerja perangkat dan memastikan bahwa mereka memenuhi standar kualitas dan keamanan yang ditentukan
TIK.INF0505,INSINYUR PERANGKAT MUDA (ASSOCIATE DEVICE ENGINEER),"membuat dokumentasi teknis seperti manual pengguna, laporan pengujian, dan spesifikasi teknis"
TIK.INF0505,INSINYUR PERANGKAT MUDA (ASSOCIATE DEVICE ENGINEER),"membuat keputusan tentang desain, pembangunan, dan pemeliharaan perangkat iot"
TIK.INF0505,INSINYUR PERANGKAT MUDA (ASSOCIATE DEVICE ENGINEER),mengelola tim engineer perangkat iot
TIK.INF0505,INSINYUR PERANGKAT MUDA (ASSOCIATE DEVICE ENGINEER),melakukan negosiasi dengan pemangku kepentingan bisnis
TIK.INF0505,INSINYUR PERANGKAT MUDA (ASSOCIATE DEVICE ENGINEER),menggunakan sumber daya perusahaan
TIK.INF0505,INSINYUR PERANGKAT MUDA (ASSOCIATE DEVICE ENGINEER),menguji coba aplikasi iot
TIK.INF0505,INSINYUR PERANGKAT MUDA (ASSOCIATE DEVICE ENGINEER),melakukan instalasi firmware pada perangkat (device) secara over the air (ota)
TIK.INF0505,INSINYUR PERANGKAT MUDA (ASSOCIATE DEVICE ENGINEER),mengintegrasikan perangkat keras dan perangkat lunak (firmware) untuk device iot
TIK.INF0505,INSINYUR PERANGKAT MUDA (ASSOCIATE DEVICE ENGINEER),menguji coba device iot
TIK.INF0505,INSINYUR PERANGKAT MUDA (ASSOCIATE DEVICE ENGINEER),mengimplementasi aplikasi iot berbasis mobile
TIK.INF0505,INSINYUR PERANGKAT MUDA (ASSOCIATE DEVICE ENGINEER),menerapkan perimeter keamanan pada perangkat iot
TIK.INF0505,INSINYUR PERANGKAT MUDA (ASSOCIATE DEVICE ENGINEER),mengaplikasikan patch keamanan pada perangkat iot
TIK.INF0506,INSINYUR JARINGAN MUDA (ASSOCIATE NETWORK ENGINEER),"orang yang bertanggung jawab untuk merancang, membangun, dan memelihara jaringan yang menghubungkan perangkat iot, mereka bekerja dengan berbagai teknologi jaringan, termasuk wi-fi, bluetooth, dan wan. kualifikasi ini memiliki kemampuan untuk menyelesaikan pekerjaan berlingkup luas, memilih metode yang sesuai dari beragam pilihan yang sudah maupun belum baku dengan menganalisis data dan informasi (termasuk aturan/regulasi, spesifikasi/standar yang relevan dan berlaku), serta mampu menunjukkan kinerja dengan mutu dan kuantitas yang terukur. menguasai konsep teoritis dan prinsip dasar bidang internet of things secara umum, serta mampu memformulasikan penyelesaian masalah prosedural. mampu menyusun laporan tertulis secara komprehensif, mengelola kelompok kerja dan bertanggung jawab pada pekerjaan sendiri dan pencapaian hasil kerja kelompok."
TIK.INF0506,INSINYUR JARINGAN MUDA (ASSOCIATE NETWORK ENGINEER),"merencanakan, membangun, dan memelihara jaringan iot"
TIK.INF0506,INSINYUR JARINGAN MUDA (ASSOCIATE NETWORK ENGINEER),"memimpin tim, berkolaborasi, dan berkomunikasi"
TIK.INF0506,INSINYUR JARINGAN MUDA (ASSOCIATE NETWORK ENGINEER),bertaqwa kepada tuhan yang maha esa
TIK.INF0506,INSINYUR JARINGAN MUDA (ASSOCIATE NETWORK ENGINEER),"memiliki moral, etika dan kepribadian yang baik di dalam menyelesaikan tugasnya"
TIK.INF0506,INSINYUR JARINGAN MUDA (ASSOCIATE NETWORK ENGINEER),berperan sebagai warga negara yang bangga dan cinta tanah air serta mendukung perdamaian dunia
TIK.INF0506,INSINYUR JARINGAN MUDA (ASSOCIATE NETWORK ENGINEER),mampu bekerja sama dan memiliki kepekaan sosial dan kepedulian yang tinggi terhadap masyarakat dan lingkungannya
TIK.INF0506,INSINYUR JARINGAN MUDA (ASSOCIATE NETWORK ENGINEER),"menghargai keanekaragaman budaya, pandangan, kepercayaan, dan agama serta pendapat/temuan original orang lain; dan"
TIK.INF0506,INSINYUR JARINGAN MUDA (ASSOCIATE NETWORK ENGINEER),menjunjung tinggi penegakan hukum serta memiliki semangat untuk mendahulukan kepentingan bangsa serta masyarakat luas
TIK.INF0506,INSINYUR JARINGAN MUDA (ASSOCIATE NETWORK ENGINEER),merencanakan dan merancang jaringan iot
TIK.INF0506,INSINYUR JARINGAN MUDA (ASSOCIATE NETWORK ENGINEER),membangun dan menguji jaringan iot
TIK.INF0506,INSINYUR JARINGAN MUDA (ASSOCIATE NETWORK ENGINEER),mengoperasikan dan memelihara jaringan iot
TIK.INF0506,INSINYUR JARINGAN MUDA (ASSOCIATE NETWORK ENGINEER),menangani masalah dan gangguan jaringan iot
TIK.INF0506,INSINYUR JARINGAN MUDA (ASSOCIATE NETWORK ENGINEER),memimpin tim engineer jaringan iot
TIK.INF0506,INSINYUR JARINGAN MUDA (ASSOCIATE NETWORK ENGINEER),berkolaborasi dengan pemangku kepentingan bisnis
TIK.INF0506,INSINYUR JARINGAN MUDA (ASSOCIATE NETWORK ENGINEER),mengkomunikasikan informasi teknis kepada pemangku kepentingan bisnis
TIK.INF0506,INSINYUR JARINGAN MUDA (ASSOCIATE NETWORK ENGINEER),"membuat keputusan tentang desain, pembangunan, dan pemeliharaan jaringan iot"
TIK.INF0506,INSINYUR JARINGAN MUDA (ASSOCIATE NETWORK ENGINEER),mengelola tim engineer jaringan iot
TIK.INF0506,INSINYUR JARINGAN MUDA (ASSOCIATE NETWORK ENGINEER),melakukan negosiasi dengan pemangku kepentingan bisnis
TIK.INF0506,INSINYUR JARINGAN MUDA (ASSOCIATE NETWORK ENGINEER),menggunakan sumber daya perusahaan
TIK.INF0506,INSINYUR JARINGAN MUDA (ASSOCIATE NETWORK ENGINEER),menguji coba aplikasi iot
TIK.INF0506,INSINYUR JARINGAN MUDA (ASSOCIATE NETWORK ENGINEER),melakukan instalasi firmware pada perangkat (device) secara over the air (ota)
TIK.INF0506,INSINYUR JARINGAN MUDA (ASSOCIATE NETWORK ENGINEER),mengintegrasikan perangkat keras dan perangkat lunak (firmware) untuk device iot
TIK.INF0506,INSINYUR JARINGAN MUDA (ASSOCIATE NETWORK ENGINEER),menguji coba device iot
TIK.INF0506,INSINYUR JARINGAN MUDA (ASSOCIATE NETWORK ENGINEER),mengimplementasi aplikasi iot berbasis mobile
TIK.INF0506,INSINYUR JARINGAN MUDA (ASSOCIATE NETWORK ENGINEER),menerapkan perimeter keamanan pada perangkat iot
TIK.INF0506,INSINYUR JARINGAN MUDA (ASSOCIATE NETWORK ENGINEER),mengaplikasikan patch keamanan pada perangkat iot
TIK.INF0507,INSINYUR PLATFORM MUDA (ASSOCIATE PLATFORM ENGINEER),"orang yang bertanggung jawab untuk merancang, mengembangkan, dan memelihara platform perangkat keras dan perangkat lunak yang digunakan untuk mendukung implementasi dan operasi solusi iot. kualifikasi ini memiliki kemampuan untuk menyelesaikan pekerjaan berlingkup luas, memilih metode yang sesuai dari beragam pilihan yang sudah maupun belum baku dengan menganalisis data dan informasi (termasuk aturan/regulasi, spesifikasi/standar yang relevan dan berlaku), serta mampu menunjukkan kinerja dengan mutu dan kuantitas yang terukur. menguasai konsep teoritis dan prinsip dasar bidang internet of things secara umum, serta mampu memformulasikan penyelesaian masalah prosedural. mampu menyusun laporan tertulis secara komprehensif, mengelola kelompok kerja dan bertanggung jawab pada pekerjaan sendiri dan pencapaian hasil kerja kelompok."
TIK.INF0507,INSINYUR PLATFORM MUDA (ASSOCIATE PLATFORM ENGINEER),melakukan debugging platform iot
TIK.INF0507,INSINYUR PLATFORM MUDA (ASSOCIATE PLATFORM ENGINEER),melakukan maintenance platform iot
TIK.INF0507,INSINYUR PLATFORM MUDA (ASSOCIATE PLATFORM ENGINEER),bertaqwa kepada tuhan yang maha esa
TIK.INF0507,INSINYUR PLATFORM MUDA (ASSOCIATE PLATFORM ENGINEER),"memiliki moral, etika dan kepribadian yang baik di dalam menyelesaikan tugasnya"
TIK.INF0507,INSINYUR PLATFORM MUDA (ASSOCIATE PLATFORM ENGINEER),berperan sebagai warga negara yang bangga dan cinta tanah air serta mendukung perdamaian dunia
TIK.INF0507,INSINYUR PLATFORM MUDA (ASSOCIATE PLATFORM ENGINEER),mampu bekerja sama dan memiliki kepekaan sosial dan kepedulian yang tinggi terhadap masyarakat dan lingkungannya
TIK.INF0507,INSINYUR PLATFORM MUDA (ASSOCIATE PLATFORM ENGINEER),"menghargai keanekaragaman budaya, pandangan, kepercayaan, dan agama serta pendapat/temuan orisinal orang lain"
TIK.INF0507,INSINYUR PLATFORM MUDA (ASSOCIATE PLATFORM ENGINEER),menjunjung tinggi penegakan hukum serta memiliki semangat untuk mendahulukan kepentingan bangsa serta masyarakat luas
TIK.INF0507,INSINYUR PLATFORM MUDA (ASSOCIATE PLATFORM ENGINEER),"mendesain, mengembangkan, dan memelihara platform perangkat lunak"
TIK.INF0507,INSINYUR PLATFORM MUDA (ASSOCIATE PLATFORM ENGINEER),bekerja sama dengan tim lain untuk memastikan platform memenuhi kebutuhan bisnis
TIK.INF0507,INSINYUR PLATFORM MUDA (ASSOCIATE PLATFORM ENGINEER),melakukan pengujian dan debugging untuk memastikan platform berfungsi dengan baik
TIK.INF0507,INSINYUR PLATFORM MUDA (ASSOCIATE PLATFORM ENGINEER),menjaga keamanan dan keandalan platform
TIK.INF0507,INSINYUR PLATFORM MUDA (ASSOCIATE PLATFORM ENGINEER),meningkatkan kinerja dan skalabilitas platform
TIK.INF0507,INSINYUR PLATFORM MUDA (ASSOCIATE PLATFORM ENGINEER),mengambil keputusan tentang desain dan pengembangan platform
TIK.INF0507,INSINYUR PLATFORM MUDA (ASSOCIATE PLATFORM ENGINEER),melakukan perubahan pada platform
TIK.INF0507,INSINYUR PLATFORM MUDA (ASSOCIATE PLATFORM ENGINEER),mengalokasikan sumber daya untuk proyek platform
TIK.INF0507,INSINYUR PLATFORM MUDA (ASSOCIATE PLATFORM ENGINEER),menguji coba aplikasi iot
TIK.INF0507,INSINYUR PLATFORM MUDA (ASSOCIATE PLATFORM ENGINEER),melakukan instalasi firmware pada perangkat (device) secara over the air (ota)
TIK.INF0507,INSINYUR PLATFORM MUDA (ASSOCIATE PLATFORM ENGINEER),menguji coba desain platform iot
TIK.INF0507,INSINYUR PLATFORM MUDA (ASSOCIATE PLATFORM ENGINEER),menggunakan protokol komunikasi iot pada aplikasi berbasis mobile
TIK.INF0507,INSINYUR PLATFORM MUDA (ASSOCIATE PLATFORM ENGINEER),membuat program visual antarmuka pada perangkat berbasis web yang terintegrasi dengan mikrokontroler
TIK.INF0507,INSINYUR PLATFORM MUDA (ASSOCIATE PLATFORM ENGINEER),menggunakan protokol komunikasi iot pada aplikasi berbasis web
TIK.INF0507,INSINYUR PLATFORM MUDA (ASSOCIATE PLATFORM ENGINEER),membuat dan mengoperasikan iot on premise dan hybrid
TIK.INF0507,INSINYUR PLATFORM MUDA (ASSOCIATE PLATFORM ENGINEER),mengimplementasi aplikasi iot berbasis mobile
TIK.INF0508,- TEKNISI PUSAT DATA MUDA (ASSOCIATE DATA CENTER TECHNICIAN),orang yang bertanggung jawab untuk mendukung dan memelihara infrastruktur pusat data dengan menggunakan keterampilan teknis dan non-teknis untuk memastikan bahwa pusat data berfungsi dengan baik dan aman.
TIK.INF0508,- TEKNISI PUSAT DATA MUDA (ASSOCIATE DATA CENTER TECHNICIAN),"melakukan instalasi, konfigurasi, dan troubleshooting perangkat keras dan perangkat lunak pusat data yang kompleks"
TIK.INF0508,- TEKNISI PUSAT DATA MUDA (ASSOCIATE DATA CENTER TECHNICIAN),menangani masalah dan gangguan pada pusat data yang kompleks
TIK.INF0508,- TEKNISI PUSAT DATA MUDA (ASSOCIATE DATA CENTER TECHNICIAN),beretika
TIK.INF0508,- TEKNISI PUSAT DATA MUDA (ASSOCIATE DATA CENTER TECHNICIAN),komunikatif
TIK.INF0508,- TEKNISI PUSAT DATA MUDA (ASSOCIATE DATA CENTER TECHNICIAN),bekerja dalam tim
TIK.INF0508,- TEKNISI PUSAT DATA MUDA (ASSOCIATE DATA CENTER TECHNICIAN),teliti
TIK.INF0508,- TEKNISI PUSAT DATA MUDA (ASSOCIATE DATA CENTER TECHNICIAN),berpikir kritis
TIK.INF0508,- TEKNISI PUSAT DATA MUDA (ASSOCIATE DATA CENTER TECHNICIAN),selalu belajar hal baru
TIK.INF0508,- TEKNISI PUSAT DATA MUDA (ASSOCIATE DATA CENTER TECHNICIAN),menangani permintaan dukungan teknis dari pengguna pusat data
TIK.INF0508,- TEKNISI PUSAT DATA MUDA (ASSOCIATE DATA CENTER TECHNICIAN),melakukan diagnosis dan pemecahan masalah masalah teknis pusat data
TIK.INF0508,- TEKNISI PUSAT DATA MUDA (ASSOCIATE DATA CENTER TECHNICIAN),melakukan konfigurasi dan pemeliharaan perangkat dan aplikasi pusat data
TIK.INF0508,- TEKNISI PUSAT DATA MUDA (ASSOCIATE DATA CENTER TECHNICIAN),membantu dengan proyek dan implementasi pusat data
TIK.INF0508,- TEKNISI PUSAT DATA MUDA (ASSOCIATE DATA CENTER TECHNICIAN),mengawasi kinerja pusat data
TIK.INF0508,- TEKNISI PUSAT DATA MUDA (ASSOCIATE DATA CENTER TECHNICIAN),mengakses dan menggunakan infrastruktur pusat data
TIK.INF0508,- TEKNISI PUSAT DATA MUDA (ASSOCIATE DATA CENTER TECHNICIAN),melakukan perubahan pada konfigurasi perangkat dan aplikasi pusat data
TIK.INF0508,- TEKNISI PUSAT DATA MUDA (ASSOCIATE DATA CENTER TECHNICIAN),melakukan perubahan pada infrastruktur pusat data
TIK.INF0508,- TEKNISI PUSAT DATA MUDA (ASSOCIATE DATA CENTER TECHNICIAN),berkolaborasi dengan tim ti lainnya
TIK.INF0508,- TEKNISI PUSAT DATA MUDA (ASSOCIATE DATA CENTER TECHNICIAN),memiliki pemahaman mendalam mengenai infrastruktur pusat data.
TIK.INF0508,- TEKNISI PUSAT DATA MUDA (ASSOCIATE DATA CENTER TECHNICIAN),menyusun anggaran pengelolaan pusat data
TIK.INF0508,- TEKNISI PUSAT DATA MUDA (ASSOCIATE DATA CENTER TECHNICIAN),menyusun rencana pemeliharaan pusat data
TIK.INF0508,- TEKNISI PUSAT DATA MUDA (ASSOCIATE DATA CENTER TECHNICIAN),mengelola keselamatan kerja
TIK.INF0508,- TEKNISI PUSAT DATA MUDA (ASSOCIATE DATA CENTER TECHNICIAN),mengelola keamanan fisik pusat data
TIK.INF0508,- TEKNISI PUSAT DATA MUDA (ASSOCIATE DATA CENTER TECHNICIAN),mengelola kegiatan operasi pusat data harian
TIK.INF0508,- TEKNISI PUSAT DATA MUDA (ASSOCIATE DATA CENTER TECHNICIAN),mengelola kegiatan pembersihan pusat data
TIK.INF0508,- TEKNISI PUSAT DATA MUDA (ASSOCIATE DATA CENTER TECHNICIAN),mengelola siklus hidup peralatan dan perangkat pusat data
TIK.INF0508,- TEKNISI PUSAT DATA MUDA (ASSOCIATE DATA CENTER TECHNICIAN),mengelola kegiatan perawatan pusat data
TIK.INF0508,- TEKNISI PUSAT DATA MUDA (ASSOCIATE DATA CENTER TECHNICIAN),melakukan pengawasan pusat data
TIK.INF0508,- TEKNISI PUSAT DATA MUDA (ASSOCIATE DATA CENTER TECHNICIAN),menyusun dan mengelola dokumentasi
TIK.INF0508,- TEKNISI PUSAT DATA MUDA (ASSOCIATE DATA CENTER TECHNICIAN),melakukan proses audit secara berkala
TIK.INF0509,INTEGRATOR SISTEM MUDA (ASSOCIATE SYSTEMS INTEGRATOR),"orang yang bertanggung jawab untuk merencanakan, mengimplementasikan, dan memelihara sistem informasi. mereka bekerja dengan berbagai macam teknologi dan perangkat lunak untuk membuat solusi yang memenuhi kebutuhan spesifik bisnis."
TIK.INF0509,INTEGRATOR SISTEM MUDA (ASSOCIATE SYSTEMS INTEGRATOR),jaringan komputer
TIK.INF0509,INTEGRATOR SISTEM MUDA (ASSOCIATE SYSTEMS INTEGRATOR),keamanan informasi
TIK.INF0509,INTEGRATOR SISTEM MUDA (ASSOCIATE SYSTEMS INTEGRATOR),kemampuan memecahkan masalah
TIK.INF0509,INTEGRATOR SISTEM MUDA (ASSOCIATE SYSTEMS INTEGRATOR),kemampuan berpikir kritis
TIK.INF0509,INTEGRATOR SISTEM MUDA (ASSOCIATE SYSTEMS INTEGRATOR),kemampuan beradaptasi
TIK.INF0509,INTEGRATOR SISTEM MUDA (ASSOCIATE SYSTEMS INTEGRATOR),komunikatif
TIK.INF0509,INTEGRATOR SISTEM MUDA (ASSOCIATE SYSTEMS INTEGRATOR),melakukan analisis kebutuhan bisnis untuk menentukan solusi sistem informasi yang tepat
TIK.INF0509,INTEGRATOR SISTEM MUDA (ASSOCIATE SYSTEMS INTEGRATOR),mendesain dan mengembangkan sistem informasi
TIK.INF0509,INTEGRATOR SISTEM MUDA (ASSOCIATE SYSTEMS INTEGRATOR),mengimplementasikan dan menguji sistem informasi
TIK.INF0509,INTEGRATOR SISTEM MUDA (ASSOCIATE SYSTEMS INTEGRATOR),memberikan pelatihan kepada pengguna sistem informasi
TIK.INF0509,INTEGRATOR SISTEM MUDA (ASSOCIATE SYSTEMS INTEGRATOR),mengoperasikan dan memelihara sistem informasi
TIK.INF0509,INTEGRATOR SISTEM MUDA (ASSOCIATE SYSTEMS INTEGRATOR),"membuat keputusan terkait dengan perencanaan, desain, pengembangan, implementasi, dan pemeliharaan sistem informasi"
TIK.INF0509,INTEGRATOR SISTEM MUDA (ASSOCIATE SYSTEMS INTEGRATOR),mengelola tim teknis yang bertanggung jawab untuk mengimplementasikan sistem informasi
TIK.INF0509,INTEGRATOR SISTEM MUDA (ASSOCIATE SYSTEMS INTEGRATOR),mengembangkan anggaran untuk proyek sistem informasi
TIK.INF0509,INTEGRATOR SISTEM MUDA (ASSOCIATE SYSTEMS INTEGRATOR),memasang perangkat jaringan ke dalam sistem jaringan
TIK.INF0509,INTEGRATOR SISTEM MUDA (ASSOCIATE SYSTEMS INTEGRATOR),mengidentifikasi sumber kerusakan
TIK.INF0509,INTEGRATOR SISTEM MUDA (ASSOCIATE SYSTEMS INTEGRATOR),memperbaiki kerusakan konfigurasi jaringan
TIK.INF0509,INTEGRATOR SISTEM MUDA (ASSOCIATE SYSTEMS INTEGRATOR),melakukan backup data dan sistem
TIK.INF0509,INTEGRATOR SISTEM MUDA (ASSOCIATE SYSTEMS INTEGRATOR),menentukan teknologi cloud computing
TIK.INF0509,INTEGRATOR SISTEM MUDA (ASSOCIATE SYSTEMS INTEGRATOR),menerapkan rancangan adaptasi untuk deployment di sistem cloud
TIK.INF0509,INTEGRATOR SISTEM MUDA (ASSOCIATE SYSTEMS INTEGRATOR),"mengelola aktivitas rutin pada iaas, paas, dan saas"
TIK.INF0509,INTEGRATOR SISTEM MUDA (ASSOCIATE SYSTEMS INTEGRATOR),melakukan antisipasi gangguan dan ancaman terhadap sistem cloud
TIK.INF0509,INTEGRATOR SISTEM MUDA (ASSOCIATE SYSTEMS INTEGRATOR),menggunakan aplikasi berbasis internet
TIK.INF0509,INTEGRATOR SISTEM MUDA (ASSOCIATE SYSTEMS INTEGRATOR),mengidentifikasi aspek keamanan informasi pengguna
TIK.INF0509,INTEGRATOR SISTEM MUDA (ASSOCIATE SYSTEMS INTEGRATOR),memastikan keamanan informasi pengguna
TIK.INF0510,INSINYUR KEAMANAN MUDA (ASSOCIATE SECURITY ENGINEER),"orang seorang yang bertanggung jawab untuk mengamankan sistem dan perangkat iot, mereka bekerja untuk melindungi sistem dari serangan, penyalahgunaan, dan data bocor. kualifikasi ini memiliki kemampuan untuk menyelesaikan pekerjaan berlingkup luas, memilih metode yang sesuai dari beragam pilihan yang sudah maupun belum baku dengan menganalisis data dan informasi (termasuk aturan/regulasi, spesifikasi/standar yang relevan dan berlaku), serta mampu menunjukkan kinerja dengan mutu dan kuantitas yang terukur. menguasai konsep teoritis dan prinsip dasar bidang internet of things secara umum, serta mampu memformulasikan penyelesaian masalah prosedural. mampu menyusun laporan tertulis secara komprehensif, mengelola kelompok kerja dan bertanggung jawab pada pekerjaan sendiri dan pencapaian hasil kerja kelompok."
TIK.INF0510,INSINYUR KEAMANAN MUDA (ASSOCIATE SECURITY ENGINEER),melakukan pengujian keamanan iot
TIK.INF0510,INSINYUR KEAMANAN MUDA (ASSOCIATE SECURITY ENGINEER),mengelola sistem keamanan iot
TIK.INF0510,INSINYUR KEAMANAN MUDA (ASSOCIATE SECURITY ENGINEER),bertaqwa kepada tuhan yang maha esa
TIK.INF0510,INSINYUR KEAMANAN MUDA (ASSOCIATE SECURITY ENGINEER),"memiliki moral, etika dan kepribadian yang baik di dalam menyelesaikan tugasnya;"
TIK.INF0510,INSINYUR KEAMANAN MUDA (ASSOCIATE SECURITY ENGINEER),berperan sebagai warga negara yang bangga dan cinta tanah air serta mendukung perdamaian dunia
TIK.INF0510,INSINYUR KEAMANAN MUDA (ASSOCIATE SECURITY ENGINEER),mampu bekerja sama dan memiliki kepekaan sosial dan kepedulian yang tinggi terhadap masyarakat dan lingkungannya
TIK.INF0510,INSINYUR KEAMANAN MUDA (ASSOCIATE SECURITY ENGINEER),"menghargai keanekaragaman budaya, pandangan, kepercayaan, dan agama serta pendapat/temuan orisinal orang lain; dan"
TIK.INF0510,INSINYUR KEAMANAN MUDA (ASSOCIATE SECURITY ENGINEER),menjunjung tinggi penegakan hukum serta memiliki semangat untuk mendahulukan kepentingan bangsa serta masyarakat luas
TIK.INF0510,INSINYUR KEAMANAN MUDA (ASSOCIATE SECURITY ENGINEER),mengembangkan dan menerapkan kebijakan dan prosedur keamanan
TIK.INF0510,INSINYUR KEAMANAN MUDA (ASSOCIATE SECURITY ENGINEER),melakukan audit keamanan untuk mengidentifikasi kerentanan
TIK.INF0510,INSINYUR KEAMANAN MUDA (ASSOCIATE SECURITY ENGINEER),mengembangkan dan menerapkan solusi keamanan untuk mengatasi kerentanan
TIK.INF0510,INSINYUR KEAMANAN MUDA (ASSOCIATE SECURITY ENGINEER),mengelola sistem keamanan
TIK.INF0510,INSINYUR KEAMANAN MUDA (ASSOCIATE SECURITY ENGINEER),melakukan pelatihan keamanan untuk karyawan
TIK.INF0510,INSINYUR KEAMANAN MUDA (ASSOCIATE SECURITY ENGINEER),membuat keputusan teknis tentang keamanan
TIK.INF0510,INSINYUR KEAMANAN MUDA (ASSOCIATE SECURITY ENGINEER),mengakses dan menggunakan sumber daya perusahaan
TIK.INF0510,INSINYUR KEAMANAN MUDA (ASSOCIATE SECURITY ENGINEER),menguji coba aplikasi iot
TIK.INF0510,INSINYUR KEAMANAN MUDA (ASSOCIATE SECURITY ENGINEER),melakukan instalasi firmware pada perangkat (device) secara over the air (ota)
TIK.INF0510,INSINYUR KEAMANAN MUDA (ASSOCIATE SECURITY ENGINEER),mengintegrasikan perangkat keras dan perangkat lunak (firmware) untuk device iot
TIK.INF0510,INSINYUR KEAMANAN MUDA (ASSOCIATE SECURITY ENGINEER),menguji coba device iot
TIK.INF0510,INSINYUR KEAMANAN MUDA (ASSOCIATE SECURITY ENGINEER),mengimplementasi aplikasi iot berbasis mobile
TIK.INF0510,INSINYUR KEAMANAN MUDA (ASSOCIATE SECURITY ENGINEER),menerapkan perimeter keamanan pada perangkat iot
TIK.INF0510,INSINYUR KEAMANAN MUDA (ASSOCIATE SECURITY ENGINEER),mengaplikasikan patch keamanan pada perangkat iot
TIK.INF0511,INSINYUR APLIKASI MUDA (ASSOCIATE APPLICATION ENGINEER),"orang yang bertanggung jawab untuk merancang, mengembangkan, dan menguji aplikasi iot, mereka bekerja sama dengan berbagai tim, termasuk tim teknis, bisnis, dan pengguna, untuk memastikan bahwa aplikasi iot memenuhi kebutuhan pengguna dan persyaratan bisnis. kualifikasi ini memiliki kemampuan untuk menyelesaikan pekerjaan berlingkup luas, memilih metode yang sesuai dari beragam pilihan yang sudah maupun belum baku dengan menganalisis data dan informasi (termasuk aturan/regulasi, spesifikasi/standar yang relevan dan berlaku), serta mampu menunjukkan kinerja dengan mutu dan kuantitas yang terukur. menguasai konsep teoritis dan prinsip dasar bidang internet of things secara umum, serta mampu memformulasikan penyelesaian masalah prosedural. mampu menyusun laporan tertulis secara komprehensif, mengelola kelompok kerja dan bertanggung jawab pada pekerjaan sendiri dan pencapaian hasil kerja kelompok."
TIK.INF0511,INSINYUR APLIKASI MUDA (ASSOCIATE APPLICATION ENGINEER),"pengembangan aplikasi iot untuk berbagai industri, seperti manufaktur, kesehatan, dan transportasi"
TIK.INF0511,INSINYUR APLIKASI MUDA (ASSOCIATE APPLICATION ENGINEER),riset dan pengembangan teknologi iot baru
TIK.INF0511,INSINYUR APLIKASI MUDA (ASSOCIATE APPLICATION ENGINEER),bertaqwa kepada tuhan yang maha esa
TIK.INF0511,INSINYUR APLIKASI MUDA (ASSOCIATE APPLICATION ENGINEER),"memiliki moral, etika dan kepribadian yang baik di dalam menyelesaikan tugasnya"
TIK.INF0511,INSINYUR APLIKASI MUDA (ASSOCIATE APPLICATION ENGINEER),berperan sebagai warga negara yang bangga dan cinta tanah air serta mendukung perdamaian dunia
TIK.INF0511,INSINYUR APLIKASI MUDA (ASSOCIATE APPLICATION ENGINEER),mampu bekerja sama dan memiliki kepekaan sosial dan kepedulian yang tinggi terhadap masyarakat dan lingkungannya
TIK.INF0511,INSINYUR APLIKASI MUDA (ASSOCIATE APPLICATION ENGINEER),"menghargai keanekaragaman budaya, pandangan, kepercayaan, dan agama serta pendapat/temuan orisinal orang lain"
TIK.INF0511,INSINYUR APLIKASI MUDA (ASSOCIATE APPLICATION ENGINEER),menjunjung tinggi penegakan hukum serta memiliki semangat untuk mendahulukan kepentingan bangsa serta masyarakat luas
TIK.INF0511,INSINYUR APLIKASI MUDA (ASSOCIATE APPLICATION ENGINEER),"mendesain, mengembangkan, dan memelihara aplikasi perangkat lunak"
TIK.INF0511,INSINYUR APLIKASI MUDA (ASSOCIATE APPLICATION ENGINEER),bekerja sama dengan tim lain untuk memastikan aplikasi memenuhi kebutuhan bisnis
TIK.INF0511,INSINYUR APLIKASI MUDA (ASSOCIATE APPLICATION ENGINEER),melakukan pengujian dan debugging untuk memastikan aplikasi berfungsi dengan baik
TIK.INF0511,INSINYUR APLIKASI MUDA (ASSOCIATE APPLICATION ENGINEER),menjaga keamanan dan keandalan aplikasi
TIK.INF0511,INSINYUR APLIKASI MUDA (ASSOCIATE APPLICATION ENGINEER),meningkatkan kinerja dan skalabilitas aplikasi
TIK.INF0511,INSINYUR APLIKASI MUDA (ASSOCIATE APPLICATION ENGINEER),mengambil keputusan tentang desain dan pengembangan aplikasi
TIK.INF0511,INSINYUR APLIKASI MUDA (ASSOCIATE APPLICATION ENGINEER),melakukan perubahan pada aplikasi
TIK.INF0511,INSINYUR APLIKASI MUDA (ASSOCIATE APPLICATION ENGINEER),mengalokasikan sumber daya untuk proyek aplikasi
TIK.INF0511,INSINYUR APLIKASI MUDA (ASSOCIATE APPLICATION ENGINEER),berjejaring dengan komunitas open source
TIK.INF0511,INSINYUR APLIKASI MUDA (ASSOCIATE APPLICATION ENGINEER),menguji coba aplikasi iot
TIK.INF0511,INSINYUR APLIKASI MUDA (ASSOCIATE APPLICATION ENGINEER),melakukan instalasi firmware pada perangkat (device) secara over the air (ota)
TIK.INF0511,INSINYUR APLIKASI MUDA (ASSOCIATE APPLICATION ENGINEER),menguji coba desain platform iot
TIK.INF0511,INSINYUR APLIKASI MUDA (ASSOCIATE APPLICATION ENGINEER),menggunakan protokol komunikasi iot pada aplikasi berbasis mobile
TIK.INF0511,INSINYUR APLIKASI MUDA (ASSOCIATE APPLICATION ENGINEER),membuat program visual antarmuka pada perangkat berbasis web yang terintegrasi dengan mikrokontroler
TIK.INF0511,INSINYUR APLIKASI MUDA (ASSOCIATE APPLICATION ENGINEER),menggunakan protokol komunikasi iot pada aplikasi berbasis web
TIK.INF0511,INSINYUR APLIKASI MUDA (ASSOCIATE APPLICATION ENGINEER),membuat dan mengoperasikan iot on premise dan hybrid
TIK.INF0511,INSINYUR APLIKASI MUDA (ASSOCIATE APPLICATION ENGINEER),mengimplementasi aplikasi iot berbasis mobile
TIK.INF0401,ASISTEN INSTALASI DAN PEMELIHARAAN PERANGKAT KERAS (HARDWARE INSTALLATION AND,"orang yang bertanggung jawab untuk merencanakan, mengoordinasikan, dan mengawasi instalasi dan pemeliharaan perangkat keras di sebuah organisasi. okupasi ini bekerja sama dengan berbagai pihak, termasuk teknisi, manajer, dan pelanggan, untuk memastikan bahwa perangkat keras berfungsi dengan baik dan memenuhi kebutuhan organisasi."
TIK.INF0401,ASISTEN INSTALASI DAN PEMELIHARAAN PERANGKAT KERAS (HARDWARE INSTALLATION AND,bidang instalasi dan pemeliharaan perangkat keras
TIK.INF0401,ASISTEN INSTALASI DAN PEMELIHARAAN PERANGKAT KERAS (HARDWARE INSTALLATION AND,bidang jaringan komputer
TIK.INF0401,ASISTEN INSTALASI DAN PEMELIHARAAN PERANGKAT KERAS (HARDWARE INSTALLATION AND,"kemampuan komunikasi yang baik, baik lisan maupun tulisan"
TIK.INF0401,ASISTEN INSTALASI DAN PEMELIHARAAN PERANGKAT KERAS (HARDWARE INSTALLATION AND,kemampuan interpersonal yang baik
TIK.INF0401,ASISTEN INSTALASI DAN PEMELIHARAAN PERANGKAT KERAS (HARDWARE INSTALLATION AND,kemampuan beradaptasi dan belajar hal baru dengan cepat
TIK.INF0401,ASISTEN INSTALASI DAN PEMELIHARAAN PERANGKAT KERAS (HARDWARE INSTALLATION AND,kemampuan bekerja di bawah tekanan
TIK.INF0401,ASISTEN INSTALASI DAN PEMELIHARAAN PERANGKAT KERAS (HARDWARE INSTALLATION AND,merencanakan dan mengembangkan prosedur instalasi dan pemeliharaan perangkat keras
TIK.INF0401,ASISTEN INSTALASI DAN PEMELIHARAAN PERANGKAT KERAS (HARDWARE INSTALLATION AND,mengoordinasikan kegiatan instalasi dan pemeliharaan perangkat keras
TIK.INF0401,ASISTEN INSTALASI DAN PEMELIHARAAN PERANGKAT KERAS (HARDWARE INSTALLATION AND,melakukan pengawasan dan evaluasi terhadap kegiatan instalasi dan pemeliharaan perangkat keras
TIK.INF0401,ASISTEN INSTALASI DAN PEMELIHARAAN PERANGKAT KERAS (HARDWARE INSTALLATION AND,memastikan ketersediaan suku cadang dan peralatan untuk pemeliharaan perangkat keras
TIK.INF0401,ASISTEN INSTALASI DAN PEMELIHARAAN PERANGKAT KERAS (HARDWARE INSTALLATION AND,menangani masalah dan keluhan terkait perangkat keras
TIK.INF0401,ASISTEN INSTALASI DAN PEMELIHARAAN PERANGKAT KERAS (HARDWARE INSTALLATION AND,memelihara jaringan komputer
TIK.INF0401,ASISTEN INSTALASI DAN PEMELIHARAAN PERANGKAT KERAS (HARDWARE INSTALLATION AND,mengkonfigurasi switch pada jaringan
TIK.INF0401,ASISTEN INSTALASI DAN PEMELIHARAAN PERANGKAT KERAS (HARDWARE INSTALLATION AND,mengkonfigurasi routing pada perangkat jaringan dalam satu autonomous system
TIK.INF0401,ASISTEN INSTALASI DAN PEMELIHARAAN PERANGKAT KERAS (HARDWARE INSTALLATION AND,mengkonfigurasi routing pada perangkat jaringan antar autonomous system
TIK.INF0401,ASISTEN INSTALASI DAN PEMELIHARAAN PERANGKAT KERAS (HARDWARE INSTALLATION AND,membuat keputusan terkait instalasi dan pemeliharaan perangkat keras
TIK.INF0401,ASISTEN INSTALASI DAN PEMELIHARAAN PERANGKAT KERAS (HARDWARE INSTALLATION AND,mengalokasikan sumber daya untuk instalasi dan pemeliharaan perangkat keras
TIK.INF0401,ASISTEN INSTALASI DAN PEMELIHARAAN PERANGKAT KERAS (HARDWARE INSTALLATION AND,mengawasi dan mengevaluasi kinerja teknisi
TIK.INF0401,ASISTEN INSTALASI DAN PEMELIHARAAN PERANGKAT KERAS (HARDWARE INSTALLATION AND,melakukan inventarisasi hardware
TIK.INF0401,ASISTEN INSTALASI DAN PEMELIHARAAN PERANGKAT KERAS (HARDWARE INSTALLATION AND,melakukan inventarisasi software
TIK.INF0401,ASISTEN INSTALASI DAN PEMELIHARAAN PERANGKAT KERAS (HARDWARE INSTALLATION AND,memperbaiki cpu
TIK.INF0401,ASISTEN INSTALASI DAN PEMELIHARAAN PERANGKAT KERAS (HARDWARE INSTALLATION AND,memperbaiki keyboard
TIK.INF0401,ASISTEN INSTALASI DAN PEMELIHARAAN PERANGKAT KERAS (HARDWARE INSTALLATION AND,melakukan setting bios
TIK.INF0401,ASISTEN INSTALASI DAN PEMELIHARAAN PERANGKAT KERAS (HARDWARE INSTALLATION AND,memperbaiki komputer yang terinfeksi virus
TIK.INF0401,ASISTEN INSTALASI DAN PEMELIHARAAN PERANGKAT KERAS (HARDWARE INSTALLATION AND,merawat sistem operasi
TIK.INF0401,ASISTEN INSTALASI DAN PEMELIHARAAN PERANGKAT KERAS (HARDWARE INSTALLATION AND,melakukan restore sistem operasi
TIK.INF0401,ASISTEN INSTALASI DAN PEMELIHARAAN PERANGKAT KERAS (HARDWARE INSTALLATION AND,melakukan backup data dan sistem
TIK.INF0402,ASISTEN ADMINISTRATOR JARINGAN (ASSISTANT NETWORK ADMINISTRATOR),"orang yang bertanggung jawab untuk mengelola dan memelihara jaringan komputer. mereka bekerja dengan berbagai jenis jaringan, mulai dari jaringan kecil di kantor hingga jaringan besar di perusahaan multinasional. mereka bertanggung jawab untuk memastikan bahwa jaringan berfungsi dengan baik dan aman, serta untuk memecahkan masalah yang mungkin terjadi."
TIK.INF0402,ASISTEN ADMINISTRATOR JARINGAN (ASSISTANT NETWORK ADMINISTRATOR),pengelolaan jaringan
TIK.INF0402,ASISTEN ADMINISTRATOR JARINGAN (ASSISTANT NETWORK ADMINISTRATOR),keamanan jaringan
TIK.INF0402,ASISTEN ADMINISTRATOR JARINGAN (ASSISTANT NETWORK ADMINISTRATOR),"kemampuan komunikasi yang baik, baik lisan maupun tulisan"
TIK.INF0402,ASISTEN ADMINISTRATOR JARINGAN (ASSISTANT NETWORK ADMINISTRATOR),kemampuan bekerja dalam tim
TIK.INF0402,ASISTEN ADMINISTRATOR JARINGAN (ASSISTANT NETWORK ADMINISTRATOR),kemampuan berpikir kritis dan analitis
TIK.INF0402,ASISTEN ADMINISTRATOR JARINGAN (ASSISTANT NETWORK ADMINISTRATOR),kemampuan belajar dan beradaptasi dengan cepat
TIK.INF0402,ASISTEN ADMINISTRATOR JARINGAN (ASSISTANT NETWORK ADMINISTRATOR),kemampuan untuk bekerja di bawah tekanan
TIK.INF0402,ASISTEN ADMINISTRATOR JARINGAN (ASSISTANT NETWORK ADMINISTRATOR),merancang dan menerapkan kebijakan dan prosedur jaringan
TIK.INF0402,ASISTEN ADMINISTRATOR JARINGAN (ASSISTANT NETWORK ADMINISTRATOR),menginstal dan mengonfigurasi perangkat keras jaringan
TIK.INF0402,ASISTEN ADMINISTRATOR JARINGAN (ASSISTANT NETWORK ADMINISTRATOR),menginstal dan mengonfigurasi perangkat lunak jaringan
TIK.INF0402,ASISTEN ADMINISTRATOR JARINGAN (ASSISTANT NETWORK ADMINISTRATOR),melakukan pemeliharaan rutin terhadap jaringan
TIK.INF0402,ASISTEN ADMINISTRATOR JARINGAN (ASSISTANT NETWORK ADMINISTRATOR),menangani masalah jaringan
TIK.INF0402,ASISTEN ADMINISTRATOR JARINGAN (ASSISTANT NETWORK ADMINISTRATOR),menjaga keamanan jaringan
TIK.INF0402,ASISTEN ADMINISTRATOR JARINGAN (ASSISTANT NETWORK ADMINISTRATOR),memiliki akses ke perangkat keras dan perangkat lunak jaringan
TIK.INF0402,ASISTEN ADMINISTRATOR JARINGAN (ASSISTANT NETWORK ADMINISTRATOR),dapat membuat perubahan pada konfigurasi jaringan
TIK.INF0402,ASISTEN ADMINISTRATOR JARINGAN (ASSISTANT NETWORK ADMINISTRATOR),dapat melakukan instalasi dan penghapusan perangkat keras dan perangkat lunak jaringan
TIK.INF0402,ASISTEN ADMINISTRATOR JARINGAN (ASSISTANT NETWORK ADMINISTRATOR),dapat mengambil tindakan untuk melindungi keamanan jaringan
TIK.INF0402,ASISTEN ADMINISTRATOR JARINGAN (ASSISTANT NETWORK ADMINISTRATOR),merancang pengalamatan jaringan
TIK.INF0402,ASISTEN ADMINISTRATOR JARINGAN (ASSISTANT NETWORK ADMINISTRATOR),memasang jaringan nirkabel
TIK.INF0402,ASISTEN ADMINISTRATOR JARINGAN (ASSISTANT NETWORK ADMINISTRATOR),mengkonfigurasi switch pada jaringan
TIK.INF0402,ASISTEN ADMINISTRATOR JARINGAN (ASSISTANT NETWORK ADMINISTRATOR),mengkonfigurasi routing pada perangkat jaringan dalam satu autonomous system
TIK.INF0402,ASISTEN ADMINISTRATOR JARINGAN (ASSISTANT NETWORK ADMINISTRATOR),mengkonfigurasi routing pada perangkat jaringan antar autonomous system
TIK.INF0403,ASISTEN TEKNISI JARINGAN KOMPUTER (ASSISTANT COMPUTER NETWORK TECHNICIAN),"orang yang bertanggung jawab untuk memelihara dan mengelola jaringan komputer. mereka bertanggung jawab untuk memastikan bahwa jaringan berjalan dengan lancar dan efisien, dan bahwa pengguna dapat mengakses sumber daya jaringan yang mereka butuhkan."
TIK.INF0403,ASISTEN TEKNISI JARINGAN KOMPUTER (ASSISTANT COMPUTER NETWORK TECHNICIAN),instalasi dan konfigurasi jaringan
TIK.INF0403,ASISTEN TEKNISI JARINGAN KOMPUTER (ASSISTANT COMPUTER NETWORK TECHNICIAN),pemeliharaan dan penanganan masalah jaringan
TIK.INF0403,ASISTEN TEKNISI JARINGAN KOMPUTER (ASSISTANT COMPUTER NETWORK TECHNICIAN),keterampilan komunikasi dan kerja tim
TIK.INF0403,ASISTEN TEKNISI JARINGAN KOMPUTER (ASSISTANT COMPUTER NETWORK TECHNICIAN),keterampilan belajar dan beradaptasi
TIK.INF0403,ASISTEN TEKNISI JARINGAN KOMPUTER (ASSISTANT COMPUTER NETWORK TECHNICIAN),keterampilan manajemen waktu
TIK.INF0403,ASISTEN TEKNISI JARINGAN KOMPUTER (ASSISTANT COMPUTER NETWORK TECHNICIAN),"mengelola jaringan komputer, termasuk perangkat keras, perangkat lunak, dan konfigurasi"
TIK.INF0403,ASISTEN TEKNISI JARINGAN KOMPUTER (ASSISTANT COMPUTER NETWORK TECHNICIAN),"mengatasi masalah jaringan, termasuk kesalahan perangkat keras, perangkat lunak, dan konfigurasi"
TIK.INF0403,ASISTEN TEKNISI JARINGAN KOMPUTER (ASSISTANT COMPUTER NETWORK TECHNICIAN),"meningkatkan jaringan, termasuk meningkatkan kinerja, keamanan, dan ketersediaan"
TIK.INF0403,ASISTEN TEKNISI JARINGAN KOMPUTER (ASSISTANT COMPUTER NETWORK TECHNICIAN),memberikan dukungan kepada pengguna jaringan
TIK.INF0403,ASISTEN TEKNISI JARINGAN KOMPUTER (ASSISTANT COMPUTER NETWORK TECHNICIAN),mengubah konfigurasi jaringan
TIK.INF0403,ASISTEN TEKNISI JARINGAN KOMPUTER (ASSISTANT COMPUTER NETWORK TECHNICIAN),menginstal dan menghapus perangkat jaringan
TIK.INF0403,ASISTEN TEKNISI JARINGAN KOMPUTER (ASSISTANT COMPUTER NETWORK TECHNICIAN),memasang jaringan nirkabel
TIK.INF0403,ASISTEN TEKNISI JARINGAN KOMPUTER (ASSISTANT COMPUTER NETWORK TECHNICIAN),mengkonfigurasi switch pada jaringan
TIK.INF0403,ASISTEN TEKNISI JARINGAN KOMPUTER (ASSISTANT COMPUTER NETWORK TECHNICIAN),mengkonfigurasi routing pada perangkat jaringan dalam satu autonomous system
TIK.INF0403,ASISTEN TEKNISI JARINGAN KOMPUTER (ASSISTANT COMPUTER NETWORK TECHNICIAN),memasang perangkat jaringan ke dalam sistem jaringan
TIK.INF0403,ASISTEN TEKNISI JARINGAN KOMPUTER (ASSISTANT COMPUTER NETWORK TECHNICIAN),mengidentifikasi sumber kerusakan
TIK.INF0404,- ASISTEN PERANGKAT (DEVICE ASSISTANT),"orang yang bertanggung jawab untuk mengelola perangkat iot, mereka bertanggung jawab untuk memastikan perangkat berfungsi dengan benar, diperbarui dengan firmware terbaru, dan aman dari serangan. kualifikasi jenjang ini memiliki kemampuan untuk melakukan pengawasan pekerjaan di bidang internet of things dengan menguasai prinsip dasar dan mampu menyelaraskan ilmunya dengan permasalahan di lapangan. mampu bekerja sama dan melakukan komunikasi, menyusun laporan tertulis dalam lingkup pekerjaannya, dan memiliki inisiatif. bertanggung jawab pada pekerjaan sendiri dan dapat diberi tanggung jawab atas hasil kerja orang lain."
TIK.INF0404,- ASISTEN PERANGKAT (DEVICE ASSISTANT),"mengelola perangkat iot di lapangan, seperti sensor dan aktuator"
TIK.INF0404,- ASISTEN PERANGKAT (DEVICE ASSISTANT),menerapkan firmware dan perangkat lunak terbaru ke perangkat iot
TIK.INF0404,- ASISTEN PERANGKAT (DEVICE ASSISTANT),bertaqwa kepada tuhan yang maha esa
TIK.INF0404,- ASISTEN PERANGKAT (DEVICE ASSISTANT),"memiliki moral, etika dan kepribadian yang baik di dalam menyelesaikan tugasnya;"
TIK.INF0404,- ASISTEN PERANGKAT (DEVICE ASSISTANT),berperan sebagai warga negara yang bangga dan cinta tanah air serta mendukung perdamaian dunia
TIK.INF0404,- ASISTEN PERANGKAT (DEVICE ASSISTANT),mampu bekerja sama dan memiliki kepekaan sosial dan kepedulian yang tinggi terhadap masyarakat dan lingkungannya
TIK.INF0404,- ASISTEN PERANGKAT (DEVICE ASSISTANT),"menghargai keanekaragaman budaya, pandangan, kepercayaan, dan agama serta pendapat/temuan original orang lain; dan"
TIK.INF0404,- ASISTEN PERANGKAT (DEVICE ASSISTANT),menjunjung tinggi penegakan hukum serta memiliki semangat untuk mendahulukan kepentingan bangsa serta masyarakat luas
TIK.INF0404,- ASISTEN PERANGKAT (DEVICE ASSISTANT),memimpin dan mengelola tim perangkat
TIK.INF0404,- ASISTEN PERANGKAT (DEVICE ASSISTANT),menentukan dan menerapkan kebijakan dan prosedur perangkat
TIK.INF0404,- ASISTEN PERANGKAT (DEVICE ASSISTANT),melakukan pemeliharaan dan perbaikan perangkat
TIK.INF0404,- ASISTEN PERANGKAT (DEVICE ASSISTANT),berkolaborasi dengan tim lain untuk memastikan ketersediaan perangkat
TIK.INF0404,- ASISTEN PERANGKAT (DEVICE ASSISTANT),mengambil keputusan tentang kebijakan dan prosedur perangkat
TIK.INF0404,- ASISTEN PERANGKAT (DEVICE ASSISTANT),mengalokasikan sumber daya untuk proyek perangkat
TIK.INF0404,- ASISTEN PERANGKAT (DEVICE ASSISTANT),memberikan umpan balik dan evaluasi kepada tim perangkat
TIK.INF0404,- ASISTEN PERANGKAT (DEVICE ASSISTANT),menulis laporan mengenai progress kerja perangkat
TIK.INF0404,- ASISTEN PERANGKAT (DEVICE ASSISTANT),melakukan supervisi
TIK.INF0404,- ASISTEN PERANGKAT (DEVICE ASSISTANT),memonitor kinerja platform iot
TIK.INF0404,- ASISTEN PERANGKAT (DEVICE ASSISTANT),memonitor kinerja perangkat iot (device)
TIK.INF0404,- ASISTEN PERANGKAT (DEVICE ASSISTANT),memonitor kinerja aplikasi iot
TIK.INF0404,- ASISTEN PERANGKAT (DEVICE ASSISTANT),melakukan pengambilan data measurement test konektivitas iot
TIK.INF0404,- ASISTEN PERANGKAT (DEVICE ASSISTANT),menguji coba desain konektivitas iot
TIK.INF0404,- ASISTEN PERANGKAT (DEVICE ASSISTANT),menguji coba device iot
TIK.INF0404,- ASISTEN PERANGKAT (DEVICE ASSISTANT),mendeteksi potensi terjadinya gangguan saat implementasi konektivitas iot
TIK.INF0404,- ASISTEN PERANGKAT (DEVICE ASSISTANT),mengatasi terjadinya gangguan saat implementasi konektivitas iot
TIK.INF0404,- ASISTEN PERANGKAT (DEVICE ASSISTANT),melakukan instalasi perangkat iot (device) sesuai desain
TIK.INF0404,- ASISTEN PERANGKAT (DEVICE ASSISTANT),mendeteksi potensi terjadinya gangguan saat implementasi perangkat iot (device)
TIK.INF0404,- ASISTEN PERANGKAT (DEVICE ASSISTANT),mengatasi gangguan saat implementasi perangkat iot (device)
TIK.INF0404,- ASISTEN PERANGKAT (DEVICE ASSISTANT),melakukan pemeliharaan jaringan iot
TIK.INF0404,- ASISTEN PERANGKAT (DEVICE ASSISTANT),melakukan pemeliharaan perangkat iot
TIK.INF0405,- ASISTEN JARINGAN (NETWORK ASSISTANT),"orang yang bertanggung jawab untuk mengelola jaringan iot, mereka bertanggung jawab untuk memastikan jaringan dapat menampung lalu lintas iot, aman dari serangan, dan memenuhi persyaratan kinerja. kualifikasi jenjang ini memiliki kemampuan untuk melakukan pengawasan pekerjaan di bidang internet of things dengan menguasai prinsip dasar dan mampu menyelaraskan ilmunya dengan permasalahan di lapangan. mampu bekerja sama dan melakukan komunikasi, menyusun laporan tertulis dalam lingkup pekerjaannya, dan memiliki inisiatif. bertanggung jawab pada pekerjaan sendiri dan dapat diberi tanggung jawab atas hasil kerja orang lain."
TIK.INF0405,- ASISTEN JARINGAN (NETWORK ASSISTANT),membangun dan mengelola jaringan iot untuk menghubungkan perangkat iot
TIK.INF0405,- ASISTEN JARINGAN (NETWORK ASSISTANT),menjamin keamanan dan kinerja jaringan iot
TIK.INF0405,- ASISTEN JARINGAN (NETWORK ASSISTANT),bertaqwa kepada tuhan yang maha esa
TIK.INF0405,- ASISTEN JARINGAN (NETWORK ASSISTANT),"memiliki moral, etika dan kepribadian yang baik di dalam menyelesaikan tugasnya;"
TIK.INF0405,- ASISTEN JARINGAN (NETWORK ASSISTANT),berperan sebagai warga negara yang bangga dan cinta tanah air serta mendukung perdamaian dunia
TIK.INF0405,- ASISTEN JARINGAN (NETWORK ASSISTANT),mampu bekerja sama dan memiliki kepekaan sosial dan kepedulian yang tinggi terhadap masyarakat dan lingkungannya
TIK.INF0405,- ASISTEN JARINGAN (NETWORK ASSISTANT),"menghargai keanekaragaman budaya, pandangan, kepercayaan, dan agama serta pendapat/temuan original orang lain; dan"
TIK.INF0405,- ASISTEN JARINGAN (NETWORK ASSISTANT),menjunjung tinggi penegakan hukum serta memiliki semangat untuk mendahulukan kepentingan bangsa serta masyarakat luas
TIK.INF0405,- ASISTEN JARINGAN (NETWORK ASSISTANT),memimpin dan mengelola tim jaringan
TIK.INF0405,- ASISTEN JARINGAN (NETWORK ASSISTANT),menentukan dan menerapkan kebijakan dan prosedur jaringan
TIK.INF0405,- ASISTEN JARINGAN (NETWORK ASSISTANT),memantau dan menyelidiki masalah jaringan
TIK.INF0405,- ASISTEN JARINGAN (NETWORK ASSISTANT),melakukan pemeliharaan dan perbaikan jaringan
TIK.INF0405,- ASISTEN JARINGAN (NETWORK ASSISTANT),berkolaborasi dengan tim lain untuk memastikan ketersediaan dan kinerja jaringan
TIK.INF0405,- ASISTEN JARINGAN (NETWORK ASSISTANT),mengambil keputusan tentang kebijakan dan prosedur jaringan
TIK.INF0405,- ASISTEN JARINGAN (NETWORK ASSISTANT),mengalokasikan sumber daya untuk proyek jaringan
TIK.INF0405,- ASISTEN JARINGAN (NETWORK ASSISTANT),memberikan umpan balik dan evaluasi kepada tim jaringan
TIK.INF0405,- ASISTEN JARINGAN (NETWORK ASSISTANT),berelasi dengan stakeholder internal dan eksternal
TIK.INF0405,- ASISTEN JARINGAN (NETWORK ASSISTANT),melakukan supervisi
TIK.INF0405,- ASISTEN JARINGAN (NETWORK ASSISTANT),memonitor kinerja platform iot
TIK.INF0405,- ASISTEN JARINGAN (NETWORK ASSISTANT),memonitor kinerja perangkat iot (device)
TIK.INF0405,- ASISTEN JARINGAN (NETWORK ASSISTANT),memonitor kinerja aplikasi iot
TIK.INF0405,- ASISTEN JARINGAN (NETWORK ASSISTANT),melakukan pengambilan data measurement test konektivitas iot
TIK.INF0405,- ASISTEN JARINGAN (NETWORK ASSISTANT),menguji coba desain konektivitas iot
TIK.INF0405,- ASISTEN JARINGAN (NETWORK ASSISTANT),menguji coba device iot
TIK.INF0405,- ASISTEN JARINGAN (NETWORK ASSISTANT),mendeteksi potensi terjadinya gangguan saat implementasi konektivitas iot
TIK.INF0405,- ASISTEN JARINGAN (NETWORK ASSISTANT),mengatasi terjadinya gangguan saat implementasi konektivitas iot
TIK.INF0405,- ASISTEN JARINGAN (NETWORK ASSISTANT),melakukan instalasi perangkat iot (device) sesuai desain
TIK.INF0405,- ASISTEN JARINGAN (NETWORK ASSISTANT),mendeteksi potensi terjadinya gangguan saat implementasi perangkat iot (device)
TIK.INF0405,- ASISTEN JARINGAN (NETWORK ASSISTANT),mengatasi gangguan saat implementasi perangkat iot (device)
TIK.INF0405,- ASISTEN JARINGAN (NETWORK ASSISTANT),melakukan pemeliharaan jaringan iot
TIK.INF0405,- ASISTEN JARINGAN (NETWORK ASSISTANT),melakukan pemeliharaan perangkat iot
TIK.INF0406,- ASISTEN PLATFORM (PLATFORM ASSISTANT),"orang yang bertanggung jawab untuk mengelola jaringan iot, mereka bertanggung jawab untuk memastikan jaringan dapat menampung lalu lintas iot, aman dari serangan, dan memenuhi persyaratan kinerja. kualifikasi jenjang ini memiliki kemampuan untuk melakukan pengawasan pekerjaan di bidang internet of things dengan menguasai prinsip dasar dan mampu menyelaraskan ilmunya dengan permasalahan di lapangan. mampu bekerja sama dan melakukan komunikasi, menyusun laporan tertulis dalam lingkup pekerjaannya, dan memiliki inisiatif. bertanggung jawab pada pekerjaan sendiri dan dapat diberi tanggung jawab atas hasil kerja orang lain."
TIK.INF0406,- ASISTEN PLATFORM (PLATFORM ASSISTANT),mengelola platform iot untuk mendukung aplikasi iot
TIK.INF0406,- ASISTEN PLATFORM (PLATFORM ASSISTANT),menerapkan pembaruan dan peningkatan ke platform iot
TIK.INF0406,- ASISTEN PLATFORM (PLATFORM ASSISTANT),bertaqwa kepada tuhan yang maha esa
TIK.INF0406,- ASISTEN PLATFORM (PLATFORM ASSISTANT),"memiliki moral, etika dan kepribadian yang baik di dalam menyelesaikan tugasnya;"
TIK.INF0406,- ASISTEN PLATFORM (PLATFORM ASSISTANT),berperan sebagai warga negara yang bangga dan cinta tanah air serta mendukung perdamaian dunia
TIK.INF0406,- ASISTEN PLATFORM (PLATFORM ASSISTANT),mampu bekerja sama dan memiliki kepekaan sosial dan kepedulian yang tinggi terhadap masyarakat dan lingkungannya
TIK.INF0406,- ASISTEN PLATFORM (PLATFORM ASSISTANT),"menghargai keanekaragaman budaya, pandangan, kepercayaan, dan agama serta pendapat/temuan original orang lain; dan"
TIK.INF0406,- ASISTEN PLATFORM (PLATFORM ASSISTANT),menjunjung tinggi penegakan hukum serta memiliki semangat untuk mendahulukan kepentingan bangsa serta masyarakat luas
TIK.INF0406,- ASISTEN PLATFORM (PLATFORM ASSISTANT),memimpin dan mengelola tim platform
TIK.INF0406,- ASISTEN PLATFORM (PLATFORM ASSISTANT),menentukan dan menerapkan kebijakan dan prosedur platform
TIK.INF0406,- ASISTEN PLATFORM (PLATFORM ASSISTANT),memantau dan menyelidiki masalah platform
TIK.INF0406,- ASISTEN PLATFORM (PLATFORM ASSISTANT),melakukan pemeliharaan dan perbaikan platform
TIK.INF0406,- ASISTEN PLATFORM (PLATFORM ASSISTANT),berkolaborasi dengan tim lain untuk meningkatkan platform
TIK.INF0406,- ASISTEN PLATFORM (PLATFORM ASSISTANT),mengambil keputusan tentang kebijakan dan prosedur platform
TIK.INF0406,- ASISTEN PLATFORM (PLATFORM ASSISTANT),mengalokasikan sumber daya untuk proyek platform
TIK.INF0406,- ASISTEN PLATFORM (PLATFORM ASSISTANT),memberikan umpan balik dan evaluasi kepada tim platform
TIK.INF0406,- ASISTEN PLATFORM (PLATFORM ASSISTANT),melakukan supervisi
TIK.INF0406,- ASISTEN PLATFORM (PLATFORM ASSISTANT),memonitor kinerja platform iot
TIK.INF0406,- ASISTEN PLATFORM (PLATFORM ASSISTANT),memonitor kinerja perangkat iot (device)
TIK.INF0406,- ASISTEN PLATFORM (PLATFORM ASSISTANT),memonitor kinerja aplikasi iot
TIK.INF0406,- ASISTEN PLATFORM (PLATFORM ASSISTANT),melakukan pengambilan data measurement test konektivitas iot
TIK.INF0406,- ASISTEN PLATFORM (PLATFORM ASSISTANT),menguji coba desain platform iot
TIK.INF0406,- ASISTEN PLATFORM (PLATFORM ASSISTANT),menguji coba aplikasi iot
TIK.INF0406,- ASISTEN PLATFORM (PLATFORM ASSISTANT),membuat dan mengoperasikan iot on premise dan hybrid
TIK.INF0406,- ASISTEN PLATFORM (PLATFORM ASSISTANT),mengatasi terjadinya gangguan saat implementasi platform iot
TIK.INF0406,- ASISTEN PLATFORM (PLATFORM ASSISTANT),melakukan instalasi firmware pada perangkat (device) secara over the air (ota)
TIK.INF0406,- ASISTEN PLATFORM (PLATFORM ASSISTANT),mengimplementasi aplikasi iot berbasis mobile
TIK.INF0406,- ASISTEN PLATFORM (PLATFORM ASSISTANT),mendeteksi potensi gangguan saat implementasi aplikasi iot
TIK.INF0406,- ASISTEN PLATFORM (PLATFORM ASSISTANT),memelihara kinerja platform iot
TIK.INF0406,- ASISTEN PLATFORM (PLATFORM ASSISTANT),memelihara kinerja aplikasi iot
TIK.INF0407,- ASISTEN TEKNISI PUSAT DATA (ASSISTANT DATA CENTER TECHNICIAN),orang yang bertanggung jawab untuk mendukung dan memelihara infrastruktur pusat data dengan menggunakan keterampilan teknis dan non-teknis untuk memastikan bahwa pusat data berfungsi dengan baik dan aman.
TIK.INF0407,- ASISTEN TEKNISI PUSAT DATA (ASSISTANT DATA CENTER TECHNICIAN),"melakukan instalasi, konfigurasi, dan troubleshooting perangkat keras dan perangkat lunak pusat data"
TIK.INF0407,- ASISTEN TEKNISI PUSAT DATA (ASSISTANT DATA CENTER TECHNICIAN),menangani masalah dan gangguan pada pusat data
TIK.INF0407,- ASISTEN TEKNISI PUSAT DATA (ASSISTANT DATA CENTER TECHNICIAN),beretika
TIK.INF0407,- ASISTEN TEKNISI PUSAT DATA (ASSISTANT DATA CENTER TECHNICIAN),komunikatif
TIK.INF0407,- ASISTEN TEKNISI PUSAT DATA (ASSISTANT DATA CENTER TECHNICIAN),bekerja dalam tim
TIK.INF0407,- ASISTEN TEKNISI PUSAT DATA (ASSISTANT DATA CENTER TECHNICIAN),teliti
TIK.INF0407,- ASISTEN TEKNISI PUSAT DATA (ASSISTANT DATA CENTER TECHNICIAN),berpikir kritis
TIK.INF0407,- ASISTEN TEKNISI PUSAT DATA (ASSISTANT DATA CENTER TECHNICIAN),selalu belajar hal baru
TIK.INF0407,- ASISTEN TEKNISI PUSAT DATA (ASSISTANT DATA CENTER TECHNICIAN),menangani permintaan dukungan teknis dari pengguna pusat data
TIK.INF0407,- ASISTEN TEKNISI PUSAT DATA (ASSISTANT DATA CENTER TECHNICIAN),melakukan diagnosis dan pemecahan masalah masalah teknis pusat data
TIK.INF0407,- ASISTEN TEKNISI PUSAT DATA (ASSISTANT DATA CENTER TECHNICIAN),melakukan konfigurasi dan pemeliharaan perangkat dan aplikasi pusat data
TIK.INF0407,- ASISTEN TEKNISI PUSAT DATA (ASSISTANT DATA CENTER TECHNICIAN),membantu dengan proyek dan implementasi pusat data
TIK.INF0407,- ASISTEN TEKNISI PUSAT DATA (ASSISTANT DATA CENTER TECHNICIAN),mengakses dan menggunakan infrastruktur pusat data
TIK.INF0407,- ASISTEN TEKNISI PUSAT DATA (ASSISTANT DATA CENTER TECHNICIAN),melakukan perubahan pada konfigurasi perangkat dan aplikasi pusat data
TIK.INF0407,- ASISTEN TEKNISI PUSAT DATA (ASSISTANT DATA CENTER TECHNICIAN),berkolaborasi dengan tim ti lainnya
TIK.INF0407,- ASISTEN TEKNISI PUSAT DATA (ASSISTANT DATA CENTER TECHNICIAN),memiliki pemahaman mendalam mengenai infrastruktur pusat data.
TIK.INF0407,- ASISTEN TEKNISI PUSAT DATA (ASSISTANT DATA CENTER TECHNICIAN),mengelola keselamatan kerja
TIK.INF0407,- ASISTEN TEKNISI PUSAT DATA (ASSISTANT DATA CENTER TECHNICIAN),mengelola keamanan fisik pusat data
TIK.INF0407,- ASISTEN TEKNISI PUSAT DATA (ASSISTANT DATA CENTER TECHNICIAN),mengelola kegiatan operasi pusat data harian
TIK.INF0407,- ASISTEN TEKNISI PUSAT DATA (ASSISTANT DATA CENTER TECHNICIAN),mengelola kegiatan pembersihan pusat data
TIK.INF0407,- ASISTEN TEKNISI PUSAT DATA (ASSISTANT DATA CENTER TECHNICIAN),mengelola siklus hidup peralatan dan perangkat pusat data
TIK.INF0407,- ASISTEN TEKNISI PUSAT DATA (ASSISTANT DATA CENTER TECHNICIAN),mengelola kegiatan perawatan pusat data
TIK.INF0408,ASISTEN KEAMANAN (SECURITY ASSISTANT),"orang yang bertanggung jawab untuk memastikan keamanan sistem dan data iot, mereka bertanggung jawab untuk mengembangkan dan menerapkan kebijakan dan prosedur keamanan, memantau aktivitas jaringan dan perangkat, dan menyelidiki insiden keamanan. kualifikasi jenjang ini memiliki kemampuan untuk melakukan pengawasan pekerjaan di bidang internet of things dengan menguasai prinsip dasar dan mampu menyelaraskan ilmunya dengan permasalahan di lapangan. mampu bekerja sama dan melakukan komunikasi, menyusun laporan tertulis dalam lingkup pekerjaannya, dan memiliki inisiatif. bertanggung jawab pada pekerjaan sendiri dan dapat diberi tanggung jawab atas hasil kerja orang lain."
TIK.INF0408,ASISTEN KEAMANAN (SECURITY ASSISTANT),membangun dan mengelola sistem keamanan iot untuk melindungi data dan perangkat dari serangan
TIK.INF0408,ASISTEN KEAMANAN (SECURITY ASSISTANT),menangani insiden keamanan iot
TIK.INF0408,ASISTEN KEAMANAN (SECURITY ASSISTANT),bertaqwa kepada tuhan yang maha esa
TIK.INF0408,ASISTEN KEAMANAN (SECURITY ASSISTANT),"memiliki moral, etika dan kepribadian yang baik di dalam menyelesaikan tugasnya"
TIK.INF0408,ASISTEN KEAMANAN (SECURITY ASSISTANT),berperan sebagai warga negara yang bangga dan cinta tanah air serta mendukung perdamaian dunia
TIK.INF0408,ASISTEN KEAMANAN (SECURITY ASSISTANT),mampu bekerjasama dan memiliki kepekaan sosial dan kepedulian yang tinggi terhadap masyarakat dan lingkungannya
TIK.INF0408,ASISTEN KEAMANAN (SECURITY ASSISTANT),"menghargai keanekaragaman budaya, pandangan, kepercayaan, dan agama serta pendapat/temuan original orang lain; dan"
TIK.INF0408,ASISTEN KEAMANAN (SECURITY ASSISTANT),menjunjung tinggi penegakan hukum serta memiliki semangat untuk mendahulukan kepentingan bangsa serta masyarakat luas
TIK.INF0408,ASISTEN KEAMANAN (SECURITY ASSISTANT),memimpin dan mengelola tim keamanan
TIK.INF0408,ASISTEN KEAMANAN (SECURITY ASSISTANT),menentukan dan menerapkan kebijakan dan prosedur keamanan
TIK.INF0408,ASISTEN KEAMANAN (SECURITY ASSISTANT),memantau dan menyelidiki insiden keamanan
TIK.INF0408,ASISTEN KEAMANAN (SECURITY ASSISTANT),berkolaborasi dengan tim lain untuk meningkatkan keamanan perusahaan
TIK.INF0408,ASISTEN KEAMANAN (SECURITY ASSISTANT),mengambil keputusan tentang kebijakan dan prosedur keamanan
TIK.INF0408,ASISTEN KEAMANAN (SECURITY ASSISTANT),mengalokasikan sumber daya untuk proyek keamanan
TIK.INF0408,ASISTEN KEAMANAN (SECURITY ASSISTANT),memberikan umpan balik dan evaluasi kepada tim keamanan
TIK.INF0408,ASISTEN KEAMANAN (SECURITY ASSISTANT),berelasi dengan stakeholder internal dan eksternal
TIK.INF0408,ASISTEN KEAMANAN (SECURITY ASSISTANT),melakukan supervisi
TIK.INF0408,ASISTEN KEAMANAN (SECURITY ASSISTANT),memonitor kinerja platform iot
TIK.INF0408,ASISTEN KEAMANAN (SECURITY ASSISTANT),memonitor kinerja perangkat iot (device)
TIK.INF0408,ASISTEN KEAMANAN (SECURITY ASSISTANT),memonitor kinerja aplikasi iot
TIK.INF0408,ASISTEN KEAMANAN (SECURITY ASSISTANT),melakukan pengambilan data measurement test konektivitas iot
TIK.INF0408,ASISTEN KEAMANAN (SECURITY ASSISTANT),menerapkan perimeter keamanan pada perangkat iot
TIK.INF0408,ASISTEN KEAMANAN (SECURITY ASSISTANT),mengaplikasikan patch keamanan pada perangkat iot
TIK.INF0409,- ASISTEN APLIKASI (APPLICATION ASSISTANT),"orang yang bertanggung jawab untuk mengelola aplikasi iot, mereka bertanggung jawab untuk memastikan aplikasi berjalan dengan lancar, diperbarui dengan versi terbaru, dan memenuhi persyaratan pengguna. kualifikasi jenjang ini memiliki kemampuan untuk melakukan pengawasan pekerjaan di bidang internet of things dengan menguasai prinsip dasar dan mampu menyelaraskan ilmunya dengan permasalahan di lapangan. mampu bekerja sama dan melakukan komunikasi, menyusun laporan tertulis dalam lingkup pekerjaannya, dan memiliki inisiatif. bertanggung jawab pada pekerjaan sendiri dan dapat diberi tanggung jawab atas hasil kerja orang lain."
TIK.INF0409,- ASISTEN APLIKASI (APPLICATION ASSISTANT),mengelola aplikasi iot untuk memastikan berjalan dengan lancar dan sesuai dengan persyaratan pengguna
TIK.INF0409,- ASISTEN APLIKASI (APPLICATION ASSISTANT),menerapkan pembaruan dan peningkatan ke aplikasi iot
TIK.INF0409,- ASISTEN APLIKASI (APPLICATION ASSISTANT),bertaqwa kepada tuhan yang maha esa
TIK.INF0409,- ASISTEN APLIKASI (APPLICATION ASSISTANT),"memiliki moral, etika dan kepribadian yang baik di dalam menyelesaikan tugasnya;"
TIK.INF0409,- ASISTEN APLIKASI (APPLICATION ASSISTANT),berperan sebagai warga negara yang bangga dan cinta tanah air serta mendukung perdamaian dunia
TIK.INF0409,- ASISTEN APLIKASI (APPLICATION ASSISTANT),mampu bekerja sama dan memiliki kepekaan sosial dan kepedulian yang tinggi terhadap masyarakat dan lingkungannya
TIK.INF0409,- ASISTEN APLIKASI (APPLICATION ASSISTANT),"menghargai keanekaragaman budaya, pandangan, kepercayaan, dan agama serta pendapat/temuan orisinal orang lain; dan"
TIK.INF0409,- ASISTEN APLIKASI (APPLICATION ASSISTANT),menjunjung tinggi penegakan hukum serta memiliki semangat untuk mendahulukan kepentingan bangsa serta masyarakat luas
TIK.INF0409,- ASISTEN APLIKASI (APPLICATION ASSISTANT),memimpin dan mengelola tim aplikasi
TIK.INF0409,- ASISTEN APLIKASI (APPLICATION ASSISTANT),menentukan dan menerapkan kebijakan dan prosedur aplikasi
TIK.INF0409,- ASISTEN APLIKASI (APPLICATION ASSISTANT),memantau dan menyelidiki masalah aplikasi
TIK.INF0409,- ASISTEN APLIKASI (APPLICATION ASSISTANT),melakukan pemeliharaan dan perbaikan aplikasi
TIK.INF0409,- ASISTEN APLIKASI (APPLICATION ASSISTANT),berkolaborasi dengan tim lain untuk meningkatkan aplikasi
TIK.INF0409,- ASISTEN APLIKASI (APPLICATION ASSISTANT),mengambil keputusan tentang kebijakan dan prosedur aplikasi
TIK.INF0409,- ASISTEN APLIKASI (APPLICATION ASSISTANT),mengalokasikan sumber daya untuk proyek aplikasi
TIK.INF0409,- ASISTEN APLIKASI (APPLICATION ASSISTANT),memberikan umpan balik dan evaluasi kepada tim aplikasi
TIK.INF0409,- ASISTEN APLIKASI (APPLICATION ASSISTANT),melakukan supervisi
TIK.INF0409,- ASISTEN APLIKASI (APPLICATION ASSISTANT),memonitor kinerja platform iot
TIK.INF0409,- ASISTEN APLIKASI (APPLICATION ASSISTANT),memonitor kinerja perangkat iot (device)
TIK.INF0409,- ASISTEN APLIKASI (APPLICATION ASSISTANT),memonitor kinerja aplikasi iot
TIK.INF0409,- ASISTEN APLIKASI (APPLICATION ASSISTANT),melakukan pengambilan data measurement test konektivitas iot
TIK.INF0409,- ASISTEN APLIKASI (APPLICATION ASSISTANT),menguji coba desain platform iot
TIK.INF0409,- ASISTEN APLIKASI (APPLICATION ASSISTANT),menguji coba aplikasi iot
TIK.INF0409,- ASISTEN APLIKASI (APPLICATION ASSISTANT),membuat dan mengoperasikan iot on premise dan hybrid
TIK.INF0409,- ASISTEN APLIKASI (APPLICATION ASSISTANT),mendeteksi potensi gangguan saat implementasi platform iot ( 2020-300
TIK.INF0409,- ASISTEN APLIKASI (APPLICATION ASSISTANT),mengatasi terjadinya gangguan saat implementasi platform iot
TIK.INF0409,- ASISTEN APLIKASI (APPLICATION ASSISTANT),melakukan instalasi firmware pada perangkat (device) secara over the air (ota)
TIK.INF0409,- ASISTEN APLIKASI (APPLICATION ASSISTANT),mengimplementasi aplikasi iot berbasis mobile
TIK.INF0409,- ASISTEN APLIKASI (APPLICATION ASSISTANT),mendeteksi potensi gangguan saat implementasi aplikasi iot
TIK.INF0409,- ASISTEN APLIKASI (APPLICATION ASSISTANT),mengatasi terjadinya gangguan saat implementasi aplikasi iot
TIK.INF0409,- ASISTEN APLIKASI (APPLICATION ASSISTANT),memelihara kinerja platform iot
TIK.INF0409,- ASISTEN APLIKASI (APPLICATION ASSISTANT),memelihara kinerja aplikasi iot
TIK.INF0301,TEKNISI DESKTOP (DESKTOP TECHNICIAN),pemeliharaan dan perbaikan perangkat keras dan perangkat lunak komputer desktop
TIK.INF0301,TEKNISI DESKTOP (DESKTOP TECHNICIAN),keamanan komputer
TIK.INF0301,TEKNISI DESKTOP (DESKTOP TECHNICIAN),komunikatif
TIK.INF0301,TEKNISI DESKTOP (DESKTOP TECHNICIAN),keterampilan pemecahan masalah
TIK.INF0301,TEKNISI DESKTOP (DESKTOP TECHNICIAN),memasang dan mengonfigurasi perangkat keras dan perangkat lunak komputer desktop
TIK.INF0301,TEKNISI DESKTOP (DESKTOP TECHNICIAN),mendiagnosis dan memperbaiki masalah perangkat keras dan perangkat lunak
TIK.INF0301,TEKNISI DESKTOP (DESKTOP TECHNICIAN),melakukan pemeliharaan preventif untuk mencegah masalah
TIK.INF0301,TEKNISI DESKTOP (DESKTOP TECHNICIAN),memberikan dukungan kepada pengguna komputer
TIK.INF0301,TEKNISI DESKTOP (DESKTOP TECHNICIAN),memasang motherboard
TIK.INF0301,TEKNISI DESKTOP (DESKTOP TECHNICIAN),merawat cpu
TIK.INF0301,TEKNISI DESKTOP (DESKTOP TECHNICIAN),merawat hard disk
TIK.INF0301,TEKNISI DESKTOP (DESKTOP TECHNICIAN),merawat peripheral
TIK.INF0301,TEKNISI DESKTOP (DESKTOP TECHNICIAN),melakukan instalasi sistem operasi
TIK.INF0301,TEKNISI DESKTOP (DESKTOP TECHNICIAN),melakukan instalasi software aplikasi
TIK.INF0301,TEKNISI DESKTOP (DESKTOP TECHNICIAN),merawat sistem operasi
TIK.INF0302,TEKNISI JARINGAN (NETWORK TECHNICIAN),"orang yang bertanggung jawab untuk menginstal, memelihara, dan memecahkan masalah jaringan komputer. mereka bekerja dengan berbagai jenis jaringan, termasuk jaringan lokal (lan), jaringan area luas (wan), dan jaringan seluler."
TIK.INF0302,TEKNISI JARINGAN (NETWORK TECHNICIAN),instalasi dan pemeliharaan jaringan
TIK.INF0302,TEKNISI JARINGAN (NETWORK TECHNICIAN),pemeliharaan dan dukungan jaringan
TIK.INF0302,TEKNISI JARINGAN (NETWORK TECHNICIAN),kemampuan komunikasi yang baik
TIK.INF0302,TEKNISI JARINGAN (NETWORK TECHNICIAN),kemampuan bekerja sama dalam tim
TIK.INF0302,TEKNISI JARINGAN (NETWORK TECHNICIAN),kemampuan belajar yang cepat dan adaptif
TIK.INF0302,TEKNISI JARINGAN (NETWORK TECHNICIAN),kemampuan bekerja di bawah tekanan
TIK.INF0302,TEKNISI JARINGAN (NETWORK TECHNICIAN),memastikan bahwa jaringan komputer berfungsi dengan baik dan aman
TIK.INF0302,TEKNISI JARINGAN (NETWORK TECHNICIAN),mematuhi jadwal dan anggaran yang ditetapkan
TIK.INF0302,TEKNISI JARINGAN (NETWORK TECHNICIAN),menjaga kerahasiaan informasi perusahaan
TIK.INF0302,TEKNISI JARINGAN (NETWORK TECHNICIAN),membantu rekan kerja dan pelanggan
TIK.INF0302,TEKNISI JARINGAN (NETWORK TECHNICIAN),"melakukan instalasi, pemeliharaan, dan pemecahan masalah jaringan komputer"
TIK.INF0302,TEKNISI JARINGAN (NETWORK TECHNICIAN),melakukan perubahan konfigurasi jaringan
TIK.INF0302,TEKNISI JARINGAN (NETWORK TECHNICIAN),mengikuti prosedur dan kebijakan yang berlaku
TIK.INF0302,TEKNISI JARINGAN (NETWORK TECHNICIAN),mengambil tindakan untuk mengatasi masalah jaringan
TIK.INF0302,TEKNISI JARINGAN (NETWORK TECHNICIAN),menyiapkan kabel jaringan
TIK.INF0302,TEKNISI JARINGAN (NETWORK TECHNICIAN),memasang kabel jaringan
TIK.INF0302,TEKNISI JARINGAN (NETWORK TECHNICIAN),memasang jaringan nirkabel
TIK.INF0302,TEKNISI JARINGAN (NETWORK TECHNICIAN),mengganti perangkat jaringan yang rusak
TIK.INF0303,- TEKNISI DUKUNGAN TEKNIK PUSAT DATA (DATA CENTER TECHNICAL SUPPORT TECHNICIAN),orang yang bertanggung jawab untuk memberikan dukungan teknis kepada pengguna pusat data dengan menggunakan keterampilan teknis dan non-teknis untuk memastikan bahwa infrastruktur pusat data berfungsi dengan baik dan dapat diakses oleh pengguna.
TIK.INF0303,- TEKNISI DUKUNGAN TEKNIK PUSAT DATA (DATA CENTER TECHNICAL SUPPORT TECHNICIAN),pemeliharaan dan perbaikan perangkat keras dan lunak pusat data
TIK.INF0303,- TEKNISI DUKUNGAN TEKNIK PUSAT DATA (DATA CENTER TECHNICAL SUPPORT TECHNICIAN),penanganan masalah dan gangguan pada pusat data
TIK.INF0303,- TEKNISI DUKUNGAN TEKNIK PUSAT DATA (DATA CENTER TECHNICAL SUPPORT TECHNICIAN),beretika
TIK.INF0303,- TEKNISI DUKUNGAN TEKNIK PUSAT DATA (DATA CENTER TECHNICAL SUPPORT TECHNICIAN),komunikatif
TIK.INF0303,- TEKNISI DUKUNGAN TEKNIK PUSAT DATA (DATA CENTER TECHNICAL SUPPORT TECHNICIAN),bekerja dalam tim
TIK.INF0303,- TEKNISI DUKUNGAN TEKNIK PUSAT DATA (DATA CENTER TECHNICAL SUPPORT TECHNICIAN),teliti
TIK.INF0303,- TEKNISI DUKUNGAN TEKNIK PUSAT DATA (DATA CENTER TECHNICAL SUPPORT TECHNICIAN),berpikir kritis
TIK.INF0303,- TEKNISI DUKUNGAN TEKNIK PUSAT DATA (DATA CENTER TECHNICAL SUPPORT TECHNICIAN),selalu belajar hal baru
TIK.INF0303,- TEKNISI DUKUNGAN TEKNIK PUSAT DATA (DATA CENTER TECHNICAL SUPPORT TECHNICIAN),menangani permintaan dukungan teknis dari pengguna
TIK.INF0303,- TEKNISI DUKUNGAN TEKNIK PUSAT DATA (DATA CENTER TECHNICAL SUPPORT TECHNICIAN),melakukan diagnosis dan pemecahan masalah masalah teknis
TIK.INF0303,- TEKNISI DUKUNGAN TEKNIK PUSAT DATA (DATA CENTER TECHNICAL SUPPORT TECHNICIAN),melakukan konfigurasi dan pemeliharaan perangkat dan aplikasi pusat data
TIK.INF0303,- TEKNISI DUKUNGAN TEKNIK PUSAT DATA (DATA CENTER TECHNICAL SUPPORT TECHNICIAN),membantu dengan proyek dan implementasi pusat data
TIK.INF0303,- TEKNISI DUKUNGAN TEKNIK PUSAT DATA (DATA CENTER TECHNICAL SUPPORT TECHNICIAN),mengakses dan menggunakan infrastruktur pusat data
TIK.INF0303,- TEKNISI DUKUNGAN TEKNIK PUSAT DATA (DATA CENTER TECHNICAL SUPPORT TECHNICIAN),melakukan perubahan pada konfigurasi perangkat dan aplikasi pusat data
TIK.INF0303,- TEKNISI DUKUNGAN TEKNIK PUSAT DATA (DATA CENTER TECHNICAL SUPPORT TECHNICIAN),berkolaborasi dengan tim ti lainnya
TIK.INF0303,- TEKNISI DUKUNGAN TEKNIK PUSAT DATA (DATA CENTER TECHNICAL SUPPORT TECHNICIAN),memiliki pemahaman dasar mengenai infrastruktur pusat data.
TIK.INF0303,- TEKNISI DUKUNGAN TEKNIK PUSAT DATA (DATA CENTER TECHNICAL SUPPORT TECHNICIAN),mengidentifikasi perangkat penyusun komputer
TIK.INF0303,- TEKNISI DUKUNGAN TEKNIK PUSAT DATA (DATA CENTER TECHNICAL SUPPORT TECHNICIAN),melakukan inventarisasi hardware
TIK.INF0303,- TEKNISI DUKUNGAN TEKNIK PUSAT DATA (DATA CENTER TECHNICAL SUPPORT TECHNICIAN),melakukan inventarisasi software
TIK.INF0303,- TEKNISI DUKUNGAN TEKNIK PUSAT DATA (DATA CENTER TECHNICAL SUPPORT TECHNICIAN),memperbaiki cpu
TIK.INF0303,- TEKNISI DUKUNGAN TEKNIK PUSAT DATA (DATA CENTER TECHNICAL SUPPORT TECHNICIAN),melakukan setting bios
TIK.INF0303,- TEKNISI DUKUNGAN TEKNIK PUSAT DATA (DATA CENTER TECHNICAL SUPPORT TECHNICIAN),melakukan instalasi sistem operasi
TIK.INF0303,- TEKNISI DUKUNGAN TEKNIK PUSAT DATA (DATA CENTER TECHNICAL SUPPORT TECHNICIAN),melakukan instalasi software aplikasi
TIK.INF0303,- TEKNISI DUKUNGAN TEKNIK PUSAT DATA (DATA CENTER TECHNICAL SUPPORT TECHNICIAN),merawat sistem operasi
TIK.INF0303,- TEKNISI DUKUNGAN TEKNIK PUSAT DATA (DATA CENTER TECHNICAL SUPPORT TECHNICIAN),melakukan restore sistem operasi
TIK.INF0303,- TEKNISI DUKUNGAN TEKNIK PUSAT DATA (DATA CENTER TECHNICAL SUPPORT TECHNICIAN),melakukan backup data dan sistem
TIK.INF0304,- TEKNISI PERANGKAT (DEVICE TECHNICIAN),"orang yang bertanggung jawab untuk melakukan tugas-tugas teknis yang terkait dengan perangkat iot, mereka mungkin bertanggung jawab untuk menginstal, mengonfigurasi, dan memelihara perangkat iot. kualifikasi jenjang ini memiliki kemampuan untuk melaksanakan serangkaian tugas secara spesifik untuk memonitor kinerja sistem internet of things dengan menerjemahkan informasi dan menggunakan alat, berdasarkan sejumlah pilihan prosedur kerja, serta mampu menunjukkan kinerja dengan mutu dan kuantitas yang terukur. kualifikasi jenjang ini memiliki pengetahuan umum operasional, untuk prinsip-prinsip kerja sistem internet of things serta mampu menyelesaikan berbagai masalah yang lazim timbul sesuai tugas dan tanggung jawabnya di bidang internet of things dengan metode yang sesuai."
TIK.INF0304,- TEKNISI PERANGKAT (DEVICE TECHNICIAN),"menginstal, mengonfigurasi, dan memelihara perangkat iot"
TIK.INF0304,- TEKNISI PERANGKAT (DEVICE TECHNICIAN),melakukan perbaikan dan penggantian perangkat iot
TIK.INF0304,- TEKNISI PERANGKAT (DEVICE TECHNICIAN),bertaqwa kepada tuhan yang maha esa
TIK.INF0304,- TEKNISI PERANGKAT (DEVICE TECHNICIAN),"memiliki moral, etika dan kepribadian yang baik di dalam menyelesaikan tugasnya"
TIK.INF0304,- TEKNISI PERANGKAT (DEVICE TECHNICIAN),berperan sebagai warga negara yang bangga dan cinta tanah air serta mendukung perdamaian dunia
TIK.INF0304,- TEKNISI PERANGKAT (DEVICE TECHNICIAN),mampu bekerja sama dan memiliki kepekaan sosial dan kepedulian yang tinggi terhadap masyarakat dan lingkungannya
TIK.INF0304,- TEKNISI PERANGKAT (DEVICE TECHNICIAN),"menghargai keanekaragaman budaya, pandangan, kepercayaan, dan agama serta pendapat/temuan orisinal orang lain; dan"
TIK.INF0304,- TEKNISI PERANGKAT (DEVICE TECHNICIAN),menjunjung tinggi penegakan hukum serta memiliki semangat untuk mendahulukan kepentingan bangsa serta masyarakat luas
TIK.INF0304,- TEKNISI PERANGKAT (DEVICE TECHNICIAN),"melakukan instalasi, konfigurasi, dan pemeliharaan perangkat keras dan perangkat lunak"
TIK.INF0304,- TEKNISI PERANGKAT (DEVICE TECHNICIAN),melakukan pemantauan dan analisis kinerja perangkat
TIK.INF0304,- TEKNISI PERANGKAT (DEVICE TECHNICIAN),melakukan investigasi dan pemecahan masalah masalah perangkat
TIK.INF0304,- TEKNISI PERANGKAT (DEVICE TECHNICIAN),mendukung pengguna dengan masalah perangkat
TIK.INF0304,- TEKNISI PERANGKAT (DEVICE TECHNICIAN),mengakses dan mengontrol perangkat keras dan perangkat lunak perusahaan
TIK.INF0304,- TEKNISI PERANGKAT (DEVICE TECHNICIAN),menginstal dan menghapus perangkat keras dan perangkat lunak
TIK.INF0304,- TEKNISI PERANGKAT (DEVICE TECHNICIAN),mengganti perangkat yang rusak
TIK.INF0304,- TEKNISI PERANGKAT (DEVICE TECHNICIAN),memonitor kinerja platform iot
TIK.INF0304,- TEKNISI PERANGKAT (DEVICE TECHNICIAN),memonitor kinerja perangkat iot (device)
TIK.INF0304,- TEKNISI PERANGKAT (DEVICE TECHNICIAN),memonitor kinerja aplikasi iot
TIK.INF0304,- TEKNISI PERANGKAT (DEVICE TECHNICIAN),menguji coba desain konektivitas iot
TIK.INF0304,- TEKNISI PERANGKAT (DEVICE TECHNICIAN),menguji coba device iot
TIK.INF0304,- TEKNISI PERANGKAT (DEVICE TECHNICIAN),mengatasi terjadinya gangguan saat implementasi konektivitas iot
TIK.INF0304,- TEKNISI PERANGKAT (DEVICE TECHNICIAN),melakukan instalasi perangkat iot (device) sesuai desain
TIK.INF0304,- TEKNISI PERANGKAT (DEVICE TECHNICIAN),melakukan instalasi firmware pada perangkat (device) secara over the air (ota)
TIK.INF0304,- TEKNISI PERANGKAT (DEVICE TECHNICIAN),mengatasi gangguan saat implementasi perangkat iot (device)
TIK.INF0304,- TEKNISI PERANGKAT (DEVICE TECHNICIAN),melakukan pengambilan data measurement test konektivitas iot
TIK.INF0304,- TEKNISI PERANGKAT (DEVICE TECHNICIAN),melakukan pemeliharaan perangkat iot
TIK.INF0305,- TEKNISI JARINGAN IoT (IoT NETWORK TECHNICIAN),"orang yang bertanggung jawab untuk melakukan tugas-tugas teknis yang terkait dengan jaringan iot, mereka mungkin bertanggung jawab untuk menginstal, mengonfigurasi, dan memelihara jaringan iot. kualifikasi jenjang ini memiliki kemampuan untuk melaksanakan serangkaian tugas secara spesifik untuk memonitor kinerja sistem internet of things dengan menerjemahkan informasi dan menggunakan alat, berdasarkan sejumlah pilihan prosedur kerja, serta mampu menunjukkan kinerja dengan mutu dan kuantitas yang terukur. kualifikasi jenjang ini memiliki pengetahuan umum operasional, untuk prinsip-prinsip kerja sistem internet of things serta mampu menyelesaikan berbagai masalah yang lazim timbul sesuai tugas dan tanggung jawabnya di bidang internet of things dengan metode yang sesuai."
TIK.INF0305,- TEKNISI JARINGAN IoT (IoT NETWORK TECHNICIAN),"menginstal, mengonfigurasi, dan memelihara jaringan iot"
TIK.INF0305,- TEKNISI JARINGAN IoT (IoT NETWORK TECHNICIAN),melakukan troubleshooting masalah jaringan iot
TIK.INF0305,- TEKNISI JARINGAN IoT (IoT NETWORK TECHNICIAN),bertaqwa kepada tuhan yang maha esa
TIK.INF0305,- TEKNISI JARINGAN IoT (IoT NETWORK TECHNICIAN),"memiliki moral, etika dan kepribadian yang baik di dalam menyelesaikan tugasnya"
TIK.INF0305,- TEKNISI JARINGAN IoT (IoT NETWORK TECHNICIAN),berperan sebagai warga negara yang bangga dan cinta tanah air serta mendukung perdamaian dunia
TIK.INF0305,- TEKNISI JARINGAN IoT (IoT NETWORK TECHNICIAN),mampu bekerja sama dan memiliki kepekaan sosial dan kepedulian yang tinggi terhadap masyarakat dan lingkungannya
TIK.INF0305,- TEKNISI JARINGAN IoT (IoT NETWORK TECHNICIAN),"menghargai keanekaragaman budaya, pandangan, kepercayaan, dan agama serta pendapat/temuan orisinal orang lain; dan"
TIK.INF0305,- TEKNISI JARINGAN IoT (IoT NETWORK TECHNICIAN),menjunjung tinggi penegakan hukum serta memiliki semangat untuk mendahulukan kepentingan bangsa serta masyarakat luas
TIK.INF0305,- TEKNISI JARINGAN IoT (IoT NETWORK TECHNICIAN),"melakukan instalasi, konfigurasi, dan pemeliharaan jaringan komputer"
TIK.INF0305,- TEKNISI JARINGAN IoT (IoT NETWORK TECHNICIAN),melakukan pemantauan dan analisis kinerja jaringan
TIK.INF0305,- TEKNISI JARINGAN IoT (IoT NETWORK TECHNICIAN),melakukan investigasi dan pemecahan masalah masalah jaringan
TIK.INF0305,- TEKNISI JARINGAN IoT (IoT NETWORK TECHNICIAN),mendukung pengguna dengan masalah jaringan
TIK.INF0305,- TEKNISI JARINGAN IoT (IoT NETWORK TECHNICIAN),mengakses dan mengontrol jaringan komputer perusahaan
TIK.INF0305,- TEKNISI JARINGAN IoT (IoT NETWORK TECHNICIAN),menginstal dan menghapus perangkat jaringan
TIK.INF0305,- TEKNISI JARINGAN IoT (IoT NETWORK TECHNICIAN),mengubah konfigurasi jaringan
TIK.INF0305,- TEKNISI JARINGAN IoT (IoT NETWORK TECHNICIAN),memonitor kinerja platform iot
TIK.INF0305,- TEKNISI JARINGAN IoT (IoT NETWORK TECHNICIAN),memonitor kinerja perangkat iot (device)
TIK.INF0305,- TEKNISI JARINGAN IoT (IoT NETWORK TECHNICIAN),memonitor kinerja aplikasi iot
TIK.INF0305,- TEKNISI JARINGAN IoT (IoT NETWORK TECHNICIAN),menguji coba desain konektivitas iot
TIK.INF0305,- TEKNISI JARINGAN IoT (IoT NETWORK TECHNICIAN),menguji coba device iot
TIK.INF0305,- TEKNISI JARINGAN IoT (IoT NETWORK TECHNICIAN),mengatasi terjadinya gangguan saat implementasi konektivitas iot
TIK.INF0305,- TEKNISI JARINGAN IoT (IoT NETWORK TECHNICIAN),melakukan instalasi perangkat iot (device) sesuai desain
TIK.INF0305,- TEKNISI JARINGAN IoT (IoT NETWORK TECHNICIAN),melakukan instalasi firmware pada perangkat (device) secara over the air (ota)
TIK.INF0305,- TEKNISI JARINGAN IoT (IoT NETWORK TECHNICIAN),mengatasi gangguan saat implementasi perangkat iot (device)
TIK.INF0305,- TEKNISI JARINGAN IoT (IoT NETWORK TECHNICIAN),melakukan pengambilan data measurement test konektivitas iot
TIK.INF0305,- TEKNISI JARINGAN IoT (IoT NETWORK TECHNICIAN),melakukan pemeliharaan perangkat iot
TIK.INF0306,- TEKNISI PLATFORM (PLATFORM TECHNICIAN),"orang yang bertanggung jawab untuk melakukan tugas-tugas teknis yang terkait dengan platform iot, mereka mungkin bertanggung jawab untuk menginstal, mengonfigurasi, dan memelihara platform iot. kualifikasi jenjang ini memiliki kemampuan untuk melaksanakan serangkaian tugas secara spesifik untuk memonitor kinerja sistem internet of things dengan menerjemahkan informasi dan menggunakan alat, berdasarkan sejumlah pilihan prosedur kerja, serta mampu menunjukkan kinerja dengan mutu dan kuantitas yang terukur. kualifikasi jenjang ini memiliki pengetahuan umum operasional, untuk prinsip-prinsip kerja sistem internet of things serta mampu menyelesaikan berbagai masalah yang lazim timbul sesuai tugas dan tanggung jawabnya di bidang internet of things dengan metode yang sesuai."
TIK.INF0306,- TEKNISI PLATFORM (PLATFORM TECHNICIAN),"menginstal, mengonfigurasi, dan memelihara platform iot"
TIK.INF0306,- TEKNISI PLATFORM (PLATFORM TECHNICIAN),melakukan troubleshooting masalah platform iot
TIK.INF0306,- TEKNISI PLATFORM (PLATFORM TECHNICIAN),bertaqwa kepada tuhan yang maha esa
TIK.INF0306,- TEKNISI PLATFORM (PLATFORM TECHNICIAN),"memiliki moral, etika dan kepribadian yang baik di dalam menyelesaikan tugasnya"
TIK.INF0306,- TEKNISI PLATFORM (PLATFORM TECHNICIAN),berperan sebagai warga negara yang bangga dan cinta tanah air serta mendukung perdamaian dunia
TIK.INF0306,- TEKNISI PLATFORM (PLATFORM TECHNICIAN),mampu bekerja sama dan memiliki kepekaan sosial dan kepedulian yang tinggi terhadap masyarakat dan lingkungannya
TIK.INF0306,- TEKNISI PLATFORM (PLATFORM TECHNICIAN),"menghargai keanekaragaman budaya, pandangan, kepercayaan, dan agama serta pendapat/temuan orisinal orang lain; dan"
TIK.INF0306,- TEKNISI PLATFORM (PLATFORM TECHNICIAN),menjunjung tinggi penegakan hukum serta memiliki semangat untuk mendahulukan kepentingan bangsa serta masyarakat luas
TIK.INF0306,- TEKNISI PLATFORM (PLATFORM TECHNICIAN),"melakukan instalasi, konfigurasi, dan pemeliharaan platform perangkat lunak"
TIK.INF0306,- TEKNISI PLATFORM (PLATFORM TECHNICIAN),melakukan pemantauan dan analisis kinerja platform
TIK.INF0306,- TEKNISI PLATFORM (PLATFORM TECHNICIAN),melakukan investigasi dan pemecahan masalah masalah platform
TIK.INF0306,- TEKNISI PLATFORM (PLATFORM TECHNICIAN),mendukung pengguna dengan masalah platform
TIK.INF0306,- TEKNISI PLATFORM (PLATFORM TECHNICIAN),mengakses dan mengontrol platform perangkat lunak perusahaan
TIK.INF0306,- TEKNISI PLATFORM (PLATFORM TECHNICIAN),menginstal dan menghapus perangkat lunak platform
TIK.INF0306,- TEKNISI PLATFORM (PLATFORM TECHNICIAN),mengubah konfigurasi platform
TIK.INF0306,- TEKNISI PLATFORM (PLATFORM TECHNICIAN),memonitor kinerja platform iot
TIK.INF0306,- TEKNISI PLATFORM (PLATFORM TECHNICIAN),memonitor kinerja perangkat iot (device)
TIK.INF0306,- TEKNISI PLATFORM (PLATFORM TECHNICIAN),memonitor kinerja aplikasi iot
TIK.INF0306,- TEKNISI PLATFORM (PLATFORM TECHNICIAN),menguji coba desain platform iot
TIK.INF0306,- TEKNISI PLATFORM (PLATFORM TECHNICIAN),menguji coba aplikasi iot
TIK.INF0306,- TEKNISI PLATFORM (PLATFORM TECHNICIAN),membuat dan mengoperasikan iot on premise dan hybrid
TIK.INF0306,- TEKNISI PLATFORM (PLATFORM TECHNICIAN),mengatasi terjadinya gangguan saat implementasi platform iot
TIK.INF0306,- TEKNISI PLATFORM (PLATFORM TECHNICIAN),melakukan instalasi firmware pada perangkat (device) secara over the air (ota)
TIK.INF0306,- TEKNISI PLATFORM (PLATFORM TECHNICIAN),mengimplementasi aplikasi iot berbasis mobile ( 2020-300
TIK.INF0306,- TEKNISI PLATFORM (PLATFORM TECHNICIAN),mengatasi terjadinya gangguan saat implementasi aplikasi iot
TIK.INF0306,- TEKNISI PLATFORM (PLATFORM TECHNICIAN),memelihara kinerja platform iot
TIK.INF0306,- TEKNISI PLATFORM (PLATFORM TECHNICIAN),memelihara kinerja aplikasi iot
TIK.INF0307,- TEKNISI KEAMANAN (SECURITY TECHNICIAN),"orang yang bertanggung jawab untuk melakukan tugas-tugas teknis yang terkait dengan keamanan iot, mereka mungkin bertanggung jawab untuk menginstal perangkat lunak dan firmware keamanan, mengonfigurasi sistem keamanan, dan menanggapi insiden keamanan. kualifikasi jenjang ini memiliki kemampuan untuk melaksanakan serangkaian tugas secara spesifik untuk memonitor kinerja sistem internet of things dengan menerjemahkan informasi dan menggunakan alat, berdasarkan sejumlah pilihan prosedur kerja, serta mampu menunjukkan kinerja dengan mutu dan kuantitas yang terukur. kualifikasi jenjang ini memiliki pengetahuan umum operasional, untuk prinsip-prinsip kerja sistem internet of things serta mampu menyelesaikan berbagai masalah yang lazim timbul sesuai tugas dan tanggung jawabnya di bidang internet of things dengan metode yang sesuai."
TIK.INF0307,- TEKNISI KEAMANAN (SECURITY TECHNICIAN),konfigurasi perangkat lunak dan firmware keamanan iot
TIK.INF0307,- TEKNISI KEAMANAN (SECURITY TECHNICIAN),tes keamanan untuk aplikasi dan perangkat iot
TIK.INF0307,- TEKNISI KEAMANAN (SECURITY TECHNICIAN),bertaqwa kepada tuhan yang maha esa
TIK.INF0307,- TEKNISI KEAMANAN (SECURITY TECHNICIAN),"memiliki moral, etika dan kepribadian yang baik di dalam menyelesaikan tugasnya"
TIK.INF0307,- TEKNISI KEAMANAN (SECURITY TECHNICIAN),berperan sebagai warga negara yang bangga dan cinta tanah air serta mendukung perdamaian dunia
TIK.INF0307,- TEKNISI KEAMANAN (SECURITY TECHNICIAN),mampu bekerja sama dan memiliki kepekaan sosial dan kepedulian yang tinggi terhadap masyarakat dan lingkungannya
TIK.INF0307,- TEKNISI KEAMANAN (SECURITY TECHNICIAN),"menghargai keanekaragaman budaya, pandangan, kepercayaan, dan agama serta pendapat/temuan orisinal orang lain; dan"
TIK.INF0307,- TEKNISI KEAMANAN (SECURITY TECHNICIAN),menjunjung tinggi penegakan hukum serta memiliki semangat untuk mendahulukan kepentingan bangsa serta masyarakat luas
TIK.INF0307,- TEKNISI KEAMANAN (SECURITY TECHNICIAN),"melakukan instalasi, konfigurasi, dan pemeliharaan perangkat dan perangkat lunak keamanan"
TIK.INF0307,- TEKNISI KEAMANAN (SECURITY TECHNICIAN),melakukan pemantauan dan analisis lalu lintas jaringan untuk mengidentifikasi ancaman keamanan
TIK.INF0307,- TEKNISI KEAMANAN (SECURITY TECHNICIAN),melakukan investigasi insiden keamanan
TIK.INF0307,- TEKNISI KEAMANAN (SECURITY TECHNICIAN),mendukung pengguna dengan masalah keamanan
TIK.INF0307,- TEKNISI KEAMANAN (SECURITY TECHNICIAN),mengakses dan mengontrol sistem dan data perusahaan
TIK.INF0307,- TEKNISI KEAMANAN (SECURITY TECHNICIAN),menginstal dan menghapus perangkat dan perangkat lunak keamanan
TIK.INF0307,- TEKNISI KEAMANAN (SECURITY TECHNICIAN),menonaktifkan akun pengguna
TIK.INF0307,- TEKNISI KEAMANAN (SECURITY TECHNICIAN),memonitor kinerja platform iot
TIK.INF0307,- TEKNISI KEAMANAN (SECURITY TECHNICIAN),memonitor kinerja perangkat iot (device)
TIK.INF0307,- TEKNISI KEAMANAN (SECURITY TECHNICIAN),memonitor kinerja aplikasi iot
TIK.INF0307,- TEKNISI KEAMANAN (SECURITY TECHNICIAN),menerapkan perimeter keamanan pada perangkat iot
TIK.INF0307,- TEKNISI KEAMANAN (SECURITY TECHNICIAN),mengaplikasikan patch keamanan pada perangkat iot
TIK.INF0308,- TEKNISI APLIKASI (APPLICATION TECHNICIAN),"orang yang bertanggung jawab untuk melakukan tugas-tugas teknis yang terkait dengan aplikasi iot, mereka mungkin bertanggung jawab untuk menginstal, mengonfigurasi, dan memelihara aplikasi iot. kualifikasi jenjang ini memiliki kemampuan untuk melaksanakan serangkaian tugas secara spesifik untuk memonitor kinerja sistem internet of things dengan menerjemahkan informasi dan menggunakan alat, berdasarkan sejumlah pilihan prosedur kerja, serta mampu menunjukkan kinerja dengan mutu dan kuantitas yang terukur. kualifikasi jenjang ini memiliki pengetahuan umum operasional, untuk prinsip-prinsip kerja sistem internet of things serta mampu menyelesaikan berbagai masalah yang lazim timbul sesuai tugas dan tanggung jawabnya di bidang internet of things dengan metode yang sesuai."
TIK.INF0308,- TEKNISI APLIKASI (APPLICATION TECHNICIAN),"menginstal, mengonfigurasi, dan memelihara aplikasi iot"
TIK.INF0308,- TEKNISI APLIKASI (APPLICATION TECHNICIAN),melakukan troubleshooting masalah aplikasi iot
TIK.INF0308,- TEKNISI APLIKASI (APPLICATION TECHNICIAN),bertaqwa kepada tuhan yang maha esa
TIK.INF0308,- TEKNISI APLIKASI (APPLICATION TECHNICIAN),"memiliki moral, etika dan kepribadian yang baik di dalam menyelesaikan tugasnya"
TIK.INF0308,- TEKNISI APLIKASI (APPLICATION TECHNICIAN),berperan sebagai warga negara yang bangga dan cinta tanah air serta mendukung perdamaian dunia
TIK.INF0308,- TEKNISI APLIKASI (APPLICATION TECHNICIAN),mampu bekerja sama dan memiliki kepekaan sosial dan kepedulian yang tinggi terhadap masyarakat dan lingkungannya
TIK.INF0308,- TEKNISI APLIKASI (APPLICATION TECHNICIAN),"menghargai keanekaragaman budaya, pandangan, kepercayaan, dan agama serta pendapat/temuan orisinal orang lain; dan"
TIK.INF0308,- TEKNISI APLIKASI (APPLICATION TECHNICIAN),menjunjung tinggi penegakan hukum serta memiliki semangat untuk mendahulukan kepentingan bangsa serta masyarakat luas
TIK.INF0308,- TEKNISI APLIKASI (APPLICATION TECHNICIAN),"melakukan instalasi, konfigurasi, dan pemeliharaan aplikasi perangkat lunak"
TIK.INF0308,- TEKNISI APLIKASI (APPLICATION TECHNICIAN),melakukan pemantauan dan analisis kinerja aplikasi
TIK.INF0308,- TEKNISI APLIKASI (APPLICATION TECHNICIAN),melakukan investigasi dan pemecahan masalah masalah aplikasi
TIK.INF0308,- TEKNISI APLIKASI (APPLICATION TECHNICIAN),mendukung pengguna dengan masalah aplikasi
TIK.INF0308,- TEKNISI APLIKASI (APPLICATION TECHNICIAN),mengakses dan mengontrol aplikasi perangkat lunak perusahaan
TIK.INF0308,- TEKNISI APLIKASI (APPLICATION TECHNICIAN),menginstal dan menghapus perangkat lunak aplikasi
TIK.INF0308,- TEKNISI APLIKASI (APPLICATION TECHNICIAN),mengubah konfigurasi aplikasi
TIK.INF0308,- TEKNISI APLIKASI (APPLICATION TECHNICIAN),"melakukan pemantauan, analisis, investigasi, dan pemecahan masalah masalah aplikasi"
TIK.INF0308,- TEKNISI APLIKASI (APPLICATION TECHNICIAN),memonitor kinerja platform iot
TIK.INF0308,- TEKNISI APLIKASI (APPLICATION TECHNICIAN),memonitor kinerja perangkat iot (device)
TIK.INF0308,- TEKNISI APLIKASI (APPLICATION TECHNICIAN),memonitor kinerja aplikasi iot
TIK.INF0308,- TEKNISI APLIKASI (APPLICATION TECHNICIAN),menguji coba desain platform iot
TIK.INF0308,- TEKNISI APLIKASI (APPLICATION TECHNICIAN),menguji coba aplikasi iot
TIK.INF0308,- TEKNISI APLIKASI (APPLICATION TECHNICIAN),membuat dan mengoperasikan iot on premise dan hybrid
TIK.INF0308,- TEKNISI APLIKASI (APPLICATION TECHNICIAN),mengatasi terjadinya gangguan saat implementasi platform iot
TIK.INF0308,- TEKNISI APLIKASI (APPLICATION TECHNICIAN),melakukan instalasi firmware pada perangkat (device) secara over the air (ota)
TIK.INF0308,- TEKNISI APLIKASI (APPLICATION TECHNICIAN),mengimplementasi aplikasi iot berbasis mobile
TIK.INF0308,- TEKNISI APLIKASI (APPLICATION TECHNICIAN),mengatasi terjadinya gangguan saat implementasi aplikasi iot
TIK.INF0308,- TEKNISI APLIKASI (APPLICATION TECHNICIAN),memelihara kinerja platform iot
TIK.INF0308,- TEKNISI APLIKASI (APPLICATION TECHNICIAN),memelihara kinerja aplikasi iot
TIK.INF0201,STAF OPERATOR KOMPUTER PERSONAL (PERSONAL COMPUTER OPERATOR STAFF),"orang yang mengoperasikan komputer pribadi untuk melakukan berbagai tugas. staf operator komputer personal harus mampu menggunakan berbagai program aplikasi, mengelola data dengan baik, dan menggunakan internet secara efektif."
TIK.INF0201,STAF OPERATOR KOMPUTER PERSONAL (PERSONAL COMPUTER OPERATOR STAFF),bidang jaringan komputer
TIK.INF0201,STAF OPERATOR KOMPUTER PERSONAL (PERSONAL COMPUTER OPERATOR STAFF),bidang teknisi komputer
TIK.INF0201,STAF OPERATOR KOMPUTER PERSONAL (PERSONAL COMPUTER OPERATOR STAFF),keterampilan teknis
TIK.INF0201,STAF OPERATOR KOMPUTER PERSONAL (PERSONAL COMPUTER OPERATOR STAFF),komunikatif
TIK.INF0201,STAF OPERATOR KOMPUTER PERSONAL (PERSONAL COMPUTER OPERATOR STAFF),mudah beradaptasi
TIK.INF0201,STAF OPERATOR KOMPUTER PERSONAL (PERSONAL COMPUTER OPERATOR STAFF),menginstal program aplikasi baru
TIK.INF0201,STAF OPERATOR KOMPUTER PERSONAL (PERSONAL COMPUTER OPERATOR STAFF),membantu pengguna dengan masalah komputer
TIK.INF0201,STAF OPERATOR KOMPUTER PERSONAL (PERSONAL COMPUTER OPERATOR STAFF),membuat laporan data
TIK.INF0201,STAF OPERATOR KOMPUTER PERSONAL (PERSONAL COMPUTER OPERATOR STAFF),mengelola sistem jaringan
TIK.INF0201,STAF OPERATOR KOMPUTER PERSONAL (PERSONAL COMPUTER OPERATOR STAFF),memperbaiki komputer yang rusak
TIK.INF0201,STAF OPERATOR KOMPUTER PERSONAL (PERSONAL COMPUTER OPERATOR STAFF),mengidentifikasi perangkat penyusun komputer
TIK.INF0201,STAF OPERATOR KOMPUTER PERSONAL (PERSONAL COMPUTER OPERATOR STAFF),mengidentifikasi spesifikasi perangkat komputer
TIK.INF0201,STAF OPERATOR KOMPUTER PERSONAL (PERSONAL COMPUTER OPERATOR STAFF),memasang hard disk
TIK.INF0201,STAF OPERATOR KOMPUTER PERSONAL (PERSONAL COMPUTER OPERATOR STAFF),memasang memory
TIK.INF0201,STAF OPERATOR KOMPUTER PERSONAL (PERSONAL COMPUTER OPERATOR STAFF),memasang prosesor
TIK.INF0202,- STAF TEKNISI DUKUNGAN JARINGAN (NETWORK SUPPORT TECHNICIAN STAFF),"orang yang melaksanakan tugas-tugas teknis dalam mendukung operasional jaringan komputer, baik jaringan lokal (lan), jaringan area luas (wan), maupun jaringan nirkabel (wlan)."
TIK.INF0202,- STAF TEKNISI DUKUNGAN JARINGAN (NETWORK SUPPORT TECHNICIAN STAFF),pemasangan dan konfigurasi jaringan
TIK.INF0202,- STAF TEKNISI DUKUNGAN JARINGAN (NETWORK SUPPORT TECHNICIAN STAFF),pemeliharaan dan perbaikan jaringan
TIK.INF0202,- STAF TEKNISI DUKUNGAN JARINGAN (NETWORK SUPPORT TECHNICIAN STAFF),teliti
TIK.INF0202,- STAF TEKNISI DUKUNGAN JARINGAN (NETWORK SUPPORT TECHNICIAN STAFF),cermat
TIK.INF0202,- STAF TEKNISI DUKUNGAN JARINGAN (NETWORK SUPPORT TECHNICIAN STAFF),bertanggung jawab
TIK.INF0202,- STAF TEKNISI DUKUNGAN JARINGAN (NETWORK SUPPORT TECHNICIAN STAFF),mampu bekerja di bawah tekanan
TIK.INF0202,- STAF TEKNISI DUKUNGAN JARINGAN (NETWORK SUPPORT TECHNICIAN STAFF),mampu bekerja sama dalam tim
TIK.INF0202,- STAF TEKNISI DUKUNGAN JARINGAN (NETWORK SUPPORT TECHNICIAN STAFF),memasang dan mengonfigurasi perangkat jaringan
TIK.INF0202,- STAF TEKNISI DUKUNGAN JARINGAN (NETWORK SUPPORT TECHNICIAN STAFF),memelihara dan memperbaiki perangkat jaringan
TIK.INF0202,- STAF TEKNISI DUKUNGAN JARINGAN (NETWORK SUPPORT TECHNICIAN STAFF),mengoperasikan dan memantau jaringan
TIK.INF0202,- STAF TEKNISI DUKUNGAN JARINGAN (NETWORK SUPPORT TECHNICIAN STAFF),menangani gangguan jaringan
TIK.INF0202,- STAF TEKNISI DUKUNGAN JARINGAN (NETWORK SUPPORT TECHNICIAN STAFF),mendokumentasikan informasi tentang jaringan
TIK.INF0202,- STAF TEKNISI DUKUNGAN JARINGAN (NETWORK SUPPORT TECHNICIAN STAFF),meminta dan menggunakan sumber daya yang diperlukan untuk menyelesaikan tugas-tugasnya
TIK.INF0202,- STAF TEKNISI DUKUNGAN JARINGAN (NETWORK SUPPORT TECHNICIAN STAFF),mengambil tindakan yang diperlukan untuk menangani gangguan jaringan
TIK.INF0202,- STAF TEKNISI DUKUNGAN JARINGAN (NETWORK SUPPORT TECHNICIAN STAFF),memberikan saran dan rekomendasi kepada atasan tentang masalah jaringan
TIK.INF0202,- STAF TEKNISI DUKUNGAN JARINGAN (NETWORK SUPPORT TECHNICIAN STAFF),menyiapkan kabel jaringan
TIK.INF0202,- STAF TEKNISI DUKUNGAN JARINGAN (NETWORK SUPPORT TECHNICIAN STAFF),memasang kabel jaringan
TIK.INF0202,- STAF TEKNISI DUKUNGAN JARINGAN (NETWORK SUPPORT TECHNICIAN STAFF),memasang jaringan nirkabel
TIK.INF0203,OPERATOR IoT (IoT OPERATOR),"orang yang bertanggung jawab untuk mengoperasikan sistem dan perangkat iot, mereka mungkin bertanggung jawab untuk memantau sistem iot, menanggapi insiden, dan memberikan dukungan kepada pengguna. kualifikasi jenjang ini memiliki kemampuan untuk memonitor tugas spesifik sistem internet of things di bawah pengawasan langsung atasannya. kualifikasi jenjang ini memiliki pengetahuan penggunaan sistem internet of things yang bersifat faktual dan dasar, serta mampu menyelesaikan masalah yang lazim timbul sesuai tugas dan tanggung jawabnya."
TIK.INF0203,OPERATOR IoT (IoT OPERATOR),pemantauan sistem dan perangkat iot untuk memastikan berjalan dengan lancar
TIK.INF0203,OPERATOR IoT (IoT OPERATOR),respon terhadap insiden dan dukungan kepada pengguna
TIK.INF0203,OPERATOR IoT (IoT OPERATOR),bertaqwa kepada tuhan yang maha esa
TIK.INF0203,OPERATOR IoT (IoT OPERATOR),"memiliki moral, etika dan kepribadian yang baik di dalam menyelesaikan tugasnya"
TIK.INF0203,OPERATOR IoT (IoT OPERATOR),berperan sebagai warga negara yang bangga dan cinta tanah air serta mendukung perdamaian dunia
TIK.INF0203,OPERATOR IoT (IoT OPERATOR),mampu bekerja sama dan memiliki kepekaan sosial dan kepedulian yang tinggi terhadap masyarakat dan lingkungannya
TIK.INF0203,OPERATOR IoT (IoT OPERATOR),"menghargai keanekaragaman budaya, pandangan, kepercayaan, dan agama serta pendapat/temuan orisinal orang lain; dan"
TIK.INF0203,OPERATOR IoT (IoT OPERATOR),menjunjung tinggi penegakan hukum serta memiliki semangat untuk mendahulukan kepentingan bangsa serta masyarakat luas
TIK.INF0203,OPERATOR IoT (IoT OPERATOR),"melakukan instalasi, konfigurasi, dan pemeliharaan perangkat dan jaringan iot"
TIK.INF0203,OPERATOR IoT (IoT OPERATOR),melakukan pemantauan dan analisis data iot
TIK.INF0203,OPERATOR IoT (IoT OPERATOR),melakukan investigasi dan pemecahan masalah masalah iot
TIK.INF0203,OPERATOR IoT (IoT OPERATOR),mendukung pengguna dengan masalah iot
TIK.INF0203,OPERATOR IoT (IoT OPERATOR),mengakses dan mengontrol perangkat dan jaringan iot perusahaan
TIK.INF0203,OPERATOR IoT (IoT OPERATOR),menginstal dan menghapus perangkat iot
TIK.INF0203,OPERATOR IoT (IoT OPERATOR),mengubah konfigurasi jaringan iot
TIK.INF0203,OPERATOR IoT (IoT OPERATOR),memonitor kinerja perangkat iot (device)
TIK.INF0203,OPERATOR IoT (IoT OPERATOR),membuat dan mengoperasikan iot on premise dan hybrid
TIK.INF0203,OPERATOR IoT (IoT OPERATOR),melakukan pengambilan data measurement test konektivitas iot
TIK.INF0203,OPERATOR IoT (IoT OPERATOR),memonitor kinerja platform iot
TIK.INF0203,OPERATOR IoT (IoT OPERATOR),memonitor kinerja aplikasi iot
TIK.SRV0801,KEPALA MANAJEMEN LAYANAN TI (LEAD IT SERVICES MANAGEMENT),"orang yang mampu mengembangkan pengetahuan, teknologi, dan/atau seni di dalam bidang manajemen layanan teknologi informasi atau praktik profesionalnya melalui riset, hingga menghasilkan karya inovatif dan teruji. mampu memecahkan permasalahan ilmu pengetahuan, teknologi, dan/atau seni di dalam bidang manajemen layanan teknologi informasi melalui pendekatan inter atau multidisipliner. mampu mengelola riset dan pengembangan yang bermanfaat secara khusus bagi institusinya dan secara umum bagi masyarakat serta bidang keilmuannya. nama lain okupasi: wakil presiden operasi dan layanan (vp operation and services)"
TIK.SRV0801,KEPALA MANAJEMEN LAYANAN TI (LEAD IT SERVICES MANAGEMENT),bidang layanan teknologi informasi (ti)
TIK.SRV0801,KEPALA MANAJEMEN LAYANAN TI (LEAD IT SERVICES MANAGEMENT),bidang manajemen teknologi informasi (ti)
TIK.SRV0801,KEPALA MANAJEMEN LAYANAN TI (LEAD IT SERVICES MANAGEMENT),"teliti dalam menentukan ruang lingkup, menganalisis penilaian risiko,mendokumentasikan hasil identifikasi kebutuhan dan tujuan layanan ti, memantau dan menganalisis data event dalam sistem, dalam menganalisis data keberlangsungan layanan, dan menganalisis data rekomendasi perbaikan dan rencana aksi perbaikan"
TIK.SRV0801,KEPALA MANAJEMEN LAYANAN TI (LEAD IT SERVICES MANAGEMENT),"objektif dalam menentukan tujuan, melakukan penilaian risiko, mendokumentasikan hasil identifikasi kebutuhan dan tujuan layanan ti, mengambil tindakan berdasarkan analisis data event, melaksanakan rencana sesuai dengan analisis data keberlangsungan layanan, dan melakukan pengukuran dan penilaian perbaikan"
TIK.SRV0801,KEPALA MANAJEMEN LAYANAN TI (LEAD IT SERVICES MANAGEMENT),asertif dalam berkomunikasi dengan pihak terkait
TIK.SRV0801,KEPALA MANAJEMEN LAYANAN TI (LEAD IT SERVICES MANAGEMENT),mengembangkan dan mengimplementasikan strategi operasi dan layanan
TIK.SRV0801,KEPALA MANAJEMEN LAYANAN TI (LEAD IT SERVICES MANAGEMENT),mengelola tim operasi dan layanan
TIK.SRV0801,KEPALA MANAJEMEN LAYANAN TI (LEAD IT SERVICES MANAGEMENT),menjaga kualitas produk dan layanan
TIK.SRV0801,KEPALA MANAJEMEN LAYANAN TI (LEAD IT SERVICES MANAGEMENT),meningkatkan efisiensi dan efektivitas operasi
TIK.SRV0801,KEPALA MANAJEMEN LAYANAN TI (LEAD IT SERVICES MANAGEMENT),memenuhi kebutuhan pelanggan
TIK.SRV0801,KEPALA MANAJEMEN LAYANAN TI (LEAD IT SERVICES MANAGEMENT),mengambil keputusan terkait operasi dan layanan
TIK.SRV0801,KEPALA MANAJEMEN LAYANAN TI (LEAD IT SERVICES MANAGEMENT),mengelola anggaran dan sumber daya
TIK.SRV0801,KEPALA MANAJEMEN LAYANAN TI (LEAD IT SERVICES MANAGEMENT),mengembangkan dan memantau kebijakan dan prosedur
TIK.SRV0801,KEPALA MANAJEMEN LAYANAN TI (LEAD IT SERVICES MANAGEMENT),memberikan pelatihan dan pengembangan bagi tim operasi dan layanan
TIK.SRV0801,KEPALA MANAJEMEN LAYANAN TI (LEAD IT SERVICES MANAGEMENT),bernegosiasi dengan pemangku kepentingan
TIK.SRV0801,KEPALA MANAJEMEN LAYANAN TI (LEAD IT SERVICES MANAGEMENT),menentukan tujuan dan ruang lingkup layanan teknologi informasi
TIK.SRV0801,KEPALA MANAJEMEN LAYANAN TI (LEAD IT SERVICES MANAGEMENT),menyusun rencana pelaksanaan manajemen layanan teknologi informasi
TIK.SRV0801,KEPALA MANAJEMEN LAYANAN TI (LEAD IT SERVICES MANAGEMENT),menyusun katalog layanan teknologi informasi
TIK.SRV0801,KEPALA MANAJEMEN LAYANAN TI (LEAD IT SERVICES MANAGEMENT),menyusun manajemen konfigurasi layanan teknologi informasi
TIK.SRV0801,KEPALA MANAJEMEN LAYANAN TI (LEAD IT SERVICES MANAGEMENT),membuat prosedur manajemen layanan teknologi informasi
TIK.SRV0801,KEPALA MANAJEMEN LAYANAN TI (LEAD IT SERVICES MANAGEMENT),menyusun rekomendasi perbaikan berkelanjutan manajemen layanan teknologi informasi
TIK.SRV0801,KEPALA MANAJEMEN LAYANAN TI (LEAD IT SERVICES MANAGEMENT),memfinalisasikan arsitektur teknologi
TIK.SRV0801,KEPALA MANAJEMEN LAYANAN TI (LEAD IT SERVICES MANAGEMENT),menyusun perbaikan berkelanjutan dalam pelaksanaan manajemen layanan teknologi informasi
TIK.SRV0801,KEPALA MANAJEMEN LAYANAN TI (LEAD IT SERVICES MANAGEMENT),memfinalisasikan arsitektur data
TIK.SRV0801,KEPALA MANAJEMEN LAYANAN TI (LEAD IT SERVICES MANAGEMENT),memfinalisasikan arsitektur aplikasi
TIK.SRV0701,MANAJER LAYANAN TI (IT SERVICE MANAGER),"orang yang bertanggung jawab untuk mengelola dan memberikan layanan ti kepada organisasi. mereka bertanggung jawab untuk memastikan bahwa layanan ti memenuhi kebutuhan bisnis, dan bahwa layanan tersebut dapat diakses dan digunakan secara efisien dan efektif oleh pengguna."
TIK.SRV0701,MANAJER LAYANAN TI (IT SERVICE MANAGER),manajemen operasi layanan ti
TIK.SRV0701,MANAJER LAYANAN TI (IT SERVICE MANAGER),manajemen tata kelola layanan ti
TIK.SRV0701,MANAJER LAYANAN TI (IT SERVICE MANAGER),"teliti dalam menganalisis potensi risiko, menetapkan atribut dan informasi yang relevan untuk item konfigurasi, dan mendokumentasikan hasil identifikasi kebutuhan dan tujuan layanan ti"
TIK.SRV0701,MANAJER LAYANAN TI (IT SERVICE MANAGER),"objektif dalam melakukan penilaian risiko, melakukan penilaian risiko, membuat kebijakan untuk manajemen konfigurasi, dan mendokumentasikan hasil identifikasi kebutuhan dan tujuan layanan ti"
TIK.SRV0701,MANAJER LAYANAN TI (IT SERVICE MANAGER),asertif dalam berkomunikasi dengan pihak terkait
TIK.SRV0701,MANAJER LAYANAN TI (IT SERVICE MANAGER),mendefinisikan dan mengelola persyaratan layanan ti
TIK.SRV0701,MANAJER LAYANAN TI (IT SERVICE MANAGER),mengembangkan dan mengelola strategi layanan ti
TIK.SRV0701,MANAJER LAYANAN TI (IT SERVICE MANAGER),mengelola implementasi dan operasi layanan ti
TIK.SRV0701,MANAJER LAYANAN TI (IT SERVICE MANAGER),mengembangkan dan mengelola sumber daya layanan ti
TIK.SRV0701,MANAJER LAYANAN TI (IT SERVICE MANAGER),mendelegasikan tugas kepada tim
TIK.SRV0701,MANAJER LAYANAN TI (IT SERVICE MANAGER),membuat keputusan tentang layanan ti
TIK.SRV0701,MANAJER LAYANAN TI (IT SERVICE MANAGER),mengembangkan dan menerapkan kebijakan dan prosedur layanan ti
TIK.SRV0701,MANAJER LAYANAN TI (IT SERVICE MANAGER),mengelola anggaran layanan ti
TIK.SRV0701,MANAJER LAYANAN TI (IT SERVICE MANAGER),menyusun rencana pelaksanaan manajemen layanan teknologi informasi
TIK.SRV0701,MANAJER LAYANAN TI (IT SERVICE MANAGER),menyusun katalog layanan teknologi informasi
TIK.SRV0701,MANAJER LAYANAN TI (IT SERVICE MANAGER),menyusun manajemen konfigurasi layanan teknologi informasi
TIK.SRV0701,MANAJER LAYANAN TI (IT SERVICE MANAGER),membuat prosedur manajemen layanan teknologi informasi
TIK.SRV0701,MANAJER LAYANAN TI (IT SERVICE MANAGER),menerapkan pengelolaan kapasitas dan ketersediaan layanan teknologi informasi
TIK.SRV0701,MANAJER LAYANAN TI (IT SERVICE MANAGER),menerapkan pengelolaan event dan pemantauan
TIK.SRV0701,MANAJER LAYANAN TI (IT SERVICE MANAGER),menyusun perbaikan berkelanjutan dalam pelaksanaan manajemen layanan teknologi informasi
TIK.SRV0702,MANAJER TI (IT MANAGER),orang yang bertanggung jawab untuk mengelola dan mengoordinasikan tim dukungan operasi ti.
TIK.SRV0702,MANAJER TI (IT MANAGER),manajemen operasi layanan ti
TIK.SRV0702,MANAJER TI (IT MANAGER),manajemen tata kelola layanan ti
TIK.SRV0702,MANAJER TI (IT MANAGER),"teliti dalam menganalisis potensi risiko, menetapkan atribut dan informasi yang relevan untuk item konfigurasi, dan mendokumentasikan hasil identifikasi kebutuhan dan tujuan layanan ti"
TIK.SRV0702,MANAJER TI (IT MANAGER),"objektif dalam melakukan penilaian risiko, melakukan penilaian risiko, membuat kebijakan untuk manajemen konfigurasi, dan mendokumentasikan hasil identifikasi kebutuhan dan tujuan layanan ti"
TIK.SRV0702,MANAJER TI (IT MANAGER),asertif dalam berkomunikasi dengan pihak terkait
TIK.SRV0702,MANAJER TI (IT MANAGER),mengelola tim dukungan operasi ti
TIK.SRV0702,MANAJER TI (IT MANAGER),menentukan dan menerapkan kebijakan dan prosedur operasi ti
TIK.SRV0702,MANAJER TI (IT MANAGER),memantau dan mengelola sistem dan infrastruktur ti
TIK.SRV0702,MANAJER TI (IT MANAGER),menangani insiden dan masalah ti
TIK.SRV0702,MANAJER TI (IT MANAGER),meningkatkan efisiensi dan efektivitas operasi ti
TIK.SRV0702,MANAJER TI (IT MANAGER),mendelegasikan tugas dan tanggung jawab kepada anggota tim
TIK.SRV0702,MANAJER TI (IT MANAGER),mengambil keputusan terkait operasi ti
TIK.SRV0702,MANAJER TI (IT MANAGER),menganggarkan dan mengelola sumber daya ti
TIK.SRV0702,MANAJER TI (IT MANAGER),bernegosiasi dengan vendor ti
TIK.SRV0702,MANAJER TI (IT MANAGER),menyusun rencana pelaksanaan manajemen layanan teknologi informasi
TIK.SRV0702,MANAJER TI (IT MANAGER),menyusun katalog layanan teknologi informasi
TIK.SRV0702,MANAJER TI (IT MANAGER),menyusun manajemen konfigurasi layanan teknologi informasi
TIK.SRV0702,MANAJER TI (IT MANAGER),membuat prosedur manajemen layanan teknologi informasi
TIK.SRV0702,MANAJER TI (IT MANAGER),menerapkan pengelolaan kapasitas dan ketersediaan layanan teknologi informasi
TIK.SRV0702,MANAJER TI (IT MANAGER),menyusun perbaikan berkelanjutan dalam pelaksanaan manajemen layanan teknologi informasi
TIK.SRV0702,MANAJER TI (IT MANAGER),menyusun rekomendasi perbaikan berkelanjutan manajemen layanan teknologi informasi
TIK.SRV0703,MANAJER AKTIVITAS INTERNET/INTRANET (INTERNET/INTRANET ACTIVITIES MANAGER),orang yang bertanggung jawab untuk mengelola dan mengembangkan aktivitas internet dan intranet di sebuah organisasi.
TIK.SRV0703,MANAJER AKTIVITAS INTERNET/INTRANET (INTERNET/INTRANET ACTIVITIES MANAGER),mengelola aktivitas internet dan intranet perusahaan
TIK.SRV0703,MANAJER AKTIVITAS INTERNET/INTRANET (INTERNET/INTRANET ACTIVITIES MANAGER),mengembangkan dan menerapkan kebijakan penggunaan internet dan intranet perusahaan
TIK.SRV0703,MANAJER AKTIVITAS INTERNET/INTRANET (INTERNET/INTRANET ACTIVITIES MANAGER),komunikatif
TIK.SRV0703,MANAJER AKTIVITAS INTERNET/INTRANET (INTERNET/INTRANET ACTIVITIES MANAGER),teamwork
TIK.SRV0703,MANAJER AKTIVITAS INTERNET/INTRANET (INTERNET/INTRANET ACTIVITIES MANAGER),memimpin tim
TIK.SRV0703,MANAJER AKTIVITAS INTERNET/INTRANET (INTERNET/INTRANET ACTIVITIES MANAGER),teliti
TIK.SRV0703,MANAJER AKTIVITAS INTERNET/INTRANET (INTERNET/INTRANET ACTIVITIES MANAGER),responsif
TIK.SRV0703,MANAJER AKTIVITAS INTERNET/INTRANET (INTERNET/INTRANET ACTIVITIES MANAGER),mengembangkan dan memelihara situs web perusahaan yang efektif dan informatif
TIK.SRV0703,MANAJER AKTIVITAS INTERNET/INTRANET (INTERNET/INTRANET ACTIVITIES MANAGER),mengelola sistem internet yang memungkinkan karyawan untuk mengakses informasi dan sumber daya perusahaan
TIK.SRV0703,MANAJER AKTIVITAS INTERNET/INTRANET (INTERNET/INTRANET ACTIVITIES MANAGER),mengelola aktivitas media sosial perusahaan untuk membangun hubungan dengan pelanggan dan mitra
TIK.SRV0703,MANAJER AKTIVITAS INTERNET/INTRANET (INTERNET/INTRANET ACTIVITIES MANAGER),ensure team effectiveness (memastikan efektivitas tim)
TIK.SRV0703,MANAJER AKTIVITAS INTERNET/INTRANET (INTERNET/INTRANET ACTIVITIES MANAGER),coordinate and maintain it work teams
TIK.SRV0703,MANAJER AKTIVITAS INTERNET/INTRANET (INTERNET/INTRANET ACTIVITIES MANAGER),membuat disain jaringan lokal (lan)
TIK.SRV0703,MANAJER AKTIVITAS INTERNET/INTRANET (INTERNET/INTRANET ACTIVITIES MANAGER),menginstall dan mengelola jaringan multi server
TIK.SRV0703,MANAJER AKTIVITAS INTERNET/INTRANET (INTERNET/INTRANET ACTIVITIES MANAGER),menginstalasi dan mengonfigurasi web server
TIK.SRV0703,MANAJER AKTIVITAS INTERNET/INTRANET (INTERNET/INTRANET ACTIVITIES MANAGER),menerapkan keamanan website dinamis
TIK.SRV0703,MANAJER AKTIVITAS INTERNET/INTRANET (INTERNET/INTRANET ACTIVITIES MANAGER),memelihara unjuk kerja situs web
TIK.SRV0704,MANAJER SISTEM INTERNET (INTERNET SYSTEMS MANAGER),orang yang bertanggung jawab untuk mengelola dan memelihara sistem internet di sebuah organisasi.
TIK.SRV0704,MANAJER SISTEM INTERNET (INTERNET SYSTEMS MANAGER),mengelola dan memelihara sistem internet perusahaan
TIK.SRV0704,MANAJER SISTEM INTERNET (INTERNET SYSTEMS MANAGER),menyediakan dukungan teknis kepada pengguna sistem internet perusahaan
TIK.SRV0704,MANAJER SISTEM INTERNET (INTERNET SYSTEMS MANAGER),komunikatif
TIK.SRV0704,MANAJER SISTEM INTERNET (INTERNET SYSTEMS MANAGER),senang dengan perkembangan teknologi
TIK.SRV0704,MANAJER SISTEM INTERNET (INTERNET SYSTEMS MANAGER),berpikir sistematik
TIK.SRV0704,MANAJER SISTEM INTERNET (INTERNET SYSTEMS MANAGER),teamwork
TIK.SRV0704,MANAJER SISTEM INTERNET (INTERNET SYSTEMS MANAGER),teliti
TIK.SRV0704,MANAJER SISTEM INTERNET (INTERNET SYSTEMS MANAGER),merencanakan dan merancang infrastruktur internet dan intranet yang memenuhi kebutuhan bisnis perusahaan
TIK.SRV0704,MANAJER SISTEM INTERNET (INTERNET SYSTEMS MANAGER),mengembangkan dan memelihara infrastruktur internet dan intranet yang aman dan efisien
TIK.SRV0704,MANAJER SISTEM INTERNET (INTERNET SYSTEMS MANAGER),mengelola operasi infrastruktur internet dan intranet untuk memastikan ketersediaan dan kinerja
TIK.SRV0704,MANAJER SISTEM INTERNET (INTERNET SYSTEMS MANAGER),design and configure secure integrated wireless systems
TIK.SRV0704,MANAJER SISTEM INTERNET (INTERNET SYSTEMS MANAGER),implement voice applications over secure wireless networks
TIK.SRV0704,MANAJER SISTEM INTERNET (INTERNET SYSTEMS MANAGER),create cloud computing services
TIK.SRV0704,MANAJER SISTEM INTERNET (INTERNET SYSTEMS MANAGER),design and configure an ip-mpls network with virtual private network tunnelling
TIK.SRV0704,MANAJER SISTEM INTERNET (INTERNET SYSTEMS MANAGER),memastikan keamanan informasi pengguna
TIK.SRV0704,MANAJER SISTEM INTERNET (INTERNET SYSTEMS MANAGER),melakukan perencanaan jaringan ip-mpls
TIK.SRV0704,MANAJER SISTEM INTERNET (INTERNET SYSTEMS MANAGER),melakukan dimensioning untuk jaringan multi-layanan berbasis ip
TIK.SRV0704,MANAJER SISTEM INTERNET (INTERNET SYSTEMS MANAGER),mengembangkan dan mengkomunikasikan konsep desain
TIK.SRV0704,MANAJER SISTEM INTERNET (INTERNET SYSTEMS MANAGER),membuat disain jaringan lokal (lan)
TIK.SRV0704,MANAJER SISTEM INTERNET (INTERNET SYSTEMS MANAGER),membuat disain jaringan berbasis luas (wan)
TIK.SRV0704,MANAJER SISTEM INTERNET (INTERNET SYSTEMS MANAGER),menginstall dan mengelola jaringan multi server
TIK.SRV0704,MANAJER SISTEM INTERNET (INTERNET SYSTEMS MANAGER),mengevaluasi status sistem
TIK.SRV0704,MANAJER SISTEM INTERNET (INTERNET SYSTEMS MANAGER),memonitor dan mengadministrasi keamanan sistem
TIK.SRV0704,MANAJER SISTEM INTERNET (INTERNET SYSTEMS MANAGER),menginstall dan memelihara proses pembuktian keaslian (authentication)
TIK.SRV0704,MANAJER SISTEM INTERNET (INTERNET SYSTEMS MANAGER),menginstalasi dan mengkonfigurasi web server
TIK.SRV0704,MANAJER SISTEM INTERNET (INTERNET SYSTEMS MANAGER),menginstalasi dan mengkonfigurasi dns server
TIK.SRV0704,MANAJER SISTEM INTERNET (INTERNET SYSTEMS MANAGER),menginstalasi dan mengkonfigurasi file dan print server
TIK.SRV0704,MANAJER SISTEM INTERNET (INTERNET SYSTEMS MANAGER),menginstalasi dan mengkonfigurasi ftp server
TIK.SRV0704,MANAJER SISTEM INTERNET (INTERNET SYSTEMS MANAGER),menginstalasi dan mengkonfigurasi database server
TIK.SRV0704,MANAJER SISTEM INTERNET (INTERNET SYSTEMS MANAGER),menginstalasi aplikasi snmp
TIK.SRV0704,MANAJER SISTEM INTERNET (INTERNET SYSTEMS MANAGER),menginstalasi dan mengkonfigurasi firewall pada server
TIK.SRV0704,MANAJER SISTEM INTERNET (INTERNET SYSTEMS MANAGER),menentukan strategi perawatan
TIK.SRV0704,MANAJER SISTEM INTERNET (INTERNET SYSTEMS MANAGER),memonitor dan mengadministrasi keamanan jaringan
TIK.SRV0704,MANAJER SISTEM INTERNET (INTERNET SYSTEMS MANAGER),mengelola keamanan sistem jaringan
TIK.SRV0704,MANAJER SISTEM INTERNET (INTERNET SYSTEMS MANAGER),membuat halaman web menggunakan bahasa web (html) tingkat dasar
TIK.SRV0704,MANAJER SISTEM INTERNET (INTERNET SYSTEMS MANAGER),melaksanakan pekerjaan secara tim
TIK.SRV0705,MANAJER KONTEN WEB (WEB CONTENT MANAGER),orang yang bertanggung jawab untuk mengelola dan mengembangkan konten situs web.
TIK.SRV0705,MANAJER KONTEN WEB (WEB CONTENT MANAGER),mengelola konten situs web perusahaan
TIK.SRV0705,MANAJER KONTEN WEB (WEB CONTENT MANAGER),mengembangkan dan menerapkan strategi konten situs web perusahaan
TIK.SRV0705,MANAJER KONTEN WEB (WEB CONTENT MANAGER),komunikatif
TIK.SRV0705,MANAJER KONTEN WEB (WEB CONTENT MANAGER),kreatif
TIK.SRV0705,MANAJER KONTEN WEB (WEB CONTENT MANAGER),teamwork
TIK.SRV0705,MANAJER KONTEN WEB (WEB CONTENT MANAGER),rasa ingin tahu tinggi
TIK.SRV0705,MANAJER KONTEN WEB (WEB CONTENT MANAGER),responsif
TIK.SRV0705,MANAJER KONTEN WEB (WEB CONTENT MANAGER),membuat strategi konten untuk situs web perusahaan
TIK.SRV0705,MANAJER KONTEN WEB (WEB CONTENT MANAGER),"mengembangkan konten baru, seperti artikel, blog, dan video"
TIK.SRV0705,MANAJER KONTEN WEB (WEB CONTENT MANAGER),menjadwalkan dan menerbitkan konten di situs web
TIK.SRV0705,MANAJER KONTEN WEB (WEB CONTENT MANAGER),"mengelola konten yang ada, seperti memperbarui informasi dan memperbaiki kesalahan"
TIK.SRV0705,MANAJER KONTEN WEB (WEB CONTENT MANAGER),menganalisis kinerja konten untuk mengukur efektivitasnya
TIK.SRV0705,MANAJER KONTEN WEB (WEB CONTENT MANAGER),develop advanced mobile multi-touch applications
TIK.SRV0705,MANAJER KONTEN WEB (WEB CONTENT MANAGER),manage assessment and validation of it solutions
TIK.SRV0705,MANAJER KONTEN WEB (WEB CONTENT MANAGER),menentukan spesifikasi perangkat jaringan
TIK.SRV0705,MANAJER KONTEN WEB (WEB CONTENT MANAGER),menangani evaluasi hasil kegiatan siaran
TIK.SRV0705,MANAJER KONTEN WEB (WEB CONTENT MANAGER),menerapkan kepemimpinan (leadership)
TIK.SRV0705,MANAJER KONTEN WEB (WEB CONTENT MANAGER),menginstalasi dan mengkonfigurasi web server
TIK.SRV0705,MANAJER KONTEN WEB (WEB CONTENT MANAGER),menginstalasi dan mengkonfigurasi mail server
TIK.SRV0705,MANAJER KONTEN WEB (WEB CONTENT MANAGER),menginstalasi dan mengkonfigurasi proxy server
TIK.SRV0706,MANAJER KONTEN WEB DAN VIDEO (VIDEO AND WEBSITE CONTENT MANAGER),orang yang bertanggung jawab untuk mengelola dan mengembangkan konten video dan situs web.
TIK.SRV0706,MANAJER KONTEN WEB DAN VIDEO (VIDEO AND WEBSITE CONTENT MANAGER),mengelola konten video dan situs web perusahaan
TIK.SRV0706,MANAJER KONTEN WEB DAN VIDEO (VIDEO AND WEBSITE CONTENT MANAGER),mengembangkan dan menerapkan strategi konten video dan situs web perusahaan
TIK.SRV0706,MANAJER KONTEN WEB DAN VIDEO (VIDEO AND WEBSITE CONTENT MANAGER),komunikatif
TIK.SRV0706,MANAJER KONTEN WEB DAN VIDEO (VIDEO AND WEBSITE CONTENT MANAGER),kreatif
TIK.SRV0706,MANAJER KONTEN WEB DAN VIDEO (VIDEO AND WEBSITE CONTENT MANAGER),teamwork
TIK.SRV0706,MANAJER KONTEN WEB DAN VIDEO (VIDEO AND WEBSITE CONTENT MANAGER),rasa ingin tahu tinggi
TIK.SRV0706,MANAJER KONTEN WEB DAN VIDEO (VIDEO AND WEBSITE CONTENT MANAGER),responsif
TIK.SRV0706,MANAJER KONTEN WEB DAN VIDEO (VIDEO AND WEBSITE CONTENT MANAGER),membuat strategi konten untuk video dan situs web perusahaan
TIK.SRV0706,MANAJER KONTEN WEB DAN VIDEO (VIDEO AND WEBSITE CONTENT MANAGER),mengembangkan konten video dan situs web baru
TIK.SRV0706,MANAJER KONTEN WEB DAN VIDEO (VIDEO AND WEBSITE CONTENT MANAGER),menjadwalkan dan menerbitkan konten video dan situs web
TIK.SRV0706,MANAJER KONTEN WEB DAN VIDEO (VIDEO AND WEBSITE CONTENT MANAGER),mengelola konten video dan situs web yang ada
TIK.SRV0706,MANAJER KONTEN WEB DAN VIDEO (VIDEO AND WEBSITE CONTENT MANAGER),menganalisis kinerja konten video dan situs web untuk mengukur efektivitasnya
TIK.SRV0706,MANAJER KONTEN WEB DAN VIDEO (VIDEO AND WEBSITE CONTENT MANAGER),identify and implement business innovation
TIK.SRV0706,MANAJER KONTEN WEB DAN VIDEO (VIDEO AND WEBSITE CONTENT MANAGER),develop communities of practice
TIK.SRV0706,MANAJER KONTEN WEB DAN VIDEO (VIDEO AND WEBSITE CONTENT MANAGER),design and configure desktop virtualisation
TIK.SRV0706,MANAJER KONTEN WEB DAN VIDEO (VIDEO AND WEBSITE CONTENT MANAGER),design and configure an ip-mpls network with virtual private network tunnelling
TIK.SRV0706,MANAJER KONTEN WEB DAN VIDEO (VIDEO AND WEBSITE CONTENT MANAGER),menetapkan konsep desain
TIK.SRV0706,MANAJER KONTEN WEB DAN VIDEO (VIDEO AND WEBSITE CONTENT MANAGER),mengelola proyek secara terintegrasi (project integration management)
TIK.SRV0706,MANAJER KONTEN WEB DAN VIDEO (VIDEO AND WEBSITE CONTENT MANAGER),mengelola ruang lingkup proyek (project scope management)
TIK.SRV0706,MANAJER KONTEN WEB DAN VIDEO (VIDEO AND WEBSITE CONTENT MANAGER),menghasilkan creative brief untuk pengembangan karya desain
TIK.SRV0706,MANAJER KONTEN WEB DAN VIDEO (VIDEO AND WEBSITE CONTENT MANAGER),menerjemahkan client brief
TIK.SRV0706,MANAJER KONTEN WEB DAN VIDEO (VIDEO AND WEBSITE CONTENT MANAGER),mengevaluasi hasil karya desain
TIK.SRV0706,MANAJER KONTEN WEB DAN VIDEO (VIDEO AND WEBSITE CONTENT MANAGER),menyelenggarakan cyber public relations
TIK.SRV0706,MANAJER KONTEN WEB DAN VIDEO (VIDEO AND WEBSITE CONTENT MANAGER),melaksanakan analisis isi (content analysis)
TIK.SRV0706,MANAJER KONTEN WEB DAN VIDEO (VIDEO AND WEBSITE CONTENT MANAGER),menguji produk multimedia
TIK.SRV0706,MANAJER KONTEN WEB DAN VIDEO (VIDEO AND WEBSITE CONTENT MANAGER),menerapkan keamanan website dinamis
TIK.SRV0707,- MANAJER OPERASIONAL PDP (PDP OPERATIONAL MANAGER),"orang yang bertanggung jawab terkait operasional pelaksanaan pdp di organisasi yang memimpin koordinasi pelaksanaan hak subjek data pribadi, manajemen persetujuan, manajemen insiden, manajemen risiko, penghapusan dan pemusnahan, serta manajemen insiden kegagalan pdp."
TIK.SRV0707,- MANAJER OPERASIONAL PDP (PDP OPERATIONAL MANAGER),memastikan kepatuhan terhadap peraturan perundang-undangan terkait pdp di seluruh yurisdiksi dimana pemrosesan data pribadi dilaksanakan yang berhubungan dengan pelaksanaan pemrosesan data pribadi sesuai siklus hidupnya untuk melaksanakan tanggung jawab sebagai pengendali dan atau prosesor data pribadi
TIK.SRV0707,- MANAJER OPERASIONAL PDP (PDP OPERATIONAL MANAGER),kepemimpinan
TIK.SRV0707,- MANAJER OPERASIONAL PDP (PDP OPERATIONAL MANAGER),bertanggung jawab
TIK.SRV0707,- MANAJER OPERASIONAL PDP (PDP OPERATIONAL MANAGER),berintegritas
TIK.SRV0707,- MANAJER OPERASIONAL PDP (PDP OPERATIONAL MANAGER),memastikan berjalannya program pdp sebagai pelaksanaan kewajiban pengendali data pribadi dan atau prosesor data pribadi
TIK.SRV0707,- MANAJER OPERASIONAL PDP (PDP OPERATIONAL MANAGER),bertindak sebagai narahubung untuk isu yang berkaitan dengan pemrosesan data pribadi dan pelaksanaan hak subjek data pribadi
TIK.SRV0707,- MANAJER OPERASIONAL PDP (PDP OPERATIONAL MANAGER),"memperhatikan risiko terkait pemrosesan data pribadi dengan mempertimbangkan sifat, ruang lingkup, konteks, dan tujuan pemrosesan"
TIK.SRV0707,- MANAJER OPERASIONAL PDP (PDP OPERATIONAL MANAGER),melakukan pelaksanaan tanggap insiden kegagalan pdp dan memastikan pemberitahuan kepada lembaga dan subjek data terdampak sesuai ketentuan
TIK.SRV0707,- MANAJER OPERASIONAL PDP (PDP OPERATIONAL MANAGER),berhubungan dengan subjek data pribadi
TIK.SRV0707,- MANAJER OPERASIONAL PDP (PDP OPERATIONAL MANAGER),melaksanakan seluruh kegiatan operasional terkait pdp
TIK.SRV0707,- MANAJER OPERASIONAL PDP (PDP OPERATIONAL MANAGER),melaporkan pekerjaan kepada pejabat pelaksana pdp
TIK.SRV0707,- MANAJER OPERASIONAL PDP (PDP OPERATIONAL MANAGER),menghentikan sementara pemrosesan berisiko sangat tinggi sampai kontrol memadai terpenuhi (stop-the-line)
TIK.SRV0707,- MANAJER OPERASIONAL PDP (PDP OPERATIONAL MANAGER),"telah mendapatkan pelatihan umum terkait peraturan undang - undang terkait pelindungan data pribadi dan secara khusus terkait pelaksanaan hak subjek data pribadi, penanganan persetujuan, penanganan insiden kegagalan pdp, serta praktek penghapusan dan pemusnahan data pribadi sesuai kebijakan retensi; dan"
TIK.SRV0707,- MANAJER OPERASIONAL PDP (PDP OPERATIONAL MANAGER),mengidentifikasi peraturan perundang-undangan terkait pelindungan data pribadi
TIK.SRV0707,- MANAJER OPERASIONAL PDP (PDP OPERATIONAL MANAGER),menentukan strategi pelindungan data pribadi
TIK.SRV0707,- MANAJER OPERASIONAL PDP (PDP OPERATIONAL MANAGER),menyusun manajemen pelindungan data pribadi pada domainnya
TIK.SRV0707,- MANAJER OPERASIONAL PDP (PDP OPERATIONAL MANAGER),menerapkan program kerja pelindungan data pribadi
TIK.SRV0707,- MANAJER OPERASIONAL PDP (PDP OPERATIONAL MANAGER),memastikan tindak lanjut terhadap hasil audit pelindungan data pribadi dilakukan oleh unit terkait
TIK.SRV0707,- MANAJER OPERASIONAL PDP (PDP OPERATIONAL MANAGER),merumuskan proses perolehan persetujuan pemrosesan data pribadi
TIK.SRV0707,- MANAJER OPERASIONAL PDP (PDP OPERATIONAL MANAGER),memberikan respons terhadap permintaan informasi data pribadi sesuai ketentuan
TIK.SRV0707,- MANAJER OPERASIONAL PDP (PDP OPERATIONAL MANAGER),memastikan pelindungan data pribadi telah terintegrasi dalam manajemen respons insiden
TIK.SRV0707,- MANAJER OPERASIONAL PDP (PDP OPERATIONAL MANAGER),memastikan berjalannya manajemen respons insiden terkait kegagalan pelindungan data pribadi
TIK.SRV0601,SUPERVISOR LAYANAN TI (IT SERVICE SUPERVISOR),"orang yang mampu mengaplikasikan keterampilan bidang manajemen layanan teknologi informasi dan memanfaatkan ilmu pengetahuan, teknologi, dan/atau seni pada bidang manajemen layanan teknologi informasi dalam penyelesaian masalah serta mampu beradaptasi terhadap situasi yang dihadapi. menguasai konsep teoritis bidang pengetahuan manajemen layanan teknologi informasi secara umum, serta mampu memformulasikan penyelesaian masalah pelaksanaan prosedur manajemen layanan teknologi informasi. mampu mengambil keputusan yang tepat berdasarkan analisis informasi dan data, dan mampu memberikan petunjuk dalam memilih berbagai alternatif solusi manajemen layanan teknologi informasi secara mandiri dan kelompok. bertanggung jawab pada pekerjaan sendiri dan dapat diberi tanggung jawab atas pencapaian hasil kerja tim manajemen layanan teknologi informasi."
TIK.SRV0601,SUPERVISOR LAYANAN TI (IT SERVICE SUPERVISOR),bidang layanan teknologi informasi
TIK.SRV0601,SUPERVISOR LAYANAN TI (IT SERVICE SUPERVISOR),"teliti dalam menentukan ruang lingkup, menganalisis potensi risiko, menganalisis kebutuhan aset teknologi informasi, menganalisis kebutuhan layanan teknologi informasi, menganalisis masalah ti, menganalisis data keberlangsungan layanan, menganalisis data identifikasi, masukan, dan ide perbaikan layanan ti, dan menganalisis data rekomendasi perbaikan dan rencana aksi perbaikan"
TIK.SRV0601,SUPERVISOR LAYANAN TI (IT SERVICE SUPERVISOR),"objektif dalam menentukan tujuan, melakukan penilaian risiko, menganalisis risiko pengelolaan aset teknologi informasi, menganalisis risiko terkait layanan teknologi informasi, menganalisis risiko ti, melaksanakan rencana sesuai dengan analisis data keberlangsungan layanan, menilai dan menentukan prioritas peluang perbaikan berkelanjutan sesuai dengan analisis data, dan melakukan pengukuran dan penilaian perbaikan"
TIK.SRV0601,SUPERVISOR LAYANAN TI (IT SERVICE SUPERVISOR),"asertif dalam berkomunikasi dengan pihak terkait, mengelola aset teknologi informasi, menangani masalah dalam mengelola layanan teknologi informasi, dan menangani masalah ti"
TIK.SRV0601,SUPERVISOR LAYANAN TI (IT SERVICE SUPERVISOR),merancang dan menginstalasi sistem komputer
TIK.SRV0601,SUPERVISOR LAYANAN TI (IT SERVICE SUPERVISOR),merawat dan memperbaiki sistem komputer
TIK.SRV0601,SUPERVISOR LAYANAN TI (IT SERVICE SUPERVISOR),mengatasi masalah teknis komputer
TIK.SRV0601,SUPERVISOR LAYANAN TI (IT SERVICE SUPERVISOR),memberikan dukungan teknis kepada pengguna komputer
TIK.SRV0601,SUPERVISOR LAYANAN TI (IT SERVICE SUPERVISOR),melakukan penelitian dan pengembangan teknologi komputer
TIK.SRV0601,SUPERVISOR LAYANAN TI (IT SERVICE SUPERVISOR),mengambil keputusan terkait dengan pemeliharaan dan perbaikan sistem komputer
TIK.SRV0601,SUPERVISOR LAYANAN TI (IT SERVICE SUPERVISOR),melakukan pembelian perangkat keras dan perangkat lunak komputer
TIK.SRV0601,SUPERVISOR LAYANAN TI (IT SERVICE SUPERVISOR),melatih pengguna komputer
TIK.SRV0601,SUPERVISOR LAYANAN TI (IT SERVICE SUPERVISOR),berpartisipasi dalam proyek-proyek teknologi komputer
TIK.SRV0601,SUPERVISOR LAYANAN TI (IT SERVICE SUPERVISOR),menentukan tujuan dan ruang lingkup layanan teknologi informasi
TIK.SRV0601,SUPERVISOR LAYANAN TI (IT SERVICE SUPERVISOR),menyusun rencana pelaksanaan manajemen layanan teknologi informasi
TIK.SRV0601,SUPERVISOR LAYANAN TI (IT SERVICE SUPERVISOR),menerapkan manajemen aset teknologi informasi
TIK.SRV0601,SUPERVISOR LAYANAN TI (IT SERVICE SUPERVISOR),menerapkan pengelolaan konfigurasi teknologi informasi
TIK.SRV0601,SUPERVISOR LAYANAN TI (IT SERVICE SUPERVISOR),menerapkan pengujian dan validasi layanan teknologi informasi
TIK.SRV0601,SUPERVISOR LAYANAN TI (IT SERVICE SUPERVISOR),menerapkan pengelolaan rilis teknologi informasi
TIK.SRV0601,SUPERVISOR LAYANAN TI (IT SERVICE SUPERVISOR),menerapkan pengelolaan keberlangsungan layanan teknologi informasi
TIK.SRV0601,SUPERVISOR LAYANAN TI (IT SERVICE SUPERVISOR),menyusun perbaikan berkelanjutan dalam pelaksanaan manajemen layanan teknologi informasi
TIK.SRV0601,SUPERVISOR LAYANAN TI (IT SERVICE SUPERVISOR),menyusun rekomendasi perbaikan berkelanjutan manajemen layanan teknologi informasi
TIK.SRV0601,SUPERVISOR LAYANAN TI (IT SERVICE SUPERVISOR),menerapkan pengelolaan tingkat layanan teknologi informasi
TIK.SRV0601,SUPERVISOR LAYANAN TI (IT SERVICE SUPERVISOR),menerapkan meja layanan dan permintaan layanan teknologi informasi
TIK.SRV0601,SUPERVISOR LAYANAN TI (IT SERVICE SUPERVISOR),menerapkan pengelolaan insiden dan masalah
TIK.SRV0601,SUPERVISOR LAYANAN TI (IT SERVICE SUPERVISOR),menerapkan pengelolaan event dan pemantauan
TIK.SRV0602,PENGELOLA LAYANAN TI (IT SERVICE COORDINATOR),"orang yang mampu mengaplikasikan keterampilan bidang manajemen layanan teknologi informasi dan memanfaatkan ilmu pengetahuan, teknologi, dan/atau seni pada bidang manajemen layanan teknologi informasi dalam penyelesaian masalah serta mampu beradaptasi terhadap situasi yang dihadapi. menguasai konsep teoritis bidang pengetahuan manajemen layanan teknologi informasi secara umum, serta mampu memformulasikan penyelesaian masalah pelaksanaan prosedur manajemen layanan teknologi informasi. mampu mengambil keputusan yang tepat berdasarkan analisis informasi dan data, dan mampu memberikan petunjuk dalam memilih berbagai alternatif solusi manajemen layanan teknologi informasi secara mandiri dan kelompok. bertanggung jawab pada pekerjaan sendiri dan dapat diberi tanggung jawab atas pencapaian hasil kerja tim manajemen layanan teknologi informasi."
TIK.SRV0602,PENGELOLA LAYANAN TI (IT SERVICE COORDINATOR),bidang layanan teknologi informasi
TIK.SRV0602,PENGELOLA LAYANAN TI (IT SERVICE COORDINATOR),"teliti dalam menentukan ruang lingkup, menganalisis potensi risiko, menganalisis kebutuhan aset teknologi informasi, menganalisis kebutuhan layanan teknologi informasi, menganalisis masalah ti, menganalisis data keberlangsungan layanan, menganalisis data identifikasi, masukan, dan ide perbaikan layanan ti, dan menganalisis data rekomendasi perbaikan dan rencana aksi perbaikan"
TIK.SRV0602,PENGELOLA LAYANAN TI (IT SERVICE COORDINATOR),"objektif dalam menentukan tujuan, melakukan penilaian risiko, menganalisis risiko pengelolaan aset teknologi informasi, menganalisis risiko terkait layanan teknologi informasi, menganalisis risiko ti, melaksanakan rencana sesuai dengan analisis data keberlangsungan layanan, menilai dan menentukan prioritas peluang perbaikan berkelanjutan sesuai dengan analisis data, dan melakukan pengukuran dan penilaian perbaikan"
TIK.SRV0602,PENGELOLA LAYANAN TI (IT SERVICE COORDINATOR),"asertif dalam berkomunikasi dengan pihak terkait, mengelola aset teknologi informasi, menangani masalah dalam mengelola layanan teknologi informasi, dan menangani masalah ti"
TIK.SRV0602,PENGELOLA LAYANAN TI (IT SERVICE COORDINATOR),merancang dan menginstalasi sistem komputer
TIK.SRV0602,PENGELOLA LAYANAN TI (IT SERVICE COORDINATOR),merawat dan memperbaiki sistem komputer
TIK.SRV0602,PENGELOLA LAYANAN TI (IT SERVICE COORDINATOR),mengatasi masalah teknis komputer
TIK.SRV0602,PENGELOLA LAYANAN TI (IT SERVICE COORDINATOR),memberikan dukungan teknis kepada pengguna komputer
TIK.SRV0602,PENGELOLA LAYANAN TI (IT SERVICE COORDINATOR),melakukan penelitian dan pengembangan teknologi komputer
TIK.SRV0602,PENGELOLA LAYANAN TI (IT SERVICE COORDINATOR),mengambil keputusan terkait dengan pemeliharaan dan perbaikan sistem komputer
TIK.SRV0602,PENGELOLA LAYANAN TI (IT SERVICE COORDINATOR),melakukan pembelian perangkat keras dan perangkat lunak komputer
TIK.SRV0602,PENGELOLA LAYANAN TI (IT SERVICE COORDINATOR),melatih pengguna komputer
TIK.SRV0602,PENGELOLA LAYANAN TI (IT SERVICE COORDINATOR),berpartisipasi dalam proyek-proyek teknologi komputer
TIK.SRV0602,PENGELOLA LAYANAN TI (IT SERVICE COORDINATOR),menentukan tujuan dan ruang lingkup layanan teknologi informasi
TIK.SRV0602,PENGELOLA LAYANAN TI (IT SERVICE COORDINATOR),menyusun rencana pelaksanaan manajemen layanan teknologi informasi
TIK.SRV0602,PENGELOLA LAYANAN TI (IT SERVICE COORDINATOR),menerapkan manajemen aset teknologi informasi
TIK.SRV0602,PENGELOLA LAYANAN TI (IT SERVICE COORDINATOR),menerapkan pengelolaan konfigurasi teknologi informasi
TIK.SRV0602,PENGELOLA LAYANAN TI (IT SERVICE COORDINATOR),menerapkan pengujian dan validasi layanan teknologi informasi
TIK.SRV0602,PENGELOLA LAYANAN TI (IT SERVICE COORDINATOR),menerapkan pengelolaan rilis teknologi informasi
TIK.SRV0602,PENGELOLA LAYANAN TI (IT SERVICE COORDINATOR),menerapkan pengelolaan keberlangsungan teknologi informasi
TIK.SRV0602,PENGELOLA LAYANAN TI (IT SERVICE COORDINATOR),menyusun perbaikan berkelanjutan dalam pelaksanaan manajemen layanan teknologi informasi
TIK.SRV0602,PENGELOLA LAYANAN TI (IT SERVICE COORDINATOR),menyusun rekomendasi perbaikan berkelanjutan manajemen layanan teknologi informasi
TIK.SRV0602,PENGELOLA LAYANAN TI (IT SERVICE COORDINATOR),menerapkan desain dan katalog layanan teknologi informasi
TIK.SRV0602,PENGELOLA LAYANAN TI (IT SERVICE COORDINATOR),menerapkan kendali perubahan
TIK.SRV0602,PENGELOLA LAYANAN TI (IT SERVICE COORDINATOR),menerapkan pengelolaan kapasitas dan ketersediaan layanan teknologi informasi
TIK.SRV0602,PENGELOLA LAYANAN TI (IT SERVICE COORDINATOR),menerapkan pengelolaan event dan pemantauan
TIK.SRV0603,PENGELOLA WEB (WEBMASTER),orang yang bertanggung jawab untuk mengelola dan memelihara situs web.
TIK.SRV0603,PENGELOLA WEB (WEBMASTER),mengelola dan memelihara situs web perusahaan
TIK.SRV0603,PENGELOLA WEB (WEBMASTER),menyediakan dukungan teknis kepada pengguna situs web perusahaan
TIK.SRV0603,PENGELOLA WEB (WEBMASTER),komunikatif
TIK.SRV0603,PENGELOLA WEB (WEBMASTER),senang dengan data-data atau angka
TIK.SRV0603,PENGELOLA WEB (WEBMASTER),teamwork
TIK.SRV0603,PENGELOLA WEB (WEBMASTER),rasa ingin tahu tinggi
TIK.SRV0603,PENGELOLA WEB (WEBMASTER),responsif
TIK.SRV0603,PENGELOLA WEB (WEBMASTER),memastikan bahwa situs web berfungsi dengan baik
TIK.SRV0603,PENGELOLA WEB (WEBMASTER),meningkatkan kinerja dan keamanan situs web
TIK.SRV0603,PENGELOLA WEB (WEBMASTER),membuat konten dan desain situs web
TIK.SRV0603,PENGELOLA WEB (WEBMASTER),mengelola komentar dan umpan balik dari pengguna
TIK.SRV0603,PENGELOLA WEB (WEBMASTER),mempromosikan situs web
TIK.SRV0603,PENGELOLA WEB (WEBMASTER),optimise search engines
TIK.SRV0603,PENGELOLA WEB (WEBMASTER),evaluate and select a web hosting service
TIK.SRV0603,PENGELOLA WEB (WEBMASTER),administer business websites and servers
TIK.SRV0603,PENGELOLA WEB (WEBMASTER),implement and use web services
TIK.SRV0603,PENGELOLA WEB (WEBMASTER),research and apply emerging web technology trends
TIK.SRV0603,PENGELOLA WEB (WEBMASTER),menganalisis tools
TIK.SRV0603,PENGELOLA WEB (WEBMASTER),menganalisis skalabilitas perangkat lunak
TIK.SRV0603,PENGELOLA WEB (WEBMASTER),menerapkan pemecahan permasalahan menjadi subrutin
TIK.SRV0603,PENGELOLA WEB (WEBMASTER),menerapkan metode dan praktik penggunaan kembali (reusable) subrutin-subrutin
TIK.SRV0603,PENGELOLA WEB (WEBMASTER),"menyusun fungsi, file atau sumber daya pemrograman yang lain dalam organisasi yang rapi"
TIK.SRV0603,PENGELOLA WEB (WEBMASTER),membuat dokumen kode program
TIK.SRV0603,PENGELOLA WEB (WEBMASTER),melakukan migrasi ke teknologi baru
TIK.SRV0603,PENGELOLA WEB (WEBMASTER),melakukan debugging
TIK.SRV0603,PENGELOLA WEB (WEBMASTER),menerapkan source code versioning
TIK.SRV0603,PENGELOLA WEB (WEBMASTER),mengimplementasikan network programming
TIK.SRV0603,PENGELOLA WEB (WEBMASTER),membuat paket instalasi perangkat lunak
TIK.SRV0603,PENGELOLA WEB (WEBMASTER),menganalisis dampak perubahan terhadap aplikasi
TIK.SRV0603,PENGELOLA WEB (WEBMASTER),mengimplementasikan fitur logging aplikasi
TIK.SRV0603,PENGELOLA WEB (WEBMASTER),melakukan pembaharuan perangkat lunak
TIK.SRV0603,PENGELOLA WEB (WEBMASTER),menginstalasi dan mengkonfigurasi web server
TIK.SRV0603,PENGELOLA WEB (WEBMASTER),menginstalasi dan mengkonfigurasi firewall pada server
TIK.SRV0604,ANALIS WEB (WEB ANALYST),orang yang bertanggung jawab untuk menganalisis data situs web untuk memahami perilaku pengunjung situs web.
TIK.SRV0604,ANALIS WEB (WEB ANALYST),menganalisis data lalu lintas situs web perusahaan
TIK.SRV0604,ANALIS WEB (WEB ANALYST),memberikan rekomendasi untuk meningkatkan kinerja situs web perusahaan
TIK.SRV0604,ANALIS WEB (WEB ANALYST),komunikatif
TIK.SRV0604,ANALIS WEB (WEB ANALYST),senang dengan data-data atau angka
TIK.SRV0604,ANALIS WEB (WEB ANALYST),teamwork
TIK.SRV0604,ANALIS WEB (WEB ANALYST),rasa ingin tahu tinggi
TIK.SRV0604,ANALIS WEB (WEB ANALYST),responsif
TIK.SRV0604,ANALIS WEB (WEB ANALYST),"mengumpulkan data web dari berbagai sumber, seperti web analytics, web server logs, dan survei pengguna"
TIK.SRV0604,ANALIS WEB (WEB ANALYST),"menganalisis data web untuk mengidentifikasi tren, pola, dan masalah"
TIK.SRV0604,ANALIS WEB (WEB ANALYST),menginterpretasikan data web untuk menghasilkan wawasan yang dapat digunakan untuk meningkatkan situs web
TIK.SRV0604,ANALIS WEB (WEB ANALYST),menganalisis tools
TIK.SRV0604,ANALIS WEB (WEB ANALYST),menganalisis skalabilitas perangkat lunak
TIK.SRV0604,ANALIS WEB (WEB ANALYST),menggunakan struktur data
TIK.SRV0604,ANALIS WEB (WEB ANALYST),mengimplementasikan rancangan entitas dan keterkaitan antar entitas
TIK.SRV0604,ANALIS WEB (WEB ANALYST),merancang arsitektur aplikasi
TIK.SRV0604,ANALIS WEB (WEB ANALYST),menerapkan code review
TIK.SRV0604,ANALIS WEB (WEB ANALYST),melaksanakan pengujian unit program
TIK.SRV0604,ANALIS WEB (WEB ANALYST),melaksanakan pengujian integrasi program
TIK.SRV0604,ANALIS WEB (WEB ANALYST),melaksanakan pengujian program sistem
TIK.SRV0604,ANALIS WEB (WEB ANALYST),melaksanakan pengujian kode program secara statis
TIK.SRV0604,ANALIS WEB (WEB ANALYST),melaksanakan stress test
TIK.SRV0604,ANALIS WEB (WEB ANALYST),melaksanakan pengujian oleh pengguna (uat)
TIK.SRV0605,ANALIS PEMROSESAN TRANSAKSI DARING (ONLINE TRANSACTION PROCESSING ANALYST). 343,orang yang bertanggung jawab untuk menganalisis data transaksi online untuk meningkatkan kinerja dan efisiensi sistem oltp.
TIK.SRV0605,ANALIS PEMROSESAN TRANSAKSI DARING (ONLINE TRANSACTION PROCESSING ANALYST). 343,menganalisis data transaksi online perusahaan
TIK.SRV0605,ANALIS PEMROSESAN TRANSAKSI DARING (ONLINE TRANSACTION PROCESSING ANALYST). 343,memberikan rekomendasi untuk meningkatkan kinerja transaksi online perusahaan
TIK.SRV0605,ANALIS PEMROSESAN TRANSAKSI DARING (ONLINE TRANSACTION PROCESSING ANALYST). 343,komunikatif
TIK.SRV0605,ANALIS PEMROSESAN TRANSAKSI DARING (ONLINE TRANSACTION PROCESSING ANALYST). 343,senang dengan data-data atau angka
TIK.SRV0605,ANALIS PEMROSESAN TRANSAKSI DARING (ONLINE TRANSACTION PROCESSING ANALYST). 343,teamwork
TIK.SRV0605,ANALIS PEMROSESAN TRANSAKSI DARING (ONLINE TRANSACTION PROCESSING ANALYST). 343,rasa ingin tahu tinggi
TIK.SRV0605,ANALIS PEMROSESAN TRANSAKSI DARING (ONLINE TRANSACTION PROCESSING ANALYST). 343,responsif
TIK.SRV0605,ANALIS PEMROSESAN TRANSAKSI DARING (ONLINE TRANSACTION PROCESSING ANALYST). 343,menganalisis kinerja sistem oltp untuk mengidentifikasi masalah dan peluang peningkatan
TIK.SRV0605,ANALIS PEMROSESAN TRANSAKSI DARING (ONLINE TRANSACTION PROCESSING ANALYST). 343,mengembangkan dan menerapkan solusi untuk meningkatkan kinerja sistem oltp
TIK.SRV0605,ANALIS PEMROSESAN TRANSAKSI DARING (ONLINE TRANSACTION PROCESSING ANALYST). 343,bekerja sama dengan tim ti lainnya untuk memastikan bahwa sistem oltp terintegrasi dengan lancar ke dalam infrastruktur ti perusahaan
TIK.SRV0605,ANALIS PEMROSESAN TRANSAKSI DARING (ONLINE TRANSACTION PROCESSING ANALYST). 343,apply software development methodologies
TIK.SRV0605,ANALIS PEMROSESAN TRANSAKSI DARING (ONLINE TRANSACTION PROCESSING ANALYST). 343,relate to clients on a business level
TIK.SRV0605,ANALIS PEMROSESAN TRANSAKSI DARING (ONLINE TRANSACTION PROCESSING ANALYST). 343,identify and use current virtualisation technologies
TIK.SRV0605,ANALIS PEMROSESAN TRANSAKSI DARING (ONLINE TRANSACTION PROCESSING ANALYST). 343,evaluate system status
TIK.SRV0605,ANALIS PEMROSESAN TRANSAKSI DARING (ONLINE TRANSACTION PROCESSING ANALYST). 343,ensure website content meets technical protocols and standards
TIK.SRV0605,ANALIS PEMROSESAN TRANSAKSI DARING (ONLINE TRANSACTION PROCESSING ANALYST). 343,ensure website access and useability
TIK.SRV0605,ANALIS PEMROSESAN TRANSAKSI DARING (ONLINE TRANSACTION PROCESSING ANALYST). 343,ensure dynamic website security
TIK.SRV0605,ANALIS PEMROSESAN TRANSAKSI DARING (ONLINE TRANSACTION PROCESSING ANALYST). 343,melakukan analisa teknologi baru
TIK.SRV0606,ADMINISTRATOR WEB (WEB ADMINISTRATOR),orang yang bertanggung jawab untuk mengelola dan memelihara server web dan aplikasi web.
TIK.SRV0606,ADMINISTRATOR WEB (WEB ADMINISTRATOR),mengelola dan memelihara akun pengguna dan akses ke situs web perusahaan
TIK.SRV0606,ADMINISTRATOR WEB (WEB ADMINISTRATOR),menyediakan dukungan teknis kepada pengguna situs web perusahaan
TIK.SRV0606,ADMINISTRATOR WEB (WEB ADMINISTRATOR),komunikatif
TIK.SRV0606,ADMINISTRATOR WEB (WEB ADMINISTRATOR),senang dengan data-data atau angka
TIK.SRV0606,ADMINISTRATOR WEB (WEB ADMINISTRATOR),teamwork
TIK.SRV0606,ADMINISTRATOR WEB (WEB ADMINISTRATOR),rasa ingin tahu tinggi
TIK.SRV0606,ADMINISTRATOR WEB (WEB ADMINISTRATOR),responsif
TIK.SRV0606,ADMINISTRATOR WEB (WEB ADMINISTRATOR),memastikan bahwa situs web berfungsi dengan baik
TIK.SRV0606,ADMINISTRATOR WEB (WEB ADMINISTRATOR),meningkatkan kinerja dan keamanan situs web
TIK.SRV0606,ADMINISTRATOR WEB (WEB ADMINISTRATOR),membuat konten dan desain situs web
TIK.SRV0606,ADMINISTRATOR WEB (WEB ADMINISTRATOR),mengelola komentar dan umpan balik dari pengguna
TIK.SRV0606,ADMINISTRATOR WEB (WEB ADMINISTRATOR),mempromosikan situs web
TIK.SRV0606,ADMINISTRATOR WEB (WEB ADMINISTRATOR),maintain website performance
TIK.SRV0606,ADMINISTRATOR WEB (WEB ADMINISTRATOR),ensure website access and useability
TIK.SRV0606,ADMINISTRATOR WEB (WEB ADMINISTRATOR),ensure dynamic website security
TIK.SRV0606,ADMINISTRATOR WEB (WEB ADMINISTRATOR),menganalisis tools
TIK.SRV0606,ADMINISTRATOR WEB (WEB ADMINISTRATOR),menganalisis skalabilitas perangkat lunak
TIK.SRV0606,ADMINISTRATOR WEB (WEB ADMINISTRATOR),menggunakan spesifikasi program
TIK.SRV0606,ADMINISTRATOR WEB (WEB ADMINISTRATOR),melakukan profiling program
TIK.SRV0606,ADMINISTRATOR WEB (WEB ADMINISTRATOR),memberikan petunjuk teknis kepada pelanggan
TIK.SRV0606,ADMINISTRATOR WEB (WEB ADMINISTRATOR),menerapkan alert notification jika aplikasi bermasalah
TIK.SRV0606,ADMINISTRATOR WEB (WEB ADMINISTRATOR),melakukan pemantauan resource yang digunakan aplikasi
TIK.SRV0607,ADMINISTRATOR INTERNET/INTRANET (INTERNET/INTRANET ADMINISTRATOR),orang yang bertanggung jawab untuk mengelola dan memelihara jaringan internet dan intranet.
TIK.SRV0607,ADMINISTRATOR INTERNET/INTRANET (INTERNET/INTRANET ADMINISTRATOR),mengelola dan memelihara jaringan internet dan intranet perusahaan
TIK.SRV0607,ADMINISTRATOR INTERNET/INTRANET (INTERNET/INTRANET ADMINISTRATOR),menyediakan dukungan teknis kepada pengguna jaringan internet dan intranet perusahaan
TIK.SRV0607,ADMINISTRATOR INTERNET/INTRANET (INTERNET/INTRANET ADMINISTRATOR),komunikatif
TIK.SRV0607,ADMINISTRATOR INTERNET/INTRANET (INTERNET/INTRANET ADMINISTRATOR),senang dengan data-data atau angka
TIK.SRV0607,ADMINISTRATOR INTERNET/INTRANET (INTERNET/INTRANET ADMINISTRATOR),teamwork
TIK.SRV0607,ADMINISTRATOR INTERNET/INTRANET (INTERNET/INTRANET ADMINISTRATOR),rasa ingin tahu tinggi
TIK.SRV0607,ADMINISTRATOR INTERNET/INTRANET (INTERNET/INTRANET ADMINISTRATOR),responsif
TIK.SRV0607,ADMINISTRATOR INTERNET/INTRANET (INTERNET/INTRANET ADMINISTRATOR),memastikan bahwa infrastruktur internet dan intranet berfungsi dengan baik
TIK.SRV0607,ADMINISTRATOR INTERNET/INTRANET (INTERNET/INTRANET ADMINISTRATOR),meningkatkan kinerja dan keamanan infrastruktur internet dan intranet
TIK.SRV0607,ADMINISTRATOR INTERNET/INTRANET (INTERNET/INTRANET ADMINISTRATOR),mengelola pengguna dan akses
TIK.SRV0607,ADMINISTRATOR INTERNET/INTRANET (INTERNET/INTRANET ADMINISTRATOR),mengelola perangkat keras dan perangkat lunak
TIK.SRV0607,ADMINISTRATOR INTERNET/INTRANET (INTERNET/INTRANET ADMINISTRATOR),melakukan pemantauan dan pelaporan
TIK.SRV0607,ADMINISTRATOR INTERNET/INTRANET (INTERNET/INTRANET ADMINISTRATOR),install and manage a server
TIK.SRV0607,ADMINISTRATOR INTERNET/INTRANET (INTERNET/INTRANET ADMINISTRATOR),"install, configure and test network security"
TIK.SRV0607,ADMINISTRATOR INTERNET/INTRANET (INTERNET/INTRANET ADMINISTRATOR),mengkonfigurasi tcp/ip dinamis pada workstation yang terhubung pada jaringan
TIK.SRV0607,ADMINISTRATOR INTERNET/INTRANET (INTERNET/INTRANET ADMINISTRATOR),meng-install dan mengelola jaringan multi server
TIK.SRV0607,ADMINISTRATOR INTERNET/INTRANET (INTERNET/INTRANET ADMINISTRATOR),menginstalasi dan mengkonfigurasi firewall pada server
TIK.SRV0607,ADMINISTRATOR INTERNET/INTRANET (INTERNET/INTRANET ADMINISTRATOR),membuat halaman web menggunakan bahasa web (html) tingkat dasar
TIK.SRV0608,- PELAKSANA RESPONS PERMINTAAN SUBJEK DATA PRIBADI (DATA SUBJECT ACCESS,"orang yang bertanggung jawab dalam melakukan respons kepada subjek data pribadi untuk akses data, permintaan data, komplain, dan pelaksanaan hak-hak lainnya."
TIK.SRV0608,- PELAKSANA RESPONS PERMINTAAN SUBJEK DATA PRIBADI (DATA SUBJECT ACCESS,melaksanakan kepatuhan terhadap peraturan perundang-undangan pdp dalam kaitannya dengan pelaksanaan hak subjek data pribadi
TIK.SRV0608,- PELAKSANA RESPONS PERMINTAAN SUBJEK DATA PRIBADI (DATA SUBJECT ACCESS,melaksanakan manajemen komplain
TIK.SRV0608,- PELAKSANA RESPONS PERMINTAAN SUBJEK DATA PRIBADI (DATA SUBJECT ACCESS,analitis
TIK.SRV0608,- PELAKSANA RESPONS PERMINTAAN SUBJEK DATA PRIBADI (DATA SUBJECT ACCESS,bertanggung jawab
TIK.SRV0608,- PELAKSANA RESPONS PERMINTAAN SUBJEK DATA PRIBADI (DATA SUBJECT ACCESS,berintegritas
TIK.SRV0608,- PELAKSANA RESPONS PERMINTAAN SUBJEK DATA PRIBADI (DATA SUBJECT ACCESS,komunikasi
TIK.SRV0608,- PELAKSANA RESPONS PERMINTAAN SUBJEK DATA PRIBADI (DATA SUBJECT ACCESS,memastikan kewajiban-kewajiban terkait pemberitahuan pdp dilaksanakan dan dimonitor
TIK.SRV0608,- PELAKSANA RESPONS PERMINTAAN SUBJEK DATA PRIBADI (DATA SUBJECT ACCESS,"merespons permintaan subjek data pribadi terkait pelaksanaan hak subjek data pribadi atas: a. informasi pemrosesan b. pemutakhiran data c. permintaan akses dan salinan d. pengakhiran pemrosesan e. penarikan persetujuan f. pengajuan keberatan g. pembatasan pemrosesan h. menggugat dan menerima ganti rugi, serta i. portabilitas dan interoperabilitas data"
TIK.SRV0608,- PELAKSANA RESPONS PERMINTAAN SUBJEK DATA PRIBADI (DATA SUBJECT ACCESS,memberikan masukan dalam proses perancangan sistem respons permintaan
TIK.SRV0608,- PELAKSANA RESPONS PERMINTAAN SUBJEK DATA PRIBADI (DATA SUBJECT ACCESS,melaksanakan kewenangan terkait pelaksanaan hak subjek data pribadi
TIK.SRV0608,- PELAKSANA RESPONS PERMINTAAN SUBJEK DATA PRIBADI (DATA SUBJECT ACCESS,berkomunikasi dengan subjek data pribadi secara langsung
TIK.SRV0608,- PELAKSANA RESPONS PERMINTAAN SUBJEK DATA PRIBADI (DATA SUBJECT ACCESS,"berkoordinasi dengan unit legal terkait manajemen komplain, penyelesaian perselisihan hukum dan unit keamanan informasi untuk verifikasi identitas & antifraud pada permintaan"
TIK.SRV0608,- PELAKSANA RESPONS PERMINTAAN SUBJEK DATA PRIBADI (DATA SUBJECT ACCESS,telah mendapatkan pelatihan umum terkait peraturan undang - undang terkait pelindungan data pribadi dan secara khusus terkait pelaksanaan hak subjek data pribadi; dan
TIK.SRV0608,- PELAKSANA RESPONS PERMINTAAN SUBJEK DATA PRIBADI (DATA SUBJECT ACCESS,mengidentifikasi peraturan perundang-undangan terkait pelindungan data pribadi
TIK.SRV0608,- PELAKSANA RESPONS PERMINTAAN SUBJEK DATA PRIBADI (DATA SUBJECT ACCESS,menerapkan program kerja pelindungan data pribadi
TIK.SRV0608,- PELAKSANA RESPONS PERMINTAAN SUBJEK DATA PRIBADI (DATA SUBJECT ACCESS,memberikan respons terhadap permintaan informasi data pribadi sesuai ketentuan
TIK.SRV0609,- PELAKSANA MANAJEMEN PERSETUJUAN (CONSENT MANAGEMENT OPERATOR),"orang yang bertanggung jawab terkait manajemen persetujuan termasuk diantaranya informasi terkait pemrosesan terkait, perekaman persetujuan, penarikan persetujuan, dan memastikan penghapusan pemusnahan data pribadi."
TIK.SRV0609,- PELAKSANA MANAJEMEN PERSETUJUAN (CONSENT MANAGEMENT OPERATOR),memastikan kepatuhan terkait peraturan perundang-undangan pdp yang berhubungan dengan dasar pemrosesan persetujuan yang sah secara eksplisit sesuai uu pdp pasal 20 ayat (2) butir (a) dengan manajemen perekaman jejak persetujuan yang dapat diaudit
TIK.SRV0609,- PELAKSANA MANAJEMEN PERSETUJUAN (CONSENT MANAGEMENT OPERATOR),analitis
TIK.SRV0609,- PELAKSANA MANAJEMEN PERSETUJUAN (CONSENT MANAGEMENT OPERATOR),bertanggung jawab
TIK.SRV0609,- PELAKSANA MANAJEMEN PERSETUJUAN (CONSENT MANAGEMENT OPERATOR),berintegritas
TIK.SRV0609,- PELAKSANA MANAJEMEN PERSETUJUAN (CONSENT MANAGEMENT OPERATOR),mengidentifikasi mana pemrosesan yang harus menggunakan dasar pemrosesan persetujuan yang sah secara eksplisit
TIK.SRV0609,- PELAKSANA MANAJEMEN PERSETUJUAN (CONSENT MANAGEMENT OPERATOR),memastikan informasi terkait persetujuan disampaikan
TIK.SRV0609,- PELAKSANA MANAJEMEN PERSETUJUAN (CONSENT MANAGEMENT OPERATOR),memastikan dipisahkannya persetujuan dengan dasar pemrosesan lain
TIK.SRV0609,- PELAKSANA MANAJEMEN PERSETUJUAN (CONSENT MANAGEMENT OPERATOR),memastikan perekaman persetujuan dan ketidaksetujuan
TIK.SRV0609,- PELAKSANA MANAJEMEN PERSETUJUAN (CONSENT MANAGEMENT OPERATOR),memastikan prosedur penarikan persetujuan ada dan dilaksanakan
TIK.SRV0609,- PELAKSANA MANAJEMEN PERSETUJUAN (CONSENT MANAGEMENT OPERATOR),berkoordinasi dengan pihak pemilik proses bisnis yang melakukan pemrosesan data pribadi untuk menentukan pemrosesan mana yang menggunakan dasar pemrosesan persetujuan
TIK.SRV0609,- PELAKSANA MANAJEMEN PERSETUJUAN (CONSENT MANAGEMENT OPERATOR),"menyarankan sistem manajemen persetujuan kepada manajer operasional pdp yang mempunyai fungsi perekaman persetujuan, penarikan persetujuan, dan preferensi lainnya serta melaksanakan permintaan penghapusan dan atau pemusnahan data pribadi sesuai permintaan subjek data pribadi yang menarik persetujuannya"
TIK.SRV0609,- PELAKSANA MANAJEMEN PERSETUJUAN (CONSENT MANAGEMENT OPERATOR),"telah mendapatkan pelatihan umum terkait peraturan undang - undang terkait pelindungan data pribadi dan secara khusus terkait manajemen persetujuan (termasuk dark pattern dan anti-coercion), pelaksanaan dasar pemrosesan persetujuan yang sah secara eksplisit, hak subjek data pribadi dalam penarikan persetujuan, penghapusan data pribadi setelah penarikan persetujuan, serta perbedaannya dengan aturan pdp di yurisdiksi lain; dan"
TIK.SRV0609,- PELAKSANA MANAJEMEN PERSETUJUAN (CONSENT MANAGEMENT OPERATOR),mengidentifikasi peraturan perundang-undangan terkait pelindungan data pribadi
TIK.SRV0609,- PELAKSANA MANAJEMEN PERSETUJUAN (CONSENT MANAGEMENT OPERATOR),menerapkan program kerja pelindungan data pribadi
TIK.SRV0609,- PELAKSANA MANAJEMEN PERSETUJUAN (CONSENT MANAGEMENT OPERATOR),merumuskan proses perolehan persetujuan pemrosesan data pribadi
TIK.SRV0610,- PELAKSANA REKAMAN AKTIVITAS PEMROSESAN (RoPA OPERATOR),"orang yang bertanggung jawab terkait pembuatan dokumen rekaman aktivitas pemrosesan data pribadi, analisis, dan pemutakhirannya."
TIK.SRV0610,- PELAKSANA REKAMAN AKTIVITAS PEMROSESAN (RoPA OPERATOR),"memastikan kepatuhan terkait peraturan perundang-undangan pdp yang berhubungan dengan dokumen rekaman aktivitas pemrosesan data pribadi, identifikasi pemrosesan berpotensi risiko tinggi, serta analisis kesenjangannya untuk perbaikan manajemen pdp"
TIK.SRV0610,- PELAKSANA REKAMAN AKTIVITAS PEMROSESAN (RoPA OPERATOR),analitis
TIK.SRV0610,- PELAKSANA REKAMAN AKTIVITAS PEMROSESAN (RoPA OPERATOR),bertanggung jawab
TIK.SRV0610,- PELAKSANA REKAMAN AKTIVITAS PEMROSESAN (RoPA OPERATOR),berintegritas
TIK.SRV0610,- PELAKSANA REKAMAN AKTIVITAS PEMROSESAN (RoPA OPERATOR),mengidentifikasi proses bisnis serta penanggung jawabnya yang harus dibuatkan dokumen rekaman aktivitas pemrosesan data pribadi
TIK.SRV0610,- PELAKSANA REKAMAN AKTIVITAS PEMROSESAN (RoPA OPERATOR),mengkoordinasi dan atau membantu pembuatan dokumen rekaman aktivitas pemrosesan data pribadi
TIK.SRV0610,- PELAKSANA REKAMAN AKTIVITAS PEMROSESAN (RoPA OPERATOR),mengidentifikasi pemrosesan data pribadi berpotensi risiko tinggi untuk selanjutnya dibuatkan dokumen penilaian dampak pdp
TIK.SRV0610,- PELAKSANA REKAMAN AKTIVITAS PEMROSESAN (RoPA OPERATOR),"melakukan analisis dasar pemrosesan, analisis kesenjangan terkait minimalisasi data, identifikasi peran, turunan kontraktual, analisis pelaksanaan tindakan teknis dan organisasi, analisis alur pemetaan proses, pemenuhan hak subjek data pribadi, serta transfer data pribadi ke luar wilayah negara republik indonesia"
TIK.SRV0610,- PELAKSANA REKAMAN AKTIVITAS PEMROSESAN (RoPA OPERATOR),memutakhirkan dokumen rekaman aktivitas pemrosesan data pribadi
TIK.SRV0610,- PELAKSANA REKAMAN AKTIVITAS PEMROSESAN (RoPA OPERATOR),"berkoordinasi dengan pihak yang melakukan pemrosesan data pribadi dalam pembuatan rekaman aktivitas pemrosesan data pribadi, meminta informasi, mendapatkan akses ke sistem sumber untuk verifikasi data, serta melakukan pemutakhiran dokumen"
TIK.SRV0610,- PELAKSANA REKAMAN AKTIVITAS PEMROSESAN (RoPA OPERATOR),memberikan laporan kepada manajer tata kelola pdp terkait hasil analisis kesenjangan yang dilakukan
TIK.SRV0610,- PELAKSANA REKAMAN AKTIVITAS PEMROSESAN (RoPA OPERATOR),telah mengikuti pelatihan tentang peraturan undang - undang terkait pelindungan data pribadi secara umum dan pelatihan khusus terkait pelaksanaan prinsip pelindungan data pribadi dan identifikasi peran pdp; dan
TIK.SRV0610,- PELAKSANA REKAMAN AKTIVITAS PEMROSESAN (RoPA OPERATOR),mengidentifikasi peraturan perundang-undangan terkait pelindungan data pribadi
TIK.SRV0610,- PELAKSANA REKAMAN AKTIVITAS PEMROSESAN (RoPA OPERATOR),melakukan penilaian dampak pelindungan data pribadi
TIK.SRV0610,- PELAKSANA REKAMAN AKTIVITAS PEMROSESAN (RoPA OPERATOR),menerapkan program kerja pelindungan data pribadi
TIK.SRV0501,- TEKNISI KOMPUTER MUDA (ASSOCIATE COMPUTER TECHNICIAN),"orang yang bertanggung jawab untuk mengawasi, mengarahkan, dan mengevaluasi kinerja teknisi komputer. teknisi komputer muda harus memiliki pengetahuan dan keterampilan yang luas di bidang komputer, termasuk sistem operasi, perangkat keras, perangkat lunak, dan jaringan."
TIK.SRV0501,- TEKNISI KOMPUTER MUDA (ASSOCIATE COMPUTER TECHNICIAN),perangkat keras
TIK.SRV0501,- TEKNISI KOMPUTER MUDA (ASSOCIATE COMPUTER TECHNICIAN),sistem operasi
TIK.SRV0501,- TEKNISI KOMPUTER MUDA (ASSOCIATE COMPUTER TECHNICIAN),kemampuan kepemimpinan
TIK.SRV0501,- TEKNISI KOMPUTER MUDA (ASSOCIATE COMPUTER TECHNICIAN),kemampuan manajemen
TIK.SRV0501,- TEKNISI KOMPUTER MUDA (ASSOCIATE COMPUTER TECHNICIAN),kemampuan komunikasi
TIK.SRV0501,- TEKNISI KOMPUTER MUDA (ASSOCIATE COMPUTER TECHNICIAN),kemampuan interpersonal
TIK.SRV0501,- TEKNISI KOMPUTER MUDA (ASSOCIATE COMPUTER TECHNICIAN),kemampuan problem solving
TIK.SRV0501,- TEKNISI KOMPUTER MUDA (ASSOCIATE COMPUTER TECHNICIAN),kemampuan bekerja dalam tim
TIK.SRV0501,- TEKNISI KOMPUTER MUDA (ASSOCIATE COMPUTER TECHNICIAN),memimpin dan mengawasi teknisi komputer dalam melaksanakan tugas-tugasnya
TIK.SRV0501,- TEKNISI KOMPUTER MUDA (ASSOCIATE COMPUTER TECHNICIAN),mendelegasikan tugas kepada teknisi komputer
TIK.SRV0501,- TEKNISI KOMPUTER MUDA (ASSOCIATE COMPUTER TECHNICIAN),melakukan evaluasi kinerja teknisi komputer
TIK.SRV0501,- TEKNISI KOMPUTER MUDA (ASSOCIATE COMPUTER TECHNICIAN),menyusun rencana kerja teknisi komputer
TIK.SRV0501,- TEKNISI KOMPUTER MUDA (ASSOCIATE COMPUTER TECHNICIAN),"melakukan koordinasi dengan pihak lain, seperti pelanggan, vendor, dan manajemen"
TIK.SRV0501,- TEKNISI KOMPUTER MUDA (ASSOCIATE COMPUTER TECHNICIAN),memberikan instruksi kepada teknisi komputer
TIK.SRV0501,- TEKNISI KOMPUTER MUDA (ASSOCIATE COMPUTER TECHNICIAN),melakukan evaluasi kinerja teknisi komputer
TIK.SRV0501,- TEKNISI KOMPUTER MUDA (ASSOCIATE COMPUTER TECHNICIAN),mendelegasikan tugas kepada teknisi komputer
TIK.SRV0501,- TEKNISI KOMPUTER MUDA (ASSOCIATE COMPUTER TECHNICIAN),mengambil keputusan dalam hal teknis
TIK.SRV0501,- TEKNISI KOMPUTER MUDA (ASSOCIATE COMPUTER TECHNICIAN),"kemampuan bahasa asing, terutama bahasa inggris."
TIK.SRV0501,- TEKNISI KOMPUTER MUDA (ASSOCIATE COMPUTER TECHNICIAN),merawat hard disk
TIK.SRV0501,- TEKNISI KOMPUTER MUDA (ASSOCIATE COMPUTER TECHNICIAN),memperbaiki keyboard
TIK.SRV0501,- TEKNISI KOMPUTER MUDA (ASSOCIATE COMPUTER TECHNICIAN),memperbaiki monitor
TIK.SRV0501,- TEKNISI KOMPUTER MUDA (ASSOCIATE COMPUTER TECHNICIAN),melakukan instalasi sistem operasi
TIK.SRV0501,- TEKNISI KOMPUTER MUDA (ASSOCIATE COMPUTER TECHNICIAN),melakukan recovery data
TIK.SRV0501,- TEKNISI KOMPUTER MUDA (ASSOCIATE COMPUTER TECHNICIAN),merawat sistem operasi
TIK.SRV0501,- TEKNISI KOMPUTER MUDA (ASSOCIATE COMPUTER TECHNICIAN),melakukan restore sistem operasi
TIK.SRV0501,- TEKNISI KOMPUTER MUDA (ASSOCIATE COMPUTER TECHNICIAN),melakukan backup data dan sistem
TIK.SRV0502,PENGELOLA HELPDESK MUDA (ASSOCIATE HELPDESK),"orang yang mampu menyelesaikan pekerjaan sesuai dengan lingkup manajemen layanan teknologi informasi dan melaksanakan prosedur meja layanan teknologi informasi dengan metode yang sesuai dengan rencana prosedur manajemen layanan teknologi informasi dan menganalisis bukti manajemen layanan teknologi informasi yang diperoleh. mampu menunjukkan kinerja dengan mutu dan kuantitas manajemen layanan teknologi informasi yang terukur. menguasai konsep teoritis bidang meja layanan, dan manajemen layanan teknologi informasi secara umum, serta mampu memformulasikan penyelesaian masalah pelaksanaan prosedur meja layanan teknologi informasi. bertanggung jawab pada pekerjaan sendiri dan dapat diberi tanggung jawab atas pencapaian hasil kerja sesama staf meja layanan teknologi informasi lain."
TIK.SRV0502,PENGELOLA HELPDESK MUDA (ASSOCIATE HELPDESK),bidang pengelolaan layanan ti
TIK.SRV0502,PENGELOLA HELPDESK MUDA (ASSOCIATE HELPDESK),"teliti dalam menyusun rencana desain, mencatat dan mengklasifikasikan permintaan layanan, mencatat dan mengklasifikasikan insiden atau masalah, melakukan penanganan keluhan dari pengguna"
TIK.SRV0502,PENGELOLA HELPDESK MUDA (ASSOCIATE HELPDESK),"objektif dalam mengidentifikasi kebutuhan dan harapan pelanggan, memenuhi permintaan layanan, menangani dan menyelesaikan insiden atau masalah"
TIK.SRV0502,PENGELOLA HELPDESK MUDA (ASSOCIATE HELPDESK),asertif dalam berkomunikasi dengan pihak terkait
TIK.SRV0502,PENGELOLA HELPDESK MUDA (ASSOCIATE HELPDESK),tanggung jawab dalam penanganan keluhan dari pengguna
TIK.SRV0502,PENGELOLA HELPDESK MUDA (ASSOCIATE HELPDESK),bekerja sama dalam tim penanganan keluhan dari pengguna
TIK.SRV0502,PENGELOLA HELPDESK MUDA (ASSOCIATE HELPDESK),menerapkan desain dan katalog layanan teknologi informasi
TIK.SRV0502,PENGELOLA HELPDESK MUDA (ASSOCIATE HELPDESK),menerapkan pengelolaan tingkat layanan teknologi informasi
TIK.SRV0502,PENGELOLA HELPDESK MUDA (ASSOCIATE HELPDESK),menerapkan meja layanan dan permintaan layanan teknologi informasi
TIK.SRV0502,PENGELOLA HELPDESK MUDA (ASSOCIATE HELPDESK),menerapkan pengelolaan insiden dan masalah
TIK.SRV0502,PENGELOLA HELPDESK MUDA (ASSOCIATE HELPDESK),memberikan dukungan teknis atas masalah pengguna
TIK.SRV0502,PENGELOLA HELPDESK MUDA (ASSOCIATE HELPDESK),memerintahkan dan mengarahkan tim helpdesk
TIK.SRV0502,PENGELOLA HELPDESK MUDA (ASSOCIATE HELPDESK),menentukan kebijakan dan prosedur helpdesk
TIK.SRV0502,PENGELOLA HELPDESK MUDA (ASSOCIATE HELPDESK),mengevaluasi kinerja helpdesk
TIK.SRV0502,PENGELOLA HELPDESK MUDA (ASSOCIATE HELPDESK),menganalisis data untuk meningkatkan efisiensi dan efektivitas helpdesk
TIK.SRV0502,PENGELOLA HELPDESK MUDA (ASSOCIATE HELPDESK),menerapkan desain dan katalog layanan teknologi informasi
TIK.SRV0502,PENGELOLA HELPDESK MUDA (ASSOCIATE HELPDESK),menerapkan pengelolaan tingkat layanan teknologi informasi
TIK.SRV0502,PENGELOLA HELPDESK MUDA (ASSOCIATE HELPDESK),menerapkan meja layanan dan permintaan layanan teknologi informasi
TIK.SRV0502,PENGELOLA HELPDESK MUDA (ASSOCIATE HELPDESK),menerapkan pengelolaan insiden dan masalah
TIK.SRV0502,PENGELOLA HELPDESK MUDA (ASSOCIATE HELPDESK),memberikan dukungan teknis atas masalah pengguna
TIK.SRV0502,PENGELOLA HELPDESK MUDA (ASSOCIATE HELPDESK),memberikan tiket terhadap insiden keamanan siber
TIK.SRV0502,PENGELOLA HELPDESK MUDA (ASSOCIATE HELPDESK),mengidentifikasi sumber kerusakan
TIK.SRV0502,PENGELOLA HELPDESK MUDA (ASSOCIATE HELPDESK),mencegah komputer dari serangan berbagai jenis virus
TIK.SRV0502,PENGELOLA HELPDESK MUDA (ASSOCIATE HELPDESK),mengkomunikasikan penanganan insiden keamanan siber dan manajemen krisis
TIK.SRV0503,PENGELOLA LAYANAN TI MUDA (ASSOCIATE IT SERVICE OPERATOR),"orang yang mampu menyelesaikan pekerjaan sesuai dengan lingkup manajemen layanan teknologi informasi dan melaksanakan prosedur operasi layanan teknologi informasi dengan metode yang sesuai dengan rencana prosedur manajemen layanan teknologi informasi dan menganalisis bukti manajemen layanan teknologi informasi yang diperoleh. mampu menunjukkan kinerja dengan mutu dan kuantitas manajemen layanan teknologi informasi yang terukur. menguasai konsep teoritis bidang operasi layanan, dan manajemen layanan teknologi informasi secara umum, serta mampu memformulasikan penyelesaian masalah pelaksanaan prosedur operasi layanan teknologi informasi. bertanggung jawab pada pekerjaan sendiri dan dapat diberi tanggung jawab atas pencapaian hasil kerja sesama pengelola layanan teknologi informasi lain."
TIK.SRV0503,PENGELOLA LAYANAN TI MUDA (ASSOCIATE IT SERVICE OPERATOR),bidang pengelolaan layanan ti
TIK.SRV0503,PENGELOLA LAYANAN TI MUDA (ASSOCIATE IT SERVICE OPERATOR),teliti dalam mencatat dan mengklasifikasikan insiden atau masalah
TIK.SRV0503,PENGELOLA LAYANAN TI MUDA (ASSOCIATE IT SERVICE OPERATOR),teliti dalam menganalisis risiko pengelolaan aset teknologi informasi
TIK.SRV0503,PENGELOLA LAYANAN TI MUDA (ASSOCIATE IT SERVICE OPERATOR),"terampil, cekatan, rapih,tanggung jawab"
TIK.SRV0503,PENGELOLA LAYANAN TI MUDA (ASSOCIATE IT SERVICE OPERATOR),"fokus, kreatif, disiplin"
TIK.SRV0503,PENGELOLA LAYANAN TI MUDA (ASSOCIATE IT SERVICE OPERATOR),objektif dalam menangani dan menyelesaikan insiden atau masalah
TIK.SRV0503,PENGELOLA LAYANAN TI MUDA (ASSOCIATE IT SERVICE OPERATOR),asertif dalam mengelola aset teknologi informasi
TIK.SRV0503,PENGELOLA LAYANAN TI MUDA (ASSOCIATE IT SERVICE OPERATOR),menerapkan pengelolaan insiden dan masalah
TIK.SRV0503,PENGELOLA LAYANAN TI MUDA (ASSOCIATE IT SERVICE OPERATOR),menerapkan pengelolaan rilis teknologi informasi
TIK.SRV0503,PENGELOLA LAYANAN TI MUDA (ASSOCIATE IT SERVICE OPERATOR),menerapkan kendali perubahan
TIK.SRV0503,PENGELOLA LAYANAN TI MUDA (ASSOCIATE IT SERVICE OPERATOR),menerapkan pengelolaan peristiwa dan pemantauan
TIK.SRV0503,PENGELOLA LAYANAN TI MUDA (ASSOCIATE IT SERVICE OPERATOR),menerapkan pengelolaan keberlangsungan layanan teknologi informasi
TIK.SRV0503,PENGELOLA LAYANAN TI MUDA (ASSOCIATE IT SERVICE OPERATOR),membuat keputusan terkait dengan operasional infrastruktur dan aplikasi ti
TIK.SRV0503,PENGELOLA LAYANAN TI MUDA (ASSOCIATE IT SERVICE OPERATOR),menggunakan alat dan perangkat keras ti
TIK.SRV0503,PENGELOLA LAYANAN TI MUDA (ASSOCIATE IT SERVICE OPERATOR),mengakses dan mengelola data ti
TIK.SRV0503,PENGELOLA LAYANAN TI MUDA (ASSOCIATE IT SERVICE OPERATOR),menerapkan pengelolaan insiden dan masalah
TIK.SRV0503,PENGELOLA LAYANAN TI MUDA (ASSOCIATE IT SERVICE OPERATOR),menerapkan manajemen aset teknologi informasi
TIK.SRV0503,PENGELOLA LAYANAN TI MUDA (ASSOCIATE IT SERVICE OPERATOR),memasang perangkat jaringan ke dalam sistem jaringan
TIK.SRV0503,PENGELOLA LAYANAN TI MUDA (ASSOCIATE IT SERVICE OPERATOR),memasang kabel jaringan
TIK.SRV0503,PENGELOLA LAYANAN TI MUDA (ASSOCIATE IT SERVICE OPERATOR),memasang memory memasang hard disk
TIK.SRV0503,PENGELOLA LAYANAN TI MUDA (ASSOCIATE IT SERVICE OPERATOR),memasang interface card
TIK.SRV0503,PENGELOLA LAYANAN TI MUDA (ASSOCIATE IT SERVICE OPERATOR),melakukan instalasi sistem operasi
TIK.SRV0503,PENGELOLA LAYANAN TI MUDA (ASSOCIATE IT SERVICE OPERATOR),melakukan instalasi software aplikasi
TIK.SRV0503,PENGELOLA LAYANAN TI MUDA (ASSOCIATE IT SERVICE OPERATOR),memasang jaringan nirkabel
TIK.SRV0503,PENGELOLA LAYANAN TI MUDA (ASSOCIATE IT SERVICE OPERATOR),mencegah komputer dari serangan berbagai jenis virus
TIK.SRV0503,PENGELOLA LAYANAN TI MUDA (ASSOCIATE IT SERVICE OPERATOR),memperbaiki komputer yang terinfeksi virus
TIK.SRV0503,PENGELOLA LAYANAN TI MUDA (ASSOCIATE IT SERVICE OPERATOR),melakukan recovery data
TIK.SRV0504,PENGELOLA DUKUNGAN LAYANAN TI MUDA (ASSOCIATE IT SUPPORT),"orang yang mampu menyelesaikan pekerjaan sesuai dengan lingkup manajemen layanan teknologi informasi dan melaksanakan prosedur pendukung layanan teknologi informasi (it support) dengan metode yang sesuai dengan rencana prosedur manajemen layanan teknologi informasi dan menganalisis bukti manajemen layanan teknologi informasi yang diperoleh. mampu menunjukkan kinerja dengan mutu dan kuantitas manajemen layanan teknologi informasi yang terukur. menguasai konsep teoritis bidang pendukung layanan teknologi informasi (it support), dan manajemen layanan teknologi informasi secara umum, serta mampu memformulasikan penyelesaian masalah pelaksanaan prosedur pendukung layanan teknologi informasi (it support). bertanggung jawab pada pekerjaan sendiri dan dapat diberi tanggung jawab atas pencapaian hasil kerja sesama pengelola dukungan layanan teknologi informasi muda (associate it support) lain."
TIK.SRV0504,PENGELOLA DUKUNGAN LAYANAN TI MUDA (ASSOCIATE IT SUPPORT),bidang pengelolaan layanan ti
TIK.SRV0504,PENGELOLA DUKUNGAN LAYANAN TI MUDA (ASSOCIATE IT SUPPORT),"teliti dalam mencatat dan mengklasifikasikan insiden atau masalah, menganalisis masalah ti, menganalisis dan mengelola data permintaan perubahan, memantau dan menganalisis data event dalam sistem, serta menganalisis data keberlangsungan layanan"
TIK.SRV0504,PENGELOLA DUKUNGAN LAYANAN TI MUDA (ASSOCIATE IT SUPPORT),"objektif dalam menangani dan menyelesaikan insiden atau masalah, menganalisis risiko ti, mengimplementasikan perubahan sesuai dengan analisis data permintaan perubahan, mengambil tindakan berdasarkan analisis data event, serta melaksanakan rencana sesuai dengan analisis data keberlangsungan layanan"
TIK.SRV0504,PENGELOLA DUKUNGAN LAYANAN TI MUDA (ASSOCIATE IT SUPPORT),"asertif dalam menangani masalah ti, berkomunikasi dengan pihak terkait, berkomunikasi dengan pihak terkait, berkomunikasi dengan pihak terkait"
TIK.SRV0504,PENGELOLA DUKUNGAN LAYANAN TI MUDA (ASSOCIATE IT SUPPORT),menerapkan pengelolaan insiden dan masalah
TIK.SRV0504,PENGELOLA DUKUNGAN LAYANAN TI MUDA (ASSOCIATE IT SUPPORT),menerapkan manajemen aset teknologi informasi
TIK.SRV0504,PENGELOLA DUKUNGAN LAYANAN TI MUDA (ASSOCIATE IT SUPPORT),memasang perangkat jaringan ke dalam sistem jaringan
TIK.SRV0504,PENGELOLA DUKUNGAN LAYANAN TI MUDA (ASSOCIATE IT SUPPORT),memasang kabel jaringan
TIK.SRV0504,PENGELOLA DUKUNGAN LAYANAN TI MUDA (ASSOCIATE IT SUPPORT),memasang/mengelola perangkat komputer
TIK.SRV0504,PENGELOLA DUKUNGAN LAYANAN TI MUDA (ASSOCIATE IT SUPPORT),melakukan pemeliharaan perangkat ti
TIK.SRV0504,PENGELOLA DUKUNGAN LAYANAN TI MUDA (ASSOCIATE IT SUPPORT),memberikan bantuan teknis kepada karyawan terkait penggunaan perangkat ti dan menyelesaikan masalah operasional
TIK.SRV0504,PENGELOLA DUKUNGAN LAYANAN TI MUDA (ASSOCIATE IT SUPPORT),melakukan pemantauan terhadap sistem ti internal untuk memastikan kelancaran operasional organisasi
TIK.SRV0504,PENGELOLA DUKUNGAN LAYANAN TI MUDA (ASSOCIATE IT SUPPORT),menyusun dan memelihara dokumentasi teknis serta memastikan keamanan data internal sesuai kebijakan ti
TIK.SRV0504,PENGELOLA DUKUNGAN LAYANAN TI MUDA (ASSOCIATE IT SUPPORT),mengimplementasikan prosedur dan standar operasional ti yang ditetapkan oleh organisasi
TIK.SRV0504,PENGELOLA DUKUNGAN LAYANAN TI MUDA (ASSOCIATE IT SUPPORT),menerapkan pengelolaan insiden dan masalah
TIK.SRV0504,PENGELOLA DUKUNGAN LAYANAN TI MUDA (ASSOCIATE IT SUPPORT),menerapkan pengelolaan rilis teknologi informasi
TIK.SRV0504,PENGELOLA DUKUNGAN LAYANAN TI MUDA (ASSOCIATE IT SUPPORT),menerapkan kendali perubahan
TIK.SRV0504,PENGELOLA DUKUNGAN LAYANAN TI MUDA (ASSOCIATE IT SUPPORT),menerapkan pengelolaan event dan pemantauan
TIK.SRV0504,PENGELOLA DUKUNGAN LAYANAN TI MUDA (ASSOCIATE IT SUPPORT),menerapkan pengelolaan keberlangsungan layanan teknologi informasi
TIK.SRV0504,PENGELOLA DUKUNGAN LAYANAN TI MUDA (ASSOCIATE IT SUPPORT),menerapkan prinsip keamanan informasi pada transaksi elektronik
TIK.SRV0504,PENGELOLA DUKUNGAN LAYANAN TI MUDA (ASSOCIATE IT SUPPORT),memberikan dukungan teknis atas masalah pengguna
TIK.SRV0504,PENGELOLA DUKUNGAN LAYANAN TI MUDA (ASSOCIATE IT SUPPORT),melakukan terminasi layanan aset teknologi informasi (ti) terdampak insiden untuk perbaikan
TIK.SRV0505,PENGEMBANG INTERNET MUDA (ASSOCIATE INTERNET DEVELOPER),"orang yang bertanggung jawab untuk mengembangkan aplikasi web, aplikasi seluler, dan layanan web."
TIK.SRV0505,PENGEMBANG INTERNET MUDA (ASSOCIATE INTERNET DEVELOPER),mengembangkan aplikasi web untuk perusahaan
TIK.SRV0505,PENGEMBANG INTERNET MUDA (ASSOCIATE INTERNET DEVELOPER),melakukan pengujian dan debugging aplikasi web
TIK.SRV0505,PENGEMBANG INTERNET MUDA (ASSOCIATE INTERNET DEVELOPER),komunikatif
TIK.SRV0505,PENGEMBANG INTERNET MUDA (ASSOCIATE INTERNET DEVELOPER),teamwork
TIK.SRV0505,PENGEMBANG INTERNET MUDA (ASSOCIATE INTERNET DEVELOPER),memimpin tim
TIK.SRV0505,PENGEMBANG INTERNET MUDA (ASSOCIATE INTERNET DEVELOPER),teliti
TIK.SRV0505,PENGEMBANG INTERNET MUDA (ASSOCIATE INTERNET DEVELOPER),responsif
TIK.SRV0505,PENGEMBANG INTERNET MUDA (ASSOCIATE INTERNET DEVELOPER),"mengembangkan desain dan arsitektur situs web, aplikasi web, dan layanan web"
TIK.SRV0505,PENGEMBANG INTERNET MUDA (ASSOCIATE INTERNET DEVELOPER),"menulis kode untuk situs web, aplikasi web, dan layanan web"
TIK.SRV0505,PENGEMBANG INTERNET MUDA (ASSOCIATE INTERNET DEVELOPER),"melakukan pengujian dan debugging situs web, aplikasi web, dan layanan web"
TIK.SRV0505,PENGEMBANG INTERNET MUDA (ASSOCIATE INTERNET DEVELOPER),"memelihara dan mengoptimalkan situs web, aplikasi web, dan layanan web"
TIK.SRV0505,PENGEMBANG INTERNET MUDA (ASSOCIATE INTERNET DEVELOPER),develop guidelines for uploading information to a website
TIK.SRV0505,PENGEMBANG INTERNET MUDA (ASSOCIATE INTERNET DEVELOPER),implement quality assurance process for websites
TIK.SRV0505,PENGEMBANG INTERNET MUDA (ASSOCIATE INTERNET DEVELOPER),research and apply emerging web technology trends
TIK.SRV0505,PENGEMBANG INTERNET MUDA (ASSOCIATE INTERNET DEVELOPER),melakukan pembaharuan perangkat lunak
TIK.SRV0505,PENGEMBANG INTERNET MUDA (ASSOCIATE INTERNET DEVELOPER),merancang user interface (ui)
TIK.SRV0505,PENGEMBANG INTERNET MUDA (ASSOCIATE INTERNET DEVELOPER),melakukan audit pre-intalasi untuk instalasi perangkat lunak
TIK.SRV0505,PENGEMBANG INTERNET MUDA (ASSOCIATE INTERNET DEVELOPER),memonitor dan mengadministrasi keamanan sistem
TIK.SRV0505,PENGEMBANG INTERNET MUDA (ASSOCIATE INTERNET DEVELOPER),menginstalasi dan mengkonfigurasi web server
TIK.SRV0505,PENGEMBANG INTERNET MUDA (ASSOCIATE INTERNET DEVELOPER),membuat dokumen kode program
TIK.SRV0505,PENGEMBANG INTERNET MUDA (ASSOCIATE INTERNET DEVELOPER),menerapkan web hosting
TIK.SRV0505,PENGEMBANG INTERNET MUDA (ASSOCIATE INTERNET DEVELOPER),menerapkan konten web site memenuhi protokol standar
TIK.SRV0505,PENGEMBANG INTERNET MUDA (ASSOCIATE INTERNET DEVELOPER),mempersiapkan basis data untuk sebuah situs web
TIK.SRV0505,PENGEMBANG INTERNET MUDA (ASSOCIATE INTERNET DEVELOPER),mengoperasikan aplikasi multimedia untuk playback web
TIK.SRV0506,DESAINER SITUS WEB MUDA (ASSOCIATE WEBSITE DESIGNER),orang yang bertanggung jawab untuk mendesain dan mengembangkan situs web.
TIK.SRV0506,DESAINER SITUS WEB MUDA (ASSOCIATE WEBSITE DESIGNER),merancang dan mengembangkan situs web untuk perusahaan
TIK.SRV0506,DESAINER SITUS WEB MUDA (ASSOCIATE WEBSITE DESIGNER),memastikan bahwa situs web perusahaan sesuai dengan standar web yang berlaku
TIK.SRV0506,DESAINER SITUS WEB MUDA (ASSOCIATE WEBSITE DESIGNER),komunikatif
TIK.SRV0506,DESAINER SITUS WEB MUDA (ASSOCIATE WEBSITE DESIGNER),teamwork
TIK.SRV0506,DESAINER SITUS WEB MUDA (ASSOCIATE WEBSITE DESIGNER),memimpin tim
TIK.SRV0506,DESAINER SITUS WEB MUDA (ASSOCIATE WEBSITE DESIGNER),teliti
TIK.SRV0506,DESAINER SITUS WEB MUDA (ASSOCIATE WEBSITE DESIGNER),responsif
TIK.SRV0506,DESAINER SITUS WEB MUDA (ASSOCIATE WEBSITE DESIGNER),kreatif
TIK.SRV0506,DESAINER SITUS WEB MUDA (ASSOCIATE WEBSITE DESIGNER),memahami kebutuhan bisnis dan pengguna
TIK.SRV0506,DESAINER SITUS WEB MUDA (ASSOCIATE WEBSITE DESIGNER),mengembangkan desain visual yang menarik
TIK.SRV0506,DESAINER SITUS WEB MUDA (ASSOCIATE WEBSITE DESIGNER),membuat tata letak dan struktur situs web
TIK.SRV0506,DESAINER SITUS WEB MUDA (ASSOCIATE WEBSITE DESIGNER),menerapkan elemen grafis dan multimedia
TIK.SRV0506,DESAINER SITUS WEB MUDA (ASSOCIATE WEBSITE DESIGNER),menerapkan fungsionalitas situs web
TIK.SRV0506,DESAINER SITUS WEB MUDA (ASSOCIATE WEBSITE DESIGNER),melakukan pengujian dan debugging situs web
TIK.SRV0506,DESAINER SITUS WEB MUDA (ASSOCIATE WEBSITE DESIGNER),design simple web page layouts
TIK.SRV0506,DESAINER SITUS WEB MUDA (ASSOCIATE WEBSITE DESIGNER),build a dynamic website
TIK.SRV0506,DESAINER SITUS WEB MUDA (ASSOCIATE WEBSITE DESIGNER),menganalisis tools
TIK.SRV0506,DESAINER SITUS WEB MUDA (ASSOCIATE WEBSITE DESIGNER),menganalisis skalabilitas perangkat lunak
TIK.SRV0506,DESAINER SITUS WEB MUDA (ASSOCIATE WEBSITE DESIGNER),"melakukan identifikasi library, komponen atau framework yang diperlukan"
TIK.SRV0506,DESAINER SITUS WEB MUDA (ASSOCIATE WEBSITE DESIGNER),"menerapkan perintah eksekusi bahasa pemrograman berbasis teks, grafik, dan multimedia"
TIK.SRV0506,DESAINER SITUS WEB MUDA (ASSOCIATE WEBSITE DESIGNER),melakukan instalasi software tools pemrograman
TIK.SRV0506,DESAINER SITUS WEB MUDA (ASSOCIATE WEBSITE DESIGNER),menulis kode dengan prinsip sesuai guidelines dan best practices
TIK.SRV0506,DESAINER SITUS WEB MUDA (ASSOCIATE WEBSITE DESIGNER),mengimplementasikan pemrograman terstruktur
TIK.SRV0506,DESAINER SITUS WEB MUDA (ASSOCIATE WEBSITE DESIGNER),mengimplementasikan pemrograman berorientasi objek
TIK.SRV0506,DESAINER SITUS WEB MUDA (ASSOCIATE WEBSITE DESIGNER),menggunakan library atau komponen pre-existing
TIK.SRV0506,DESAINER SITUS WEB MUDA (ASSOCIATE WEBSITE DESIGNER),menggunakan sql
TIK.SRV0506,DESAINER SITUS WEB MUDA (ASSOCIATE WEBSITE DESIGNER),menerapkan akses basis data
TIK.SRV0506,DESAINER SITUS WEB MUDA (ASSOCIATE WEBSITE DESIGNER),mengimplementasikan algoritma pemrograman
TIK.SRV0506,DESAINER SITUS WEB MUDA (ASSOCIATE WEBSITE DESIGNER),menerapkan pemrograman multimedia
TIK.SRV0506,DESAINER SITUS WEB MUDA (ASSOCIATE WEBSITE DESIGNER),melakukan profiling program
TIK.SRV0506,DESAINER SITUS WEB MUDA (ASSOCIATE WEBSITE DESIGNER),menerapkan code review
TIK.SRV0506,DESAINER SITUS WEB MUDA (ASSOCIATE WEBSITE DESIGNER),melaksanakan pengujian unit program
TIK.SRV0506,DESAINER SITUS WEB MUDA (ASSOCIATE WEBSITE DESIGNER),melaksanakan stress test
TIK.SRV0506,DESAINER SITUS WEB MUDA (ASSOCIATE WEBSITE DESIGNER),melaksanakan cutover aplikasi
TIK.SRV0507,- STAF PELINDUNG DATA PRIBADI (DATA PROTECTION STAFF),"orang yang membantu pelaksanaan program pdp dengan menyelesaikan pekerjaan sesuai metode, kebijakan, ketentuan, dan/atau prosedur terkait pdp yang telah ada."
TIK.SRV0507,- STAF PELINDUNG DATA PRIBADI (DATA PROTECTION STAFF),"melaksanakan tugas pembantuan untuk kepatuhan pdp dan pelaksanaan manajemen pdp, menyelesaikan pekerjaan berlingkup luas dengan metode yang telah ditentukan dan menyelesaikan permasalahan secara prosedural"
TIK.SRV0507,- STAF PELINDUNG DATA PRIBADI (DATA PROTECTION STAFF),bertanggung jawab
TIK.SRV0507,- STAF PELINDUNG DATA PRIBADI (DATA PROTECTION STAFF),berintegritas
TIK.SRV0507,- STAF PELINDUNG DATA PRIBADI (DATA PROTECTION STAFF),melaksanakan tugas yang diberikan dalam hal perbantuan untuk pelaksanaan kepatuhan dan manajemen pdp sesuai aturan organisasi
TIK.SRV0507,- STAF PELINDUNG DATA PRIBADI (DATA PROTECTION STAFF),melaksanakan tugas sesuai tupoksi yang ditentukan dan memformulasi penyelesaian masalah prosedural
TIK.SRV0507,- STAF PELINDUNG DATA PRIBADI (DATA PROTECTION STAFF),"telah mengikuti pelatihan minimal 16 jp tentang hukum pelindungan data pribadi baik di level undang - undang, peraturan pelaksana, peraturan sektor, maupun peraturan di negara lain yang relevan serta praktik implementasinya dan"
TIK.SRV0507,- STAF PELINDUNG DATA PRIBADI (DATA PROTECTION STAFF),lulus uji internal (post-test) dan evaluasi kinerja 36 bulan di organisasinya.
TIK.SRV0507,- STAF PELINDUNG DATA PRIBADI (DATA PROTECTION STAFF),mengidentifikasi peraturan perundang-undangan terkait pelindungan data pribadi
TIK.SRV0401,- ASISTEN TEKNISI KOMPUTER (ASSISTANT COMPUTER TECHNICIAN),"orang yang memiliki keahlian khusus dalam bidang teknologi informasi, khususnya dalam hal instalasi, konfigurasi, pemeliharaan, dan perbaikan perangkat keras dan perangkat lunak komputer. asisten teknisi komputer juga bertanggung jawab untuk memberikan dukungan teknis kepada pengguna komputer, baik secara langsung maupun tidak langsung."
TIK.SRV0401,- ASISTEN TEKNISI KOMPUTER (ASSISTANT COMPUTER TECHNICIAN),instalasi dan konfigurasi komputer
TIK.SRV0401,- ASISTEN TEKNISI KOMPUTER (ASSISTANT COMPUTER TECHNICIAN),pemeliharaan dan perbaikan komputer
TIK.SRV0401,- ASISTEN TEKNISI KOMPUTER (ASSISTANT COMPUTER TECHNICIAN),kemampuan beradaptasi dengan perubahan
TIK.SRV0401,- ASISTEN TEKNISI KOMPUTER (ASSISTANT COMPUTER TECHNICIAN),kemampuan belajar secara mandiri
TIK.SRV0401,- ASISTEN TEKNISI KOMPUTER (ASSISTANT COMPUTER TECHNICIAN),kemampuan berpikir kritis dan kreatif
TIK.SRV0401,- ASISTEN TEKNISI KOMPUTER (ASSISTANT COMPUTER TECHNICIAN),melakukan instalasi dan konfigurasi perangkat keras dan perangkat lunak komputer
TIK.SRV0401,- ASISTEN TEKNISI KOMPUTER (ASSISTANT COMPUTER TECHNICIAN),melakukan pemeliharaan dan perbaikan perangkat keras dan perangkat lunak komputer
TIK.SRV0401,- ASISTEN TEKNISI KOMPUTER (ASSISTANT COMPUTER TECHNICIAN),memberikan dukungan teknis kepada pengguna komputer
TIK.SRV0401,- ASISTEN TEKNISI KOMPUTER (ASSISTANT COMPUTER TECHNICIAN),menjaga keamanan dan kerahasiaan data pengguna komputer
TIK.SRV0401,- ASISTEN TEKNISI KOMPUTER (ASSISTANT COMPUTER TECHNICIAN),menentukan spesifikasi perangkat keras dan perangkat lunak komputer yang dibutuhkan
TIK.SRV0401,- ASISTEN TEKNISI KOMPUTER (ASSISTANT COMPUTER TECHNICIAN),menentukan metode dan prosedur instalasi dan konfigurasi perangkat keras dan perangkat lunak komputer
TIK.SRV0401,- ASISTEN TEKNISI KOMPUTER (ASSISTANT COMPUTER TECHNICIAN),menentukan metode dan prosedur pemeliharaan dan perbaikan perangkat keras dan perangkat lunak komputer
TIK.SRV0401,- ASISTEN TEKNISI KOMPUTER (ASSISTANT COMPUTER TECHNICIAN),"komponen-komponen perangkat keras komputer, seperti cpu, ram, hardisk, motherboard, kartu grafis, dan perangkat input/output lainnya;"
TIK.SRV0401,- ASISTEN TEKNISI KOMPUTER (ASSISTANT COMPUTER TECHNICIAN),prinsip kerja perangkat keras komputer;
TIK.SRV0401,- ASISTEN TEKNISI KOMPUTER (ASSISTANT COMPUTER TECHNICIAN),"jenis-jenis perangkat lunak komputer, seperti sistem operasi, aplikasi; dan"
TIK.SRV0401,- ASISTEN TEKNISI KOMPUTER (ASSISTANT COMPUTER TECHNICIAN),perangkat lunak jaringan;
TIK.SRV0401,- ASISTEN TEKNISI KOMPUTER (ASSISTANT COMPUTER TECHNICIAN),prinsip kerja perangkat lunak komputer.
TIK.SRV0401,- ASISTEN TEKNISI KOMPUTER (ASSISTANT COMPUTER TECHNICIAN),mengidentifikasi perangkat penyusun komputer
TIK.SRV0401,- ASISTEN TEKNISI KOMPUTER (ASSISTANT COMPUTER TECHNICIAN),melakukan inventarisasi hardware
TIK.SRV0401,- ASISTEN TEKNISI KOMPUTER (ASSISTANT COMPUTER TECHNICIAN),melakukan inventarisasi software
TIK.SRV0401,- ASISTEN TEKNISI KOMPUTER (ASSISTANT COMPUTER TECHNICIAN),memasang interface card
TIK.SRV0401,- ASISTEN TEKNISI KOMPUTER (ASSISTANT COMPUTER TECHNICIAN),memasang hard disk
TIK.SRV0401,- ASISTEN TEKNISI KOMPUTER (ASSISTANT COMPUTER TECHNICIAN),memasang motherboard
TIK.SRV0401,- ASISTEN TEKNISI KOMPUTER (ASSISTANT COMPUTER TECHNICIAN),memasang memory
TIK.SRV0401,- ASISTEN TEKNISI KOMPUTER (ASSISTANT COMPUTER TECHNICIAN),memasang prosesor
TIK.SRV0401,- ASISTEN TEKNISI KOMPUTER (ASSISTANT COMPUTER TECHNICIAN),memasang optical drive
TIK.SRV0401,- ASISTEN TEKNISI KOMPUTER (ASSISTANT COMPUTER TECHNICIAN),merawat cpu
TIK.SRV0401,- ASISTEN TEKNISI KOMPUTER (ASSISTANT COMPUTER TECHNICIAN),melakukan setting bios
TIK.SRV0401,- ASISTEN TEKNISI KOMPUTER (ASSISTANT COMPUTER TECHNICIAN),melakukan instalasi software aplikasi
TIK.SRV0401,- ASISTEN TEKNISI KOMPUTER (ASSISTANT COMPUTER TECHNICIAN),mencegah komputer dari serangan berbagai jenis virus
TIK.SRV0401,- ASISTEN TEKNISI KOMPUTER (ASSISTANT COMPUTER TECHNICIAN),memperbaiki komputer yang terinfeksi virus
TIK.SRV0402,ASISTEN E-COMMERCE (E–COMMERCE ASSISTANT),orang yang bertanggung jawab untuk mengembangkan dan mengelola strategi e-commerce untuk sebuah perusahaan.
TIK.SRV0402,ASISTEN E-COMMERCE (E–COMMERCE ASSISTANT),mengembangkan dan menerapkan strategi e-commerce untuk perusahaan
TIK.SRV0402,ASISTEN E-COMMERCE (E–COMMERCE ASSISTANT),mengelola dan memelihara situs web e-commerce perusahaan
TIK.SRV0402,ASISTEN E-COMMERCE (E–COMMERCE ASSISTANT),komunikatif
TIK.SRV0402,ASISTEN E-COMMERCE (E–COMMERCE ASSISTANT),senang dengan teknologi baru
TIK.SRV0402,ASISTEN E-COMMERCE (E–COMMERCE ASSISTANT),teamwork
TIK.SRV0402,ASISTEN E-COMMERCE (E–COMMERCE ASSISTANT),merencanakan dan mengorganisasi pekerjaan
TIK.SRV0402,ASISTEN E-COMMERCE (E–COMMERCE ASSISTANT),sadar biaya
TIK.SRV0402,ASISTEN E-COMMERCE (E–COMMERCE ASSISTANT),teliti
TIK.SRV0402,ASISTEN E-COMMERCE (E–COMMERCE ASSISTANT),melakukan riset pasar dan analisis persaingan
TIK.SRV0402,ASISTEN E-COMMERCE (E–COMMERCE ASSISTANT),mengembangkan strategi dan rencana e-commerce
TIK.SRV0402,ASISTEN E-COMMERCE (E–COMMERCE ASSISTANT),mengembangkan dan mengelola website dan platform e-commerce
TIK.SRV0402,ASISTEN E-COMMERCE (E–COMMERCE ASSISTANT),mengelola kampanye pemasaran dan promosi e-commerce
TIK.SRV0402,ASISTEN E-COMMERCE (E–COMMERCE ASSISTANT),mengelola hubungan dengan pelanggan
TIK.SRV0402,ASISTEN E-COMMERCE (E–COMMERCE ASSISTANT),melacak dan menganalisis kinerja e-commerce
TIK.SRV0402,ASISTEN E-COMMERCE (E–COMMERCE ASSISTANT),install and manage a server
TIK.SRV0402,ASISTEN E-COMMERCE (E–COMMERCE ASSISTANT),"install, operate and troubleshoot medium enterprise routers"
TIK.SRV0402,ASISTEN E-COMMERCE (E–COMMERCE ASSISTANT),"install, configure and test network security"
TIK.SRV0402,ASISTEN E-COMMERCE (E–COMMERCE ASSISTANT),menginstall dan mengelola jaringan multi server
TIK.SRV0402,ASISTEN E-COMMERCE (E–COMMERCE ASSISTANT),menginstalasi dan mengkonfigurasi firewall pada server
TIK.SRV0402,ASISTEN E-COMMERCE (E–COMMERCE ASSISTANT),membuat halaman web menggunakan bahasa web (html) tingkat dasar
TIK.SRV0301,- TEKNISI OPERATOR KOMPUTER (COMPUTER OPERATOR TECHNICIAN),"orang yang memiliki kompetensi dalam mengoperasikan komputer dan perangkat pendukungnya, serta menggunakan perangkat lunak aplikasi perkantoran tingkat lanjut. teknisi operator komputer memiliki kemampuan untuk melakukan instalasi, konfigurasi, dan troubleshooting perangkat keras dan lunak komputer, serta mampu mengoperasikan perangkat lunak aplikasi perkantoran tingkat lanjut, seperti pengolah kata, lembar kerja, presentasi, database, dan perakitan dokumen."
TIK.SRV0301,- TEKNISI OPERATOR KOMPUTER (COMPUTER OPERATOR TECHNICIAN),bidang pengoperasian komputer dan perangkat pendukungnya
TIK.SRV0301,- TEKNISI OPERATOR KOMPUTER (COMPUTER OPERATOR TECHNICIAN),bidang pengamanan data dan sistem informasi
TIK.SRV0301,- TEKNISI OPERATOR KOMPUTER (COMPUTER OPERATOR TECHNICIAN),memiliki kemampuan berpikir logis dan sistematis
TIK.SRV0301,- TEKNISI OPERATOR KOMPUTER (COMPUTER OPERATOR TECHNICIAN),memiliki kemampuan memecahkan masalah
TIK.SRV0301,- TEKNISI OPERATOR KOMPUTER (COMPUTER OPERATOR TECHNICIAN),memiliki kemampuan berkomunikasi secara efektif
TIK.SRV0301,- TEKNISI OPERATOR KOMPUTER (COMPUTER OPERATOR TECHNICIAN),memiliki kemampuan bekerja sama dalam tim
TIK.SRV0301,- TEKNISI OPERATOR KOMPUTER (COMPUTER OPERATOR TECHNICIAN),memiliki kemampuan belajar dan beradaptasi dengan perubahan
TIK.SRV0301,- TEKNISI OPERATOR KOMPUTER (COMPUTER OPERATOR TECHNICIAN),"mengoperasikan komputer dan perangkat pendukungnya, seperti printer, scanner, dan kamera digital"
TIK.SRV0301,- TEKNISI OPERATOR KOMPUTER (COMPUTER OPERATOR TECHNICIAN),"menggunakan perangkat lunak aplikasi perkantoran tingkat lanjut, seperti pengolah kata, lembar kerja, presentasi, database, dan perakitan dokumen"
TIK.SRV0301,- TEKNISI OPERATOR KOMPUTER (COMPUTER OPERATOR TECHNICIAN),"melakukan instalasi, konfigurasi, dan troubleshooting perangkat keras dan lunak komputer"
TIK.SRV0301,- TEKNISI OPERATOR KOMPUTER (COMPUTER OPERATOR TECHNICIAN),menjaga keamanan data dan sistem informasi
TIK.SRV0301,- TEKNISI OPERATOR KOMPUTER (COMPUTER OPERATOR TECHNICIAN),meminta informasi dan data yang diperlukan untuk melaksanakan tugasnya
TIK.SRV0301,- TEKNISI OPERATOR KOMPUTER (COMPUTER OPERATOR TECHNICIAN),mengajukan permohonan bantuan kepada pihak lain untuk menyelesaikan tugasnya
TIK.SRV0301,- TEKNISI OPERATOR KOMPUTER (COMPUTER OPERATOR TECHNICIAN),melakukan tindakan yang diperlukan untuk menjaga keamanan data dan sistem informasi
TIK.SRV0301,- TEKNISI OPERATOR KOMPUTER (COMPUTER OPERATOR TECHNICIAN),menggunakan sistem operasi
TIK.SRV0301,- TEKNISI OPERATOR KOMPUTER (COMPUTER OPERATOR TECHNICIAN),menggunakan peralatan peripheral
TIK.SRV0301,- TEKNISI OPERATOR KOMPUTER (COMPUTER OPERATOR TECHNICIAN),menggunakan perangkat lunak lembar kerja tingkat lanjut
TIK.SRV0301,- TEKNISI OPERATOR KOMPUTER (COMPUTER OPERATOR TECHNICIAN),melakukan pemasukan data
TIK.SRV0301,- TEKNISI OPERATOR KOMPUTER (COMPUTER OPERATOR TECHNICIAN),mengidentifikasi aspek keamanan informasi pengguna
TIK.SRV0301,- TEKNISI OPERATOR KOMPUTER (COMPUTER OPERATOR TECHNICIAN),memastikan keamanan informasi pengguna
TIK.SRV0301,- TEKNISI OPERATOR KOMPUTER (COMPUTER OPERATOR TECHNICIAN),menggunakan perangkat lunak pengolah kata tingkat lanjut
TIK.SRV0301,- TEKNISI OPERATOR KOMPUTER (COMPUTER OPERATOR TECHNICIAN),menggunakan perangkat lunak presentasi tingkat lanjut
TIK.SRV0302,TEKNISI PERBAIKAN KOMPUTER (COMPUTER REPAIR TECHNICIAN),bidang pemeliharaan komputer
TIK.SRV0302,TEKNISI PERBAIKAN KOMPUTER (COMPUTER REPAIR TECHNICIAN),bidang perbaikan komputer
TIK.SRV0302,TEKNISI PERBAIKAN KOMPUTER (COMPUTER REPAIR TECHNICIAN),kemampuan untuk mendiagnosis dan memecahkan masalah
TIK.SRV0302,TEKNISI PERBAIKAN KOMPUTER (COMPUTER REPAIR TECHNICIAN),kemampuan untuk berkomunikasi secara efektif dengan klien
TIK.SRV0302,TEKNISI PERBAIKAN KOMPUTER (COMPUTER REPAIR TECHNICIAN),kemampuan untuk bekerja secara mandiri dan dalam tim
TIK.SRV0302,TEKNISI PERBAIKAN KOMPUTER (COMPUTER REPAIR TECHNICIAN),melakukan diagnosis masalah perangkat keras dan perangkat lunak komputer
TIK.SRV0302,TEKNISI PERBAIKAN KOMPUTER (COMPUTER REPAIR TECHNICIAN),memperbaiki atau mengganti komponen yang rusak
TIK.SRV0302,TEKNISI PERBAIKAN KOMPUTER (COMPUTER REPAIR TECHNICIAN),memasang perangkat keras dan perangkat lunak baru
TIK.SRV0302,TEKNISI PERBAIKAN KOMPUTER (COMPUTER REPAIR TECHNICIAN),"melakukan pemeliharaan rutin, seperti membersihkan komputer, menginstal pembaruan, dan mencadangkan data"
TIK.SRV0302,TEKNISI PERBAIKAN KOMPUTER (COMPUTER REPAIR TECHNICIAN),memberikan dukungan teknis kepada pelanggan
TIK.SRV0302,TEKNISI PERBAIKAN KOMPUTER (COMPUTER REPAIR TECHNICIAN),meminta data dan informasi yang diperlukan dari pelanggan untuk melakukan diagnosis
TIK.SRV0302,TEKNISI PERBAIKAN KOMPUTER (COMPUTER REPAIR TECHNICIAN),melakukan penggantian komponen komputer tanpa persetujuan pelanggan
TIK.SRV0302,TEKNISI PERBAIKAN KOMPUTER (COMPUTER REPAIR TECHNICIAN),meminta biaya tambahan jika ada kerusakan yang tidak terduga
TIK.SRV0302,TEKNISI PERBAIKAN KOMPUTER (COMPUTER REPAIR TECHNICIAN),mengidentifikasi perangkat penyusun komputer
TIK.SRV0302,TEKNISI PERBAIKAN KOMPUTER (COMPUTER REPAIR TECHNICIAN),melakukan inventarisasi hardware
TIK.SRV0302,TEKNISI PERBAIKAN KOMPUTER (COMPUTER REPAIR TECHNICIAN),melakukan inventarisasi software
TIK.SRV0302,TEKNISI PERBAIKAN KOMPUTER (COMPUTER REPAIR TECHNICIAN),memperbaiki cpu
TIK.SRV0302,TEKNISI PERBAIKAN KOMPUTER (COMPUTER REPAIR TECHNICIAN),melakukan setting bios
TIK.SRV0302,TEKNISI PERBAIKAN KOMPUTER (COMPUTER REPAIR TECHNICIAN),memperbaiki printer
TIK.SRV0302,TEKNISI PERBAIKAN KOMPUTER (COMPUTER REPAIR TECHNICIAN),memperbaiki proyektor
TIK.SRV0201,STAF OPERATOR PERKANTORAN (COMPUTER OPERATOR STAFF),"orang yang melibatkan kegiatan mengoperasikan dan memelihara perangkat keras, perangkat lunak, dan jaringan komputer, serta melakukan administrasi perkantoran."
TIK.SRV0201,STAF OPERATOR PERKANTORAN (COMPUTER OPERATOR STAFF),bidang administrasi
TIK.SRV0201,STAF OPERATOR PERKANTORAN (COMPUTER OPERATOR STAFF),bidang teknologi informasi
TIK.SRV0201,STAF OPERATOR PERKANTORAN (COMPUTER OPERATOR STAFF),keterampilan berkomunikasi
TIK.SRV0201,STAF OPERATOR PERKANTORAN (COMPUTER OPERATOR STAFF),keterampilan bekerja sama
TIK.SRV0201,STAF OPERATOR PERKANTORAN (COMPUTER OPERATOR STAFF),keterampilan berpikir kritis
TIK.SRV0201,STAF OPERATOR PERKANTORAN (COMPUTER OPERATOR STAFF),keterampilan memecahkan masalah
TIK.SRV0201,STAF OPERATOR PERKANTORAN (COMPUTER OPERATOR STAFF),keterampilan analitis
TIK.SRV0201,STAF OPERATOR PERKANTORAN (COMPUTER OPERATOR STAFF),"mengelola dokumen dan data, seperti surat, laporan, dan database"
TIK.SRV0201,STAF OPERATOR PERKANTORAN (COMPUTER OPERATOR STAFF),"menyiapkan laporan, baik laporan internal maupun eksternal"
TIK.SRV0201,STAF OPERATOR PERKANTORAN (COMPUTER OPERATOR STAFF),mengatur jadwal dan agenda
TIK.SRV0201,STAF OPERATOR PERKANTORAN (COMPUTER OPERATOR STAFF),menerima dan menindaklanjuti telepon
TIK.SRV0201,STAF OPERATOR PERKANTORAN (COMPUTER OPERATOR STAFF),menangani surat-menyurat
TIK.SRV0201,STAF OPERATOR PERKANTORAN (COMPUTER OPERATOR STAFF),melakukan pemesanan barang dan jasa
TIK.SRV0201,STAF OPERATOR PERKANTORAN (COMPUTER OPERATOR STAFF),mengoperasikan perangkat komputer dan perangkat lunak
TIK.SRV0201,STAF OPERATOR PERKANTORAN (COMPUTER OPERATOR STAFF),mengelola sistem informasi
TIK.SRV0201,STAF OPERATOR PERKANTORAN (COMPUTER OPERATOR STAFF),melakukan koordinasi dengan rekan kerja dan atasan
TIK.SRV0201,STAF OPERATOR PERKANTORAN (COMPUTER OPERATOR STAFF),mengambil keputusan dalam hal-hal yang bersifat teknis
TIK.SRV0201,STAF OPERATOR PERKANTORAN (COMPUTER OPERATOR STAFF),melakukan perbaikan dan pengembangan sistem administrasi dan perkantoran
TIK.SRV0201,STAF OPERATOR PERKANTORAN (COMPUTER OPERATOR STAFF),menggunakan sistem operasi
TIK.SRV0201,STAF OPERATOR PERKANTORAN (COMPUTER OPERATOR STAFF),menggunakan peralatan peripheral
TIK.SRV0201,STAF OPERATOR PERKANTORAN (COMPUTER OPERATOR STAFF),menggunakan perangkat lunak pengolah kata tingkat dasar
TIK.SRV0201,STAF OPERATOR PERKANTORAN (COMPUTER OPERATOR STAFF),menggunakan perangkat lunak presentasi tingkat dasar
TIK.SRV0201,STAF OPERATOR PERKANTORAN (COMPUTER OPERATOR STAFF),menggunakan perangkat lunak pengakses surat elektronik (e-mail client)
TIK.SRV0201,STAF OPERATOR PERKANTORAN (COMPUTER OPERATOR STAFF),menggunakan aplikasi berbasis internet (internet based applications literacy)
TIK.SRV0201,STAF OPERATOR PERKANTORAN (COMPUTER OPERATOR STAFF),menggunakan perangkat lunak lembar kerja tingkat lanjut
TIK.SRV0201,STAF OPERATOR PERKANTORAN (COMPUTER OPERATOR STAFF),mengidentifikasi aspek keamanan informasi pengguna
TIK.SRV0101,OPERATOR KOMPUTER (COMPUTER OPERATOR),"orang yang bertanggung jawab untuk melakukan berbagai tugas administratif dan operasional di kantor, seperti mengoperasikan komputer, mengelola dokumen, dan berkomunikasi dengan pelanggan. okupasi ini membutuhkan pengetahuan dan keterampilan dasar di bidang komputer, administrasi, dan komunikasi."
TIK.SRV0101,OPERATOR KOMPUTER (COMPUTER OPERATOR),pengoperasian komputer dan aplikasi
TIK.SRV0101,OPERATOR KOMPUTER (COMPUTER OPERATOR),administrasi dan komunikasi
TIK.SRV0101,OPERATOR KOMPUTER (COMPUTER OPERATOR),"kemampuan berkomunikasi secara efektif, baik secara lisan maupun tertulis"
TIK.SRV0101,OPERATOR KOMPUTER (COMPUTER OPERATOR),kemampuan bekerja secara mandiri dan berkelompok
TIK.SRV0101,OPERATOR KOMPUTER (COMPUTER OPERATOR),kemampuan teliti dan cermat
TIK.SRV0101,OPERATOR KOMPUTER (COMPUTER OPERATOR),"melakukan tugas-tugas administratif dan operasional di kantor, seperti mengoperasikan komputer, mengelola dokumen, dan berkomunikasi dengan pelanggan"
TIK.SRV0101,OPERATOR KOMPUTER (COMPUTER OPERATOR),menjaga kerahasiaan informasi perusahaan
TIK.SRV0101,OPERATOR KOMPUTER (COMPUTER OPERATOR),mematuhi peraturan dan prosedur perusahaan
TIK.SRV0101,OPERATOR KOMPUTER (COMPUTER OPERATOR),memiliki pengetahuan dasar tentang komputer dan administrasi.
TIK.SRV0101,OPERATOR KOMPUTER (COMPUTER OPERATOR),menggunakan perangkat komputer
TIK.SRV0101,OPERATOR KOMPUTER (COMPUTER OPERATOR),menggunakan sistem operasi
TIK.SRV0101,OPERATOR KOMPUTER (COMPUTER OPERATOR),menggunakan peralatan peripheral
TIK.SRV0101,OPERATOR KOMPUTER (COMPUTER OPERATOR),menggunakan perangkat lunak pengolah kata tingkat dasar
TIK.SRV0101,OPERATOR KOMPUTER (COMPUTER OPERATOR),menggunakan perangkat lunak lembar kerja (spreadsheet) tingkat dasar
TIK.SRV0101,OPERATOR KOMPUTER (COMPUTER OPERATOR),menggunakan perangkat lunak presentasi tingkat dasar
TIK.SRV0101,OPERATOR KOMPUTER (COMPUTER OPERATOR),menggunakan perangkat lunak pengakses surat elektronik (e-mail client)
TIK.SRV0101,OPERATOR KOMPUTER (COMPUTER OPERATOR),menggunakan aplikasi berbasis internet
TIK.SRV0101,OPERATOR KOMPUTER (COMPUTER OPERATOR),menggunakan aplikasi media sosial
TIK.SRV0101,OPERATOR KOMPUTER (COMPUTER OPERATOR),memastikan validitas data
TIK.SRV0101,OPERATOR KOMPUTER (COMPUTER OPERATOR),mengidentifikasi aspek keamanan informasi pengguna
