course_name_clean,rps_document,bap_document,similarity,alignment_category
kewirausahaan berbasis teknologi,this section should show the targeted competency topic sub topic specific method of instruction delivery material reference and assessment indicator for each session session targeted competency topic sub topic form of instruction duration material reference assessment indicator sesi kemampuan materi pembelajaran bentuk durasi pembelajaran sumber pembelajaran indikator penilaian introduction of entrepreneurship lecturing an overview of entrepreneurship group development and affinity diagram and lecturing group discussion brainstorming creativity process lecturing creativity thinking lecturing group discusion technique mind mapping introduction of design lecturing group discussion thinking in a different approach step standford school using a software tool for lecturing group discussion design thinking ie sprintbase miro realtime board mural shape by ideo smaply digsite batterii stormboard google doc sheet slide conceptboard understanding the problem lecturing and observe mid semester examination session targeted competency topic sub topic form of instruction duration material reference assessment indicator sesi kemampuan materi pembelajaran bentuk durasi pembelajaran sumber pembelajaran indikator penilaian empathize lecturing empathy map point of view define the lecturing group discussion problem ideate finding and selecting lecturing the idea group discussion problem clarification the solution to the problem lecturing presentasi product to market fit prototype develop lecturing presentasi test lecturing group discussion group presentation business lecturing presentasi plan final examination form rancangan tugas mahasiswa rtm f ehb universitas bakrie no form f ehb fakultas ftik tgl form feb program studi information system revform periode,"iv is investment and strategic advantage information system today managing in digital world th edition pearson joe valacich christoph schneider valuing is making the business case for an is valuing innovation freeconomics why free product and the future of the digital world
defining information system information system today managing in digital world th edition pearson joe valacich christoph schneider is defined terminologydata information knowledge is is today the dual nature of is case
is infrastructres information system today managing in digital world th edition pearson joe valacich christoph schneider is hardware infrastructure is software infrastructure communication and collaboration infrastructure data and knowledge infrastructure application software
is and globalization by laudon pearson evolution of globalization opportunity for operating in the digital world challenge of operating in the digital world going global international business strategy in the digital world
electronic commerce information system today managing in digital world th edition pearson joe valacich christoph schneider ecommerce defined bb ecommerce extranets be ecommerce intranet bc ecommerce cc ecommerce emerging topic in ecommerce web technology and business
web technology and business model information system today managing in digital world th edition pearson joe valacich christoph schneider defining web empowering individual with web enhancing collaboration with web
organizational is and business intelligence information system today managing in digital world th edition pearson joe valacich christoph schneider business intelligence business intelligence component information visualization
enterprise is crm erp scm information system today managing in digital world th edition pearson joe valacich christoph schneider enterprise system enterprise resource planning customer relationship management supply chain management the formula for enterprise system success
security and control information system essential th edition cenage course technology cenage learning ralph stair george reynolds information system security and control information system security safeguarding is resource managing is security case study kewirausahaan berbasis teknologi
information system in organization introduction to information system rdedition wiley r kelly rainer casey g cegielski introduction competitive advantage in strategic information system value chain in information system by michael porter reengineering v continuous improvement case study
information and decision support system information system today managing in digital world th edition pearson joe valacich christoph schneider decision making and problem solving overview of mi functional aspect of mi overview of ds component of a ds group support system executive support system
knowledge management and specialized information system information system today managing in digital world th edition pearson joe valacich christoph schneider knowledge management system overview of artificial intelligence virtual reality other specialized system
advanced topic and trend in managing the is infrastructure information system essential th edition cenage course technology cenage learning ralph stair george reynolds advanced topic in is hardware advanced topic in is software advanced topic in networking and collaboration advanced topic in database management case study
topik trend pengelolaan infratruktur ai information system essential th edition cenage course technology cenage learning ralph stair george reynolds technopreneurship komunikasi data",0.28509742,Not Aligned
pengantar teknologi informasi,this section should show topic sub topic specific method of instruction delivery and material reference session topic sub topic method of delivery material reference chapter introducing today technology connecting and communicating chapter online chapter computer and mobile device program and apps chapter digital security ethic and privacy chapter computing component chapter input and output chapter middle semester test digital storage chapter operating system chapter syllabus session topic sub topic method of delivery material reference communicating digital content chapter building solution database chapter building solution system and chapter application development tool working in the enterprise chapter review final semester test dipersiapkan prepared by disahkan certified by nama name nama name jabatan position iwan adhicandra jabatan position ketua program studi tanggal date tanggal date,"chapter pearson chapter pengantar teknologi informasi
chapter pearson chapter
chapter pearson chapter
chapter peaerson chapter
chapter pearson chapter
chapter pearson chapter
chapter pearson chapter
chapter pearson chapter
chapter pearson chapter
chaptet pearson chapter
chapter pearson chapter
chapter pearson chapter rekayasa ilmu",0.36196113,Not Aligned
wide area network wan,session topic sub topic method reference assignment course introduction and wan concept a connecting network b wan technology overview a purpose of wan b wan operation c selecting a wan technology pretest exam lecture chapter chapter a wan service discussion assignment b private wan infrastruc tures c public wan infrastructure d selecting wan service d summary conclusion point to point connection a introduction welcome b serial point to point overview a serial communication b hdlc encapsulation c ppp operation a benefit of ppp lecture exam chapter b lcp and ncp chapter discussion assignment c ppp session d ppp implementation a configure ppp b configure ppp authentica tion e troubleshoot wan connectivity a troubleshoot ppp f summary conclusion tif syllabus wide area network branch connection a introduction welcome b remote access connection a broadband connection b select a broadband connec tions c pppoe a pppoe overview b implement pppoe exam chapter d vpn lecture chapter assignment st a fundamental of vpns discussion lab session b type of vpns e gre a gre overview b implement gre f ebgp a bgp overview b bgp design consideration c ebgp branch configuration g summary conclusion access control list a introduction welcome b standard acl operation and con figuration review a acl operation overview b type of ipv acls c standard ipv acl imple mentation c extended ipv acls a structure of an extended exam chapter lecture ipv acls chapter assignment nd discussion lab session b configure extended ipv acls d ipv acls a ipv acl operation b configuring ipv acls e troubleshoot acls a processing packet with acls b common acls error f summary conclusion network security monitoring a introduction welcome b lan security a lan security attack b lan security best practice c snmp exam chapter a snmp operation lecture chapter assignment rd discussion b configuring snmp lab session d cisco switch port analyzer a span overview b span configuration c span a a troubleshooting tool e summary conclusion quality of service a introduction welcome b qos overview a network transmission qual ity exam chapter b traffic characteristic lecture chapter assignment th discussion c queueing algorithm lab session c qos mechanism a qos model b qos implementation tech niques d summary conclusion tif syllabus wide area network quiz preparation before midterm exami nation a subnetting the network b point to point connection c branch connection d access control list lecture chapter to quiz in class e network security and monitoring discussion th lab session f quality of service g etherchannel and hsrp problem set h designing the network topology i technique to fulfill network re quirement mid semester test network evolution a introduction welcome b internet of thing a iot element b iot pillar c cloud virtualization a cloud computing exam chapter lecture chapter assignment th b virtualization discussion lab session c virtual network infrastruc ture d network programming a software defined network ing b controller e summary conclusion network troubleshooting a introduction welcome b troubleshooting methodology a network documentation b troubleshooting process c isolating the issue using layered model exam chapter lecture c troubleshooting scenario chapter assignment th discussion lab session a using ip sla b troubleshooting tool c symptom cause of net work troubleshooting d troubleshooting ip connec tivity d summary conclusion quiz in class before final examination attempt lecture chapter to quiz in class a introduction to multiarea ospf discussion th lab session b multiarea ospf operation c configuring multiarea ospf quiz in class before final examination attempt a introduction of ospf tuning and troubleshooting lecture chapter to quiz in class discussion th lab session b advanced single area ospf con figuration c troubleshooting single area ospf implementation quiz in class before final examination attempt a stp operation lecture chapter to quiz in class b etherchannel configuration discussion lab session c hsrp configuration d single area ospfv configuration quiz in class before final examination attempt a link aggregation configuration lecture chapter to quiz in class discussion lab session b stp operation c eigrp tuning and troubleshoot ing tif syllabus wide area network quiz in class before final examination attempt a the quiz cover link state dynamic routing lecture chapter to quiz in class distance vector dynamic discussion lab session routing nat acl configuration multi area eigrp and ospf configuration final semester test prepared by certified by name berkah i santoso st mti name prof hoga saragih position lecturer position head of department date february date,"singlearea ospfv concept ccna version module enterprise networking security and automation v ensa httpscontenthubnetacadcomensa chapter introduction ospf feature and characteristic ospf packet ospf operation introduction ospf feature and characteristic ospf packet ospf operation
singlearea ospfv configuration ccna version module enterprise networking security and automation v ensa httpscontenthubnetacadcomensachapter introduction ospf router id pointtopoint ospf network multiaccess ospf network modify singlearea ospfv default route propagation verify singlearea ospfv
network security concept ccna version module enterprise networking security and automation v ensa httpscontenthubnetacadcomensachapter introduction current state of cybersecurity threat actor malware common network attack ip vulnerability and threat tcp and udp vulnerability ip service network security best practice cryptography introduction current state of cybersecurity threat actor malware common network
acl concept ccna version module enterprise networking security and automation v ensa httpscontenthubnetacadcomensa chapter introduction purpose of acls wildcard mask in acls guideline for acl creation type of ipv acl introduction purpose of acls wildcard mask in acls guideline for acl creation type of wide area network wan
acls for ipv configuration ccna version module enterprise networking security and automation v ensa httpscontenthubnetacadcomensa chapter introduction configure standard ipv acls modify ipv acls secure vty port with a standard ipv acl configure extended ipv acls introduction configure standard ipv acls modify ipv acls secure vty port with a
nat for ipv ccna version module enterprise networking security and automation v ensa httpscontenthubnetacadcomensa chapter introduction nat characteristic type of nat nat advantage and disadvantage static nat dynamic nat pat nat introduction nat characteristic type of nat nat advantage and disadvantage static
wan concept and quiz before mid term examination ccna version module enterprise networking security and automation v ensa httpscontenthubnetacadcomensa chapter introduction purpose of wan wan operation traditional wan connectivity modern wan connectivity internetbased connectivity introduction purpose of wan wan operation traditional wan connectivity modern
vpn and ipsec concept ccna version module enterprise networking security and automation v ensa httpscontenthubnetacadcomensa chapter introduction vpn technology type of vpns ipsec ccna version module enterprise networking security and automation v ensa httpscontenthubnetacadcomensa chapter introduction vpn technology type of vpns ipsec
qos concept ccna version module enterprise networking security and automation v ensa httpscontenthubnetacadcomensa chapter introduction network transmission quality traffic characteristic queueing algorithm qos model qos implementation technique introduction network transmission quality traffic characteristic queueing algorithm qos
network management ccna version module enterprise networking security and automation v ensa httpscontenthubnetacadcomensa chapter introduction device discovery with cdp device discovery with lldp ntp snmp syslog router and switch file maintenance io image management introduction device discovery with cdp device discovery with lldp ntp snmp syslog
network design ccna version module enterprise networking security and automation v ensa httpscontenthubnetacadcomensa chapter introduction hierarchical network scalable network switch hardware router hardware
network troubleshooting ccna version module enterprise networking security and automation v ensa httpscontenthubnetacadcomensa chapter introduction network documentation troubleshooting process troubleshooting tool symptom and cause of network problem troubleshooting ip connectivity ccna version module enterprise networking security and automation v ensa httpscontenthubnetacadcomensa chapter introduction network documentation troubleshooting process troubleshooting tool symptom and cause of network problem troubleshooting ip connectivity wide area network wan
network virtualization ccna version module enterprise networking security and automation v ensa httpscontenthubnetacadcomensa chapter introduction cloud computing virtualization virtual network infrastructure softwaredefined networking controller introduction cloud computing virtualization virtual network infrastructure software
network automation ccna version module enterprise networking security and automation v ensa httpscontenthubnetacad introduction automation overview data format apis rest configuration management tool ibn and cisco dna center grand total",0.41343647,Not Aligned
data communication,this section should show the targeted competency topic sub topic specific method of instruction delivery material reference and assessment indicator for each session the targeted competency refer to the list of competency given in the course objective section targeted topic sub topic method reference assignment s compe sion tencies introduction to data communication a introduction to data communication ch b historical review of computer net ab lecture ch probs working cdiscussion ch c computer networking hardware ch d computer networking software e network architecture fundamental of communication a reference model ch ch ch b standardisation ch ch c network topology ch aa probs lecture ch d data communication basic bb ch discussion ce packet based data communication ch ch f circuit switched v packet switched g message switching datagram virtual ch circuit h connection v connectionless oriented wiredwireless communication network aa a wired based communication lecture ch probs bcdiscussion ch b wireless communication c example of communication network data link layer basic ch a data link layer basic ch ab lecture ch probs b encoding framing ccdiscussion ch ch c error detection error correction reli able transmission ch d sliding window channel allocation ch same a a channel allocation lecture ch probs above discussion b multiple access protocol ch c ethernet network layer ch ch a network layer ab lecture ch probs b network layer addressing ch ccdiscussion ch ch c ipv and ipv ch d routing algorithm ch spanning tree and intrainterdomain routing protocol ch same a discussion ch probs a spanning tree above quiz ch b intrainter domain routing protocol c cidr mid semester test f ppkr rps tif rencana pembelajaran semester internet protocol and quality of service same a a internet protocol ip lecture ch probs above discussion ch b quality of service c congestion control end to end protocol data presentation ch ab a end to end protocol lecture ch probs ccdiscussion b data presentation ch c compresion transport service and protocol same a discussion ch ch probs a transport service above b transport protocol udp tcp and performance issue ch same a ch a udp probs above discussion ch b tcp ach c performance issue ch application service dns e mail www ch ch a dns ch ch ab b email lecture ch ch probs ccdiscussion c www ch ch ch d multimedia ch e streaming wireless and wimax aa a wireless networking lecture ch probs b discussion ch b security ccquiz ch c wireless broadband d wimax network and internet security a network security basic ch ch b cryptography ch ch c symmetric key algorithm ch ch probs ab discussion ch ch d public key infrastructure ccquiz ch e internet security ch ch f ipsec ch g pgp h firewall final semester test f ppkr,"introduction and network model behrouz forouzan data communication and networking fourth edition mcgraw hill international forouzan introduction and network model
introduction to physical layer data and signal forouzan behrouz data communication introduction to physical layer data and signal
multiplexing and spectrum spreading transmission medium and switching forouzan behrouz data communication and networking multiplexing and spectrum spreading transmission medium and switching
digital transmission and analog transmission forouzan b data communication and networking digital transmission and analog transmission
data link layer error detection and correction forouzan behrouz data communication and networking data link layer error detection and correction
data link layer data link control dlc and medium access control mac forouzan behrouz data communication and networking data link layer data link control dlc and medium access control mac
wired lan ethernet and wireless lan forouzan behrouz data communication and networking wired lan ethernet and wireless lan
network layer logical addressing and internet protocol forouzan behrouz data communication and networking network layer logical addressing and internet protocol
network layer address mapping error reporting multicasting delivery forwarding and routing forouxan behrouz data communication and networking network layer address mapping error reporting multicasting delivery forwarding and routing
processtoprocess delivery udp tcp and sctp congestion control and quality of service forouzan behrouz data communication and networking processtoprocess delivery udp tcp and sctp congestion control and quality of service
network management snmp multimedia forouzan behrouz data communication and networking network management snmp multimedia
cryptography forouzan behrouz data communication and networking cryptography
domain name system remote logging electronic mail and file transfer www and http forouzan behrouz data communication and networking domain name system remote logging electronic mail and file transfer www and http
network security security in the internet ipsec ssltls pgp vpn and firewall forouzan behrouz data communication and networking network security security in the internet ipsec ssltls pgp vpn and firewall leadership and management for it engineer",0.42633188,Not Aligned
algoritma dan pemrograman,this section should show the targeted competency topic sub topic specific method of instruction delivery material reference and assessment indicator for each session session targeted competency topic sub topic form of instruction duration material reference assessment indicator sesi kemampuan materi pembelajaran bentuk pembelajaran sumber pembelajaran indikator penilaian a introduction introduction syllabus and b hardware introduction chapter pp sap introduction to c how computer store lecture computer and data discussion programming d how program work e type of software a designing a program b output input and variable c variable assignment and calculation lecture chapter pp programming d variable declaration hand on lab exercise no input processing output and data type discussion e named constant exercise f hand tracing a program g documenting a program h designing your first program a introduction to module b defining and calling a lecture module hand on lab chapter pp programming module c local variable discussion exercise no exercise d passing argument to module f ppkr syllabus rencana pembelajaran semester kode mata kuliah pg session targeted competency topic sub topic form of instruction duration material reference assessment indicator sesi kemampuan materi pembelajaran bentuk pembelajaran sumber pembelajaran indikator penilaian e global variable and global constant a introduction to decision structure b dual alternative decision structure lecture decision structure c comparing string hand on lab chapter pp programming boolean logic d nested decision discussion exercise no structure assignment e the case structure f logical operator g boolean variable h boolean variable a introduction to repetition structure b condition controlled loop while do lecture repetition structure while and do until hand on lab programming c count controlled loop discussion chapter pp exercise no and the for statement exercise d calculating a running total e sentinel f nested loop a introduction to lecture function generating function random number hand on lab chapter pp programming b writing your own discussion exercise no function assignment c more library function a garbage in garbage out lecture input validation b the input validation hand on lab chapter pp programming f ppkr syllabus rencana pembelajaran semester kode mata kuliah pg session targeted competency topic sub topic form of instruction duration material reference assessment indicator sesi kemampuan materi pembelajaran bentuk pembelajaran sumber pembelajaran indikator penilaian loop discussion review exercise no c defensive programming mid semester examination a array basic b sequentially searching an array lecture c processing the content array of an array hand on lab chapter pp programming d parallel array discussion exercise no e two dimensional exercise array f array of three or more dimension a the bubble sort algorithm lecture b the selection sort sorting and searching algorithm hand on lab chapter pp programming array c the insertion sort discussion exercise no algorithm exercise d the binary search algorithm a introduction to file input and output lecture file b using loop to process hand on lab file chapter pp programming discussion c using file and array exercise no assignment d processing record e control break logic a introduction to lecture menu driven program hand on lab chapter pp programming menu driven program b modularizing a menu discussion exercise no driven program exercise f ppkr syllabus rencana pembelajaran semester kode mata kuliah pg session targeted competency topic sub topic form of instruction duration material reference assessment indicator sesi kemampuan materi pembelajaran bentuk pembelajaran sumber pembelajaran indikator penilaian c using a loop to repeat the menu d multiple level menu a introduction lecture programming text processing b character by character hand on lab chapter pp exercise no text processing discussion assignment a procedural and object oriented programming b class c using the unified lecture object oriented modeling language to hand on lab chapter pp programming programming design class discussion exercise no d finding the class and assignment their responsibility in a problem e inheritance f polymorphism a graphical user interface lecture b designing the user gui application interface for a gui hand on lab chapter pp programming program discussion exercise no c writing event handler review d designing apps for mobile device final examination f ppkr,"introduction gaddi introduction to hardware and software base number system decimal binary octal hexadecimal number convertion between base number system
module gaddi module
input process output gaddi input process output raptor logic sybols ipo using raptor interpreter
decision structure gaddi decision structure if else if then else switch case
repetition structure gaddi repetition structure forloop whileloop dowhile sentinel
function gaddi function passing argument provided function and own defined function
input validation review gaddi input validation review temperatur convertion bmi factorial
array gaddi array
sorting and searching array gaddi sorting and searching array
file gaddi file open file read file process the data
menudriven program gaddi menudriven program
text processing gaddi text processing file for exercise diabetespredictiondatasetcsv
object oriented programming gaddi object oriented programming review for uas algoritma pemrograman
recursion gaddi recursion factorial fibonacci aljabar linear",0.43123633,Not Aligned
statistika,this section should show the targeted competency topic sub topic specific method of instruction delivery material reference and assessment session targeted competency topic sub topic form of instruction duration material reference assessment indicator sesi kemampuan materi pembelajaran bentuk pembelajaran sumber pembelajaran indikator penilaian student are expected topic statistic data and cooperative learning problem chapter planning a learning program statistical thinking to be able to based learning model page perform the specific sub topic understand statistic contextual learning metode assessment of the science of data and statistical quantum teaching tutorial learning outcome statistic thinking discussion lecture case complete the type of statistical teaching program study application on schedule fundamental able to manage element of statistic teaching and type of data learning collecting data interaction student are expected chapter planning a topic method for learning program page to be able to describing set of perform the cooperative learning understand method assessment of data problem based learning learning outcome for describing set of specific sub topic model contextual learning complete the data describing metode quantum teaching teaching program qualitative data on schedule tutorial discussion graphical method able to manage lecture case study for describing teaching and quantitative data learning interaction student are expected to topic method for chapter planning a cooperative learning learning program be able to understand describing set of page problem based learning perform the method for describing data cont model contextual learning assessment of set of data cont specific sub topic f ppkr syllabus rencana pembelajaran semester kode mata kuliah pg session targeted competency topic sub topic form of instruction duration material reference assessment indicator sesi kemampuan materi pembelajaran bentuk pembelajaran sumber pembelajaran indikator penilaian numerical measure metode quantum teaching learning outcome of central tendency complete the tutorial discussion teaching program numerical measure lecture case study on schedule of variability able to manage teaching and learning interaction student are expected to topic method for cooperative learning chapter planning a learning program be able to understand describing set of problem based learning page perform the method for describing data cont model contextual learning assessment of set of data cont specific sub topic metode quantum teaching learning outcome interpreting the tutorial discussion complete the strandard deviation lecture case study teaching program numerical measure on schedule of relative standing able to manage method for teaching and detecting outlier learning graphing bivariate interaction relationship distorting the thruth with descriptive technique student are expected to topic probability cooperative learning chapter planning a learning program be able to understand specific sub topic problem based learning page perform the probability event sample model contextual learning assessment of space and metode quantum teaching learning outcome probability tutorial discussion complete the union and lecture case study teaching program f ppkr syllabus rencana pembelajaran semester kode mata kuliah pg session targeted competency topic sub topic form of instruction duration material reference assessment indicator sesi kemampuan materi pembelajaran bentuk pembelajaran sumber pembelajaran indikator penilaian intersection on schedule complementary able to manage teaching and event learning interaction student are expected to topic probability cont cooperative learning chapter planning a learning program be able to understand specific sub topic problem based learning page perform the probability cont the additive rule model contextual learning assessment of and mutually metode quantum teaching learning outcome exclusive event tutorial discussion complete the conditional lecture case study teaching program probability on schedule the multiplicative able to manage rule and teaching and independent event learning interaction student are expected to topic probability cont cooperative learning chapter planning a learning program be able to understand specific sub topic problem based learning page perform the probability cont random sampling model contextual learning assessment of some country rule metode quantum teaching learning outcome bayes rule tutorial discussion complete the lecture case study teaching program on schedule able to manage teaching and learning interaction mid semester examination f ppkr syllabus rencana pembelajaran semester kode mata kuliah pg session targeted competency topic sub topic form of instruction duration material reference assessment indicator sesi kemampuan materi pembelajaran bentuk pembelajaran sumber pembelajaran indikator penilaian student are expected to topic discrete random cooperative learning planning a learning program be able to understand variable problem based learning perform the discrete random variable specific sub topic model contextual learning assessment of two type of metode quantum teaching learning outcome random variable tutorial discussion complete the probability lecture case study teaching program distribbutions for on schedule discrete random able to manage variablesx teaching and expected value of learning interaction discrete random variable student are expected to topic discrete random cooperative learning chapter planning a learning program be able to understand variable cont problem based learning page perform the discrete random variable specific sub topic model contextual learning assessment of cont event sample metode quantum teaching learning outcome space and tutorial discussion complete the probability lecture case study teaching program union and on schedule intersection able to manage complementary teaching and event learning interaction specific sub topic event sample space and probability f ppkr syllabus rencana pembelajaran semester kode mata kuliah pg session targeted competency topic sub topic form of instruction duration material reference assessment indicator sesi kemampuan materi pembelajaran bentuk pembelajaran sumber pembelajaran indikator penilaian union and intersection complementary event student are expected to topic discrete random cooperative learning chapter planning a learning program be able to understand variable cont and problem based learning page perform the discrete random variable continuous random model contextual learning chapter assessment of cont and continuous variable metode quantum teaching page learning outcome random variable specific sub topic tutorial discussion complete the the hypergeometric lecture case study teaching program random variable on schedule conyinuos able to manage probability teaching and distribution learning the uniform interaction distribution student are expected to topic continuous cooperative learning chapter planning a learning program be able to understand random variable problem based learning page perform the continuous random cont model contextual learning assessment of variable specific sub topic metode quantum teaching learning outcome the normal tutorial discussion complete the distribution lecture case study teaching program descriptive method on schedule for assessing able to manage normality teaching and learning interaction f ppkr syllabus rencana pembelajaran semester kode mata kuliah pg session targeted competency topic sub topic form of instruction duration material reference assessment indicator sesi kemampuan materi pembelajaran bentuk pembelajaran sumber pembelajaran indikator penilaian student are expected to topic sampling cooperative learning chapter planning a learning program be able to understand distribution problem based learning page perform the sampling distribution specific sub topic model contextual learning assessment of the concept of metode quantum teaching learning outcome sampling tutorial discussion complete the distribution lecture case study teaching program on schedule able to manage teaching and learning interaction student are expected to topic sampling chapter planning a learning program be able to understand distribution cont cooperative learning page perform the sampling distribution specific sub topic problem based learning assessment of cont property of model contextual learning learning outcome sampling metode quantum teaching complete the distribution tutorial discussion teaching program unbiasedness and lecture case study on schedule minimum variance able to manage teaching and learning interaction student are expected to topic sampling cooperative learning chapter planning a learning program be able to understand distribution cont problem based learning page perform the sampling distribution specific sub topic model contextual learning assessment of cont the sampling metode quantum teaching learning outcome distribution of x and tutorial discussion complete the the central limit lecture case study teaching program theorem on schedule able to manage f ppkr syllabus rencana pembelajaran semester kode mata kuliah pg session targeted competency topic sub topic form of instruction duration material reference assessment indicator sesi kemampuan materi pembelajaran bentuk pembelajaran sumber pembelajaran indikator penilaian teaching and learning interaction final examination f ppkr,"the science of statistic type of statistical application fundamental element of statistic type of data collecting data statistic eleventh edition james t mc clave and terry sincich prentice g hall upper saddle river new jersey statistic principle and method sixth edition richard a johnson and gouri k bhattacharryya john wiley son inc singapore cooperative learning problem based learning introduction textbook note introduction stem and leaf plot dotplot statistik
quiz slide note descriptive statistic measure of distribution topic method for describing set of data specific subtopics describing qualitative data graphical method for describing quantitative data statistic eleventh edition james t mc clave and terry sincich prentice g hall upper saddle river new jersey statistic principle and method sixth edition richard a johnson and gouri k bhattacharryya john wiley son inc singapore lecturer interaktive
early data analysis note descriptive statistic summary statistic topic method for describing set of data cont specific subtopics numerical measure of central tendency numerical measure of variability statistic eleventh edition james t mc clave and terry sincich prentice g hall upper saddle river new jersey statistic principle and method sixth edition richard a johnson and gouri k bhattacharryya john wiley son inc singapore lecturer and interaktif
interpreting the strandard deviation numerical measure of relative standing method for detecting outlier graphing bivariate relationship distorting the thruth with descriptive technique statistic eleventh edition james t mc clave and terry sincich prentice g hall upper saddle river new jersey statistic principle and method sixth edition richard a johnson and gouri k bhattacharryya john wiley son inc singapore lecturer and discussion descriptive data continued note slide demo on using rcolab for reading data from googlesheet
probability textbook note counting probability conditional probability topic probability specific subtopics event sample space and probability union and intersection complementary event statistic eleventh edition james t mc clave and terry sincich prentice g hall upper saddle river new jersey statistic principle and method sixth edition richard a johnson and gouri k bhattacharryya john wiley son inc singapore lecturer and discussion
the additive rule and mutually exclusive event conditional probability the multiplicative rule and independent event statistic eleventh edition james t mc clave and terry sincich prentice g hall upper saddle river new jersey statistic principle and method sixth edition richard a johnson and gouri k bhattacharryya john wiley son inc singapore lecturer and discussion conditional probability textbook note permutation combination conditional probability bayes theorem contingency table exercise
random sampling some country rule bayes rule statistic eleventh edition james t mc clave and terry sincich prentice g hall upper saddle river new jersey statistic principle and method sixth edition richard a johnson and gouri k bhattacharryya john wiley son inc singapore lecturer and discussion discrete random variable openstax ch rv expected value and standard deviation pdf cdf binomial distribution
two type of random variable probability distribbutions for discrete random variablesx expected value of discrete random variable statistic eleventh edition james t mc clave and terry sincich prentice g hall upper saddle river new jersey statistic principle and method sixth edition richard a johnson and gouri k bhattacharryya john wiley son inc singapore lecturer and discussion review midtest material and discussion slide note textbook review midtest material and discussion
event sample space and probability union and intersection complementary event statistic eleventh edition james t mc clave and terry sincich prentice g hall upper saddle river new jersey statistic principle and method sixth edition richard a johnson and gouri k bhattacharryya john wiley son inc singapore lecturer and discussion poisson distribution textbook note queueing process poisson distribution
central limit theorem slide note textbook clt for sample mean average clt for sum using the clt statistik topic discrete random variable cont and continuous random variable specific subtopics the hypergeometric random variable conyinuos probability distribution the uniform distribution statistic eleventh edition james t mc clave and terry sincich prentice g hall upper saddle river new jersey statistic principle and method sixth edition richard a johnson and gouri k bhattacharryya john wiley son inc singapore lecturer and discussion
the hypergeometric random variable conyinuos probability distribution the uniform distribution statistic eleventh edition james t mc clave and terry sincich prentice g hall upper saddle river new jersey statistic principle and method sixth edition richard a johnson and gouri k bhattacharryya john wiley son inc singapore lecturer and discussion continuous random variable textbook introduction to continuous random variable uniform distribution exponential distribution
exponential normal clt note textbook exponential distribution normal distribution clt sampling distribution specific subtopics the concept of sampling distribution statistic eleventh edition james t mc clave and terry sincich prentice g hall upper saddle river new jersey statistic principle and method sixth edition richard a johnson and gouri k bhattacharryya john wiley son inc singapore lecturer and discussion
confidence interval textbook statistic openstax ch single sample population using normal distribution single sample population using student tdistribution sample proportion topic sampling distribution specific subtopics the concept of sampling distribution statistic eleventh edition james t mc clave and terry sincich prentice g hall upper saddle river new jersey statistic principle and method sixth edition richard a johnson and gouri k bhattacharryya john wiley son inc singapore lecturer and discussion
property of sampling distribution unbiasedness and minimum variance the sampling distribution of x and the central limit theorem statistic eleventh edition james t mc clave and terry sincich prentice g hall upper saddle river new jersey statistic principle and method sixth edition richard a johnson and gouri k bhattacharryya john wiley son inc singapore lecturer and discussion hypothesis testing slide notebook openstax textbook hypotesis testing based on a single sample inference based on two sample grand total",0.44912905,Not Aligned
kalkulus 2,targeted session topic sub topic duration material reference assessment indicator competency sesi materi pembelajaran bentuk durasi sumber pembelajaran indikator penilaian kemampuan pembelajaran william l briggs lyle cochran calculus rd ed pearson george b thomas mahasiswa maurice d weir joel r memahami memecahkan hass thomas calculus th topic introduction materi ed pearson education mahasiswa memahami specific sub topic application of memecahkan inc application of integration integration materi a velocity and net materi menit b h anton i c bivens application of integration a velocity and net diskusi menit and s davis calculus late change a velocity and net change change tugas menit transcendentals john b region between b region between curve b region between wiley son inc th ed curve c volume by slicing curve c volume by slicing schaums outline of c volume by theory and problem of slicing differential and integral calculus third edition frank ayres jr phd and elliott mendelson phd james stewart single variable calculus early transcendentals william l briggs lyle cochran calculus rd ed pearson george b thomas maurice d weir joel r mahasiswa hass thomas calculus th memahami ed pearson education mahasiswa memahami memecahkan topic sight distance memecahkan inc materi specific sub topic materi application of b h anton i c bivens materi menit application of integration application of integration integration diskusi menit and s davis calculus late volume by shell a volume by shell a volume by shell tugas menit transcendentals john length of curve b length of curve wiley son inc th ed b length of curve physical application c physical application c physical schaums outline of application theory and problem of differential and integral calculus third edition frank ayres jr phd and elliott mendelson phd james stewart single variable calculus early transcendentals william l briggs lyle cochran calculus rd ed pearson mahasiswa memahami george b thomas memecahkan maurice d weir joel r mahasiswa memahami topic horizontal alignment materi hass thomas calculus th memecahkan specific sub topic logarithmic and materi ed pearson education logarithmic and exponential exponential logarithmic and exponential materi menit inc function function function diskusi menit b h anton i c bivens a inverse function a inverse a inverse function tugas menit and s davis calculus late b the natural function b the natural logarithmic transcendentals john logarithmic and b the natural and exponential wiley son inc th ed exponential function logarithmic and function exponential schaums outline of function theory and problem of differential and integral calculus third edition frank ayres jr phd and elliott mendelson phd james stewart single variable calculus early transcendentals william l briggs lyle cochran calculus rd ed mahasiswa pearson memahami george b thomas memecahkan maurice d weir joel r mahasiswa memahami topic horizontal alignment materi memecahkan hass thomas calculus th specific sub topic logarithmic and materi ed pearson education logarithmic and exponential exponential logarithmic and exponential inc materi menit function function function diskusi menit b h anton i c bivens a logarithmic and a logarithmic and c logarithmic and tugas menit and s davis calculus late exponential function exponential exponential function transcendentals john with other base function with with other base wiley son inc th ed b exponential model other base d exponential model b exponential schaums outline of theory and problem of model differential and integral calculus third edition frank ayres jr phd and elliott mendelson phd james stewart single variable calculus early transcendentals william l briggs lyle cochran calculus rd ed mahasiswa pearson memahami george b thomas topic horizontal alignment memecahkan maurice d weir joel r mahasiswa memahami specific sub topic materi memecahkan hass thomas calculus th logarithmic and exponential logarithmic and materi ed pearson education function exponential logarithmic and exponential inc a inverse materi menit function function diskusi menit b h anton i c bivens a inverse trigonometric a inverse trigonometric tugas menit and s davis calculus late trigonometric function function transcendentals john function b lhospitals rule and wiley son inc th ed b lhospitals rule and growth rate of b lhospitals rule growth rate of function function and growth rate schaums outline of of function theory and problem of differential and integral calculus third edition frank ayres jr phd and elliott mendelson phd james stewart single variable calculus early transcendentals william l briggs lyle cochran calculus rd ed pearson george b thomas mahasiswa maurice d weir joel r memahami hass thomas calculus th memecahkan topic horizontal alignment mahasiswa memahami materi ed pearson education specific sub topic memecahkan integration inc materi menit integration technique materi technique diskusi menit b h anton i c bivens integration technique a integration by part a integration by tugas menit and s davis calculus late c integration by part b trigonometric integral part transcendentals john d trigonometric integral wiley son inc th ed b trigonometric integral schaums outline of theory and problem of differential and integral calculus third edition frank ayres jr phd and elliott mendelson phd james stewart single variable calculus early transcendentals william l briggs lyle cochran calculus rd ed pearson mahasiswa george b thomas memahami memecahkan maurice d weir joel r topic horizontal alignment mahasiswa memahami materi hass thomas calculus th specific sub topic memecahkan integration ed pearson education integration technique materi technique inc integration technique a partial fraction materi menit a partial fraction diskusi menit b h anton i c bivens a partial fraction b other integration b other tugas menit and s davis calculus late b other integration strategy integration transcendentals john strategy c numerical integration wiley son inc th ed strategy c numerical integration c numerical schaums outline of integration theory and problem of differential and integral calculus third edition frank ayres jr phd and elliott mendelson phd james stewart single variable calculus early transcendentals mid semester examination william l briggs lyle mahasiswa cochran calculus rd ed memahami pearson memecahkan george b thomas mahasiswa memahami topic horizontal alignment materi memecahkan maurice d weir joel r integration specific sub topic materi hass thomas calculus th materi menit integration technique technique integration technique diskusi menit ed pearson education a improper a improper integral a improper integral tugas menit inc b introducing to differential integral b introducing to differential b h anton i c bivens b introducing to equation and s davis calculus late equation differential transcendentals john equation wiley son inc th ed schaums outline of theory and problem of differential and integral calculus third edition frank ayres jr phd and elliott mendelson phd james stewart single variable calculus early transcendentals william l briggs lyle cochran calculus rd ed pearson george b thomas maurice d weir joel r hass thomas calculus th mahasiswa ed pearson education topic vertical alignment memahami mahasiswa memahami inc memecahkan specific sub topic memecahkan b h anton i c bivens materi menit materi sequence and infinite materi sequence and diskusi menit and s davis calculus late sequence and infinite series series infinite series tugas menit transcendentals john a an overview an overview wiley son inc th ed a an overview b sequence sequence b sequence schaums outline of theory and problem of differential and integral calculus third edition frank ayres jr phd and elliott mendelson phd james stewart single variable calculus early transcendentals william l briggs lyle cochran calculus rd ed pearson george b thomas maurice d weir joel r mahasiswa hass thomas calculus th memahami mahasiswa memahami memecahkan topic vertical alignment ed pearson education memecahkan materi specific sub topic inc materi sequence and infinite b h anton i c bivens materi menit sequence and series diskusi menit and s davis calculus late sequence and infinite series infinite series infinite series tugas menit transcendentals john a infinite series a infinite series the divergence and wiley son inc th ed b the divergence and b the divergence integral test integral test and integral schaums outline of test theory and problem of differential and integral calculus third edition frank ayres jr phd and elliott mendelson phd james stewart single variable calculus early transcendentals william l briggs lyle cochran calculus rd ed pearson mahasiswa george b thomas memahami maurice d weir joel r memecahkan topic vertical alignment hass thomas calculus th mahasiswa memahami materi specific sub topic memecahkan ed pearson education sequence and sequence and infinite materi inc materi menit infinite series sequence and infinite series series diskusi menit b h anton i c bivens a the ratio root a the ratio root and a the ratio root and tugas menit and s davis calculus late and comparison comparison test comparison test transcendentals john test b alternating series wiley son inc th ed b alternating series b alternating series schaums outline of theory and problem of differential and integral calculus third edition frank ayres jr phd and elliott mendelson phd james stewart single variable calculus early transcendentals william l briggs lyle cochran calculus rd ed pearson george b thomas maurice d weir joel r mahasiswa hass thomas calculus th mahasiswa memahami topic vertical alignment memahami memecahkan ed pearson education specific sub topic memecahkan materi materi power series inc power series power series a approximating materi menit b h anton i c bivens a approximating a approximating diskusi menit and s davis calculus late function with function with function with tugas menit transcendentals john polynomial polynomial wiley son inc th ed polynomial b property of power b property of power b property of series schaums outline of series power series theory and problem of differential and integral calculus third edition frank ayres jr phd and elliott mendelson phd james stewart single variable calculus early transcendentals william l briggs lyle cochran calculus rd ed pearson george b thomas maurice d weir joel r hass thomas calculus th ed pearson education inc mahasiswa topic vertical alignment b h anton i c bivens memahami mahasiswa memahami specific sub topic and s davis calculus late memecahkan memecahkan materi menit transcendentals john materi materi power series power series diskusi menit wiley son inc th ed power series a taylor series a taylor series tugas menit a taylor series b working with taylor schaums outline of b working with b working with taylor series series theory and problem of taylor series differential and integral calculus third edition frank ayres jr phd and elliott mendelson phd james stewart single variable calculus early transcendentals william l briggs lyle cochran calculus rd ed pearson george b thomas maurice d weir joel r hass thomas calculus th ed pearson education inc b h anton i c bivens and s davis calculus late materi menit transcendentals john review all topic review diskusi menit wiley son inc th ed all indicator tugas menit schaums outline of theory and problem of differential and integral calculus third edition frank ayres jr phd and elliott mendelson phd james stewart single variable calculus early transcendentals final examination,"introduction first order differential equation ch formation of differential equation solution to first order differential equation
firstorder differential equation textbook slide solution to st order de direct integration variable separation homogenous equation integrating factor
nd order differential equation textbook nd de homogenous solution nonhomogeneous solution
nonhomogenous nd order differential equation textbook ch method of undetermined coefficient method of variation of parameter
euler method for st order ode textbook note colab introduction euler method improved euler method
infinite sequence and series textbook ch infinite sequence infinite series
infinite series textbook infinite series the divergence and integral test comparison test alternating series ratio and root test
review midtest textbook note colab review midtest
parametric equation textbook openstax ch note colab parametric equation calculus of parametric curve polar coordinate area and arc length in polar coordinate
vector slide note textbook vector in the plane vector in three dimension the dot product the cross product equation of line and plane in space
parametric equation continued slide note textbook calculus of parametic curve derivative of parametric equation secondorder derivative of parametric equation area under a parametric curve arc length of a parametric curve surface area generated by a parametric curve kalkulus ii
vector vector function slide note textbook dot product cross product triple scalar vector function
vectorvalued function slide note textbook openstax calculus of vector valued function arch length curvature
review slide textbook quiz komunikasi nirkabel",0.45161363,Not Aligned
etika profesi dan hak kekayaan intelektual,this section should show the targeted competency topic sub topic specific method of instruction delivery material reference and assessment indicator for each session session targeted competency topic sub topic form of instruction material reference assessment indicator duration sesi kemampuan materi pembelajaran sumber indikator penilaian bentuk pembelajaran pembelajaran understanding for session an overview of ethic lecture hour chapter understanding for session ethic for it worker and it user lecture hour chapter understanding for session computer and internet crime lecture hour chapter understanding for session privacy lecture hour chapter understanding for session freedom of expression lecture hour chapter understanding for session intellectual property lecture hour chapter understanding for session software development lecture hour chapter homework mid semester examination understanding for session the impact of information technology lecture hour chapter on productivity and quality of life understanding for session social networking lecture hour chapter understanding for session ethic of it organization lecture hour chapter individual report communication skill student presentation presentation communication skill student presentation communication skill student presentation review homework final examination f ppkr,"chapter buku etika profesi hak kekayaan intelektual chapter
chapter pearson mc graw hill chapter
chapter pearson chapter
chapter pearson chapter
chapter pearson chapter
chapter pearson chapter
chapter pearson chapter
chapter pearson chapter
chapter pearson chapter
chapter pearson chapter
pertemuan pearson chapter
chapter pearson chapter
chapter pearson chapter informatika sosial",0.47869635,Not Aligned
sistem operasi,session topic sub topic method reference assignment introduction a what is an operating system b history of operating system chapter c computer hardware and system pp overview chapter d the operating system zoo pp lecture working group e operating system concept ob chapter discussion forming jectives and function pp f system call chapter pp g operating system structure chapter h the world according to c i getting started with redhat en terprise linux f ppkr syllabus tif rencana pembelajaran semester process and thread a process chapter b thread multicore and multi pp threading chapter c interprocess communication pp d scheduling st working lecture chapter group e uniprocessor scheduling discussion pp presentation f multiprocessor and realtime chapter scheduling pp g classical ipc problem chapter h concurrency mutual exclusion and synchronization i accessing the command line memory management chapter pp a no memory abstraction b a memory abstraction address chapter space pp c virtual memory lecture chapter st lab session d page replacement algorithm discussion pp e design issue for paging system f implementation issue chapter pp g segmentation chapter h managing file from the command line file system chapter a file pp chapter b directory nd working pp c file system implementation lecture group chapter d file system management and op discussion presentation nd pp timization lab session chapter e example file system pp f getting help in redhat enterprise chapter linux inputoutput a principle of io hardware chapter b principle of io software pp c io software layer chapter rd working d disk pp lecture group e clock chapter discussion presentation rd f user interface keyboard mouse pp lab session monitor chapter pp g thin client chapter h power management i creating viewing and editing text file deadlock chapter a resource pp b introduction to deadlock chapter th working c the ostrich algorithm pp lecture group chapter d deadlock detection and recovery discussion presentation th pp e deadlock avoidance lab session chapter f deadlock prevention pp g other issue chapter h managing local user and group virtualization and the cloud a history b requirement for virtualization c type and type hypervisors d technique for efficient virtualiza tion e are hypervisors microkernels done right chapter lecture quiz in class pp f memory virtualization discussion th lab session chapter g io virtualization h virtual appliance i virtual machine on multicore cpu j licensing issue k cloud l case study vmware m controlling access to file mid semester test multiple processor system th working a multiprocessor chapter lecture group b multicomputers pp discussion presentation th c distributed system chapter lab session d monitoring and managing linux process f ppkr syllabus tif rencana pembelajaran semester security a the security environment chapter b operating system security pp c controlling access to resource chapter d formal model of secure system th working pp e basic of cryptography lecture group chapter discussion presentation th f authentication pp lab session g exploiting software chapter h insider attack pp chapter i malware and threat j defense and security technique k controlling service and daemon case study unix linux and android a history of unix and linux chapter b overview of linux pp c process in linux chapter th working d memory management in linux lecture pp group e inputoutput in linux discussion chapter presentation th f the linux file system pp lab session g security in linux chapter h android i configuring and securing ssh j accessing linux file system case study microsoftfi windowscid a history of window through win dows b programming window c system structure th working d process and thread in window chapter lecture group pp e memory management discussion presentation th chapter f caching in window lab session g inputoutput in window h the window nt file system i window power management j security in window k analyzing and storing log operating system design a the nature of the design problem b interface design th working chapter c implementation lecture group pp d performance discussion presentation chapter e project management th lab session f trend in operating system de sign g managing networking embedded system chapter a embedded operating system pp b raspbian lecture chapter th lab session c arduino discussion pp d archiving and transferring file chapter e installing and updating software package distributed system a distributed processing chapter b clientserver in distributed sys pp tems lecture chapter quiz in class discussion pp th lab session c cluster in distributed system chapter d analyzing server and getting support e comprehensive review final semester test f ppkr,"introduction to operating system andrew s tanenbaum and herbert bos
process and thread andrew s tanenbaum and herbert bos
memory management andrew s tanenbaum and herbert bos
file system andrew s tanenbaum and herbert bos
inputoutput andrew s tanenbaum and herbert bos
deadlock andrew s tanenbaum and herbert bos
virtualization and the cloud andrew s tanenbaum and herbert bos
multiple processor system andrew s tanenbaum and herbert bos
security andrew s tanenbaum and herbert bos
case study unix linux and android andrew s tanenbaum and herbert bos
case study microsoft window andrew s tanenbaum and herbert bos
operating system design andrew s tanenbaum and herbert bos
distributed system william stalling
embedded system andrew s tanenbaum and herbert bos",0.49004138,Not Aligned
interpersonal skill,this section should show the targeted competency topic sub topic specific method of instruction delivery material reference and assessment indicator for each session session targeted competency topic sub topic form of instruction material reference assessment indicator duration sesi kemampuan materi pembelajaran sumber pembelajaran indikator penilaian bentuk pembelajaran memahami pendahuluan ceramah penjelasan silabus tujuan power point ppt mengikuti merespon pengertian a pendahuluan mata kuliah materi kuliah tugas chapter perkuliahan sikap page interpersonal skill b menit menit buku referensi internet interpersonal skill menit memahami pengertian c interpersonal skill interpersonal skill soft skill d interpersonal skill interpersonal skill lingkungan ubakrie tugas mingguan ppt memahami awarenes of ceramah menit latihan jujur chapter menerima menit bahas menit others page keberadaan orang menit menempatkan a pendahuluan buku referensi internet ditengan pergaulan b sesamaku pekerjaaan c semangat pancasila bertolensi menerima membangun memperlakukan orang orang hubungan etis bermartabat orang d kesimpulan menggerjakan tugas mingguan ceramah menit diskusi menit ppt berdiskusi disiplin jaringan sosial case study menit f ppkr syllabus rencana pembelajaran semester kode mata kuliah pg session targeted competency topic sub topic form of instruction material reference assessment indicator duration sesi kemampuan materi pembelajaran sumber pembelajaran indikator penilaian bentuk pembelajaran nya jaringan a pendahuluan menit chapter tanggungjawab sosial b pengertian jaringan page kehidupan sosial jaringan sosial kesuksesan c jaringan sosial kesuksesan buku referensi modal memiliki jaringan sosial internet membentuk d bagimana jaringan solid membangun jaringan sosial sosial dibentuk membangun e sifat jaringan sosial tugas mingguan diskusi kelompokl menit ppt berdiskusi disiplin nilai norma norma sosial presentasi hasil diskusi chapter menghormati pendapat sosial menit kesimpulan menit page orang a nilai diperhatikan menit buku referensi internet mentaati norma norma b norma ditaati berlaku setia c hubungan menjalankan kehidupan norma nilai seauai norma berlaku mewujudkan hubungan sosial d sikap norma tugas harmonis nilai bersinergi pembangunan kebaikan menerima ceramah menit diskusi ppt mengikuti perkuliahan relasi lintas realita menit bahas menit chapter budaya berbeda beragam menit page berdiskusi tertib keberagaman suku agama bahasa buku referensi internet kriti a pendahuluan budaya selera hobi menerima perbedaan b relasi lintas budaya kekuatan keragaman tulu kelemahan c keberagaman anugerah tuhan d tantangan f ppkr syllabus rencana pembelajaran semester kode mata kuliah pg session targeted competency topic sub topic form of instruction material reference assessment indicator duration sesi kemampuan materi pembelajaran sumber pembelajaran indikator penilaian bentuk pembelajaran menjaga menerima memelihara perdamaian kedamaian lingkungan keluarga keanekaragaman kebersamaan kerja komunitas e mengelola perbedaan ditengah perbedaan tetangga hidup sehari f wawasan nusantara keberagaman dimana bhinneka tunggal ika mengelola perbedaan mengelola positif perbedaan positif negatif membangun tugasmingguan menemukan diskusi kelompok menit ppt berdiskusi tertib mengelola sumber penyebab presentasi hasil diskusi chapter semangat konflik konplik menit menyimpulkan page menemukan sumber a pendahuluan menit menit buku referensi internet konplik cepat b pengertian konflik c strategi managemen menyelesaikan konflik menyelesaikan konplik konplik adil win win d tehnik mencegah adil solution konflik f ppkr syllabus rencana pembelajaran semester kode mata kuliah pg session targeted competency topic sub topic form of instruction material reference assessment indicator duration sesi kemampuan materi pembelajaran sumber pembelajaran indikator penilaian bentuk pembelajaran metode pemecahan ppt menganalisi komunikasi kelengkapan problem based learning pbl chapter berpikir kriti interpersonal komponen komponen menit presentasi hasil diskusi page menemukan terbaik a pendahuluan komunikasi menit menyimpulkan buku referensi internet mempresentasikan hasil b pengertian komunikasi menit menit diskusi c komunikasi interpersonal berbicara mampuberdialog berkomunikasi d komponen komponen jujur sopan membangun verbal non verbal komunikasi berkomunikasi ramah lancar e komunikasi verbal verbal non verbal penunjang profesi baiklancar f komunikasi nonverbal pendengar g kemampuan penuh perhatian ramah pendengar mendengar ramah tugas komunikasi mingguantepat h tantangan komunikasi i komunikasi asertif mid semester examination presentasi makalah menit material from ppt menyelesaikan tugas paper mempresentasikan menit chapter presentation makalah buku referensi internet a discussion question bersikap profesional answer mempresentasikan tugas b conclusion sopan sopan tug mingguan f ppkr syllabus rencana pembelajaran semester kode mata kuliah pg session targeted competency topic sub topic form of instruction material reference assessment indicator duration sesi kemampuan materi pembelajaran sumber pembelajaran indikator penilaian bentuk pembelajaran metode pemecahan ppt menganalisi membangun tim bekerjasama problem based learning pbl chapter kerjasama didalam tim menit presentasi hasil diskusi buku referensi internet kriti tim bersinergi menit menyimpulkan a pendahuluan menit menit contoh tim b pengertian tim kerja kompak bermutu mewujudkan kelompok kerja tim kompak kuat c jenis jenis tim memenuhi syarat syarat bermutu d keuntungan tim membangun profesional e potensi keterbatasan tim kuat kompak tim berkualitas f tahapan tahapan pengembangan tugas kelompok mingguantepat g karakteristik performance tim h tip tip tim tim efektif persuasi ceramah menit latihan ppt persuasi mendefinisikan a pendahuluan menit menit chapter pengertian persuasi b pengertian persuasi menit c persuasi buku referensi internet d strategi persuasi persuasi komunikasi e bbeberapa tip marketing persuasi f mengembangkan contoh persuasi f ppkr syllabus rencana pembelajaran semester kode mata kuliah pg session targeted competency topic sub topic form of instruction material reference assessment indicator duration sesi kemampuan materi pembelajaran sumber pembelajaran indikator penilaian bentuk pembelajaran komunikasi kemampuan persuasi persuasi marketing g presentasi efektif mempengaruhi tugas orang mingguantepat persuasi efektif orang negosiasi problem based learning pbl ppt menganalisi mendefinisikan a pendahuluan menit presentasi hasil diskusi chapter kriti pengertian negosiasi b pengertian negosiasi menit menyimpulkan c negosiasi menit menit buku referensi internet menghargai d strategi negosiasi menghormati pendapat e tahapan negosiasi orang tulu f pedoman negosiasi negosiasi bernegoisasi komunikasi sosial ekonomi bisnis tugas mingguantepat menegosiasikan harapan ceramah menit latihan ppt peran mendefinisikan arti menit menit chapter kepemimpinan kepemimpinan kepemimpinan menit a pendahuluan buku referensi internet belajar b pengertian menjadiseorang pemimpin kepemimpinan hebat memimpin c karakteristik f ppkr syllabus rencana pembelajaran semester kode mata kuliah pg session targeted competency topic sub topic form of instruction material reference assessment indicator duration sesi kemampuan materi pembelajaran sumber pembelajaran indikator penilaian bentuk pembelajaran bertanggungjawab pemimpinyang efektif memiliki integritas prinsip hidup d mengembangkan kepemimpinan mengembangkan e gaya kepemimpinan kepemimpinan benra f kepemimpinan berkesinambungan pancasila pemimpin tugas handal g integritas mingguantepat sukses pemimpin mnjelaskan ceramah menit diskusil menit ppt berdiskusi pemberdayaan arti pemberdayaan bahas menit menit chapter semangat tertib pendelegasian memahami arti pendelegasian buku referensi internet pemberdayaan wewenang pendelegasian a pendahuluan bersedia memberdayakan b pemberdayaan mendelegasikan tugas memberdayakan mendelegasikan empowerment orang wewenang c pendelegasian tugas wewenang mingguan membangun pemberdayaan karyawan arti cermah menit ulasan bahan kuliah ppt motivasi memotivasi arti motivasi menit menit chapter termotivasi orang terussemangat belajar a pendahuluan buku referensi internet b pengertian motivasi memotivasi orang memotivasi c memotivasi orang tugas orang mingguan f ppkr syllabus rencana pembelajaran semester kode mata kuliah pg session targeted competency topic sub topic form of instruction material reference assessment indicator duration sesi kemampuan materi pembelajaran sumber pembelajaran indikator penilaian bentuk pembelajaran berkesinambungan material review for uas final examination f ppkr,"culture and interpersonal communication devito the interpersonal communication book th edition culture and interpersonal communication
introduction interpersonal skill john hayes specific subtopics why interpersonal skill understanding yourself what predicets succsess specific subtopics interpersonal skill in organization de janasz suzanne dowd karen o schneider beth z mcgrawhill international topic what predicets succsess specific subtopics introduction to the course why do some high potensial people fail and other succed management skill attitude personality and perception interpersonal skill is skill in interacting with people or other party
foundation of interpersonal communication the interpersonal communication book by joseph devito th edition foundation of interpersonal communication
developing self awareness management skill for everyday life the practical coach caproni paula j prentice hall specific subtopics what is selfawareness benefit of self awareness how to gain selfawareness a selfanalysis b behaviour c personality d attitude e perception f attribution theory g other perception h selfdisclosure i diverse experience journey your self mc shane glinow selfconcept selffullfiling interpersonal skill
listening in interpersonal communication the interpersonal communication book by joseph devito th edition listening in interpersonal communication
self disclosure and trust specific interpersonal skill in organization de janasz suzanne dowd karen o schneider beth z mcgrawhill international what is self disclosure a benefit on self disclosure b fear associated with self disclosure c the role of self disclosure in incresaing what is trust a the role of trust in organization b organizational trustsbuilders c a note of caution d johari window concept self disclosure theory research therapy for interpersonal skill valerian j derlega john h berg private selfconsciousness and selfdisclosure responsiveness and selfdisclosure the relation of loneliness and selfdisclosure
perception of self and others in interpersonal communication the interpersonal communication book by joseph devito th edition perception of self and others in interpersonal communication
communicating effectively specific subtopics interpersonal skill in organization de janasz suzanne dowd karen o schneider beth z mcgrawhill international why do some high potensial people fail and other succed what is communication verbal and nonverbal how to implement youattitude while communicate a message knowing your audience active listening assertive communication taking responsibility and i message informative positive negative and persuasion message cross culture communication kitty o locker diversity and culture basic diversity on workplace highcontext culture lowcontext culture dimension of culture
nonverbal message the interpersonal communication book by joseph devito th edition nonverbal message
proposal and program report interpersonal skill in organization de janasz suzanne dowd karen o schneider beth z mcgrawhill international topic proposal and program report specific subtopics what is report what should i do before i write a proposal structure of the report function and characteristic of the report proposal for class research project purpose of writing the research report the type of proposal the kind of proposal term of making proposal the stage of preparation of proposal understanding working with diverse others devito perception emotional message conflict communication
communicating across culture interpersonal skill in organization de janasz suzanne dowd karen o schneider beth z mcgrawhill international what is culture how doe culture affect business communication consider diversity a part of audience analysis begin to be aware of the value belief and practice in other culture become even more sensitive to verbal and nonverbal behavior etiquette and manner in the workplace jane carlson etiquette in the workplace provides stepbystep suggestion useful to all worker in their daily interaction with the public overcome frustration at work by gaining confidence and taking control of common difficult interpersonal skill
emotional message the interpersonal communication book by joseph devito th edition emotional message
building team and work group interpersonal skill in organization de janasz suzanne dowd karen o schneider beth z mcgrawhill international what is team work a why team b potensial limitation of team type of team a team developmental stage b characteristic of high performance team tip for effective team why team fail guest lecture digital hr all reference from data to decision building a resilient and secure digital hr ecosystem
conversational message the interpersonal communication book by joseph devito th edition conversational message
negotiation interpersonal skill in organization de janasz suzanne dowd karen o schneider beth z mcgrawhill international what is negotiation and why is it important why do we negotiate benefit of honing negotiation skill integrative and distributive bargaining strategy five stage of negotiating strategy for negotiating effectively a scripting b framing c managing additional tipe for effectively negotiating special situation in negotiation personal branding farco s r the masterbook of personal branding quadrant introduction to brand meaning understand the meaning of the image understand the meaning of reputation how to explore selfimage and develop it
foundation of interpersonal communication the interpersonal communication book by joseph devito th edition foundation of interpersonal communication
introvert v extrovert leadership swinton w hudson influence control team mapping strategy role model extrovert and introvert leadership managing conflict management skill for everyday life the practical coach caproni paula j prentice hall what is conflict a limited resourches b difference in goalsobjective c miscommunication d differing attitude value and perception e style difference why is conflict management important source of interpersonal conflict conflict management strategy conflict prevention technique
interpersonal relationship type the interpersonal communication book by joseph devito th edition interpersonal relationship type
job hunting kitty o locker researching job resume job application letter job interview follow up letter and job offer making decitions and solving problem creatively interpersonal skill in organization de janasz suzanne dowd karen o schneider beth z mcgrawhill international what is decitions making a why is decision making important b the decition making process c what kind of decision maker are you d collaborative decision making
interpersonal power and influence the interpersonal communication book by joseph devito th edition interpersonal power and influence
problem solving kensuke watanabe problem solving tool box logic tree rock band and root cause potential root cause of the problem problem solving tool box yesno tree problem solving tool box design plan interpersonal skill problem solving creatively what is problem solving interpersonal skill in organization de janasz suzanne dowd karen o schneider beth z mcgrawhill international why is problem solving important problem solving technique a brainstorming b building consensus through multivoting what is creatively and why is it important a strategy for increasing creativity in problem solving b strategy for increasing individual creativity
review the interpersonal communication book by joseph devito th edition review assignment task
emotion at work and emotional intelligent mc shane glinow emotion at work kind of emotion emotion model influence behavior emotional intelligence johari window networking interpersonal skill in organization de janasz suzanne dowd karen o schneider beth z mcgrawhill international what is networking the important and us of networking developing an appropriate mindset for networking strategy for building an effective network
interpersonal conflict and conflict management the interpersonal communication book by joseph devito th edition interpersonal conflict and conflict management
effective teamwork mc shane glinow choosing team member to create effective teamwork team design team size team characteristic setting team target mentoring interpersonal skill in organization de janasz suzanne dowd karen o schneider beth z mcgrawhill international a what is mentoring b the importance of mentoring c benefit of mentoring d quality of an effective mentor e type of mentoring relationship f four stage of mentoring relationship g limitation of mentoring
review the interpersonal communication book by joseph devito th edition review assignment kalkulus i
project management management skill for everyday life the practical coach caproni paula j prentice hall what is project management why important project management benenfit of project management eight step to managing project project management toll project management watanabe k problme solving a simple book for a smart people osaka diamond inc final project management task simulation and final project task it project management",0.50234103,Not Aligned
komunikasi nirkabel,this section should show the targeted competency topic sub topic specific method of instruction delivery material reference and assessment indicator for each session session targeted competency topic sub topic form of instruction duration material reference assessment indicator sesi kemampuan materi pembelajaran bentuk pembelajaran sumber pembelajaran indikator penilaian transmission chapter fundamental communication network chapter protocol and tcpip chapter suite antenna and propagation chapter signal encoding chapter technique spread spectrum chapter coding and error control chapter homework mid semester examination satellite communication chapter cellular wireless chapter network cordless system and chapter wireless local loop mobile ip and wireless chapter access protocol wireless lan technology chapter wi fi and ieee chapter wireless lan standard bluetooth and ieee chapter homework final examination f ppkr,"introduction to wireless communication stalling ch introduction to wireless comms signal fundamental evolution of celluler network transmission fundamental transmission fundamental stalling w wireless communication networking prentice hall nd ed transmission fundamental
communication network textbook ch network topology switching technique circuit switching v packet switching atm communication network stalling w wireless communication and networking communication network
communication network and tcpip texbook stalling ch timing diagram of communication network tcpip protocol and the tcpip suite stalling william wireless communication and networking protocol and the tcpip suite
antenna and propagation textbook ch antenna propagation model los transmission fading antenna and propagation stalling william wireless communication and networking antenna and propagation
fsl antenna gain transmittedreceived power textbook ch free space loss antenna gain power budget in wireless transmission link signal encoding technique stalling william wireless communication network signal encoding technique
coding and error control stalling william wireless communication and networking coding and error control signal encoding technique textbook ch part encoding v modulation digital modulation analogue modulation
analog modulation textbook ch amplitude modulation am phase modulation pm frequency modulation fm spread spectrum stalling william wireless communication and networking spread spectrum
cellular wireless network stalling william wireless communication and network cellular wireless network spread spectrum textbook note fhss dsss cdma
review midtest slide note review midtest satellite communication stalling william wireless communication and networking satellite communication
coding and error control textbook and slide parity check crc modulo arithmetic polynomial code arithmetic mobile ip and wireless application protocol stalling william wireless communication and networking mobile ip and wireless application protocol
bluetooth technique stalling william wireless communication and networking bluetooth technique linear block code note slide block coding hamming code komunikasi nirkabel
convolutional coding slide textbook note basic convolutional coding state diagram trellis diagram using trellis diagram for encoding cordless system and wireless local loop stalling william wireless communication and networking cordless system and wireless local loop
maximum likelihood decoding slide note textbook viterbi decoding maximum likelihood decoding example wireless lan technology stalling william wireless communication and networking wireless lan technology
ieee wireless lan standard stalling william wireless communication and networking ieee wireless lan standard wireless cellular network slide note video presentation introduction to cellular network history of wireless cellular network evolution of cellular network towards g and g cellular network konsep sistem informasi",0.50542694,Not Aligned
konsep sistem informasi,syllabus tif session topic sub topic method of material assignment delivery reference defining information system a is defined b terminology data facebookcom information knowledge is chapter online map c is today p service d the dual nature of is e case is infrastructres a is hardware infrastructure b is software infrastructure amazon c communication and chapter simpledb collaboration infrastructure p wifi in the sky d data and knowledge infrastructure e application software is and globalization a evolution of globalization b opportunity for operating in the digital world flickr c challenge of operating in chapter global payment the digital world p at paypal d going global international business strategy in the digital world is investment and strategic advantage a valuing is b making the business case for netflix an is chapter linkedin c valuing innovation p d freeconomics why free product are the future of the digital world electronic commerce a e commerce defined chapter b bb e commerce extranets p crowdsourcing c be e commerce intranet youtube d bc e commerce chapter e cc e commerce p f emerging topic in e commerce web technology and google business model opensocial api chapter a defining web wikipedia p b empowering individual with syllabus tif session topic sub topic method of material assignment delivery reference web c enhancing collaboration with web organizational is and business the netflix intelligence prize a business intelligence chapter application to b business intelligence p make you component smarter c information visualization mid semester test enterprise is crm erp scm a enterprise system b enterprise resource planning dashboard c customer relationship chapter real or fake management p tech may tell d supply chain management e the formula for enterprise system success is development and acquisition a customized versus off the shelf software b the need for structured system development open source c step in the system software development process chapter fbi database to d other approach to p expand designing and building system e need alternative to building system yourself f common alternative to in house system development is security and control a is security under attack b safeguarding is resource chapter china great c managing is security p firewall d is control auditing and the sarbanes oxley act is ethic and computer crime bridging the a is ethic chapter digital divide b computer crime p terrorist invade c cyber war and cyber gaming terrorism information and decision enterprise rent support system chapter a car syllabus tif session topic sub topic method of material assignment delivery reference a decision making and p keiper watch problem solving production b overview of mi c functional aspect of mi d overview of ds e component of a ds f group support system g executive support system knowledge management and specialized information system a knowledge management bird bird system chapter lawfirm b overview of artificial p virtual world intelligence c virtual reality d other specialized system advanced topic and trend in managing the is infrastructure a advanced topic in is hardware b advanced topic in is p software c advanced topic in networking and collaboration d advanced topic in database management final semester test,"week pengenalan sistem informasi stair ralph reynolds george principle of information system cengage learning thirteenth edition definisi sistem informasi data v informasi sistem informasi bisnis konsep teknologi informasi sistem informasi bisnis masyarakat
week sistem informasi organisasi ralph m stair and george w reynolds principle of information system edition cengage learning definisi organisasi perubahan organisasi inovasi sistem informasi budaya organisasi karir sistem informasi
week hardware mobile device ralph m stair and george w reynolds principle of information system edition cengage learning membahas pendahuluan perangkat kera komputer anatomi komputer input output device jenis komputer
week software mobile application ralph m stair and george w reynolds principle of information system edition cengage learning pendahuluan an overview of software komponen software ruang lingkup software latihan
week sistem basis data big data topic database and big data specific subtopics data fundamental data modeling and database characteristic rdbms big data technology used to process big data data fundamental data modeling karakteristik database dbms pengantar big data sumber big data penggunaan big data tantangan big data
week presentasi presentasi materi dibahas masingmasing kelompok
week presentasi kelompok lakukan presentasi sesuai materi dipilih
week network cloud computing ralph m stair and george w reynolds principle of information system edition cengage learning network fundamental the internet web internet of thing cloud computing
guest lecture mindshare meetup membangun sdm unggul melalu mengikuti guest lecture prodi sif x lpkm konsep sistem informasi
week enterprise resource planning erp ralph m stair and george w reynolds principle of information system edition cengage learning any source from google for picture transaction processing system jenisjenis tps enterprise system
week ecommerce mcommerce ralph m stair and george w reynolds principle of information system edition cengage learning any source from google for picture pengantar ecommerce pengantar mcommerce egovernment aplikasi ecommerce mcommerce strategi kesuksesan ecommerce mcommerce infrastruktur teknologi
week latihan quiz quiz materi erp latihan prafinal exam
week guest lecture knowledge and specialized management kuliah tamu interaktif dosen universitas negeri makassar lan and wireless",0.5144182,Not Aligned
matematika diskrit,this section should show the targeted competency topic sub topic specific method of instruction delivery material reference and assessment indicator for each session the targeted competency refer to the list of competency given in the course objective section s targeted topic sub topic method reference assignment sion compe tencies sec pp no introduction logic a proposition sec pp no lecture c b conditional proposition ch discussion bc logical equivalence ch sec pp no assignment d predicate and quantifier sec pp no e nested quantifier sec pp no even odd even proof a ch sec pp no a introduction to proof lecture a optional sec pp no b direct proof discussion c ch optional sec pp no c proof method and strategy d resolution proof optional induction a lecture ch sec pp no a a mathematical induction discussion ch sec pp no b strong form of induction aquiz c well ordering set and function sec pp no a ch a set a lecture sec pp no b function a discussion ch c sequence and string b sec pp no d summation relation sec pp no lecture ch ba relation sec pp no discussion ch b equivalence relation sec pp no c matrix of relation optional algorithm sec pp no a introduction to algorithm lecture ch sec pp no bb example of algorithm discussion ch sec pp no c analysis of algorithm sec pp no d recursive algorithm number theory sec pp no a integer it representation and algorithm review ch sec pp no bb division discussion ch sec pp no c prime and greatest common divisor quiz sec pp no d euclidean algorithm e rsa public key cryptosystems mid semester test counting sec pp no a a basic principle of counting ch review sec pp no a b permutation and combination discussion sec pp no c generalized permutation and combination a sec pp no d binomial coefficient e pigeonhole principle discrete probability a a introduction to discrete probability lecture ch sec pp no a b discrete probability theory discussion ch sec pp no ac bayes theorem d expected value and variance f ppkr rencana pembelajaran semester page syllabus tif relation a lecture ch a a introduction ch problem discussion ch b solving recurrence relation ac divide and conquer algorithm graph theory sec pp no a introduction to graph lecture ch a sec pp no b path and cycle discussion ch a sec pp no c hamiltonian cycle quiz sec pp no d tsp e shortest path algorithm graph theory sec pp no ch b lecture sec pp no a representation of graph ch cdiscussion sec pp no b isomorphism sec pp no c planar graph tree a introduction c b application of tree lecture ch ch pp problem c tree traversal cdiscussion ch d spanning tree e minimum spanning tree f binary tree boolean algebra lecture a review ch b a boolean algebra ch pp problem discussion ch b boolean function cquiz c application final semester test f ppkr,"introduction to discrete math textbook ch set introduction to discrete math syllabus explanation set venn diagram matematika diskrit
set contd and logic intro textbook ch set disc on assignment venn diagram etc logic intro preposition conditional contrapositive converse
argument quantifier proof textbook ch ch argument quantifier universal quantifier existensial quantifier
proof textbook ch direct proof indirect proof proof by contradiction
mathematical induction textbook ch mathematical induction step of mathematical induction strong form of induction
function sequence string textbook ch function injective v surjective v bijective sequence string relation
sequence textbook infinite sequence cardinality countability of infinite sequence recurring relation homogeneous equation and characteristic equation solution to recurring sequence
review midexam intro to number theory textbook mid exam review introduction to number theory
number theory slide textbook note gcd and lcm euclidean algorithm and extended euclidean algorithm number system decimal binary and hexadecimal conversion technique one and two complement representation and arithmetic operation modular arithmetic fast modular exponentiation application in cryptography prime number and factorization application and example
number theory slide note euclidean algorithm extended fast modular exponentiation
number theory continued textbook slide note fme chinese remainder theorem cryptography
counting slide note textbook combinatoric and counting using pascal triangle additive and multiplicative rule
counting theory slide note textbook fundamental counting principle permutation linear circular combination pigeonhole principle
graph slide note introduction to graph vertexnodes edge pemrograman berorientasi objek",0.53204083,Not Aligned
proses sinyal dijital,this section should show the targeted competency topic sub topic specific method of instruction delivery material reference and assessment indicator for each session the targeted competency refer to the list of competency given in the course objective section targeted topic sub topic method reference assignment s compe sion tencies introduction to dsp a course manifest b syllabus explanation lecture problem c c overview to dsp discussion chapter bassignment d review complex number e general introduction to signal sys tems signal representation probs a a signal plotting lecture a chapter b signal function discussion for sinc function cc odd and even function only d operation on signal discrete time signal introduction a lecture probs a discussion continued a review continuous time signal aquiz b discrete time signal basic signal a a impulse signal probs a b unit step lecture chapter a discussion c exponential signal bd complex sinusoidal e discrete periodic signal system a system classification b static v dynamic lecture problem b ch discussion c causal v non causal d linear v non linear e time invariance v time varying system contd a block diagram lecture problem b ch discussion b graph theory c lti system convolution sum a basic concept review bdiscussion chapter b array algorithm quiz c polynomial multiplication method d use of convolution in lti system f ppkr syllabus tif rencana pembelajaran semester mid semester test a probs review a fourier transform ch discussion a probs a lecture ch a dft fft algorithm discussion a a probs lecture a z transform ch discussion a lecture probs a transfer function pole zero plot discussion ch aquiz filter a ma filter probs b lecture ch b arma filter cdiscussion c filter specification d design probs c lecture system identification ch cdiscussion application lecture a ch review see chapter a digital communication b discussion problem b speech application c quiz c compression final semester test f ppkr,"introduction to dsp textbook slide introduction to dsp continuous time v discrete time signalssystems week pengenalan pengolahan sinyal digital jonathan stein digital signal processing a computer science perspective john wiley son unofficial url dspbooknarodrudspcsptochtm unofficial pdf mb pdf book httpsfilesbakrieacidsxgntjlxlcmqtt hardcopy is also available in our library steven smith the scientist and engineer guide to digital signal processing california technical publishing downloadable at httpwwwdspguidecompdfbookhtm pengantar sinyal jenis sinyal pengolahan sinyal aplikasi pengolahan sinyal prose sinyal dijital
signal representation and manipulation textbook slide signal representation basic signal aliasing signal manipulation week sinyal steven w smith the scientist and engineer guide to digital signal processing california technical publishing url httpwwwdspguidecompdfbookhtm sanjit k mitra and james f kaiser editor handbook for digital signal processing john wiley son sinyal karakteristik sinyal klasifikasi sinyal latihan pembuatan sinyal
signal manipulation contd and system textbook slide calculation of signal manipulation system week sistem dsp prose alan v oppenheim and ronald w schafer discretetime signal processing prenticehall nd edition john g proakis and dimitris g manolakis digital signal processing principle algorithm and application macmillan second edition paul a lynn and wolfgang fuerst introductory digital signal processing with computer application john wiley son revised edition budi ardiperdana pengolahan sinyal digital sistem klasifikasi sistem dsp v asp sampling kuantisasi latihan
convolution textbook slide note convolution sum basic graphical representation of convolution array algorithm domain domain frekuensi alan v oppenheim and ronald w schafer discretetime signal processing prenticehall nd edition john g proakis and dimitris g manolakis digital signal processing principle algorithm and application macmillan second edition paul a lynn and wolfgang fuerst introductory digital signal processing with computer application john wiley son revised edition steven w smith the scientist and engineer guide to digital signal processing california technical publishing url httpwwwdspguidecompdfbookhtm sanjit k mitra and james f kaiser editor handbook for digital signal processing john wiley son resume sampling latihan sampling pembahasan domain latihan domain domain frekuensi simpulan
impulse response textbook slide note impulse response calculation for fir system direct calculation calculation for iir system unforced input with initial condition transformasi fourier alan v oppenheim and ronald w schafer discretetime signal processing prenticehall nd edition john g proakis and dimitris g manolakis digital signal processing principle algorithm and application macmillan second edition paul a lynn and wolfgang fuerst introductory digital signal processing with computer application john wiley son revised edition steven w smith the scientist and engineer guide to digital signal processing california technical publishing url httpwwwdspguidecompdfbookhtm sanjit k mitra and james f kaiser editor handbook for digital signal processing john wiley son review domain domain frekuensi sinyal diskrit pengantar transformasi fourier jenis transformasi fourier discrete fourier transform dft latihan menghitung spektrum frekuensi dft simpulan
impulse respons contd textbook slide note ir calculation for arma system linearity principle in calculating ir review materi diskusi review materi pra mid term prose sinyal dijital
fast fourier transform fft alan v oppenheim and ronald w schafer discretetime signal processing prenticehall nd edition john g proakis and dimitris g manolakis digital signal processing principle algorithm and application macmillan second edition paul a lynn and wolfgang fuerst introductory digital signal processing with computer application john wiley son revised edition steven w smith the scientist and engineer guide to digital signal processing california technical publishing url httpwwwdspguidecompdfbookhtm sanjit k mitra and james f kaiser editor handbook for digital signal processing john wiley son review materi dft pengantar fast fourier transform rumus fft diagram butterfly gambar diagram butterfly n n contoh perhitungan fft latihan lti system response quiz textbook slide note lti system output lti system impulse response
review midterm exam textbook clides review midterm exam week spektrum frekuensi pah nemuel daniel pemrosesan sinyal digital graha ilmu yogyakarta review fft pengantar spektrum frekuensi spektrum amplitudo spektrum daya sinyal zero padding latihan
fourier analysis slide colab fourier analysis type property of fourier analysis week spektogram pah nemuel daniel pemrosesan sinyal digital graha ilmu pengantar spektogram sinyal stasioner nonstasioner penggambaran spektogram perbedaan spektrum spektogram latihan
inverse ztransform slide note inverse ztransform filtering system simulation using jdsp week analisis sinyal suara pah nemuel daniel pemrosesan sinyal digital graha ilmu pengantar sinyal suara voice unvoiced frekuensi voiced speech identifikasi pitch f
fourier representation exercise slide note textbook exercise on ctfs ctft dtfs week latihan spektogram analisis sinyal suara latihan teori praktikum coding m sinyal suara
week sistem diskrit pah nemuel daniel pemrosesan sinyal digital graha ilmu review analisis sinyal suara pengantar sistem diskrit sistem diskrit bentuk impulse response latihan ztransform slide note forward ztransform region of convergence
inverse ztransform slide note exercise inverse ztransform direct computation using infinite summation look up table week transfer function pah nemuel daniel pemrosesan sinyal digital graha ilmu pengantar sistem diskrit bentuk transfer function latihan
final destination uas slide video note review material for final exam transfer function inverse ztransform week latihan sistem diskrit bentuk transfer function latihan sistem diskrit rekayasa perangkat lunak",0.54115695,Not Aligned
english ap2,this section should show the targeted competency topic sub topic specific method of instruction delivery material reference and assessment indicator for each session teaching session topic skill activity aid individual skill focus on the second line work cd skill choose answer with synonym pair work handout student skill avoid similar sound procheck module skill draw conclusion about who listening what where skill listen for who and what in passive skill listen for who and what with multiple noun individual skill be sure the sentence ha a subject work handout student and a verb pair work module skill be sucareful of object of preposition procheck skill be careful od appositives skill be careful of present participle skill be careful of past participle grammar skill use coordinate connector correctly skill use adverb time and cause connector correctly skill use other adverb connector skill use noun clause connector correctly skill use noun clause connectorssubjects individual skill answer main idea question work handout student correctly pair work module skill recognize the organization of procheck reading idea individual skill answer stated detail question work handout student correctly pair work module skill find unstated detail procheck skill find pronoun referent individual skill answer implied detail question work handout student correctly pair work module skill answer the transition question procheck correctly skill find definition from structural clue skill determine meaning from word part individual skill listen for negative expression work cd skill listen for double negative pair work handout student expression procheck module listening skill listen for almost negative expression skill listen for negative with comparative individual skill use adjective clause connector work handout student correctly pair work module skill use adjective clause procheck connectorssubjects correctly skill use reduced adjective clause correctly skill use reduced adverb clause correctly grammar skill invert the subject and verb with question word skill invert the subject and verb with place expression skill invert the subject and verb with negative skill invert the subject and verb with conditionals individual reading skill use context to determine work handout student meaning of difficult word pair work module skill use context to determine procheck meaning of simple word skill determine where specific information is found skill determine the tone purpose or course review exercise skill individual skill listen for expression of work cd agreement pair work handout student skill listen for expresions of prochecck module listening uncertainty skill listen for emphatic expression of surprise ut individual skill invert the subject and verb with work handout student comparison pair work module skill make verb agree after prepositional procheck phrase skill make verb agree after expression of quantity grammar skill make inverted verb agree skill make verb agree after certain word skill use parallel structure with coordinate conjunction skill use parallel structure with paired conjunction skill use parallel structure with comparison individual skill listen for wish work cd listening skill listen for untrue condition pair work handout student skill listen for two and three part procheck module verb skill listen for idiom individual skill form comparative and superlative work handout student correctly pair work module skill use comparative and superlative procheck correctly skill use the irregular er er structure grammar correctly skill after have use the past participle skill after be use the presnt participle or the past participle skill after will would or other modal use the base form of verb skill know when to use the past with present individual skill anticipate the topic work cd skill anticipate the question pair work handout student skill determine the topic procheck module listening skill draw conclusion about who what when where skill listen for answer in order skill anticipate the topic skill anticipate the question individual skill use have and had correctly work handout skill use the correct tense with time student expression pair work module skill use the correct tense with will and would procheck skill use the correct form of the passive grammar skill recognize active and passive meaning skill use the correct singular or plural noun skill distinguish countable and uncountable noun skill recognize irregular plural of noun skill distinguish the person from the thing individual skill distinguish subject and object pronoun work handout grammar skill distinguish possessive adjective and student pronoun pair work module skill check pronoun reference and agreement procheck skill use basic adjective and adverb correctly skill use adjective after linking verb skill position adjective and adverb correctly skill recognize ly adjective skill use predicate adjective correctly skill use ed and ing adjective correctly individual skill use article with singular noun work handout student skill distinguish a and an pair work module skill make article agree with noun procheck skill distinguish specific and general idea grammar skill recognize incorrect preposition skill recognize when preposition have been omitted skill distinguish make and do skill distinguish like alike unlike and dislike skill distinguish other another and others uas form rancangan tugas mahasiswa rtm f ehb universitas bakrie no form f ehb fakultas ftik tgl form feb program studi information system revform periode,"listening longman toefl syllabus listening skill
listening skill longman toefl listening skill
structure skill longman toefl structure skill
structure skill longmantoefl structure
reading skill module a toefl reading skill
reading comprehension longman toefl reading comprehension skill
listening skill module a toefl listening skill
grammar and written expression longman toefl grammar skill
listening longmantoefl structure skill
listening longman toefl skill
reading skill longman toefl reading
grammar written expression longmantoefl grammar skill bahasa inggris
grammar and written expression longman toefl grammar skill
review all skill on toefl toefl module a reading toefl test simulation ethical hacking",0.5454008,Not Aligned
rekayasa ilmu,this section should show the targeted competency topic sub topic specific method of instruction delivery material reference and assessment indicator for each session session targeted competency topic sub topic method reference assignment a data information and knowledge b skill of a knowledge engineer introduction self assessment an introduction to knowledge engineering chapter c an introduction to knowledge based lecture discussion question system a expert system section b neural network section lecture c case based reasoning section self assessment type of knowledge based system discussion chapter d genetic algorithm section question exercise e intelligent agent section f data mining a generate idea b design a complex structure lecture self assessment knowledge acquisition c communicate complex idea discussion chapter question d assess understanding or diagnose mi exercise understanding a using knowledge section b logic rule and representation lecture self assessment c developing rule based system knowledge representation and reasoning discussion chapter question d semantic network section assignment e frame a expert system shell lecture b expert system development environ self assessment expert system shell environment and language discussion chapter ments question exercise c use of ai language a the need for methodology b blackboard architecture lecture c problem solving method self assessment life cycle and methodology discussion chapter d knowledge acquisition design system question assignment kads e the hybrid methodology hym a uncertainty and expert system b confidence factor lecture self assessment uncertain reasoning chapter c probabilistic reasoning discussion review question d fuzzy logic mid semester test f ppkr rencana pembelajaran semester page syllabus ftk tif a knowledge management lecture knowledge management and knowledge b is knowledge management new discussion chapter paper engineering working together c knowledge engineering exercise a knowledge mapping b type of knowledge map lecture knowledge mapping and knowledge acquisition c how knowledge acquisition technique discussion chapter paper can help build a knowledge map and exercise capture expertise in the km system lecture a knowledge taxonomy knowledge taxonomy v knowledge ontology and discussion chapter paper b knowledge ontology representation assigment a knowledge management methodolo gy lecture the knowledge management life cycle v the b the knowledge audit discussion chapter presentation knowledge engineering life cycle c objective of the knowledge audit ecercise d knowledge engineering life cycle a the hcfa it system impact advisor lecture knowledge based system and knowledge hitsia case study discussion chapter presentation management b the drug and alcohol abuse advisor assigment lecture a multi agent cotr system mac intelligent agent and knowledge disseminatio discussion chapter presentation assignment a an intelligent agent assisted perfor mance support system for the criminal investigative analysis domain b intelligent user agent design and devel lecture opment and case based reasoning knowledge discovery and knowledge management chapter presentation discussion review c knowledge management and case based reasoning d knowledge management and text min ing final semester test f ppkr,"introduction to knowledge engineering kendal s an introduction to knowledge engineering th edition student are able to explain the main concept of knowledge engineering
knowledge based system kendal s an introduction to knowledge engineering th edition student are able to explain the main concept of kb
type of knowledgebased system kendal s an introduction to knowledge engineering th edition student are able to explain the main concept of kb
reasoning agent kendal s an introduction to knowledge engineering th edition student are able to explain the main concept of reasoning agent
type of knowledge based system kendal s an introduction to knowledge engineering th edition student are able to explain and provide some example of kb in specific domain area such a medical and education
presentasi individual kb context architecture inference and interface kendal s an introduction to knowledge engineering th edition mahasiswa mahasiswa presentasi kb context architecture inference and interface
neural network casebased reasoning kendal s an introduction to knowledge engineering th edition student are able to explain the main concept of neural network casebased reasoning
the role of inference kendal s an introduction to knowledge engineering th edition student are able to explain the main functionality of inference in kb
workshop on ontology part kuntarto g the development of ontology using protege student are able to explain and create knowledge representation using rdf owl
reasoning part kendal s an introduction to knowledge engineering th edition student are able to explain the main concept and usage of reasoning in knowledge domain also identify some of the current reasoning engine that available today
knowledge representation kendal s an introduction to knowledge engineering th edition student are able to explain and create ontology using description logic
ontology web language owl kuntarto the development of ontology using protg by guson prasamuarso kuntarto student are able to develop an ontology web language owl
review on knowledge engineering kendal s an introduction to knowledge engineering th edition student are able to explain the main concept of knowledge engineering and explain some of the example of ontology based system
final project presentation knowledge management student are able to explain the progres of conducting mini project routing protocol and concept",0.5684848,Not Aligned
struktur data,this section should show the targeted competency topic sub topic specific method of instruction delivery material reference and assessment indicator for each session session targeted competency topic sub topic method reference assignment a introduction to java introduction to java and object oriented introduction b introduction to object oriented pro chapter pp programming lecture discussion gramming a big notation o b list and arraylist lecture exercise sec list and collection framework c single linked list discussion chapter pp pp d implementation arraylist and single exercise linked list a double linked list lecture programming b circular list list and collection framework discussion chapter pp project no pp c implementation double and circular exercise list a type of testing lecture exercise sec b stub and driver testing and debugging discussion chapter pp pp c test driven development assignment a stack adt b stack application and implementation lecture c queue adt stack and queue discussion chapter pp exercise d queue application and implementa exercise tion e deque interface a recursive thinking lecture b recursive array search recursion discussion chapter pp exercise c recursive data structure assignment a tree terminology and application b tree traversal lecture tree chapter pp exercise c binary search tree discussion review d review mid semester test f ppkr rencana pembelajaran semester page syllabus tif lecture a heap and priority queue tree discussion chapter pp exercise b huffman tree exercise a set and set interface lecture b map and map interface set and map discussion chapter pp exercise c hash table and implementation exercise lecture a map and set consideration set and map discussion chapter pp exercise b navigable map and set assigment a java sorting method lecture b selecction insertion sort sorting discussion chapter pp exercise c shell sort ecercise d merge sort a timsort lecture b heapsort sorting discussion chapter pp exercise c quicksort assigment a tree balance and rotation lecture b avl tree self balancing search tree discussion chapter pp exercise c red black tree assignment d b tree and tree a graph terminology b graph adt and edge class lecture chapter pp graph exercise c traversal of graph discussion review d review final semester test f ppkr,"introduction kaufmman penjelasan silabus introduction oop big o notation netbeans
array arraylist linkedlist gaddi array arraylist linkedlist exercise array exercise linkedlist struktur data
singly list koffmann singly linked list node appendlist search element delelet node
stack and queue koffman stack and queue
recursion kaufmann recursion
binary search tree kaufmann binary search tree penjelasan projek ut review materi ut
tree koffmann tree heap tree minheap maxheap huffman tree
set and map koffmann set and map set hashtable hashcode index hashtable
map and set naviable koffmann map and set naviable
sorting kofman sorting shell sort merge sort insertion sort selection sort
tree balancing kofmann tree balancing right and left rotation redblack tree
sorting koffmann timsort heapsort quicksort
review and exercise discussion koffmann review and exercise discussion wide area network wan",0.5720617,Not Aligned
informatika sosial,this section should show the targeted competency topic sub topic specific method of instruction delivery material reference and assessment indicator for each session session targeted competency topic sub topic method reference assignment introduction to social informatics a an overview of social informatics b social informatics a a scientific exercise c social informatics a a social move chapter understanding and analytical thinking for session lecture and chapter page ment alice robbins discussion reading alice article d reading an article of alice robbin and robbins article ron day entitled on rob kling the theoretical the methodological and the critical a gift of fire a rapid pace of change exercise understanding and analytical thinking for session lecture and b new development and dramatic im chapter chapter page discussion pact c issue and theme d ethic privacy a privacy and computer technology lecture exercise understanding analytical thinking and oral b privacy topic discussion and chapter chapter page presentation skill for session presentation c protecting privacy d communication freedom of speech a changing communication paradigm b controlling offensive speech exercise c censorship on the global net understanding and analytical thinking for session lecture and chapter chapter page d political campaign regulation in cy discussion berspace e anonymity f protecting access and innovation net neutrality or de regulation intellectual property a intellectual property and changing technology b copyright law and significant case lecture exercise understanding analytical thinking and oral c copying and sharing discussion and chapter chapter page presentation skill for session presentation d search engine and online library e free speech issue f free software g issue for software developer f ppkr rencana pembelajaran semester page syllabus tif tifw cyber crime exercise understanding and analytical thinking for session a hacking lecture and chapter chapter page discussion b identity theft and credit card fraud c scam and forgery case study and writing an academic essay on current affair lecture case study on case study on a case study of scam on social medium understanding analytical thinking and writing discussion and selected current selected current b case study of privacy heat detec skill for session writing affair affair tion face recognition on human ac tivities during pandemic corona virus using cctv and it application mid semester test cyber crime continued a crime fighting versus privacy and exercise civil liberty chapter page steve sawyer and understanding and analytical thinking for session workshop and steve b law that rule the web michael tyworths presentation sawyer and c reading an article of steve sawyer article michael tyworths and michael tyworths article enti article tled social informatics principle theory and practice work a fear and question exercise understanding and analytical thinking for session b the impact on employment workshop and chapter chapter page presentation c the work environment d employee crime e employee monitoring evaluating and controlling technology lecture exercise understanding analytical thinking and oral a the digital divide discussion and chapter chapter page presentation skill for session b evaluation of the impact of computer presentation technology evaluating and controlling technology con tinued exercise understanding and analytical thinking for session workshop and chapter chapter page presentation a the digital divide b making decision about technology error failure and risk lecture exercise understanding and analytical thinking for session a failure and error in computer sys discussion and chapter chapter page tems increasing reliability and safety presentation b dependence risk and progress f ppkr rencana pembelajaran semester page syllabus tif tifw professional ethic and responsibility exercise understanding analytical thinking and oral workshop and a what is professional ethic chapter chapter page presentation skill for session presentation b ethical guideline for computer pro fessionals case study and writing an academic essay on current affair lecture case study on case study on understanding analytical thinking and writing a case study of local government discussion and selected current selected current skill for session surveillance monitoring system writing affair affair b case study of work ethic and em ployees performance appraisal system final semester test f ppkr,"information society information society information society definition characterstic era informasi dampak positif dampak negatif tantangan era informasi case study introduction to social informatics baasesara a gift of fire england pearson education student are able to explain the main background why it is important to study social informatics
introduction to social informatics social informatics a new persp article journal scopus introduction sociotechnical interaction network the vitality of electronic journal how social context matter intranet in action how work process matter a sociotechnical approach to ict infrastructure public access to information v the gift of fire sara baase the gift of fire student are able to explain the pro and con of technology usage
ethical point of view baase s the gift of fire student are able to explain some of the ethical point of view social informatics concept social network rosenbaum h fichman p social informatics past present and future cambridge scholar social informatics rob kling history of social informatics social network social network for business the future social network case study
privacy sara baase the gift of fire student are able to explain the main concept of privacy and it application informatika sosial social and computational issue in social informatics social inform rosenbaum h fichman p social informatics past present and future cambridge scholar social and computational issue in social informatics social informatics privacy social informatics and privacy issue in social issue in computational case study
privacy and freedom of speech baase s the gift of fire student are able to explain the main concept and it application of privacy and freedom of speech social and computational issue in social informatics freedom of rosenbaum h fichman p social informatics past present and future cambridge scholar social and computational issue in social informatics freedom of speech introduction challenge and opportunity of freedom of speech how to resolve a a government a a owner of platform a a user medium social account case study discussion
freedom of speech intellectual property right sara baase a gift of fire student are able to explain the consequence of the technology implementation in term of intellectual property such a copyright and patent student are able to present some of the example case of intellectual property such a copyright and patent social and computational issue in social informatics intellectual rosenbaum h fichman p social informatics past present and future cambridge scholar social and computational issue in social informatics intellectual property introduction challenge and opportunity of intellectual property fair usage policy in indonesia case study discussion
review on ethic privacy fo ip sara baase the gift of fire student are able to answer the question regarding to ethic privacy fo ip social and computational issue in social informatics freedom of s rosenbaum h fichman p social informatics past present and future cambridge scholar social and computational issue in social informatics freedom of speech and intellectual property introduction freedom of speech intellectual property case study
cyber space crime work a gift of fire fourth edition sara baase pearson student are able to explain the consequence of the technology implementation in term of ethical issue at work social and computational issue in social informatics cyber crime baase s a gift of fire fourth edition pearson social and computational issue in social informatics cyber crime introduction fraud fraud diamond theory financial crime case study
ruang siber sara baase the gift of fire mahasiswa peran etika berinteraksi tuang siber social informatics baase s a gift of fire fourth edition pearson social informatics and computational issue in social informatics work
social and computational issue in social informatics risk contex rosenbaum h fichman p social informatics past present and future cambridge scholar social and computational issue in social informatics risk context introduction mitigation risk in social and economy social discrimination case study discussion work ethic sara baase the gift of fire student can explain the main principle of work ethic
social and computational issue in social informatics failure con rosenbaum h fichman p social informatics past present and future cambridge scholar social and computational issue in social informatics failure context introduction mitigation failure root and implication case study discussion work ethic and evaluating technology sara baase the gift of fire student are able to conduct field research to gather data of how value ethic and work ethic are informatika sosial
social and computational issue in social informatics evaluating a rosenbaum h fichman p social informatics past present and future cambridge scholar social and computational issue in social informatics evaluating and controlling technology definition evaluating technology controlling technology case study discussion work ethic sara baase the guft of fire student are able to present the research finding
controlling the technology baase s the gift of fire student are able to explain the advantage and disadvantage of technology social and computational issue in social informatics error failu rosenbaum h fichman p social informatics past present and future cambridge scholar social and computational issue in social informatics error failure andn risk introduction error failure risk case study disscussion
professional ethic and responsibility sara baase the gift of fire student are able to explain the main concept of professional ethic and responsibility in computing social and computational issue in social informatics professional rosenbaum h fichman p social informatics past present and future cambridge scholar social and computational issue in social informatics professional ethic and responsibility introduction primary issue in professional ethic and responsibility computer security computer ethic for professional case study discussion interpersonal skill",0.5749191,Not Aligned
it project management,this section should show the targeted competency topic sub topic specific method of instruction delivery material reference and assessment indicator for each session session targeted competency topic sub topic form of instruction material assessment duration reference indicator sesi kemampuan materi pembelajaran bentuk sumber indikator penilaian pembelajaran pembelajaran understanding for session introduction to project management lecture hour chapter understanding for session the project management and chapter lecture hour information technology context understanding for session the project management process group lecture hour chapter understanding for session project integration management lecture hour chapter understanding for session project scope management lecture hour chapter understanding for session project time management lecture hour chapter understanding for session project cost management lecture hour chapter homework mid semester examination understanding for session project quality management lecture hour chapter understanding for session project human resource management lecture hour chapter understanding for session project communication management lecture hour chapter understanding for session project risk management lecture hour chapter understanding for session project procurement management lecture hour chapter understanding for session project stakeholder management lecture hour chapter project presentation presentation project report homework final examination f ppkr,"konsep manajemen proyek teknologi informasi ti manajemen proyek teknologi informasi ti dr ir ridwan daud mahande spd mpd ipm membaca materi bab konsep manajemen proyek teknologi informasi ti mahasiswa diharapkan memahami konsep manajemen proyek ti mengidentifikasi aspek aspek manajemen proyek ti pendekatan atribut manajemen proyek ti project integration management schwalbe k information technology project management th edition cengage usa describe an overall framework for project integration management a it relates to the other project management knowledge area and the project life cycle discus the strategic planning process and apply different project selection method explain the importance of creating a project charter to formally initiate project describe project management plan development understand the content of these plan and
introduction to project management schwalbe k information technology project management th edition cengage usa understand the growing need for better project management especially for information technology it project explain what a project is provide example of it project list various attribute of project and describe the triple constraint of project management describe project management and discus key element of the project management framework including project stakeholder the project management knowledge area common tool and technique and project success it project management the project management and information technology context information technology management project schwalbe th edition after reading this chapter you will be able to define the system view of project management and how it applies to information technology it project summarize organization including the four frame organizational structure and organizational culture explain why stakeholder management and top management commitment are critical for a project success distinguish between project and product life cycle discus the unique attribute and diverse nature of it project summarize recent trend affecting it project management including globalization outsourcing virtual team and agile project management
the project management and information technology context schwalbe k information technology project management th edition cengage usa chapter describe the system view of project management and how it applies to information technology it project understand organization including the four frame organizational structure and organizational the project management process group information technology management project schwalbe th edition l e a r n i n g o b j e c t i v e s after reading this chapter you will be able to describe the five project management process group the typical level of activity for each and the interaction among them relate the project management process group to the project management knowledge area discus how organization develop information technology it project management methodology to meet their need review a case study of an organization applying the project management process group to manage an it project describe output of each process group and understand the contribution that effective initiating planning executing monitoring and controlling and closing make to project success review a case study of the same project managed with an agile focus and compare the key difference between an agile approach and a predictive approach describe several template for creating document for each process group
project integration management information technology management project schwalbe th edition describe an overall framework for project integration management a it relates to the other project management knowledge area and the project life cycle discus the strategic planning process and apply different project selection method explain the importance of creating a project charter to formally initiate project describe project management plan development understand the content of these plan and describe approach for creating them the project management process group a case study schwalbe k information technology project management th edition cengage usa describe the five project management process group the typical level of activity for each and the interaction among them understand how the project management process group relate to the project management knowledge area discus how organization develop information technology it project management methodology to meet their need review a case study of an organization applying the project management process group to
project scope management information technology management project schwalbe th edition list key reason why good project scope management is important describe the process of planning scope management discus method for collecting and documenting requirement to meet stakeholder need and expectation explain the scope definition process and describe the content of a project scope statement discus the process for creating a work breakdown structure using the analogy topdown bottomup and mindmapping approach explain the importance of validating scope and how it relates to defining and controlling scope given an information technology it project situation show how recommended approach for controlling scope can improve the potential for project success it project management project time management schwalbe k information technology project management th edition cengage usa understand the importance of project schedule and good project time management discus the process of planning schedule management define activity a the basis for developing project schedule describe how project manager use network diagram and dependency to assist in activity sequencing
project schedule management information technology management project schwalbe th edition discus the process of planning schedule management define activity a the basis for developing project schedule describe how project manager use network diagram and dependency to assist in activity sequencing explain how various tool and technique help project manager perform activity duration estimate use a gantt chart for planning and tracking schedule information find the critical path for a project and describe how critical chain scheduling and the program evaluation and review technique pert affect schedule development compare how schedule management is addressed using agile v more predictive project approach discus how reality check and discipline are involved in controlling and managing change to the project schedule project scope management schwalber kathy information technology project management understand the importance of good project scope management describe the process of planning scope management discus method for collecting and documenting requirement to meet stakeholder need and expectation explain the scope definition process and describe the content of a project scope statement explain the importance of validating scope and how it relates to defining and controlling scope understand the importance of controlling scope and approach for preventing scoperelated problem on information technology it project describe how software can assist in project scope management
project cost management information technology management project schwalbe th edition develop a justification for project cost management and it importance in achieving project success explain basic project cost management principle concept and term describe the process of planning cost management discus different type of cost estimate and method for preparing them using an example of an information technology it project list and describe the process of determining a budget and preparing a cost estimate justify the use of earned value management and project portfolio management to assist in cost control describe how project management software can assist in project cost management discus consideration for agileadaptive environment schwalbe kathy information technology project management understand the importance of project cost management explain basic project cost management principle concept and term describe the process of planning cost management discus different type of cost estimate and method for preparing them understand the process of determining a budget and preparing a cost estimate for an information technology it project understand the benefit of earned value management and project portfolio management to assist
presentation presentation presentation project quality management information technology management project schwalbe th edition develop a justification for project quality management and it importance in achieving project success for information technology it product and service define project quality management and understand how quality relates to various aspect of it project describe quality management planning and how quality and scope management are related discus the importance of managing quality and quality assurance explain the main output of the quality control process it project management
project quality management schwalbe kathy information technology project management understand the importance of project quality management for information technology it product and service define project quality management and understand how quality relates to various aspect of it project describe quality management planning and how quality and scope management are related discus the importance of quality assurance explain the main output of the quality control process understand the tool and technique for quality control such a the seven basic tool of quality statistical sampling six sigma and testing summarize the contribution of noteworthy quality expert to modern quality management project quality management information technology management project schwalbe th edition people are the most important asset in organization and on project therefore it is essential for project manager to be good human resource manager they must also make effective use of physical resource the major process of project resource management include planning resource
project communication management information technology management project schwalbe th edition discus the role of soft skill in it project management and highlight the importance of good communication a one mean of achieving project success review key concept related to communication explain the element of planning project communication and how to create a communication management plan describe how to manage communication including communication technology medium and performance reporting discus method for controlling communication to ensure that information need are met throughout the life of the project project human resource management schwalbe kathy information technology project management explain the importance of good human resource management on project including the current state of the global it workforce and future implication for it define project human resource management and understand it process summarize key concept for managing people by understanding theory of motivation
project communication management schwalbe kathy information technology project management understand the importance of good communication on project and the need to develop soft skill especially for it project manager and their team review key concept related to communication explain the element of planning project communication and how to create a communication management plan describe how to manage communication including communication technology medium and performance reporting project risk management information technology management project schwalbe th edition discus the element of planning risk management and the content of a risk management plan list common source of risk on information technology it project describe the process of identifying risk and create a risk register and risk report discus qualitative risk analysis and explain how to calculate risk factor create probabilityimpact matrix and apply the top ten risk item tracking technique to rank risk
project procurement management information technology management project schwalbe th edition describe the work involved in planning procurement for project including determining the proper type of contract to use and preparing a procurement management plan statement of work source selection criterion and makeorbuy analysis discus how to conduct procurement and strategy for obtaining seller response selecting seller and awarding contract describe the process of controlling procurement by managing procurement relationship and monitoring contract performance discus type of software that are available to assist in project procurement management schwalbe kathy information technology project management understand the importance of project procurement management and the increasing use of outsourcing for information technology it project describe the work involved in planning procurement for project including determining the proper type of contract to use and preparing a procurement management plan statement of work source selection criterion and make or buy analysis discus how to conduct procurement and strategy for obtaining seller response selecting it project management
project risk management schwalbe kathy information technology project management understand risk and the importance of good project risk management discus the element of planning risk management and the content of a risk management plan list common source of risk on information technology it project describe the process of identifying risk and create a risk register discus qualitative risk analysis and explain how to calculate risk factor create probabilityimpact matrix and apply the top ten risk item tracking technique to rank risk explain quantitative risk analysis and how to apply decision tree simulation and sensitivity analysis to quantify risk provide example of using different risk response planning strategy to address both negative and positive risk discus how to control risk review and study case of project management james cadle and donald yeates project management for information system th ed student are able to explain the main objective of project management and explain some of the related example regarding to it project management
presentasi proyek mata kuliah manajemen proyek it kathy schwalbe information technology project management ed mahasiswa mempresentasikan hasil proyek it project stakeholder management schwalbe kathy information technology project management understand the importance of project stakeholder management throughout the life of a project discus the process of identifying stakeholder how to create a stakeholder register and how to perform a stakeholder analysis describe the content of a stakeholder management plan understand the process of managing stakeholder engagement and how to use an issue log effectively kalkulus ii",0.57862294,Not Aligned
pengantar intelejensi artifisial,this section should show the targeted competency topic sub topic specific method of instruction delivery material reference and assessment indicator for each session session targeted competency topic sub topic method reference assignment introduction to artificial intelligence a what is ai b the foundation of artificial intelli understanding analytical thinking and lecture and chapter pp gence exercise pp programming skill for session discussion c the history of artificial intelligence d the state of the art e risk and benefit of ai representation and reasoning system and presenting an agent understanding analytical thinking and lecture and chapter pp exercise pp a agent and environment programming skill for session discussion b good behavior the concept of ra tionality further representational dimension of agent system understanding analytical thinking and lecture and chapter pp exercise pp programming skill for session discussion a the nature of environment b the structure of agent group presentation of ai application a each group must present at least one understanding analytical thinking and presentation and chapter and case that show current affair of ai programming skill for session discussion pp and it application b discussion question and answer problem solving uninformed search understanding analytical thinking and a problem solving agent lecture and chapter pp exercise pp programming skill for session discussion b uninformed search strategy c various search algorithm problem solving informed search understanding analytical thinking and a informed heuristic search strategy lecture and chapter pp exercise pp programming skill for session discussion b heuristic function c various search algorithm review and quiz understanding analytical thinking and chapter and quiz a review programming skill for session pp b quiz f ppkr rencana pembelajaran semester page syllabus tif mid semester test planning introduction to planning a definition of classical planning b algorithm for classical planning chapter and understanding analytical thinking and lecture and exercise pp c heuristic and hierarchical for plan pp and programming skill for session discussion and ning d syntax and semantics of first order logic e using first order logic knowledge and reasoning a ontological engineering understanding analytical thinking and b category and object lecture and chapter pp exercise pp programming skill for session discussion c event d mental object and modal logic e reasoning system for category knowledge and reasoning a propositional v first order inference understanding analytical thinking and lecture and chapter pp exercise pp b unification and first order inference programming skill for session discussion c forward chaining d backward chaining learning supervised learning method a supervised learning understanding analytical thinking and b learning decision tree lecture and chapter pp exercise pp programming skill for session discussion c model selection and optimization d the theory of learning e linear regression and classification learning unsupervised learning method a unsupervised semi supervised and understanding analytical thinking and transfer learning lecture and chapter and exercise pp programming skill for session discussion pp b learning from reward c passive reinforcement learning d active reinforcement learning mini project presentation and discussion part understanding analytical thinking and presentation and chapter programming skill for session discussion and a presentation b discussion mini project presentation and discussion part understanding analytical thinking and presentation and chapter programming skill for session discussion and a presentation b discussion final semester test f ppkr,"introduction to artificial intelligence norvig artificial intelligence modern approach student are able to explain the main concept of artificial intelligence introduction to artificial intelligence a introductionbuilding learning commitment b course structure and policy c what is ai d the foundation of artificial intelli gence e the history of artificial intelligence f the state of the art g risk and benefit of ai stuart russell and peter norvig artificial intelligence a modern approach fourth edition prentice hall pengenalan mata kuliah pengantar ai
representation and reasoning system and presenting an agent a agent and environment b good behavior the concept of ra tionality stuart russell and peter norvig artificial intelligence a modern approach fourth edition prentice hall mempelajari intelligent agent latihan mandiri representing intelligence agent stuart russell and peter norvig artificial intelligence a modern approach third edition prentice hall student are able to explain some of the model for representing intelligence agent
knowledge and reasoning stuart russell and peter norvig artificial intelligence a modern approach fourth edition prentice hall chapter a ontological engineering b category and object c event d mental object and modal logic e reasoning system for category search algorithm artificial intelligence a modern approach s russell and p norvig prentice hall edition student are able to explain the main concept of search algorithm informed search
searching uninformed search algorithm norvig et al introduction to artificial intelligence student are able to explain the main concept of uninformed search applied in agent for solving problem pengantar intelejensi artifisial solving problem by searching a importance of search for ai b uninformed and informed search stuart russell and peter norvig artificial intelligence a modern approach fourth edition prentice hall a importance of search for ai b uninformed and informed search
informed search norvig introduction to artificial intelligence student are able to explain the main algorithm behind is introduction to machine learning stuart russell and peter norvig artificial intelligence a modern approach fourth edition prentice hall chapter introduction to machine learning pengenalan machine learning tipe machine learning machine learning task data preparation eda
content satisfaction problem norvug introduction to artificial intelligence student are able to explain the main concept of csp and it application or algorithm introduction to machine learning stuart russell and peter norvig artificial intelligence a modern approach fourth edition prentice hall sebastian raschka yuxi liu vahid mirjalili dmytro dzhulgakov machine learning with pytorch and scikitlearn develop machine learning and deep learning model with python packt publishing hand on tutorial eda data preprocess
constrain satisfaction problem csp norvig introduction to artificial intelligence student are able to sokve conplex problem using csp introduction to machine learning stuart russell and peter norvig artificial intelligence a modern approach fourth edition prentice hall sebastian raschka yuxi liu vahid mirjalili dmytro dzhulgakov machine learning with pytorch and scikitlearn develop machine learning and deep learning model with python packt publishing pemodelan supervised learning regresi klasifikasi hand on penugasan
knowledge based agent peter norvig introduction to artificial intelligence student are able to explain the main concept of kb machine learning unsupervised stuart russell and peter norvig artificial intelligence a modern approach fourth edition prentice hall sebastian raschka yuxi liu vahid mirjalili dmytro dzhulgakov machine learning with pytorch and scikitlearn develop machine learning and deep learning model with python packt publishing clustering kmeans and hierachical clustering handson kmeans
kelas pengganti planning stuart russell and peter norvig artificial intelligence a modern approach third edition prentice hall student are able to explain the main concept of planning
knowledge based agent norvig introduction to artificial intelligence student are able to explain the main concept of knowledge based agent machine learning for unstructured data text stuart russell and peter norvig artificial intelligence a modern approach fourth edition prentice hall indonlu benchmark and resource for evaluating indonesian natural language understanding wilie et al aacl indonlg benchmark and resource for evaluating indonesian natural language generation cahyawijaya et al emnlp natural language understanding and natural language generation
learning norvig introduction to artificial intelligence student are able to explain the main concept of learning agent machine learning on text and image nlp and computer vision indonlu benchmark and resource for evaluating indonesian natural language understanding wilie et al aacl cahyawijaya s winata g i wilie b vincentio k li x kuncoro a fung p indonlg benchmark and resource for evaluating indonesian natural language generation arxiv preprint arxiv stuart russell and peter norvig artificial intelligence a modern approach fourth edition prentice hall chapter student presentation on nlp basic image processing using machine learning
computer vision stuart russell and peter norvig artificial intelligence a modern approach fourth edition prentice hall tensforflow image classification image classification using classical machine learning iamge classification using cnn learning algorithm norvig introduction to artificial intelligence student are able to explain the main function of learning algorithm in supervised and unsupervised method
machine learning for image computer vision stuart russell and peter norvig artificial intelligence a modern approach fourth edition prentice hall solem j e programming computer vision with python beijing cambridge sebastopol etc oreilly isbn presentasi image classification penjelasan proyek review on artificial intelligence and additional study item for practice norvig artificial intelligence student are able to create an intelligent agent using python
kelas pengganti libur natal project discussion and presentation stuart russell and peter norvig artificial intelligence a modern approach third edition prentice hall student are able to explain the main concept used in the final project by combining two capability of intelligence agent mini project presentation and discussion stuart russell and peter norvig artificial intelligence a modern approach fourth edition prentice hall mini project presentation and discussion a presentation b discussion pengantar teknologi informasi",0.58649695,Not Aligned
leadership and management for it engineer,this section should show the targeted competency topic sub topic specific method of instruction delivery material reference and assessment indicator for each session session targeted competency topic sub topic form of instruction material assessment indicator duration reference sesi kemampuan materi pembelajaran indikator penilaian bentuk sumber pembelajaran pembelajaran the student should topic ch challenge the student with study understand the aim of the overview and introduction to lecture minute case and question course what are expected basic management from the student in specific sub topic self study and finishing the course the evolution of assignment minute successfully and to have a management clear understanding about management time discussion and basic management and it line from classic to conclution minute role in real world modern approach the importance of management in the professional and business world function principle of management theory x and y hierarchy of need the student should topic lecture minute ch discussing short article and give understand the meaning of overview and introduction to self study and short assignment leadership reason to leadership principle assignment minute practicing leadership and specific sub topic able to describe all about f ppkr syllabus rencana pembelajaran semester sif pg session targeted competency topic sub topic form of instruction material assessment indicator duration reference sesi kemampuan materi pembelajaran indikator penilaian bentuk sumber pembelajaran pembelajaran leadership and management approach to the discussion and a well a the difference modern study of conclution minute between both of it leadership the evolution of leadership theory from classical to modern approach the student should topic lecture minute ch ch study case and short quiz ch understand the concept of becoming a manager leader integrated leading and in and an organization self study and assignment managing process in the manager v leader minute organization to achieve the integrated leading maximum result and managing process discussion and conclution what skill required to minute do it level of management and it role f ppkr syllabus rencana pembelajaran semester sif pg session targeted competency topic sub topic form of instruction material assessment indicator duration reference sesi kemampuan materi pembelajaran indikator penilaian bentuk sumber pembelajaran pembelajaran the student should topic lecture minute challenge the student with the understand the concept of positive leadership an self study and assignment concept idea and assignment positive leadership and the introduction minute ch impact of it specific sub topic discussion and conclution ch introducing the po minute approach in leadership understanding positive deviance at work why practicing positive leadership elaborating po assumption the student should be able topic lecture minute ch challenge the student with the to purpose centered purpose centered propelling self study and assignment concept idea and group response influencing others for extraordinary result minute understanding the specific sub topic discussion and conclution purpose centered and how minute propelling for extraordinary purpose centered result and able to apply this influencing others in several case think pair share challenging goal understanding the purpose centered drag and lift analogy video jessica watson video f ppkr syllabus rencana pembelajaran semester sif pg session targeted competency topic sub topic form of instruction material assessment indicator duration reference sesi kemampuan materi pembelajaran indikator penilaian bentuk sumber pembelajaran pembelajaran exercise smart goal the student should be able topic lecture minute ch challenge the student with the to describe the role of understanding the role of self study and assignment concept idea and group response emotion in leadership how emotion in leadership minute mood impact result in specific sub topic discussion and conclution leadership area and able to primal leadership minute apply this in several case how mood impact result emotional hijacking good mood good work resonant leadership the variety of dissonance leadership and the brain design review of targeted lecture minute special challenge the student with the review topic from hand out competency from session concept and idea session until until session group presentation group presentation minute mid semester examination the student should be able topic ch challenge the student with the lecture minute to describe the power of the power of emotional concept idea and group response self study and assignment emotional intelligent a a intelligent minute good leader in leadership specific sub topic f ppkr syllabus rencana pembelajaran semester sif pg session targeted competency topic sub topic form of instruction material assessment indicator duration reference sesi kemampuan materi pembelajaran indikator penilaian bentuk sumber pembelajaran pembelajaran and able to apply this in self awareness discussion and conclution several case self management minute social awareness relationship management the student should be able topic ch challenge the student with the lecture minute to describe the leadership leadership style concept idea and group response self study and assignment style a leader character and specific sub topic minute able to apply this in several visionary discussion and conclution case coaching minute affiliation democrating pacesetting command the student should be able topic ch challenge the student with the lecture minute to describe the fostering fostering relationship ch concept idea and group response self study and assignment relationship with other and specific sub topic minute able to apply this in develop and manage discussion and conclution leadership positive energy at work minute reinforcing strength of other type of energy energy and motivation bubble chart the student should be able topic ch challenge the student with the lecture minute to describe the advantage positive communication ch ch concept idea and group response self study and assignment of positive communication specific sub topic minute f ppkr syllabus rencana pembelajaran semester sif pg session targeted competency topic sub topic form of instruction material assessment indicator duration reference sesi kemampuan materi pembelajaran indikator penilaian bentuk sumber pembelajaran pembelajaran and able to apply this in the problem with the discussion and conclution several case negative message minute attribute of supportive communication congruent descriptive problem oriented and validates activity earn the right to reply the student should be able topic lecture minute challenge the student with the to describe how to create creating and leading high self study and assignment concept idea and group response ch and lead high performance performance team minute team with many advantage specific sub topic discussion and conclution and able to apply this in build high performance minute leadership and management team the advantage of team effective team membership behavioral guideline exercise team diagnosis and development the student should be able topic lecture minute ch challenge the student with the to describe culture of creating a culture of self study and assignment concept idea and group response abundance and how to abundance minute create it and able to apply specific sub topic discussion and conclution minute f ppkr syllabus rencana pembelajaran semester sif pg session targeted competency topic sub topic form of instruction material assessment indicator duration reference sesi kemampuan materi pembelajaran indikator penilaian bentuk sumber pembelajaran pembelajaran this in leadership and creating the readiness management for culture change overcoming resistance articulating a vision of abundance generating commitment fostering sustainability challenge the student with the review of targeted review topic from session special lecture minute concept and idea competency from session hand out until group presentation until session group presentation minute final examination f ppkr,"overview and introduction to basic management specific subtopics the evolution of management management time line from classic to modern approach the importance of management in the professional and business world function principle of management theory x and y hierarchy of need robbins p stephen coulter mary management prentice hall northouse peter g leadership theory and practice sage publication bertocciidavid leadership in organization university press of america the student should understand the aim of the course what are expected from the student in finishing the course succesfullyand to have a celar understanding about basic management and it role in the real world
decision making management fourteenth edition stephen r robbins mary clouter the student should understand how the decision making process function og manager manager skill and the role of manager
global management management fourteenth edition stephen probbins mary coulter penjelasan bagimana mengelola pengaruh globalisasi perdagangan internasional kerjasama internasional kawasan kawasan
valuing a diverse workforce management fourteenth edition sthepen p robbins mary coulter peserta kuliah diharapkan memahami nilainilai beragam dunia kerja
sociallyconscious management management fourteenth edition stephen probbins mary coulter peserta diharapkan memahami kondisi sosial masyarakat kesadaran sosial beretika mermoral diterapkan panutan
managing change manageent fourteenth edition stephen probbins mary coulter pesertamahasiswa diharapkan memahami bagimana mengelola perubahan prose perubahan resistansi perubahan
constraint on manager management fourteenth edition penjelasan constraint on manager organisasi dunia kerja
planning and goalssetting management fourteenth edition topic in peserta memahami mencapai tujuan
strategic management management fourteenth edition strategic planning diterapkan organisasi mencapau tujuan
fostering entrepreneurship management fourteenth edition baimana mempelalajari menjaga entrepreneurship
organization design management fourteenth edition desain organsaisi dipengaruhi factor
organization aroung team management fourteenth edition pengelolaan timtim organisasi
humana resource management management fourteenth edition penjelasan peran fungsi human resource management
interpersonal and organizational communication management fourteenth edition penjelasan pengertian komunikasi komunikasi formal komunikasi informal komunikasi interpersonal ordanizational metodologi penelitian penulisan ilmiah",0.5865141,Not Aligned
pemrograman berorientasi objek,this section should show the targeted competency topic sub topic specific method of instruction delivery material reference and assessment indicator for each session session targeted competency topic sub topic method reference assignment a computer system hardware and software introduction syllabus and sap topic introduction introduction tchapter b programming language to computer and java lecture discussion p c the programming process d object oriented programming a the part of a java program b variable and literal c primitive data type lecture d arithmetic operator tchapter java fundamental discussion exercise e combined assignment operator p exercise f conversion between primitive data type g the string class a class b instance field and method c constructor lecture tchapter a first look at class and object d class variable and scope discussion exercise p e package and import statement exercise f finding the class and their responsi bilities a the if else if statement b nested if statement lecture c logical operator tchapter decision structure discussion exercise d the conditional operator p assignment e the switch statement f the random class a the increment and decrement opera tor b the while do while and for lecture tchapter loop loop and file discussion exercise p c nested loop break and continue exercise statement d introducing to file input and output a static class member b overloaded method and construc tor lecture c passing and returning object a argu tchapter a second look at class and object discussion exercise ments to method p assignment d aggregation inner class enumer ated type and garbage collection e class collaboration f ppkr rencana pembelajaran semester page syllabus ftktif a introduction to array b processing array content c passing and returning array a argu ment to method d array of object lecture tchapter array and the arraylist class exercise e search and sort algorithm discussion review p f two three and more dimensional ar ray g the arraylist class h review material for mid exam mid semester test a introduction to wrapper class b character testing and conversion lecture c the stringbuilder class tchapter text processing and wrapper class discussion exercise d tokenizing string p exercise e wrapper class for the numeric data type a inheritance concept b supeclass constructor overriding method c protected member lecture tchapter inheritance discussion exercise d class that inherit from subclass p exercise e the object class f polymorphism g abstract class and method a handling exception b throwing exception lecture tchapter c binary file exception and advanced file io discussion exercise p d random access file assigment e object serialization a introduction b dialog box c creating window lecture tchapter gui application part d equipping gui class discussion exercise p e layout manager ecercise f radio button checkboxes border splash screen a read only text field b list c combo box lecture d displaying image tchapter gui application part discussion exercise e mnemonic and tool tip p assigment f file and color chooser g menu text area slider look and feel lecture a solving problem with recursion tchapter recursion discussion exercise b a recursive binary search method p assignment f ppkr rencana pembelajaran semester page syllabus ftktif a introduction to dbms and jdbc lecture tchapter b sql update creating and delete table database exercise discussion review p c review material for final exam final semester test f ppkr,"introduction gaddi introduction oop concept inheritance polymorphism encapsulation abstraction week pengenalan pemrograman berorientasi objek pendahuluan definisi pbo pbo v prosedural keunggulan pbo pilar utama pbo pemrograman berorientasi objek
java fundamental deitel java fundamental primitive and class data type rank of data type static method week class object iskandar ade rahmat menguasai pemrograman berorientasi objek jakarta informatika class object contoh class object attribute method implementasi class object berdasarkan contoh latihan
java class and object deitel java class and object field and method passing argument package and import week java scanner munir rinaldi pengantar pemrograman bahasa java informatika stei itb cse lecture note interactive program with scanner university of washington resume materi kelas objek pendahuluan java scanner implementasi scanner java input token latihan
desicion structure deitel desicion structure if thenelse elseif switch ternary statement week variable method munir rinaldi pengantar pemrograman bahasa java informatika stei itb cse lecture note interactive program with scanner university of washington httpwwwwresourcecomjavatutorialjavaclassmethodsinstancevariablesphp httpjavajeecomvariablesanddatatypesinjava brucker james variable other source from google resume scanner variable jenis variabel penamaan variabel java method deklarasi method penulisan method pemanggilan method jenis method latihan
loop and file deitel loop and file readwrite file for loop while loop dowhile loop week access modifier munir rinaldi pengantar pemrograman bahasa java informatika stei itb cse lecture note interactive program with scanner university of washington httpwwwwresourcecomjavatutorialjavaclassmethodsinstancevariablesphp httpjavajeecomvariablesanddatatypesinjava brucker james variable other source from google resume variable method definisi access modifier jenis access modifier access modifier privelege contoh latihan
second look class deitel second look class pemrograman berorientasi objek week constructor munir rinaldi pengantar pemrograman bahasa java informatika stei itb cse lecture note interactive program with scanner university of washington httpwwwwresourcecomjavatutorialjavaclassmethodsinstancevariablesphp httpjavajeecomvariablesanddatatypesinjava brucker james variable jadoon rab introduction to java constructor comsat university islamabad pakistan other source from google review access modifier pengantar constructor contoh constructor java jenis constructor implementasi default constructor implementasi nonarg constructor implementasi parameterized constructor
array and arraylist deitel array and arraylist week review ut review kelas objek review method variabel review access modifier review constructor
text processing gaddi text processing and wrapper class week encapsulation iskandar ade rahmat menguasai pemrograman berorientasi objek jakarta informatika head first object oriented design and analysis st edition brett d mclaughlin gary pollice david west oreilly medium javatm how to program th prentice hall head first java nd edition bert bates and kathy sierra oreilly pengantar encapsulation penerapan encapsulation set method get method latihan tugas
inheritance deitel inheritance base class child class overriding method week inheritance munir rinaldi pengantar pemrograman bahasa java informatika stei itb cse lecture note interactive program with scanner university of washington httpwwwwresourcecomjavatutorialjavaclassmethodsinstancevariablesphp httpjavajeecominheritance in java brucker james variable jadoon rab introduction to java constructor comsat university islamabad pakistan other source from google pemrograman berorientasi objek modul praktikum pengantar inheritance tipe inheritance single inheritance multilevel inheritance hierarchical inheritance latihan penugasan
guest lecture guest lecture guest lecture week polymorphism iskandar ade rahmat menguasai pemrograman berorientasi objek jakarta informatika head first object oriented design and analysis st edition brett d mclaughlin gary pollice david west oreilly medium javatm how to program th prentice hall head first java nd edition bert bates and kathy sierra oreilly pengantar polymorphism method overloading method overriding keyword super latihan java
exception handling gaddi exception handling filenotfound arrayindexoutofbound week interface jadoon rab introduction to java constructor comsat university islamabad pakistan other source from google pemrograman berorientasi objek modul praktikum pengantar interface perbedaan utama interface class ciriciri interface deklarasi interface implementasi interface latihan tugas pemrograman berorientasi objek
gui tonny gaddi gui dialog box layout manager flow border and grid layout jframe and jpanel week abstract class pemrograman berorientasi objek modul praktikum ums pengantar abstract class struktur dasar abstract class object abstract class method abstract latihan tugas
gui gaddi gui week presentasi project uas kelompok presentasi live demo aplikasi karya
quiz gaddi quiz week revisi project revisi project uas pemrograman visual",0.58792543,Not Aligned
computer vision,this section should show topic sub topic specific method of instruction delivery and material reference session topic sub topic method of delivery material reference topic what is computer vision sub topic computer vision introduction to the lecture discussion algorithm and computer vision question and answer application chapter application of computer vision brief history computer vision topic image formation lecture discussion algorithm and sub topic question and answer application chapter geometric primitive and assignment transformation pk pea r syllabus computer vision session topic sub topic method of delivery material reference photometric image formation the digital camera topic image processing sub topic a point operator computer vision b linear filtering lecture discussion image processing c fourier transforms question and answer chapter d pyramid and wavelet assignment e geometric transformation f global optimization topic feature detection and computer vision matching lecture discussion feature detection and sub topic question and answer a point and patch matching chapter assignment b edge c line topic segmentation sub topic computer vision lecture discussion a active contour question and answer segmentation chapter b split and merge assignment c mean shift and mode finding topic feature based alignment lecture discussion computer vision sub topic question and answer feature based a d and d feature based assignment alignment chapter alignment b pose estimation c geometric intrinsic calibration topic structure from motion lecture discussion computer vision specific sub topic question and answer structure from motion triangulation assignment chapter two frame structure from motion factorization constrained structure and motion mid semester examination topic dense motion estimation lecture discussion computer vision specific sub topic question and answer dense motion translational alignment assignment estimation chapter parametric motion spline based motion topic image stitching lecture discussion computer vision specific sub topic question and answer image stitching chapter motion model assignment global alignment compositing lecture discussion computer vision topic computational photography specific sub topic question and answer computational photometric calibration assignment photography chapter pk pea r syllabus computer vision session topic sub topic method of delivery material reference high dynamic range imaging super resolution blur removal image matting compositing texture analysis synthesis topic stereo correspondence lecture discussion computer vision stereo specific sub topic question and answer correspondence chapter epipolar geometry assignment sparse correspondence dense correspondence local method global optimization multiview stereo topic d reconstruction lecture discussion computer vision d specific sub topic question and answer reconstruction chapter shape from x assignment active rangefinding surface representation point based representation model based reconstruction recovering texture map albedo computer vision topic image based rendering lecture discussion specific sub topic question and answer image based view interpolation assignment rendering chapter layer depth image light field lumigraph environment matte video based rendering computer vision topic recognition lecture discussion specific sub topic question and answer recognition chapter object detection assignment face recognition instance recognition category recognition context scene understanding final examination pk pea r,"introduction szeliszki introduction
light and color computer vision by selizscki light color model example
colour perception slide color trichromatism hvs
image filtering slide textbook convolution correlation characteristic of convolution type of filter median mean sobel gaussian etc
contrast stretching notebook contrast stretching
frequency descriptor slide note frequency descriptor sift
local descriptor slide mop sift
review exam textbook slide note report writing latex template usage
morphological processing slide note textbook erosion dilation opening closing
discussion on morphological image processing for cv slide discussion on morphological image processing for cv
morphological processing usage web literature searching for morphological processing usage in computer vision
contour note slide textbook contour detection using contour for segmentation
watershed segmentation notebook video watershed segmentation kmeans clustering
object detection slide note traditional object detection object detection with dl ebusiness pemrograman berbasis web",0.59787494,Not Aligned
english for academic purposes 1,this section should show the targeted competency topic sub topic specific method of instruction delivery material reference and assessment indicator for each session session targeted competency topic sub topic form of instruction material reference assessment cpl duration indicator sesi kemampuan materi sumber pembelajaran bentuk durasi pembelajaran indikator pembelajaran penilaian able to understand chapter p the skill to be p achieved through this paragraph structure course personality able to talking about talking about discussion in group personality personality individual work able to write paragraph paragrafraphs in vocabulary check english able to check vocabulary able to do skimming skimming and chapter p scanning ku and scanning related to discussion in pair social problem kk current issue individual work school problem role play improving your case study reading skill vocabulary check able to make paragraph chapter p development paragraph with the p discussion in group the best of correct arrangement individual work ku everything island session targeted competency topic sub topic form of instruction material reference assessment cpl duration indicator sesi kemampuan materi sumber pembelajaran bentuk durasi pembelajaran indikator pembelajaran penilaian paragraph development vocabulary check able to make writing writing an discussion in pair chapter p argument individual work argument in english p gender role ku agree or disagree writing an argument vocabulary check able to quote an article quotation chapter p discussion in group success individual work p computer ku quotation vocabulary check able to identify documenting discussion in group chapter p source individual work document source p travelling ku label the map documenting source vocabulary check presentation s p ku mid semester examination s p session targeted competency topic sub topic form of instruction material reference assessment cpl duration indicator sesi kemampuan materi sumber pembelajaran bentuk durasi pembelajaran indikator pembelajaran penilaian ku kk able to paraphrase an paraphrase discussion in pair chapter p challenge and individual work article p accomplishment ku music paraphrasing vocabulary check able to understand summarizing discussion in group chapter p excuse and lie individual work summary properly kk model of tourism role play ku vocabulary check case study able toa make resume resume cv cover discussion in pair chapter p letter individual work cv and cover letter p employment issue role play kk interview letter resume cv cover letter vocabulary check able to understand the composition discussion in pair chapter p government individual work composition of writing p spending ku examiner candidate writing a composition vocabulary check able to understand business letter discussion in pair chapter p stress individual work session targeted competency topic sub topic form of instruction material reference assessment cpl duration indicator sesi kemampuan materi sumber pembelajaran bentuk durasi pembelajaran indikator pembelajaran penilaian business letter bali role play p business letter case study ku vocabulary check able to understand academic and discussion in group chapter p journalistic writing individual work academic p tv program journalistic writing ku sinclair electrical service journalism vocabulary check presentation s p ku final examination s p ku kk form rancangan tugas mahasiswa rtm f ehb universitas bakrie no form f ehb fakultas ftik tgl form feb program studi information system revform periode,"paragraph structure ebook eap kind of sentencessimplecompoundcomplexcompound complex
social problemsskimming and scanning ebook eap improving reading skill by using skimming and scanning
paragraph developmnet english for academic purpose the student and the lecturer discus and do some exercise using zoom mode
writing an argument ebook eap outlining structuring an essay and developing thesis statement
quotation ebook eap direct and indirect quotation
documenting source ebook eap in text citation and work cited by using mla style
presentation handout group presentation bahasa inggris
paraphrase ebook eap how to paraphrase and combine some technique
cvresume cover letter and business letter english for academic purpose module zoom platform
resume cv cover letter ebook eap mastering the style of cv and cover letter in term of business english
composition ebook eap different kind of text in english
business letter english for academic purpose zoom meeting
academic versus journalistic writing academic english modul zoom meeting
review english for academic purpose prepare for final test computer vision",0.59981024,Not Aligned
metodologi penelitian dan ilmiah,this section should show the targeted competency topic sub topic specific method of instruction delivery material reference and assessment indicator for each session session targeted competency topic sub topic form of instruction material reference assessment indicator duration sesi kemampuan materi pembelajaran sumber indikator penilaian bentuk pembelajaran pembelajaran introduction a research course slide b science material in class activity c scientific research reference d research definition e research problem research problem and hypothesis a source of research problem course slide b sub problem material in class activity c hyphothesis reference d definition e assumption research process and methodology a step in research process course slide b common methodology material in class activity c methodology comparison reference d research in computing science thesis statement a definition and purpose course slide b developing technique material in class activity c strength and weakness reference d example writing course slide a reasoning and process material in class activity b pre writing technique reference session targeted competency topic sub topic form of instruction material reference assessment indicator duration sesi kemampuan materi pembelajaran sumber indikator penilaian bentuk pembelajaran pembelajaran c bringing research into writing d proofreading literature review a definition and purpose course slide b process material in class activity c c guidance for writing review reference d structure research proposal a purpose course slide b benefit material in class activity c general structure reference d common mistake e referencing mid semester examination research validation a observation course slide b case study material in class activity c co relation reference d differentiation e experimentation research variable a independent v dependent variable course slide b controlling variable material in class activity c objectivity statistical analysis reference d descriptive statistic e inferential statistic research design a quantitative method course slide b qualitative method material in class activity c sampling reference d data collection e validation session targeted competency topic sub topic form of instruction material reference assessment indicator duration sesi kemampuan materi pembelajaran sumber indikator penilaian bentuk pembelajaran pembelajaran analysing and presenting data course slide a preparing data material in class activity b selecting format reference c describing data analysing and presenting data course slide a preparing data material in class activity b selecting format reference c describing data writing up and presenting research a objective b planning course slide c developing writing style material in class activity d presentation structure reference e presentation technique f plagiarism project presentation course slide a research proposal material in class activity b slide presentation reference c poster final examination form rancangan tugas mahasiswa rtm f ehb universitas bakrie no form f ehb fakultas ftik tgl form feb program studi information system revform periode metodologi penelitian penulisan ilmiah research,"kontrak kuliah konsep dasar penelitian larry b christensen r burke johnson lisa a turner research method design and analysis twelfth edition person education boardens and abbort research design and method a process approach mcgrawhill downey the literature review process presentation dahal writing a research proposal and tip for literature review paper santiago introduction to research in computing presentation hasibuan zainal metodologi penelitian bidang ilmu komputer teknologi informasi jakarta fakultas ilmu komputer universitas indonesia ebook aturan perkuliahan deskripsi mk kontrak kuliah pengantar penelitian definisi metodologi penelitian jenisjenis penelitian langkahlangkah penelitian
identifikasi hipotesis larry b christensen r burke johnson lisa a turner research method design and analysis twelfth edition person education boardens and abbort research design and method a process approach mcgrawhill downey the literature review process presentation dahal writing a research proposal and tip for literature review paper santiago introduction to research in computing presentation hasibuan zainal metodologi penelitian bidang ilmu komputer teknologi informasi jakarta fakultas ilmu komputer universitas indonesia ebook mengacu poin identifikasi perumusan langkahlangkah perumusan contoh rumusan hipotesis
literature review larry b christensen r burke johnson lisa a turner research method design and analysis twelfth edition person education boardens and abbort research design and method a process approach mcgrawhill downey the literature review process presentation dahal writing a research proposal and tip for literature review paper santiago introduction to research in computing presentation hasibuan zainal metodologi penelitian bidang ilmu komputer teknologi informasi jakarta fakultas ilmu komputer universitas indonesia ebook konsep dasar literatur studi definisi manfaat tujuan langkahlangkah sitasi contohnya
metodologi penelitian penulisan ilmiah
week tip and trick penulisan bab sahir syafira metodologi penelitian jogja kbm indonesia pertemuan diisi dosen tamu dosen universitas negeri makassar sharing session terkait penulisan bab pendahuluan proposal penelitian
week review bab httpswwwzoteroorg revies bab penulisan sitasi rms
week diskusi review perbaikan bab rms review draf bab persiapan ut
week research validation larry b christensen r burke johnson lisa a turner research method design and analysis twelfth edition person education boardens and abbort research design and method a process approach mcgrawhill downey the literature review process presentation dahal writing a research proposal and tip for literature review paper santiago introduction to research in computing presentation hasibuan zainal metodologi penelitian bidang ilmu komputer teknologi informasi jakarta fakultas ilmu komputer universitas indonesia ebook membahas mendalam research validation prose validitas reliabilitas keakuratan hasil penelitian topik utama diangkat mencakup pendekatan validasi
week variabel penelitian larry b christensen r burke johnson lisa a turner research method design and analysis twelfth edition person education boardens and abbort research design and method a process approach mcgrawhill downey the literature review process presentation dahal writing a research proposal and tip for literature review paper santiago introduction to research in computing presentation hasibuan zainal metodologi penelitian bidang ilmu komputer teknologi informasi jakarta fakultas ilmu komputer universitas indonesia ebook materi membahas konsep dasar variabel penelitian penerapan analisis statistik penelitian ilmiah bidang informatika topik mencakup jenis variabel bebas terikat kontrol variabel merancang eksperimen valid materi memperkenalkan teknik analisis statistik statistik deskriptif meringkas data statistik inferensial menguji hipotesis
week penulisan bab larry b christensen r burke johnson lisa a turner research method design and analysis twelfth edition person education boardens and abbort research design and method a process approach mcgrawhill downey the literature review process presentation dahal writing a research proposal and tip for literature review paper santiago introduction to research in computing presentation hasibuan zainal metodologi penelitian bidang ilmu komputer teknologi informasi jakarta fakultas ilmu komputer universitas indonesia ebook materi menyajikan komponenkomponen konten bab tinjauan pustaka penulisan skripsi memuat landasan teori penelitian kerangka pikir
week desain penelitian larry b christensen r burke johnson lisa a turner research method design and analysis twelfth edition person education boardens and abbort research design and method a process approach mcgrawhill downey the literature review process presentation dahal writing a research proposal and tip for literature review paper santiago introduction to research in computing presentation hasibuan zainal metodologi penelitian bidang ilmu komputer teknologi informasi jakarta fakultas ilmu komputer universitas indonesia ebook perkuliahan dibahas konsep research design mencakup metode penelitian kuantitatif kualitatif teknik sampling pengumpulan data validasi data penelitian kuantitatif berfokus data numerik menguji hubungan variabel penelitian kualitatif bertujuan memahami fenomena mendalam teknik sampling probability nonprobability representasi populasi prose pengumpulan data survei wawancara observasi dibahas memperoleh informasi relevan metode validasi data diuraikan menjamin keabsahan keandalan hasil penelitian materi merancang penelitian sistematis kredibel
week review hasil penulisan bab larry b christensen r burke johnson lisa a turner research method design and analysis twelfth edition person education boardens and abbort research design and method a process approach mcgrawhill downey the literature review process presentation dahal writing a research proposal and tip for literature review paper santiago introduction to research in computing presentation hasibuan zainal metodologi penelitian bidang ilmu komputer teknologi informasi jakarta fakultas ilmu komputer universitas indonesia ebook mengulas proposal penelitian utamanya penulisan bab
week konten bab larry b christensen r burke johnson lisa a turner research method design and analysis twelfth edition person education boardens and abbort research design and method a process approach mcgrawhill downey the literature review process presentation dahal writing a research proposal and tip for literature review paper santiago introduction to research in computing presentation hasibuan zainal metodologi penelitian bidang ilmu komputer teknologi informasi jakarta fakultas ilmu komputer universitas indonesia ebook mencakup sub bab bab jenis penelitian desain penelitian alat bahan tahapan penelitian metode pengumpulan data analisis data mereview penulisan daftar pustaka
kui pelaksanaan kui mobile computing",0.60262614,Aligned
sistem terdistribusi,session topic sub topic method reference assignment introduction a definition of a distributed system b goal of distributed system lecture discussion chapter c type of distributed system d chapter summary f ppkr syllabus tif rencana pembelajaran semester architecture a architectural style b system architecture ieee paper lecture discussion chapter c architecture versus middleware reconstruction d self management in distributed sys tems e chapter summary process a thread b virtualization chapter ieee paper c client lecture discussion chapter discussion d server e code migration f chapter summary communication a communication fundamental b remote procedure call chapter ieee paper lecture discussion c message oriented communication chapter reconstruction d stream oriented communication e multicast communication f chapter summary naming a name identifier and address b flat naming chapter ieee paper lecture discussion c structured naming chapter discussion d attribute based naming e cloud computing service f chapter summary synchronization a clock synchronization b logical clock c mutual exclusion chapter ieee paper lecture discussion d global positioning of node chapter reconstruction e election algorithm f network cloud infrastructure g service cloud infrastructure h chapter summary consistency and replication a introduction of consistency and repli cation b data centric consistency model chapter ieee paper lecture discussion c client centric consistency model chapter discussion d replica management e consistency protocol f cloud storage g chapter summary mid semester test fault tolerance a introduction to fault tolerance b process resilience c reliable client server communication chapter ieee paper lecture discussion d reliable group communication chapter reconstruction e distributed commit f recovery g cloud computing standard h chapter summary security a introduction to security chapter b secure channel ieee paper lecture discussion chapter discussion c access control d security management e chapter summary distributed object based system a architecture b process chapter ieee paper lecture discussion c communication chapter reconstruction d naming e synchronization f software a a service f ppkr syllabus tif rencana pembelajaran semester distributed object based system a consistency and replication b fault tolerance chapter ieee paper lecture discussion c security chapter discussion d software plus service e local cloud and thin client f chapter summary distributed file system a architecture b process c communication d naming ieee paper lecture discussion chapter reconstruction e synchronization f consistency and replication g fault tolerance h security i chapter summary distributed web based system a architecture b process c communication chapter ieee paper lecture discussion d naming chapter discussion e synchronization f consistency and replication g fault tolerance h chapter summary distributed coordination based system a introduction to coordination model b architecture c process d communication lecture discussion chapter quiz in class e naming f consistency and replication g fault tolerance h security i chapter summary final semester test f ppkr,"introduction to distributed system tannenbaum introduction to distributed system sistem terdistribusi introduction to distributed system tanenbaum andrew s maarten van steen distributed system principle and paradigm rd ed pearson education inc chapter coulouris dollimore kindberg distributed system concept and design th edition addison wesley chapter velte toby anthony velte robert elsenpeter cloud computing a practical approach mcgraw hill osborne medium chapter vitillo roberto understanding distributed system what every developer should know about large distributed application nd ed chapter definition of distributed system goal of distributed system type of distributed system example of distributed system trend in distributed system focus on resource sharing challenge in distributed system case study the world wide web anatomy of a distributed system cloud computing basic application intranet and the cloud first mover in the cloud the business case for going to the cloud cloud computing service how those application help your business deleting your datacenter chapter summary
architecture tanenbaum andrew s maarten van steen distributed system principle and paradigm rd ed pearson education inc coulouris dollimore kindberg distributed system concept and design th edition addison wesley velte toby anthony velte robert elsenpeter cloud computing a practical approach mcgraw hill osborne medium vitillo roberto understanding distributed system what every developer should know about large distributed application nd ed hunter ii thomas distributed system with nodejs building enterpriseready backend service
process tanenbaum andrew smaarten van steen distributed system principle and paradigm rd ed pearson education inc chapter coulouris dollimore kindberg distributed system concept and design th edition addison wesley chapter thread virtualization client server code migration process and thread chapter summary tannenbaum process
communication tannenbaum communication basic osi model transient v persistent asynchronous v synchronous sistem terdistribusi communication inter process and indirect communication tanenbaum andrew s maarten van steen distributed system principle and paradigm rd ed pearson education inc chapter coulouris dollimore indberg distributed system concept and design th edition addison wesley chapter velte toby anthony velte robert elsenpeter cloud computing a practical approach mc graw hill osborne medium chapter foundation remote procedure call messageoriented communication multicast communication standard and application client infrastructure service introduction to interprocess communication the api for the internet protocol external data representation and marshalling network virtualization overlay network introduction to indirect communication group communication publishsubscribe system message queue shared memory approach chapter summary
naming and name service tanenbaum andrew s maarten van steen distributed system principle and paradigm rd ed pearson education inc chapter coulouris dollimore kindberg distributed system concept and design th edition addison wesley chapter name identifier and address flat naming structured naming attributebased naming introduction to name service name service and the domain name system directory service case study the global name service chapter summary presentasi tugas tannenbaum presentasi communication process
coordination tanenbaum andrew s maarten van steen distributed system principle and paradigm rd ed pearson education inc chapter coulouris dollimore kindberg distributed system concept and design th edition addison wesley chapter velte toby anthony velte robert elsenpeter cloud computing a practical approach mcgraw hill osborne medium chapter vitillo roberto understanding distributed system what every developer should know about large distributed application nd ed chapter clock synchronization logical clock physical clock vector clock mutual exclusion election algorithm leader election transaction and concurrency control location system distributed event matching gossipbased coordination coordination and agreement in group communication consensus and related problem cloud storage chapter summary naming tannenbaum naming flat naming structured naming attributebased naming
consistency and replication tanenbaum andrew s maarten van steen distributed system principle and paradigm rd ed pearson education inc chapter coulouris dollimore kindberg distributed system concept and design th edition addison wesley chapter vitillo roberto understanding distributed system what every developer should know about large distributed application nd ed chapter introduction of consistency and replication datacentric consistency model clientcentric consistency model replica management state machine replication consistency protocol consistency model transaction with replicated data chapter summary synchronization tannenbaum synchronization sistem terdistribusi
fault tolerance m v s andrew s tanenbaum distributed system principle and paradigm rd ed r vitillo understanding distributed system what every developer should know about large distributed application nd ed k coulouris dollimore distributed system concept and design th edition introduction to fault tolerance process resilience reliable clientserver communication reliable group communication distributed commit failure detection common failure cause downstream resiliency upstream resiliency faulttolerant service recovery chapter summary replika tannenbaum replika
consistency and replication tannenbaum consistency and replication security tanenbaum andrew s maarten van steen distributed system principle and paradigm rd ed pearson education inc chapter coulouris dollimore kindberg distributed system concept and design th edition addison wesley chapter vitillo roberto understanding distributed system what every developer should know about large distributed application nd ed chapter red hat team rhel rh en
distributedobject based system and distributed transaction tanenbaum andrew s maarten van steen distributed system principle and paradigm rd ed pearson education inc chapter coulouris dollimore kindberg distributed system concept and design th edition addison wesley chapter velte toby anthony velte robert elsenpeter cloud computing a practical approach mcgraw hill osborne medium chapter architecture process communication naming synchronization distributed object case study corba from object to component case study enterprise java bean and fractal software a a service driving force distributed transaction zookeeper zookeeper zookeeper introduction download and configuration command line execution
distributed objectbased system and scalability tanenbaum andrew s maarten van steen distributed system principle and paradigm rd ed pearson education inc chapter velte toby anthony velte robert elsenpeter cloud computing a practical approach mcgraw hill osborne medium chapter vitillo roberto understanding distributed system what every developer should know about large distributed application nd ed chapter consistency and replication fault tolerance security software plus service local cloud and thin client functional decomposition partitioning duplication chapter summary zookeeper installation zookeeper sistem terdistribusi
distributed file system and distributed multimedia system tanenbaum andrew s maarten van steen distributed system principle and paradigm rd ed pearson education inc chapter coulouris dollimore kindberg distributed system concept and design th edition addison wesley chapter architecture file service architecture process communication naming synchronization consistency and replication fault tolerance security case study sun network file system case study the andrew file system distributed multimedia system characteristic of multimedia data quality of service management resource management stream adaptation case study tiger bittorent and end system multicast chapter summary fault tolerance tannenbaum fault tolerance
distributed webbased system and web service tanenbaum andrew s maarten van steen distributed system principle and paradigm rd ed pearson education inc chapter coulouris dollimore kindberg distributed system concept and design th edition addison wesley chapter velte toby anthony velte robert elsenpeter cloud computing a practical approach mcgraw hill osborne medium chapter architecture process communication naming synchronization consistency and replication fault tolerance accessing the cloud web application and apis web service service description and idl for web service a directory service for use with web service xml security coordination of web service application of web service chapter summary web service tannenbaum web service
distributed coordinationbased system and micro service tanenbaum andrew s maarten van steen distributed systemsprinciples and paradigm rd ed pearson education inc chapter hunter ii thomas distributed system with nodejs building enterpriseready backend service",0.61180985,Aligned
pemrograman visual,this section should show the targeted competency topic sub topic specific method of instruction delivery material reference and assessment indicator for each session session targeted competency topic sub topic method reference assignment a hardware b data hierarchy introduction to computer the internet and visual introduction chapter pp c object technology basic lecture discussion d internet and world wide web a overview the visual basic ide b menu and toolbar lecture dive into visual basic express c navigating the visual studio discussion chapter pp exercise d using viual app development to create exercise a simple app a introduction lecture chapter b displaying text an a label introduction to visual basic programming discussion exercise pp c addition program exercise a memory concept lecture chapter b arithmetic introduction to visual basic programming discussion exercise pp c equality and relational operator assignment a algorithm b control structure lecture c ifthen selection introduction to problem solving and control discussion chapter pp exercise d nested ifthen selection statement exercise e repetition structure f compound assignment operator a introduction lecture b for next repetition chapter problem solving and control statement part discussion exercise c using fornext repetition pp assignment d interest calculator a nested repetition b multiple selection statement problem solving and control statement part lecture chapter c repetition statement exercise continue discussion review pp d using exit and terminate in repetition e logical operator mid semester test f ppkr rencana pembelajaran semester page syllabus ftk tif a class and method b subroutine and function lecture c argument conversion chapter method discussion exercise d passing argument by value and by ref pp exercise erence e scope of declaration a generating random number lecture b method overloading chapter method discussion exercise c parameter pp exercise d debuging command a array lecture b delaring and allocating array chapter array discussion exercise c initializing the value in array pp assigment d summing the element of an array a passing array to method b sorting array lecture chapter c searching array array discussion exercise pp d rectangular array ecercise e reasizing an array a data hierarchy b file and stream lecture file c writing data sequentially to a text file discussion chapter pp exercise d building menu with window form assigment designer a drawing class and coordiante system b graphic context and graphic object lecture c color font chapter pp graphic and multimedia discussion exercise d drawing line rectangle and oval assignment e loading displaying and scaling im age a control and component b event handler c mpuse event handling lecture chapter pp window form gui a deeper look exercise d keyboard event handling discussion review e multiple document interface window f animation with timer component final semester test f ppkr,"introduction dietel introduction oop visual basic programming language event driven listener
dive into visual studio gaddi dive into visual studio
introduction to visual basic programming gaddi introduction to visual basic programming
introduction to visual programming gaddi introduction to visual programming
control statement gaddi control statement ifthen itthenelse elseif nested if repetition
control statement gaddi control statement algoritma bunga majemuk looping algoritma
control statement gaddi control statement
method gaddi method class definition method and attribute of class passing argument to method
method deitel method
array deitel array
array gaddi array twodimensional array resizing array passing array a argument to other method
object oriented programming deitel object oriented programming
mock up project semester presentation gaddi mock up project semester presentation
presentasi deitel presentasi prose sinyal dijital",0.6162573,Aligned
ethical hacking,this section should show the targeted competency topic sub topic specific method of instruction delivery material reference and assessment indicator for each session session targeted competency topic sub topic form of instruction duration material reference assessment indicator sesi kemampuan materi pembelajaran bentuk pembelajaran sumber pembelajaran indikator penilaian capable to know what lecture and discussion lecturer material and cybersecurity is and how problem based learning news statistic data and course introduction and indonesia cybersecurity consultant and analytic indonesia cyber security field and condition field and condition institution nowadays capable to know what is ec council ceh v basic ethical hacking hacking and what ethical lecture and discussion module hacking is also what is the concept study case difference between them capable to know the ec council ceh v assignment ethical hacking step ethic step of hacking and module lecture and discussion ethic and law in and law hacking capable to know and foot printing and lecture study case ec council ceh v identify in footprinting reconnaissance module and reconnaissance a a first step of hacking the technique and how to countermeasure and prevent them capable to know and scanning lecture ec council ceh v identify scanning target a module the next step of hacking the technique and how f ppkr syllabus rencana pembelajaran semester kode mata kuliah pg session targeted competency topic sub topic form of instruction duration material reference assessment indicator sesi kemampuan materi pembelajaran bentuk pembelajaran sumber pembelajaran indikator penilaian to countermeasure and prevent them capable to know and enumeration lecture ec council ceh v assignment identify and pool module important information a enumeration had been done before doing the system hacking capable to know and vulnerability analysis lecture study case ec council ceh v identify vulnerability module in a system the technique and how to countermeasure and prevent them mid semester examination capable to know and system hacking lecture ec council ceh v identify the technique module of system hacking capable to know and system hacking lecture ec council ceh v assignment identify continued and module how to countermeasure and prevent them capable to know and malware threat lecture ec council ceh v identify malware threat module capable to know and malware threat lecture ec council ceh v identify the technique module of malware doing their attack and how to countermeasure and prevent them f ppkr syllabus rencana pembelajaran semester kode mata kuliah pg session targeted competency topic sub topic form of instruction duration material reference assessment indicator sesi kemampuan materi pembelajaran bentuk pembelajaran sumber pembelajaran indikator penilaian capable to know and sniffing lecture study case ec council ceh v assignment identify the sniffing module process the technique and how to countermeasure and prevent them capable to know and social engineering lecture discussion study case ec council ceh v identify social module engineering the technique and how to countermeasure and prevent them group discussion and wrapup and discussion discussion and study case ec council ceh v case study assignment for reviewing all the material before the final test final examination f ppkr,"later the module discusses hacking and ethical hacking concept an ceh v module attacker break into system for various reason and purpose therefore it is important to
chapter foot printing and reconnaissance ceh v this module start with an introduction to foot printing concept and provides insight into foot
chapter scanning network ceh v this module start with an overview of network scanning and provides an insight into various
chapter enumeration ceh v the module provides an insight into different technique for netbios snmp ldap ntp smtp dns
chapter vulnerability ceh v this module start with an introduction to vulnerability assessment concept this module also discusses the vulnerability assessment management life cycle and various approach and tool used
chapter system hacking ceh v this module start with an overview of hacking methodology later it discusses in detail various
chapter system hacking ceeh v this module start with an overview of hacking methodology later it discusses in detail various
chapter malware ceh v malware is a program designed to perform malicious act the term itself is a contraction of malicious software malware such a virus trojan worm spyware and rootkits allow an
chapter malware ceh v malware is commonly used by an attacker to compromise target system preventing malware from
chapter sniffing ceh v this module begin with an overview of sniffing concept and provides insight into mac dhcp arp
chapter social engineering ceh v this module provides insight into humanbased computerbased and mobilebased social
vulnerability assessment nist sp understanding how to conduct vulnerability assessment
penetration test nist understanding the security professional scope of work and security managed service industry
caput selecta cehv nist summarize all topic etika profesi hak kekayaan intelektual",0.6448053,Aligned
arsitektur dan organisasi komputer,this section should show the targeted competency topic sub topic specific method of instruction delivery material reference and assessment indicator for each session session targeted competency topic sub topic method reference assignment exercise introduction to computer organization chapter page a historical background understanding and analytical thinking for session lecture and chapter exercise b basic concept and computer evolution discussion chapter chapter page c performance issue exercise introduction to computer architecture chapter page understanding and analytical thinking for session lecture and chapter a architectural development and style exercise discussion chapter chapter page b top level view of computer electronics and circuit design exercise lecture chapter page understanding and analytical thinking for session a digital logic chapter discussion and exercise chapter b circuit design quiz chapter c number system page central processing unit cpu exercise chapter page a cpu basic understanding and analytical thinking for session lecture and chapter b data path discussion chapter exercise c basic cpu instruction cycle chapter page d control path central processing unit cpu continued exercise and memory chapter understanding and analytical thinking for session a fetch and execute cycle lecture and chapter page discussion chapter exercise b pipelining chapter c basic memory concept page d internal and external memory instruction set architecture isa exercise a an overview of isa chapter page understanding and analytical thinking for session lecture and chapter b memory location and operation exercise discussion chapter c addressing mode and instruction chapter page type d an example of x architecture f ppkr rencana pembelajaran semester page syllabus tif instruction set architecture isa contin exercise ued chapter lecture understanding and analytical thinking for session chapter page a reduced instruction set computer discussion and chapter exercise risc quiz chapter page b complex instruction set computer cisc mid semester test input output exercise a input output module chapter page understanding and analytical thinking for session lecture and chapter exercise b direct memory access discussion chapter chapter page c interrupt driven io d bus operating system and library exercise chapter page understanding and analytical thinking for session a operating system overview lecture and chapter exercise discussion chapter b scheduling chapter page c memory management trend of mobile device computer organiza tion perspective a an overview of arm from computer exercise understanding and analytical thinking for session organization perspective lecture and chapter chapter page discussion arm architecture b arm memory management part memory system organization c arm memory management part virtual memory address translation trend of mobile device computer architec ture perspective a an overview of arm from computer lecture exercise understanding and analytical thinking for session architecture perspective chapter discussion and chapter page arm architecture b arm memory management part quiz access control c arm memory management part memory management format workshop of introduction to assembly lan guage mips mar part understanding analytical thinking and lecture and exercise chapter programming skill for session workshop chapter a an overview of mips mar b basic mips mar use workshop of mips mar part understanding analytical thinking and lecture and exercise chapter a mips mar tool programming skill for session workshop chapter b cache simulator f ppkr rencana pembelajaran semester page syllabus tif workshop of mips mar part understanding analytical thinking and lecture and exercise a the memory reference visualization chapter programming skill for session workshop chapter tool b syscall final semester test f ppkr,"introduction to computer organization architecture stalling w computer organization architecture designing for performance th ed student are able to explain the main concept of introduction to computer organization architecture introduction to computer organization and architecture william s computer organization architecture student are able to explain the main concept of computer organization and architecture
from silicone to chip stalling w computer organization and architecture designing for performance student are able to explain the main component inside the computer processor student are able to explain the process of making chip of processor introduction to computer architecture computer organization and architecture by william stalling ninth edition mcgrawhill student are able to explain the main concept of computer architecture especially instruction set architecture isa
inside the processor stalling w computer organization and architecture student are able to explain the main concept of fec and pipeline inside the processor student are able to explain the main concept of processor pupeline
electronic circuit stalling w computer organization and architecture designing for performance student are able to explain the main concept of electronic circuit that form processor and it functionality electronics and circuit design computer organization and architecture by william stalling ninth edition mcgrawhill student are able to explain the main component that construct the modern computer
cpu data path and control path computer organization and architecture by william stalling ninth edition mcgrawhill student are able to explain the main concept inside the cpu data and control path stalling w computer organization and architecture designing for performance student are able to explain the main concept of data path and control inside the cpu
cpu computer organization and architecture by william stalling ninth edition mcgrawhill student are able to explain the main function of cpu in the modern computer system student are able to explain the main concept of pipeline in the modern processor unit student are able to explain the main concept of fetchexecute cycle in the modern processor unit cpu fetch and execute cycle and pipeline computer organization and architecture by william stalling ninth edition mcgrawhill student are able to explain the main function of cpu in the modern computer system student are able to explain the main concept of pipeline in the modern processor unit student are able to explain the main concept of fetchexecute cycle in the modern processor unit
review computer organization and architecture by william stalling ninth edition mcgrawhill student are able to explain or to recap some of the important aspect in computer organization and computer architecture stalling w computer organization and architecture designing for performance student are able to explain the main concept behind processor including the conceptual model it component fec and it application
presentasi tema multiprocessing system stalling computer organization and architecture student are able to explain the main application of multiprocessing system workshop on assembly language mips mar documentation student are able to utilitize instruction that available on mipsbit to solve problem
workshop on mips mar computer organization by carl hamacher zvonko vranesic and safwat zaky fifth edition mcgrawhill tudents are able to relate their understanding of isa and fec to the previous lecture student are able to create an assembly language a an implementation of isas workshop on mips mar charles w kann introduction to mips assembly language student are able to code a program based on mips architecture
memory stalling w computer organization and architecture student are able to explain the main concept of memory workshop on mips mar charles kann introduction to mips assembly language student are able to write mips program for solving problem
memory and io william stalling designing processor for performance student can explain the main concept and it technique performance instruction william stalling designing processor for performance student are able to explain the main concept of designing processor to fulfil the need of
memory instruction set architecture isa computer organization and architecture by william stalling ninth edition mcgrawhill student are able to explain the main function of memory in the modern computer system student are able to explain the main concept of instruction set architecture isa memory and io for parallel computing stalling w computer organization and architecture student are able to explain the main role of memory and io in parallel computing
presentasi multi processor stalling computer organization and architecture student are able to present the concept of multi processor system presentation on multiprocessor stalling computer organization and architecture student are able to present their literature finding regarding to multiprocessor system
presentasi final project stalling computer organization and architecture student are able to present the final project literature study on super computer student are able to present the result of the final project bahasa inggris",0.64541173,Aligned
sirkuit elektronik,this section should show topic sub topic specific method of instruction delivery and material reference session topic sub topic method of delivery material reference voltage current and resistance chapter page chapter page ohm law energy and power chapter page series circuit chapter page parallel circuit chapter page series parallel circuit chapter page magnetism and electromagnetism chapter page middle semester test introduction to alternating current chapter page and voltage capacitor chapter page inductor chapter page rc circuit chapter page rl circuit chapter page rlc circuit and resonance chapter page passive filter chapter page final semester test syllabus tif i textbook and others required material principle of electric circuit conventional current version ninth edition thomas l floyd prentice hall upper saddle river new jersey ii objective upon completion of the course the student should be able to understand the basic concept of electric circuit power and energy apply the rule of parallel and series resistor and source superposition to simplify or solve resistive circuit solve resistive circuit using the nodal and mesh method understand the function of dependent source and solve simple circuit with dependent source understand the physical law governing capacitor and inductor understand the meaning of the time constant calculate the time constant of a rc or rl circuit obtain the circuit forced response to constant input obtain the circuit solution to multiple switching operation understand the natural response of rlc circuit and the distinction between over damped critically damped and under damped response understand the concept of sinusoidal steady state phasor and impedance solve a circuit in the sinusoidal steady state and find the voltage and current phasors understand the passive filter use various combination of resistor capacitor and inductor iii method of instruction classroom instruction consists of lecture and practical problem solving supplemented by visual aid designed to assist the student to successfully meet the course learning objective iv attendance procedure comply with academic rule v method of evaluation mid test final test others syllabus tif vi course outline week topic voltage current and resistance i atomic structure electrical charge voltage current and resistance the electric circuit and measurement electrical safety ohm law ii the relationship of current voltage and resistance current voltage and resistance calculation introduction to troubleshooting energy and power iii energy and power power in an electric circuit resistor power rating energy conversion and voltage drop in resistance power supply and battery series circuit iv resistor in series total series resistance current in a series circuit application of ohm law voltage source in series kirchhoff voltage law voltage divider power in series circuit voltage measurement troubleshooting home work week topic ref assignment problem voltage current and chapter i resistance page problem chapter ii ohm law page iii energy and power chapter problem syllabus tif page problem chapter iv series circuit page problem chapter v parallel circuit page problem chapter vi series parallel circuit page problem magnetism and chapter vii electromagnetism page mid semester test problem introduction to alternating chapter viii current and voltage page problem chapter ix capacitor page problem chapter x inductor page problem chapter xi rc circuit page problem chapter xii rl circuit page problem chapter xiii rlc circuit and resonance page problem chapter xiv passive filter page final semester test syllabus tif,"unit and measurement textbook ch and note unit and measurement a si unit b measurement c significant digit d scientific notation e engineering notation
voltage current resistance slide textbook electrical force field and energy potential energy electrical current resistor color code
seriesparallel note slide resistor in series resistor in parallel
seriesparallel slide note textbook series circuit of resistor parallel circuit of resistor
kvl slide note kvl
dc analysis note slide kcl kvl meshloop analysis exercise
circuit theorem textbook slide xy delta conversion theveninnorton superposition
review midtest material slide note review midtest material
capacitor and inductor slide textbook note capacitor basic capacitor in series capacitor in parallel inductor basic inductor in series inductor in parallel
first order circuit textbook rc circuit time constant initialization problem
transient analysis slide rlc
ac analysis slide note ac analysis serialparallel exercise
ac analysis with kcl notebook ac analysis with kcl phasors complex number computation
phasor analysis note phasor analysis superposition theorem with phasor analysis sistem basis data",0.6509166,Aligned
e business dan pemrograman berbasis web,this section should show the targeted competency topic sub topic specific method of instruction delivery material reference and assessment indicator for each session session targeted competency topic sub topic method reference assignment internet technology e business and e commerce understanding analytical thinking and a introduction to the internet technol lecture and exercise on textbook programming for session ogy discussion textbook b e business c e commerce comparing the web the technology server side v client side technology understanding analytical thinking and lecture and exercise on textbook a technology behind the internet programming for session discussion textbook b server side technology c client sine technology designing the e business process and data model exercise on a translating business process into e understanding analytical thinking and lecture discussion textbook and textbook business programming for session and lab activity lab module b designing and creating business canvas chapter c designing and creating data model to support e business web client side programming language part html xhtml and html a hypertext markup language exercise on understanding analytical thinking and lecture discussion textbook and b xml hypertext markup language textbook programming for session and lab activity lab module xhtml chapter c d hypertext markup language ver html web client side programming language part exercise on cs and cs understanding analytical thinking and lecture discussion textbook and textbook programming for session and lab activity lab module a cascading style sheet cs chapter b cascading style sheet ver cs web client side programming language part responsive web exercise on understanding analytical thinking and a introduction to responsive web de lecture discussion textbook and textbook programming for session sign rwd and lab activity lab module chapter b rwds workflow c medium query and fluid grid and layout f ppkr rencana pembelajaran semester page syllabus ftk web client side programming language part javascript ajax and xml exercise on understanding analytical thinking and lecture discussion textbook and textbook a javascript programming for session and lab activity lab module b asynchronous javascript and xml chapter c extensible markup language xml mid semester test web service understanding analytical thinking and lecture and exercise on a introduction to web service textbook programming for session discussion textbook b application of web service on the mod ern internet application web server side programming language part exercise on understanding analytical thinking and lecture discussion textbook and textbook a introduction to asynchronous pro programming for session and lab activity lab module gramming chapter b writing basic application web server side programming language part exercise on understanding analytical thinking and lecture discussion textbook and a connecting the application nodejs to textbook programming for session and lab activity lab module the database via api web service chapter b writing application in order to con nect an app to db via api advanced web server side programming lan guages part exercise on understanding analytical thinking and lecture discussion textbook and textbook a basic coding standard on php programming for session and lab activity lab module b connecting to the database using php chapter functional advanced web server side programming lan exercise on guages part understanding analytical thinking and lecture discussion textbook and textbook a basic object oriented php programming for session and lab activity lab module b creating class library for connecting chapter apps to database server planning framework model view controller design pattern deploying seo and secu rity a introduction to framework model exercise on understanding analytical thinking and view and controller lecture discussion textbook and textbook programming for session b design pattern and lab activity lab module chapter c designing a basic server side frame work using php d seo and security e deploy the application f ppkr rencana pembelajaran semester page syllabus ftk project presentation and discussion understanding analytical thinking and presentation and textbook a presentation programming for session discussion and b question and answer final semester test f ppkr,"ebusiness pemrograman berbasis web rps business online ecommerce mahasiswa pengertian manfaat buseiness online ecommerce introduction to ebusiness and webbased programming laudon k and traver c g ecommerce prentice hall student are able to explain the main concept of ebusiness and the main role of technology webbased programming in business
designing the ebusinesss process and data model laudon k and traver c g ecommerce prentice hall raman s how to write strategic plan student are learnt how to design ebusiness that involves itis strategic plan bmc swot business process and able to translate the requirement into data model ebusiness pemrograman berbasis web materi cybercrime kejahatan didalam sistem komputer jaringan internet mahasiswa diajarkan cybercrime kejahatan didalam sistem komputer jaringan internet
bmc and technology osterwalden a a better way to think about your business model url httpshbrorgabetterwaytothinkaboutyo student are able to define bmc and technology stack for supporting business elektronice business pemrograman web jenisjenis bussiness online salah satunya business starup mahasiswa diajarkantentang jenisjenis bussiness online salah satunya business starup
elekronict business membangun medium elektronic business membuka toko online buka lapak toko pedia tiktok shop sophie mahasiswa diajarkan membangun medium elektronic business membuka toko online buka lapak toko pedia tiktok shop sophie server side scripting language basic php beginning php and mysql from novice to professional expert voice in web development student are able to implement some of the basic built function on php to solve problem
pemrograman web ebusiness membangun sistem kompleks si ebusiness mahasiswa diajarkan membangun sistem kompleks si ebusiness web serverside programming language web service mastering php design configure build and test professional web application in php student are able to create design configure and test the professional web application
ebinis pemrograman web pemodelan perancangan sistem ebusiness mahsiswa diajarkan pemodelan perancangan ebusiness serverside scripting nodejs student are able to explain and create serverside scripting based on nodejs
ebusiness web membuka toko online mahasiswa diajarkan bagimana membuka toko online toko pedia buka lapak sophie dll webapps based on nidejs wandschneider m learning nodejs a handson guide to building web application in javascript student are able to explain the main concept of nodejs a server and create it application
elektronic business pemrograman web pemrograman web mahasiswa diajarkan meng instalasi xammp persiapan pembuatan program web ebusiness pemrograman berbasis web review on server side technology and ebusiness digital transformation and ebusiness student are able to explain the main concept of ebusiness and it supported technology
program web bahasa php program web bahasa php mahasiswa diajarkan program web bahasa php html use case egoverment mysql php and nodejs student are able to explain the concept of egoverment and it application
frontend html cs castro e and hyslop b html and cs seventh edition visual quickstart guide berkeley peachpit press student are able to explain and create web application using html cs pembuatan program web aplikasi php program web php mahasiswa diajarkan program aplikasi bahasa php
program aplikasi bussiness bahasa perograman php tugas project aplikasi business bahasa pemrograman php mahasiswa diajarkan tugas program aplikasi business bahasa pemrograman php web clientside programming language part html xhtml and html cs and rw castro e and hyslop b html and cs seventh edition visual quickstart guide berkeley peachpit press student are able to create a simple application by using web clientside programming language part html xhtml and html cs and rw
ebusiness pemrograman web mempelajari website toko online mahasiswa dijarkan website toko online javascripts and ajax reactjs ajax and api url httpslegacyreactjsorgdocsfaqajaxhtml student are able to create web page that us javascripts and ajax to enhance interaction
ebusiness pembahasan project pembuatan website toko online mahasiswa diajarkan project pembuatan website toko online presentasi tugas ebis pemrograman web castro e and hyslop b html and cs seventh edition visual quickstart guide berkeley peachpit press wandschneider m learning nodejs a handson guide to building web application in javascript ajzele b mastering php design configure build and test professional web application in php mahasiswa produk web dibangun teknologi web
ebusiness pemrograman web tugas project pembuatan website toko online mahasiswa tugas pembuatan web toko onlne tugas mandiri review on ebusiness webbased programming and group presentation working progress laudon k and traver c g ecommerce prentice hall castro e and hyslop b html and cs seventh edition visual quickstart guide berkeley peachpit press wandschneider m learning nodejs a handson guide to building web application in javascript ajzele b mastering php design configure build and test professional web application in php student are able to explain the main concept of ebusiness webbased programming also the student are able to present the latest progress regarding to mini project interaksi manusia komputer",0.6663343,Aligned
sistem basis data lanjut,this section should show the targeted competency topic sub topic specific method of instruction delivery material reference and assessment indicator for each session session targeted competency topic sub topic method reference assignment course introduction introduction to object oriented database a an overview of object oriented database system lecture exercise chapter understanding for session b a review of entity relationship model assignment and chapter chapter c visiting a data modeling standard of discussion chapter oodb uml d application of advanced database sys tem object oriented data modeling odmg and representing class a object oriented data modeling lecture chapter exercise class diagram understanding for session assignment and chapter chapter b object oriented data modeling ob discussion chapter ject diagram c the standard of oodbms odmg d representing class on oodb object oriented data modeling part a describe the activity in the dierent phase of the object oriented develop ment life cycle b state the advantage of object oriented modeling structured ap proaches c compare and contrast the object oriented model with the e r and eer lecture exercise lab model understanding and conceptual thinking for chapter discussion chapter d model a real world application by u session chapter assignment lab chapter ing a uml class diagram e provide a snapshot of the detailed state of a system at a point in time using a uml unified modeling lan guage object diagram f recognize when to use generalization aggregation and composition relation ship g specify dierent type of business rule in a class diagram f ppkr rencana pembelajaran semester page syllabus tif object oriented data modeling part a concisely define each of the follow ing key term class object state behavior object class class diagram object diagram operation encapsula tion constructor operation query op eration update operation scope op eration association association role multiplicity association class abstract class concrete class class scope at tribute abstract operation method polymorphism overriding multiple classification aggregation and compo sition b describe the activity in the dierent phase of the object oriented develop lecture exercise lab understanding and conceptual thinking for ment life cycle chapter discussion chapter session c state the advantage of object chapter assignment lab chapter oriented modeling structured ap proaches d compare and contrast the object oriented model with the e r and eer model e model a real world application by u ing a uml class diagram f provide a snapshot of the detailed state of a system at a point in time using a uml unified modeling lan guage object diagram g recognize when to use generalization aggregation and composition relation ship h specify dierent type of business rule in a class diagram object oriented query language part a concisely define each of the following key term atomic literal collection literal set bag list array dictionary structured literal and extent b create logical object oriented database schema using the object definition language odl lecture exercise lab understanding analytical thinking and c transform conceptual uml class chapter discussion chapter programming skill for session agrams to logical odl schema by chapter assignment lab chapter mapping class abstract and con crete attribute operation abstract and concrete association relation ship one to one one to many and many to many and generalization re lationships d identify the type specification for at tribute operation argument and op eration return f ppkr rencana pembelajaran semester page syllabus tif object oriented query language part a create object and specify attribute value for those object b understand the step involved in im plementing object oriented database lecture exercise lab understanding analytical thinking and chapter c understand the syntax and semantics discussion chapter programming skill for session chapter of the object query language oql assignment lab chapter d use oql command to formulate var iou type of query e gain an understanding of the type of application to which object oriented database have been applied review on object oriented database man agement system exercise lab a an approach of object oriented lecture chapter understanding analytical thinking and chapter database management system discussion chapter programming skill for session chapter b object oriented data modeling assignment lab chapter chapter odl c object oriented query language oql mid semester test semi structured data xml a introduction to semi structured data lecture understanding and analytical thinking for session exercise assignment and chapter b extensible markup language xml chapter discussion c xml data model approach d document type definition dtd query over semi structured data xml xpath xquery a review on xml data model dtd lecture understanding analytical thinking and exercise lab b query over xml document using discussion chapter programming skill for session chapter xpath assignment lab c query over xml document using xquery d comparison xpath v xquery f ppkr rencana pembelajaran semester page syllabus tif nosql document based database part mongodb a introduction to document database humongous b feature of document database con sistency transaction availability and scaling lecture exercise lab understanding and analytical thinking for session chapter discussion chapter c query data over document db mon chapter assignment lab chapter godb d suitable use case for document database e crud nesting indexing and mapre duce f when not to use this particular db technology nosql graph based database neoj part a introduction to document database b feature of document database con sistency transaction availability and scaling lecture exercise lab understanding and conceptual thinking for chapter discussion chapter c query data over document db neoj session chapter assignment lab chapter d suitable use case for document database e when not to use this particular db technology f graph groovy index and dis tributed high availability resource description framework rdf and ontology web langauge owl a introduction to semantic web exercise lab lecture chapter b underlying intuition of resource de understanding and analytical thinking for session chapter discussion chapter scription framework rdf chapter assignment lab chapter c resource description framework chapter rdf schema d underlying intuition of ontology web language owl rdf query language sparql exercise lab lecture chapter understanding analytical thinking and chapter a reasoning on the semantic web discussion chapter programming skill for session chapter b query language for semantic web assignment lab chapter chapter sparql f ppkr rencana pembelajaran semester page syllabus tif presentation discussion based chapter on selected theme chapter chapter chapter project presentation chapter chapter understanding analytical thinking and presentation and chapter chapter a presentation final project programming skill for session discussion chapter chapter b discussion chapter chapter chapter chapter chapter chapter chapter chapter final semester test f ppkr,"course introduction introduction to objectoriented database thomas connolly carolyn begg database system a practical approach to design implemen tation and management th ed international edition pearson usa hoffer j a ramesh v topi h modern database management ed chapter a building learning commitment b an overview of data model c an overview of objectoriented database system introduction to advanced database connolly database management system student are able to explain the others type of database system others than rdbms
object oriented data modeling hoffer database management system student are able to create a data model based on oodb paradigm
object oriented data modeling hoffer j database management syatem student are able to create an object oriented data modeling based on specific case
object oriented data modeling hoffee j database management system ch student are able to create an objectoriented data model and using dbo
objectquery language oql the definitive guide to dbo student are able to create odl and oql native query qbe a well a soda query
odl oql transaction java apps horning h horning r eldich s paterson j the definitive guide to dbo apress student are able to create an object query language oql basic soda query on dbo javabased student are able to create an object query language oql advanced soda query on dbo java
review on object oriented database hoffer database management system student are able to design and create an object oriented database using dbo and java
xml hoffee modern database system student are able to explain the main concept of xml and it application
xml xpath xquery and web service pro restful apis design build and integrate with rest json xml and jaxrs student are able to creare cml and make query using xpath xquery and web service restful
graph database jeff hoffer ramesh v and heikki topi modern database management th ed pearson student are able to explain the main concept of graph database
nosql mongodb student are able to explain the main concept of document database
nosql document db mongodb student are able to create query to retrieve data
graphdb use case introduction to graph database student are able to enrich the main conceptual of graphdb with related use case
presentasi proyek nosql connolly database management system student are able to present the latest progress on final project sistem terdistribusi",0.6759126,Aligned
pemodelan dan simulasi jaringan,session topic sub topic method reference assignment overview of computer simulation and net work simulation a why is simulation important b what is simulation chapter pp c what is a model lecture discussion chapter d performance evaluation technique pp e development of system simulation f lifecycle of a simulation study g advantage and limitation of simu lation f ppkr syllabus tif rencana pembelajaran semester building conceptual model and network modeling a what is a conceptual model b element of conceptual model c the single server queueing system chapter pp d actual time versus simulated time ieee paper lecture discussion e simulation of network chapter pp reconstruction f the network modeling and simulation process g developing model h network simulation package i opnet a network simulation pack age simulating probability simulating random variable and stochastic process a random experiment and event b what is probability chapter pp c computing probability ieee paper lecture discussion d probability a a sample mean chapter pp discussion e what are random variable f some useful random variable g stochastic process h dynamic system evolution i simulating queueing process discrete event simulation framework includ ing case study parallel discrete event sim ulation and event graph a the scheduler chapter pp b the simulation entity c the event chapter pp d honeypot community a case study acm paper lecture discussion with the discrete event simulation chapter pp reconstruction framework chapter pp e parallel simulation architecture f parallelization in practice g what is event graph h event graph example i translating event graph into code building simulation program from simula tions to deployment a time driven simulation b event driven simulation chapter pp c writing event driven simulation pro acm paper lecture discussion gram chapter pp discussion d programming issue e design concept f integration framework g use case example queueing theory simulating queueing pro cesses a introduction to stochastic process b discrete time markov chain c continuous time markov chain d basic property of markov chain chapter pp e chapman kolmogorov equation ieee paper lecture discussion f birth death process chapter pp reconstruction g little theorem h delay on a link i standard queueing notation j the mm queue k the mmm queue l the mmb queue m the mmmm queue f ppkr syllabus tif rencana pembelajaran semester simulating the single server queueing sys tem tool and modeling approach for sim ulating hardware and system a simulation model b collecting simulated data c performance law chapter pp d independent simulation run ieee paper lecture discussion chapter pp discussion e transient and steady phase f approach for system modeling next to simulation g instruction set simulation iss based technique h time based annotation i comparison mid semester test input modeling and output analysis statis tical analysis of simulated data a data collection b identifying the distribution c estimation of parameter for univari ate distribution chapter pp d goodness of fit test acm paper lecture discussion e multivariate distribution chapter pp reconstruction f selecting distribution without data g output analysis h population and sample i probability distribution of the sample mean j confidence interval k comparing two system design monte carlo method and simulation a estimating the value of b numerical integration c estimating a probability chapter pp d variance reduction technique acm paper lecture discussion e characteristic of monte carlo simu chapter pp discussion lation f the monte carlo algorithm g merit and drawback h monte carlo simulation for the elec tric car charging simulation random variate generation and random number generation a the inversion method b the rejection method c the composition method d the convolution method e specialized method f importance sampling method g pseudo random number chapter pp h characteristic of a good generator ieee paper lecture discussion i just enough number theory chapter pp reconstruction j the linear congruential method k the multiplicative congruential method l linear feedback shift register m statistical testing of random number generation rng n generate random number using the normal distribution o generate random number using the rayleigh distribution f ppkr syllabus tif rencana pembelajaran semester modeling network traffic physical layer modeling and link layer modeling a introduction b network traffic model c traffic model for mobile network d global optimization technique chapter pp e particle swarm optimization f optimization in mathematics chapter pp ieee paper lecture discussion g overview of phy layer discussion h description of the main component chapter pp of the phy layer i accurate simulation of physical lay er j physical layer modeling for network simulation k an example packet domain physical layer simulation model channel modeling selected system model wireless networking use case modeling mo bility a the physic of radiation b classification of propagation model c deterministic approach by classical field theory d deterministic geometric optical ap chapter pp proaches chapter e empirical path loss approach pp acm paper f stochastic shadowing model lecture discussion chapter pp reconstruction g stochastic fading model chapter h mimo channel model pp i hybrid approach j noise and interference k implementation of wireless channel l ieee wlan m ieee wman n ieee near field and o use case coexistence p ieee performance analysis modeling the network layer and routing protocol modeling transport layer proto col and modeling application traffic a introduction b routing c internet mobility d existing simulation model chapter pp e using real implementation in simula chapter acm paper tor lecture discussion pp discussion f transport layer trace chapter pp g analytical performance modeling h fluid model and integration with packet level simulation i modeling http traffic j modeling ftp traffic k modeling voice traffic l modeling video traffic f ppkr syllabus tif rencana pembelajaran semester modeling the internet delay space and user behavior in pp system modeling security aspect of network and modeling the net work topology a introduction b end to end delay and it phenomenon c existing model in literature d data from two internet measurement project e model f evaluation chapter pp g system model chapter h modeling churn pp lecture discussion quiz in class chapter pp i workload model chapter j user property model pp k use case kademlia l evaluation m role of modeling and simulation in curity research n evaluation metric o discussion p abstraction of network topology by graph q characterizing graph r common technology model s modeling the internet final semester test f ppkr,"introduction to network simulator bank carson discrete event system simulation network simulation tool n omnet introduction to simulation discreteevent system simulation bank carson th edition when simulation is the appropriate tool when simulation is not appropriate advantage and disadvantage of simulation area of application system and system environment component of a system discrete and continuous system model of a system type of model discreteevent system simulation step in a simulation study
introduction to simulation bank carson discreteevent system simulation when simulation is the appropriate tool when simulation is not appropriate advantage and disadvantage of simulation area of application system and system environment component of a system discrete and continuous system model of a system type of model discreteevent system simulation step in a simulation study simulation example bank discretesystem event simulation to present several example of simulation that can be performed by devising a simulation table either manually or with a spreadsheet the simulation table provides a systematic method for tracking the system state over time to provide insight into the methodology of discretesystem simulation and the descriptive statistic used for predicting system performance
general principle bank carson discreteevent system simulation deal exclusively with dynamic stochastic system discreteevent model are appropriate for those system for which change in system state occur only at discrete point in time cover general principle and concept event schedulingtime advance algorithm the three prevalent world view introduces some of the notion of list processing simulation example bank carson discreteevent system simulation to present several example of simulation that can be performed by devising a simulation table either manually or with a spreadsheet the simulation table provides a systematic method for tracking the system state over time to provide insight into the methodology of discretesystem simulation and the descriptive statistic used for predicting system performance pemodelan simulasi jaringan
general principle bank carson discreteevent system simulation develops a common framework for the modeling of complex system cover the basic block for all discreteevent simulation model introduces and explains the fundamental concept and methodology underlying all discreteevent simulation package these concept and methodology are not tied to any particular simulation package introduction to network simulator bank carson discreteevent system simulation n omnet
statistical method in simulation bank carson discrete event system simulation discrete random variable continuous random variable cumulative distribution function expectation statistical method in simulation bank carson discrete event system simulation in this section we will review the following concept discrete random variable continuous random variable cumulative distribution function expectation
queueing model bank carson discrete event system simulation discus some wellknown model not development of queueing theory general characteristic of queue meaning and relationship of important performance measure estimation of mean measure of performance effect of varying input parameter mathematical solution of some basic queueing model
random number generation bank carson discrete event system simulation discus the generation of random number introduce the subsequent testing for randomness frequency test autocorrelation test bank carson discreteevent system simulation discus the generation of random number introduce the subsequent testing for randomness frequency test autocorrelation test
randomvariate generation bank carson discrete event system simulation develop understanding of generating sample from a specified distribution a input to a simulation model illustrate some widelyused technique for generating random variate inversetransform technique acceptancerejection technique special property bank carson discrete event system simulation develop understanding of generating sample from a specified distribution a input to a simulation model illustrate some widelyused technique for generating random variate inversetransform technique acceptancerejection technique special property
input modeling bank carson discrete event system simulation input model provide the driving force for a simulation model the quality of the output is no better than the quality of input in this chapter we will discus the step of input model development collect data from the real system identify input model provide the driving force for a simulation model the quality of the output is no better than the quality of input in this chapter we will discus the step of input model development collect data from the real system identify a probability distribution to represent the input process choose parameter for the distribution evaluate the chosen distribution and parameter for goodness of fit
simulation of networked computer system bank carson discrete event system simulation simulation of networked computer system pemodelan simulasi jaringan verification and validation of simulation model bank carson discrete event system simulation the goal of the validation process is to produce a model that represents true behavior of the system closely enough for decisionmaking purpose to increase the model credibility to an acceptable level to be used by manager and other decision maker validation is an integral part of model development verification building the model correctly correctly implemented with good input and structure validation building the correct model an accurate representation of the real system most method are informal subjective comparison while a few are formal statistical procedure
output analysis for a single model bank carson discrete event system simulation distinguish the two type of simulation transient v steady state illustrate the inherent variability in a stochastic discreteevent simulation cover the statistical estimation of performance measure discusses the analysis of transient simulation discusses the analysis of steadystate simulation verification and validation of simulation model bank carson discrete event system simulation verification and validation of simulation model
comparison and evaluation of alternative system design bank carson discrete event system simulation for twosystem comparison independent sampling correlated sampling common random number for multiple system comparison bonferroni approach confidenceinterval estimation screening and selecting the best metamodels output analysis for a single model bank carson discrete event system simulation distinguish the two type of simulation transient v steady state illustrate the inherent variability in a stochastic discreteevent simulation cover the statistical estimation of performance measure discusses the analysis of transient simulation discusses the analysis of steadystate simulation
comparison and evaluation of alternative system design bank carson discrete event system simulation for twosystem comparison independent sampling correlated sampling common random number for multiple system comparison bonferroni approach confidenceinterval estimation screening and selecting the best metamodels simulation of networked computer system ban carson discrete system event simulation simulation of networked computer system
presentation presentation presentation pengantar intelejensi artifisial",0.6800337,Aligned
sistem basis data,this section should show the targeted competency topic sub topic specific method of instruction delivery material reference and assessment indicator for each session session targeted competency topic sub topic method reference assignment course introduction and introduction to dbms a student are able to understand the need for database b student are able to understand the concept of data model understanding analytical thinking and c student are able to understand the lecture and exercise chapter programming for session concept of relational database discussion chapter d student are able to understand the purpose of database design e student are able to understand the core component of database system storage manager query processing and transaction manager the database system conceptual design enhanced entity relationship modeling part a student are able to understand the database design process understanding analytical thinking and lecture and exercise chapter b student are able to understand the programming for session discussion chapter main concept of db modeling c student are able to understand the constraint in designing process d student are able to create the concep tual database model e r diagram the database system conceptual design enhanced entity relationship modeling part a student are able to understand the database design process exercise understanding analytical thinking and lecture discussion chapter chapter b student are able to understand the programming for session and lab activity chapter chapter main concept of db modeling c student are able to understand the constraint in designing process d student are able to create the concep tual database model e r diagram the database system physical design and normalization a student are able to understand the ecercise understanding analytical thinking and main concept of normalization lecture discussion chapter chapter programming for session and lab activity chapter b student are able to understand the chapter design process of normalization c student are able to create a physical database from a database design f ppkr rencana pembelajaran semester page syllabus ftk relational algebra and relational calculus a student are able to understand the main concept of relational algebra exercise ra understanding analytical thinking and lecture discussion chapter chapter b student are able to understand the programming for session and lab activity chapter chapter main concept of relational calculus rc c student are able to demonstrate writ ing a query of ra and rc intro to structured query language sql data manipulation language dml part a student are able to understand the exercise understanding analytical thinking and lecture discussion chapter and main concept of structured query lan chapter and programming for session and lab activity chapter guage sql chapter b student are able to demonstrate writ ing sql query ddl data defini tion language intro to structured query language sql data manipulation language dml part a student are able to understand the exercise understanding analytical thinking and lecture discussion chapter and main concept of structured query lan chapter and programming for session and lab activity chapter guage sql chapter b student are able to demonstrate writ ing sql query ddl data defini tion language mid semester test advanced structured query language sql data manipulation language dml part a student are able to understand the understanding analytical thinking and lecture and chapter and exercise main concept of structured query lan programming for session discussion chapter and guage sql b student are able to demonstrate writ ing sql query join view and transaction advanced structured query language sql data manipulation language dml part a student are able to understand the exercise understanding analytical thinking and lecture discussion chapter and main concept of structured query lan chapter and programming for session and lab activity chapter guage sql chapter b student are able to demonstrate writ ing sql query function procedure and trigger database system architecture a student are able to understand the exercise understanding analytical thinking and lecture discussion chapter main concept of db architecture chapter programming for session and lab activity chapter b student are able to demonstrate cre chapter ating an architecture of database sys tem for a modern application f ppkr rencana pembelajaran semester page syllabus ftk application design and development a student are able to understand the exercise understanding analytical thinking and lecture discussion chapter main concept of db design and devel chapter programming for session and lab activity chapter opment chapter b student are able to demonstrate cre ating a database for an application application design and development a student are able to understand the exercise understanding analytical thinking and lecture discussion chapter main concept of db design and devel chapter programming for session and lab activity chapter opment advanced issue chapter b student are able to demonstrate cre ating a database for an application transaction management acid and concur rency management control concurrency a student are able to understand and demonstrate the main concept of transaction management b student are able to understand and demonstrate the main feature of atom icity in transaction management c student are able to understand and demonstrate the main feature of con sistency in transaction management exercise understanding analytical thinking and lecture discussion chapter and d student are able to understand and chapter and programming for session and lab activity chapter demonstrate the main feature of isola chapter tion in transaction management e student are able to understand and demonstrate the main feature of dura bility in transaction management f student are able to understand and demonstrate the main concept of con currency management cm g student are able to understand and demonstrate the main feature of cm such a lock based protocol and time stamp protocol project presentation and discussion understanding analytical thinking and presentation and exercise chapter a presentation programming for session discussion chapter b question and answer final semester test f ppkr,"introduction to database system connolly fundamental of database system student are able to explain the main concept of database system
database development lifecycle connolly fundamental of database student are able to explain the main concept of db
relational database model thomas connolly carolyn begg database system a practical approach to design implementation and management th ed international edition pearson usa student are able to explain the main concept of data model and also able to create data model relational data model
normalisasi connolly tm and begg ce database system a practical approach to design implementation and management th edition pearson education student are able to create a data model using normalization
an intro to structured query language sql data definition language ddl data manipulation language dml part thomas connolly carolyn begg database system a practical approach to design implementation and management international edition pearson usa student are able to create data definition language ddl and data manipulation language dml part
relational algebra and calculus thomas connolly fundamental of database system student are able to explain and write rc and ra
advanced query thomas connolly carolyn begg database system a practical approach to design implementation and management th ed international edition pearson usa student are able to create an advanced query
review on database system thomas connolly the database system student are able to explain the main concept of the database system
advanced query thomas connolly database system student are able to write advanced query
transaction management acid chapter and concurrency management control concurrency chapter thomas connolly carolyn begg database system a practical approach to design implementation and management th ed international edition pearson usa student are able to explain these following topic transaction management acid chapter and concurrency management control concurrency chapter
advanced structured query language sql advanced database system architecture workshop ai ui thomas connolly carolyn begg database system a practical approach to design implementation and management th ed international edition pearson usa student are able to apply the concept of relational model to the advanced structure query language sql sistem basis data
arsitektur database hak akses transaksi concurrency control mariadb connolly tm and begg ce database system a practical approach to design implementation and management th edition pearson education harlow mahasiswa mengaplikasikan pemahaman use case praktikal arsitektur database hak akses transaksi concurrency control mariadb
presentasi mini proyek connolly t fundamental of database system student are able to explain and make simulation regarding to the database that created for problem solving
review on database system and presentation on mini project makeup class connolly the fundamental database system student are able to explain their progress regarding to mini project sistem dijital",0.68489486,Aligned
multimedia systems,this section should show the targeted competency topic sub topic specific method of instruction delivery material reference and assessment indicator for each session the targeted competency refer to the list of competency given in the course objective section targeted topic sub topic method reference assignment s compe sion tencies introduction a introduction to the terminology and description of informatics and multi medium aa lecture b component of multimedia chapter probs b cdiscussion c hypermedia d www e research topic in multimedia infor matics audio processing aa a human auditory system lecture bb chapter probs b sampling discussion ccc digitization of sound d quality measurement of audio signal audio compression a cd audio same a b basic pcm pulse code modulation lecture chapter probs above discussion and c adaptive pcm d perceptual coding e mpeg audio fundamental mechanism of human visual system a structure of the human eye b image formation in the eye lecture a chapter probs discussion c brightness adaptation and discrimina tion d contrast e masking imagevideo data representation a image data type aa probs b file format to represent image lecture chapter bb discussion c various type of video signal cc d analog video e digital video f ppkr rps tif rencana pembelajaran semester basic data compression a lossless compression algorithm b rlc vlc aa c huffman coding arithmetic coding lecture chapter probs ab discussion d lossy compression algorithm cce rate distortion theory f quantization g transform coding image compression standard aa a image compression basic lecture chapter bb discussion probs b jpeg standard paper article ccquiz c jpeg standard d other image compression standard mid semester test basic video compression standard a video compression technique probs b motion compensation same a lecture chapter c method for searching motion vector above discussion ad video coding standard mpeg e object based video coding in mpeg f video coding standard h h h advanced topic in video coding a avc ab b hevc lecture practical problem paper article ccdiscussion project c watermarking d segmentation e streaming error control a error resilience technique data par same a practical problem titioning fec discussion paper article above project b error concealment method c congestion control network layer support a network function to support multime system same a probs b analyzing network traffic in multime above discussion chapter system bc qos d access and core broadband network e content delivery network multimedia networking a internet protocol to support multime same a networking lecture probs above chapter b multimedia application over the net discussion awork c rtp rtcp d audio and video streaming review a review material for the final lecture material after student ccdiscussion b project presentation mid test presentation quiz c discussion d quiz review a review material for the final same a discussion material after student b project presentation above quiz mid test presentation c discussion d quiz final semester test f ppkr,"pengantar multimedia li drew fundamental of multimedia prentice hall nekrich yakov lossless image compression httptheorycsunibonndeyashalimcomplinkshtml diakses september ranjan parekh principle of multimedia tata mcgrawhill education renaldi munir pengolahan citra pendekatan algoritmatik informatika bandung tay vaughan multimedia making it work edisi penerbit andi yogyakarta zenian li and mark s drew fundamental of multimedia upper saddle riverprentice hall ext book mahasiswadiharapkan memahami dasardasar system multimedia text book
a taste of multimedia zenian li mark s drew jiangchuan liu peserta memahami proyek multimedia meliputi multimedia task and concern multimedia presentation data compression multimedia production multimedia sharing and distribution some useful editing and authoring tool audio processing continued textbook slide note more on sampling theorem aliasing audio intensity energy
human auditory system slide notebook human auditory system audio example
audio analysis slide note textbook google colabs for audio analysis uploadrecord audio spectrogram color in image and video fundamental of multimedia zenian li mark s drew jiangchuan liu pemahanan color in image and video sisi scientific prose bekerjanya persamaan matematikanya percobaaan manfaat manusia reproduksi kepentingan system multimedia
data compression basic slide textbook huffman coding fundamental concept invideo fundamental of multimedia penjelasan perkembangan teknologi standard video prose analog video digital video kompresi video
basic of digital audio fundamental of multimedia penjelasan digital audio sampling audio digitization of sound huffman coding contd note slide state diagram for huffman coding arithmetic coding intro
lossless compressionalgorithms fundamental of multimedia penjelasan algoritma kompresi loss review material textbook slide notebook compression audio proc huffmanarithmetic coding sistem multimedia
human visual system slide human visual system temporal masking contrast sensitivity color perception lossy compressionalgorithms fundamental of multimedia algoritma mengitung nilai hilang prose kompresi
image and video quality assessment slide page ivqa mini project description image compression standard fundamental of multimedia standardstandard kompressi image berevolusi kualitas kompresi image dibutuhkan industri digital aplikasinya luas membantu tugastugas kehidiupan seharihari telemedicne dokter pembedahan objek kualitasnya
basicvideo compressiontechniques fundamentas of multimedia teknikteknik video konfrensi dasar bagimana standard video dikembangkan berevolusi menghasilkan image and video fundamental textbook slide note imagevideo acquisition imagevideo perception imagevideo resolution color perception color depth color space
jpeg image compression slide notebook discussion jpeg in video streaming technology medical image processing jpeg compression performance hvs v image quality jpeg compression method in detail emerging digital image compression mpegvideo codingmpeg and fundamental of multimedia perkembangan standard mpeg mempengaruhi kualitas gambar dihasilkan
modern video coding standard hhandh fundamental of multimedia penjelasan standardstandard coding videomodern fiturfiturnya aplikasinya scalable video coding slide textbook note svc svc v mpeg v hevc spatial scalability quality scalability temporal scalability catatan mahasiswa hadir kelas sesuai jadwal dosen menunggu menit kelas
basic audio compression technique fundamental of multimedia penjelasan teknikteknik kompresi audio dasar error concealment notebook spatial error concealment temporal error concealment
presentasi tugas kelompok reference materi pertemuan ivqa svc error resilience mpeg audio compression fundamental of multimedia penjelasan kompresi audio mpeg manfaatnya kehidupan seharihari sistem operasi",0.699404,Aligned
rekayasa perangkat lunak,this section should show the targeted competency topic sub topic specific method of instruction delivery material reference and assessment indicator for each session session targeted competency topic sub topic method reference assignment introduction to software engineering chapter a an overview of software engineering exercise chapter and b introduction to software engineering lecture and chapter page understanding for session guide to body of knowledge discussion exercise swebok ver c software engineering and management chapter page part d application of system engineering requirement engineering a software requirement fundamental exercise chapter b requirement process chapter lecture and chapter and understanding for session c requirement elicitation page discussion swebok ver chapter page d requirement analysis chapter e requirement specification f requirement validation analysis and design software a software design fundamental and key issue exercise chapter lecture chapter b software structure and architecture chapter understanding for session discussion and page c user interface design and swebok ver quiz chapter page d software design quality analysis and chapter evaluation e software design strategy method and it notation software engineering methodology a introduction to software engineering method chapter exercise b plan driven software methodology lecture and chapter and chapter page c modern software methodology understanding for session discussion swebok ver chapter d software life cycle model chapter page e analysis of model and modeling f software management software project planning software project enactment and evaluation software construction and testing a software construction fundamental and management exercise b construction technology chapter chapter c practical consideration in software lecture and chapter understanding for session page construction discussion and swebok ver chapter chapter d software testing fundamental page e software testing level f test technique and it measurement g test process f ppkr rencana pembelajaran semester page syllabus ftk software maintenance and configuration management a software maintenance fundamental and it key issue chapter exercise b maintenance process lecture and chapter and chapter page understanding for session discussion swebok ver chapter c technique for maintenance chapter page d software configuration control e software configuration auditing f software release management and de livery software process and quality exercise a software process definition chapter chapter b software process assessment and im lecture page provement understanding for session discussion and chapter and page c software measurement quiz swebok ver chapter d software quality fundamental chapter page e software quality management pro cesses mid semester test requirement engineering a software requirement fundamental chapter case study and b requirement process chapter and understanding and analytical thinking for session workshop and problem solving c requirement elicitation guide to presentation requirement swebok ver d requirement analysis specification part e requirement specification f requirement validation analysis software chapter case study and understanding and analytical thinking for session workshop and chapter and a software design fundamental and problem solving presentation swebok ver key issue system analysis chapter b software structure and architecture design software chapter a user interface design case study and understanding and analytical thinking for session workshop and chapter b software design quality analysis and problem solving presentation and swebok ver evaluation system design chapter c software design strategy method and it notation software engineering methodology a introduction to software engineering method chapter case study and b plan driven software methodology understanding analytical thinking and workshop and chapter and problem solving c modern software methodology programming skill for session presentation swebok ver architecture design d software life cycle model chapter and building e analysis of model and modeling f software management software project planning software project enactment and evaluation f ppkr rencana pembelajaran semester page syllabus ftk software construction and testing a software construction fundamental and management b construction technology chapter case study and understanding analytical thinking and c practical consideration in software workshop and chapter problem solving programming skill for session construction presentation and swebok ver software testing chapter d software testing fundamental e software testing level f test technique and it measurement g test process software maintenance and configuration management a software maintenance fundamental and it key issue chapter case study and understanding analytical thinking and b maintenance process workshop and chapter and problem solving programming skill for session presentation swebok ver software c technique for maintenance chapter maintenance d software configuration control e software configuration auditing f software release management and de livery software process and quality a software process definition chapter case study and b software process assessment and im understanding analytical thinking and workshop and problem solving provement chapter and programming skill for session presentation software quality c software measurement swebok ver metric d software quality fundamental chapter e software quality management pro cesses final semester test f ppkr,"introduction to software engineering sommerville ian software engineering ed th boston pearson student are able to explain the main concept of software engineering rekayasa perangkat lunak sistem perkuliahan pengertian contoh rekayasa perangkat lunak rpl software enggineering mahasiswa diajarkan penertian contoh produk rekayasa perangkat lunak rekayasa perangkat lunak
rekayasa perangkat lunak software jenis software mahasiswa software jenis software pengembangan software requirement engineering pressman r software engineering practitioner approach edition mcgrawhill sommerville i software engineering th edition addisonwesley student are able to explain the main concept of requirement engineering student are able to explain the functionality of software requirement specification
rekayasa perangkat lunak mahasiswa diajarkan merancang perangkat lunak model perancangan perangkat lunak mahasiswa diajarkan merangcang perangkat lunak dengn madel waterfall software design sommerville i software engineering student are able to translate the software requirement into software design
rekayasa perangkat lunak mahasiswa diajarkan penggunaan tool merancang software mahasiswa diajarkan tool uml merancang software software design pressman r software engineering student are able to create software design description sdd and calculate the main effort based on
coding phase sommerville software engineering student are able to translate design into code rekayasa perangkat lunak tool perancangan perangkat lunak uml sub use case mahasiswa diajarkan merancang rpl uml use case
merancang perangkat lunak uml mahasiswa diajarkan merancang software uml mahasiswa diajarkan merancang software uml merancang sostware aplikasi software construction and testing software maintenance and conf sommerville i software engineering th edition addisonwesley student are able to explain the main role of software construction code student are able to explain the objective of software testing in student are able to explain the main role of software maintenance student are able to explain the main role of software configuration
rekayasa perangkat lunak activity diagram merancang rpl uml activity diagram mahasiswa diajarkan merancang rpl uml activity diagram software quality sommerville software engineering student are able to explain the testing procedure and able to create test plan
rekayasa perangkat lunak merancang perangkat lunak mahasiswa diajarkan merancang perangkat lunak metode berorientasi objeck workshop on software engineering requirement sommerville i software engineering student are able to explain the main method in gathering software requirement
rekayasa perangkat lunak perancangan sistem uml mahasiswa diajarkan merancang sistem uml workshop on software requirement roger pressman software engineering student are able to write a formal software requirement
guest lecture mahasiswa menghadiri guest lecture perancangan sistem menggunaka dfd data flow diagram merancang sistem informasi dfd data flow diagram mahasiswa diajarkan merancang sistem informasi dfd data flow diagram
presentasi sr software engineering student are able to present working progress on documenting software requirement rekayasa perangkat lunak perancangan sistem dfd mahasiswa diajarkan merancang sistem data flow diagram
merancang sisitem rekayasa perangkat lunak dfd merancang sisitem rekayasa perangkat lunak dfd mahasiswa diajarkan merancang sistem dfd workshop on software design ian sommerville software engineering student are able to present the main progress of developing the spftware
rekayasa perangkat lunak merancang system dfd mahasiswa diajarkan merancang sistem dfd workshop on software coding sommerville software engineering student are able to present the working progress of software development coding phase
final presentation sommerville i software engineering student are able to present the final software and it documentation rekayasa perangkat lunak riview riview materi perkuliahan sd menyegarkan ingatan mahasiswa menghadapi sistem basis data",0.69979954,Aligned
sistem digital,this section should show the targeted competency topic sub topic specific method of instruction delivery material reference and assessment indicator for each session session targeted competency topic sub topic method reference assignment a digital system b binary number introduction exercise introduction digital design chapter p c number base conversion lecture discussion p d octal and hexadecimal number a complement b signed binary number lecture exercise c binary code digital system and binary number discussion chapter p p d binary storage and register exercise e binary logic a introduction b basic definition c axiomatic definition of boolean alge lecture exercise bra boolean algebra and logic gate discussion chapter p p d basic theorem and property of exercise boolean algebra e boolean function a canonical and standard form lecture b other logic operation exercise boolean algebra and logic gate discussion chapter p c digital logic gate p assignment d integrated circuit a introduction b the map method lecture exercise c four variable map gate level minimization discussion chapter p p d five variable map exercise e product of sum simplification a dont care condition b nand and nor implementation lecture exercise c other two level implementation gate level minimization discussion chapter p p d exclusive or function assignment e hardware description language f ppkr rencana pembelajaran semester page syllabus tif tif a introduction b combinational circuit c analysis procedure d design procedure e binary adder subtractor f decimal adder lecture exercise combinational logic g binary multiplier chapter p discussion review p h magnitude comparator i decoder j encoders k multiplexer l hdl model of combinational cir cuits mid semester test a introduction b sequential circuit c storage element latch d storage element flip flop lecture e analysis of clocked sequential cir exercise p synchronous sequential logic discussion chapter p cuits exercise f synthesizable hdl model of sequen tial circuit g state reduction and assignment h design procedure a register b shift register lecture c ripple counter exercise p register and counter discussion chapter p d synchronous counter exercise e other counter f hdl for register and counter a introduction b random access memory c memory decoding lecture d error detection and correction exercise p memory and programmable logic discussion chapter p e read only memory assigment f programmable logic array g programmable array logic h sequential programmable device f ppkr rencana pembelajaran semester page syllabus tif tif a introduction b register transfer level rtl nota tion c register transfer level in hdl d algorithmic state machine asms e design example f hdl description of design example lecture exercise p design at the register transfer level discussion chapter p g sequential binary multiplier ecercise h control logic i hdl description of binary multiplier j design with multiplexer k race free design l latch free design m other language feature a introduction b analysis procedure c circuit with latch lecture d design procedure exercise p asynchronous sequential logic discussion chapter p e reduction of state and flow table assigment f race free state assignment g hazard h design example a introduction b special characteristic c bipolar transistor characteristic d rtl and dtl circuit lecture e transistor transistor logic exercise p digital integrated circuit discussion chapter p f emitter coupled logic assignment g metal oxide semiconductor h complementary mo i cmos transmission gate circuit j switch level modeling with hdl a rectangular shape symbol b qualifying symbol c dependency notation lecture exercise p standard graphic symbol d symbol for combinational element chapter p discussion review e symbol for flip flop f symbol for register symbol for counter symbol for ram final semester test f ppkr,"introduction digital design th edition m morris mano michael d ciletti prentice hall digital system binary number numberbase conversion octal and hexadecimal number digital system binary number numberbase conversion octal and hexadecimal number
boolean and de morgan law mano boolean and de morgan law commutative distributive chapter no digital design th edition m morris mano michael d ciletti prentice hall complement signed binary number binary code binary storage and register binary logic
boolean algebra digital design th edition m morris mano michael d ciletti prentice hall introduction basic definition axiomatic definition of boolean algebra basic theorem and property of boolean algebra boolean function pengenalan logic gate digital design th edition m morris mano michael d ciletti prentice hall pengenalan logic gate logic gate not or and logic gate xor xnor nand
chapter no digital design th edition m morris mano michael d ciletti prentice hall canonical and standard form other logic operation digital logic gate integrated circuit complement digital design th edition m morris mano michael d ciletti prentice hall complement s and s complement s and s complement addition and subtraction
gate level minimization digital design th edition m morris mano michael d ciletti prentice hall gate level minimization karnough map two three and four variable video review digital design th edition m morris mano michael d ciletti prentice hall introduction the map method fourvariable map five variable map productofsums simplification
chapter no digital design th edition m morris mano michael d ciletti prentice hall dontcare condition nand and nor implementation other twolevel implementation exclusiveor function hardware description language gate level minimization digital design th edition m morris mano gate level minimization four variable minterm and maxterm
chapter no digital design th edition m morris mano michael d ciletti prentice hall introduction combinational circuit analysis procedure design procedure binary addersubtractor decimal adder binary multiplier magnitude comparator decoder encoders multiplexer hdl model of combinational circuit review ut mano review ut number convertion mathematics operational using complement number boolean and de morgan law karnough map
chapter no digital design th edition m morris mano michael d ciletti prentice hall introduction sequential circuit storage element latch storage element flipflops analysis of clocked sequential circuit synthesizable hdl model of sequential circuit state reduction and assignment synchronous sequential logic digital design th edition m morris mano michael d ciletti prentice hall sequential logic circuitverseorg simulation
combinational logic adder subtractor and multiplier register and counter digital design th edition m morris mano michael d ciletti prentice hall register and counter
memory and programmable logic digital design th edition m morris mano michael d ciletti prentice hall memory and programmable logic sequential logic timing diagram psns diagram and state diagram for flipflops timing diagram psns diagram and state diagram for flipflops
half adder full adder digital design th edition m morris mano michael d ciletti prentice hall half adder full adder using logic gate using verilog code sistem dijital srlatch jklatch dlatch and tlatch digital design th edition m morris mano michael d ciletti prentice hall introduction register transfer level rtl notation register transfer level in hdl algorithmic state machine asms design example hdl description of design example sequential binary multiplier control logic hdl description of binary multiplier design with multiplexer racefree design latchfree design other language feature
chapter no digital design th edition m morris mano michael d ciletti prentice hall introduction analysis procedure circuit with latch design procedure reduction of state and flow table racefree state assignment hazard integrated circuit verilog digital design th edition m morris mano michael d ciletti prentice hall integrated circuit verilog exercise
review for uas digital design th edition m morris mano michael d ciletti prentice hall review for uas digital circuit verilog simplification video review digital design th edition m morris mano michael d ciletti prentice hall introduction special characteristic bipolartransistor characteristic rtl and dtl circuit transistortransistor logic emittercoupled logic metaloxide semiconductor complementary mo cmos transmission gate circuit switchlevel modelling with hdl
sequential logic mano sequential logic jk flip flop wrap ups digital design th edition m morris mano michael d ciletti prentice hall rectangularshape symbol qualifying symbol dependency notation symbol for combinational element symbol for flipflops symbol for register symbol for counter symbol for ram sistem multimedia",0.7038216,Aligned
aljabar linear,session topic sub topic method reference assignment system of linear equation and matrix a system of linear equation b gaussian elimination c matrix and matrix operation d inverse algebraic property of met lecture discussion chapter rice e elementary matrix and method for finding a f more on linear system and invertible matrix system of linear equation and matrix a diagonal triangular and symmetric matrix lecture discussion chapter b matrix transformation c application for linear system d leontief input output model determinant a determinant by cofactor expansion lecture discussion chapter b evaluating determinant by row re duction determinant lecture discussion chapter a property of determinant cramers rule vector and space a vector in space space and n space lecture discussion chapter b norm dot product and distance in n r c the geometry of linear system d cross product f ppkr syllabus ftk rencana pembelajaran semester vector and space a real vector space b subspace c linear independence d coordinate and basis e dimension f change of basis g row space column space and null lecture discussion chapter space h rank nullity and the fundamental matrix space i basic matrix transformation in r and r j property of matrix transformation k application geometry of matrix op erators on r review topic from session to a system of linear equation and ma trice b system of linear equation and ma trice lecture discussion chapter to c determinant d determinant e vector and space f vector and space mid semester test orthogonality n a the scalar product in r lecture discussion chapter b orthogonal subspace c least square problem d inner product space orthogonality a orthonormal set lecture discussion chapter b the gram schmidt orthogonalization process c orthogonal polynomial eigenvalue a eigenvalue and eigenvectors lecture discussion chapter b system of linear differential equa tions c diagonalization eigenvalue a hermitian matrix lecture discussion chapter b the singular value decomposition c quadratic form eigenvalue a positive definite matrix lecture discussion chapter b nonnegative matrix c application differential equation numerical linear algebra a floating point number b gaussian elimination lecture discussion chapter c pivoting strategy d matrix norm and condition number e orthogonal transformation f the eigenvalue problem numerical linear algebra and review topic from session to a least square problem b orthogonality quiz in virtual lecture discussion chapter to c orthogonality class d eigenvalue e eigenvalue f eigenvalue g numerical linear algebra final semester test f ppkr,"sesi matrix and system equation leon sesi matrix and system equation sistem persamaan linear eliminnasi substitusi row echelon reduced row echelon
determinant leon determinant sarrus law cofactor expansion cramers rule
matrix algebra leon matrix algebra
vector space leon vector space
vector space leon vector space null space
linear transformation leon linear transformation transformation d and d rotation d and d
review ut leon review ut
orthogonality leon orthogonality
eigenvalue leon eigenvalue kelas dibubarkan mahasiswa mensilent hp bunyi notifikasi hp kali berbunyi tinggal kelas mensilent hp hp berbunyi kelas dianggap selesai hp berbunyi sesi
numerical algebra leon numerical algebra lu factorization
eigen value eigen vector and eigenspaces leon eigen value eigen vector and eigenspaces
nummerical algebra leon nummerical algebra factoring out the pivot
eigen value and least square problem leon eigen value and least square problem eigenvalue eigenvector three dimension least square
quiz leon quiz analisis perancangan sistem informasi",0.70478016,Aligned
kalkulus 1,targeted session topic sub topic duration material reference assessment indicator competency sesi materi pembelajaran bentuk durasi sumber pembelajaran indikator penilaian kemampuan pembelajaran william l briggs lyle cochran calculus rd ed pearson george b thomas maurice d weir joel r mahasiswa hass thomas calculus th memahami ed pearson education mahasiswa memahami memecahkan topic introduction inc memecahkan materi materi specific sub topic materi menit b h anton i c bivens fungsi fungsi fungsi diskusi menit and s davis calculus late a penjelasan penjelasan fungsi a penjelasan fungsi tugas menit transcendentals john fungsi fungsi b fungsi wiley son inc th ed b fungsi schaums outline of theory and problem of differential and integral calculus third edition frank ayres jr phd and elliott mendelson phd james stewart single variable calculus early transcendentals william l briggs lyle cochran calculus rd ed pearson george b thomas maurice d weir joel r hass thomas calculus th mahasiswa ed pearson education memahami mahasiswa memahami topic sight distance inc memecahkan memecahkan specific sub topic b h anton i c bivens materi menit materi materi fungsi diskusi menit and s davis calculus late fungsi fungsi fungsi trigonometri tugas menit transcendentals john a fungsi c fungsi trigonometri review exercise wiley son inc th ed trigonometri d review exercise b review exercise schaums outline of theory and problem of differential and integral calculus third edition frank ayres jr phd and elliott mendelson phd james stewart single variable calculus early transcendentals william l briggs lyle cochran calculus rd ed pearson george b thomas mahasiswa maurice d weir joel r memahami topic horizontal alignment mahasiswa memahami memecahkan hass thomas calculus th specific sub topic memecahkan materi ed pearson education limit materi limit materi menit inc limit a gambaran a gambaran diskusi menit b h anton i c bivens d gambaran limit limit limit tugas menit and s davis calculus late e definisi limit b definisi limit b definisi limit transcendentals john f teknik menghitung nilai c teknik menghitung c teknik wiley son inc th ed limit nilai limit menghitung nilai limit schaums outline of theory and problem of differential and integral calculus third edition frank ayres jr phd and elliott mendelson phd james stewart single variable calculus early transcendentals william l briggs lyle cochran calculus rd ed pearson george b thomas maurice d weir joel r mahasiswa hass thomas calculus th mahasiswa memahami topic horizontal alignment memahami ed pearson education memecahkan memecahkan specific sub topic materi inc materi menit materi limit limit diskusi menit b h anton i c bivens limit a ketidaktentuan c ketidaktentuan tugas menit and s davis calculus late a ketidaktentuan limit limit transcendentals john limit b limit d limit wiley son inc th ed b limit schaums outline of theory and problem of differential and integral calculus third edition frank ayres jr phd and elliott mendelson phd james stewart single variable calculus early transcendentals william l briggs lyle cochran calculus rd ed pearson george b thomas mahasiswa maurice d weir joel r topic horizontal alignment memahami mahasiswa memahami hass thomas calculus th memecahkan specific sub topic memecahkan ed pearson education materi materi inc limit materi menit limit limit a kontinuitas diskusi menit b h anton i c bivens d kontinuitas a kontinuitas tugas menit and s davis calculus late b precise e precise definition of b precise definition of transcendentals john definition of limit limit wiley son inc th ed limit f review exercise c review exercise c review exercise schaums outline of theory and problem of differential and integral calculus third edition frank ayres jr phd and elliott mendelson phd james stewart single variable calculus early transcendentals william l briggs lyle cochran calculus rd ed pearson mahasiswa topic horizontal alignment george b thomas memahami mahasiswa memahami memecahkan specific sub topic maurice d weir joel r memecahkan materi turunan hass thomas calculus th materi turunan turunan a pengenalan ed pearson education a pengenalan d pengenalan turunan inc materi menit turunan b aturan aturan diskusi menit b h anton i c bivens turunan e aturan aturan turunan tugas menit and s davis calculus late b aturan aturan turunan c peraturan hasil transcendentals john turunan f peraturan hasil pembagian wiley son inc th ed c peraturan hasil pembagian pembagian schaums outline of theory and problem of differential and integral calculus third edition frank ayres jr phd and elliott mendelson phd james stewart single variable calculus early transcendentals william l briggs lyle cochran calculus rd ed pearson george b thomas mahasiswa topic horizontal alignment mahasiswa memahami maurice d weir joel r memahami specific sub topic memecahkan memecahkan hass thomas calculus th turunan materi materi ed pearson education turunan a turunan fungsi turunan inc materi menit d turunan fungsi trigonometri a turunan fungsi diskusi menit b h anton i c bivens trigonometri b turunan nilai trigonometri tugas menit and s davis calculus late e turunan nilai peubah b turunan transcendentals john peubah c aturan rantai nilai peubah wiley son inc th ed f aturan rantai c aturan rantai schaums outline of theory and problem of differential and integral calculus third edition frank ayres jr phd and elliott mendelson phd james stewart single variable calculus early transcendentals mid semester examination william l briggs lyle cochran calculus rd ed mahasiswa pearson memahami mahasiswa memahami topic horizontal alignment george b thomas memecahkan memecahkan specific sub topic maurice d weir joel r materi materi turunan hass thomas calculus th materi menit turunan turunan implicit differentiation diskusi menit ed pearson education a implicit d implicit differentiation related rate tugas menit inc differentiation e related rate review exercise b h anton i c bivens b related rate f review exercise and s davis calculus late c review exercise transcendentals john wiley son inc th ed schaums outline of theory and problem of differential and integral calculus third edition frank ayres jr phd and elliott mendelson phd james stewart single variable calculus early transcendentals william l briggs lyle cochran calculus rd ed pearson george b thomas mahasiswa maurice d weir joel r memahami hass thomas calculus th memecahkan topic vertical alignment mahasiswa memahami ed pearson education materi specific sub topic memecahkan inc penerapan fungsi penerapan fungsi turunan materi b h anton i c bivens turunan materi menit penerapan fungsi turunan nilai minimum a nilai minimum diskusi menit and s davis calculus late a nilai minimum maksimum tugas menit transcendentals john maksimum maksimum what derivative tell wiley son inc th ed b what b what derivative tell u u derivative tell c fungsi grafis fungsi grafis schaums outline of u theory and problem of c fungsi grafis differential and integral calculus third edition frank ayres jr phd and elliott mendelson phd james stewart single variable calculus early transcendentals william l briggs lyle cochran calculus rd ed pearson mahasiswa george b thomas memahami maurice d weir joel r memecahkan hass thomas calculus th mahasiswa memahami materi topic vertical alignment ed pearson education memecahkan penerapan fungsi specific sub topic inc materi penerapan fungsi turunan turunan materi menit b h anton i c bivens penerapan fungsi turunan a optimasi diskusi menit and s davis calculus late a optimasi optimasi pendekatan linier tugas menit transcendentals john b pendekatan linier diferensial wiley son inc th ed b pendekatan diferensial linier teori nilai mutlak c teori nilai mutlak schaums outline of diferensial theory and problem of c teori nilai differential and integral mutlak calculus third edition frank ayres jr phd and elliott mendelson phd james stewart single variable calculus early transcendentals william l briggs lyle cochran calculus rd ed pearson george b thomas maurice d weir joel r mahasiswa topic vertical alignment hass thomas calculus th memahami specific sub topic mahasiswa memahami memecahkan ed pearson education memecahkan mahasiswa memahami materi materi memecahkan inc materi menit penerapan fungsi penerapan fungsi turunan materi diskusi menit b h anton i c bivens turunan penerapan fungsi turunan a dalil lhopitals tugas menit and s davis calculus late a dalil lhopitals a dalil lhopitals b anti derivatif transcendentals john b anti derivatif b anti derivatif c review exercise wiley son inc th ed c review exercise review exercise schaums outline of theory and problem of differential and integral calculus third edition frank ayres jr phd and elliott mendelson phd james stewart single variable calculus early transcendentals william l briggs lyle cochran calculus rd ed pearson george b thomas mahasiswa maurice d weir joel r memahami hass thomas calculus th mahasiswa memahami memecahkan topic vertical alignment ed pearson education memecahkan materi specific sub topic materi inc integrasi integrasi integrasi b h anton i c bivens a menghitung materi menit a menghitung luas area a menghitung luas area diskusi menit and s davis calculus late luas area dibawah kurva dibawah kurva tugas menit transcendentals john dibawah kurva b integral b integral wiley son inc th ed b integral teorema fundamental c teorema fundamental c teorema kalkulus kalkulus schaums outline of fundamental theory and problem of kalkulus differential and integral calculus third edition frank ayres jr phd and elliott mendelson phd james stewart single variable calculus early transcendentals william l briggs lyle cochran calculus rd ed pearson george b thomas maurice d weir joel r hass thomas calculus th ed pearson education inc mahasiswa b h anton i c bivens memahami mahasiswa memahami memecahkan and s davis calculus late memecahkan integrasi materi materi materi menit transcendentals john a integral integrasi integrasi diskusi menit wiley son inc th ed a b aturan subtitusi a integral tugas menit review exercise integral b aturan subtitusi schaums outline of b aturan subtitusi c review exercise theory and problem of c review exercise differential and integral calculus third edition frank ayres jr phd and elliott mendelson phd james stewart single variable calculus early transcendentals william l briggs lyle cochran calculus rd ed pearson george b thomas maurice d weir joel r hass thomas calculus th ed pearson education inc b h anton i c bivens and s davis calculus late materi menit transcendentals john review all topic review diskusi menit wiley son inc th ed all indicator tugas menit schaums outline of theory and problem of differential and integral calculus third edition frank ayres jr phd and elliott mendelson phd james stewart single variable calculus early transcendentals final examination,"a penjelasan fungsi b fungsi c sistem bilangan d bilangan kompleks william l briggs lyle cochran calculus rd ed pearson george b thomas maurice d weir joel r hass thomas calculus th ed pearson education inc b h anton i c bivens and s davis calculus late transcendentals john wiley son inc th ed a penjelasan fungsi b fungsi c sistem bilangan d bilangan kompleks
function textbook slidesnotes openstax text function definition difference between function and relation test for function function characteristic
function continued william l briggs lyle cochran calculus rd ed pearson george b thomas maurice d weir joel r hass thomas calculus th ed pearson education inc b h anton i c bivens and s davis calculus late transcendentals john wiley son inc th ed a gambaran function b definisi function c teknik menghitung nilai function
fungsi komposit william l briggs lyle cochran calculus rd ed pearson george b thomas maurice d weir joel r hass thomas calculus th ed pearson education inc b h anton i c bivens and s davis calculus late transcendentals john wiley son inc th ed definisi fungsi komposit domain range fungsi komposit contoh
a kontinuitasb precise definition of limitsc review exercise william l briggs lyle cochran calculus rd ed pearson george b thomas maurice d weir joel r hass thomas calculus th ed pearson education inc b h anton i c bivens and s davis calculus late transcendentals john wiley son inc th ed a kontinuitasb precise definition of limitsc review exercise
a pengenalan terhadao turunanb aturanaturan turunanc peraturan hasil pembagian william l briggs lyle cochran calculus rd ed pearson george b thomas maurice d weir joel r hass thomas calculus th ed pearson education inc b h anton i c bivens and s davis calculus late transcendentals john wiley son inc th ed a pengenalan terhadao turunanb aturanaturan turunanc peraturan hasil pembagian
a turunan fungsi trigonometrib turunan nilai peubahc aturan rantai william l briggs lyle cochran calculus rd ed pearson george b thomas maurice d weir joel r hass thomas calculus th ed pearson education inc b h anton i c bivens and s davis calculus late transcendentals john wiley son inc th ed a turunan fungsi trigonometrib turunan nilai peubahc aturan rantai
application of derivative william l briggs lyle cochran calculus rd ed pearson george b thomas maurice d weir joel r hass thomas calculus th ed pearson education inc b h anton i c bivens and s davis calculus late transcendentals john wiley son inc th ed review midtest application of derivative mean value theorem monotonicity minmax problem
a implicit differentiationb related ratesc review exercise william l briggs lyle cochran calculus rd ed pearson george b thomas maurice d weir joel r hass thomas calculus th ed pearson education inc b h anton i c bivens and s davis calculus late transcendentals john wiley son inc th ed a implicit differentiationb related ratesc review exercise
application of derivative quiz quiz on applicaitons of derivative
fundamental theorem of calculus part and slide note textbook primitive function indefinite integral exercise
basic integration principle william l briggs lyle cochran calculus rd ed pearson george b thomas maurice d weir joel r hass thomas calculus th ed pearson education inc b h anton i c bivens and s davis calculus late transcendentals john wiley son inc th ed integral a area concept riemann sum exercise kalkulus i
a menghitung luas area kurvab integral tertentuc teorema fundamental kalkulus william l briggs lyle cochran calculus rd ed pearson george b thomas maurice d weir joel r hass thomas calculus th ed pearson education inc b h anton i c bivens and s davis calculus late transcendentals john wiley son inc th ed a menghitung luas area kurvab integral tertentuc teorema fundamental kalkulus c teknik integral
integral technique and application note slide integral with parsial fraction expansion using integral to calculate volume keamanan teknologi informasi",0.7090318,Aligned
manajemen jaringan,session topic sub topic method reference assignment computer system data communication and network management overview a introduction b computer system life cycle c distributed computing environment d tcpip based network internet and intranet e communication protocol and stan dard chapter f network system and service sec to sec lecture discussion g network management goal organi chapter zation and function sec to sec h network management architecture and organization i network management perspective j nm platform k shared hosting data center shdc l large enterprise m network service provider n history of system management planning and implementation computer sys tem and review of information network tech nology a requirement b evaluating computer system chapter c planning to satisfy requirement ieee paper lecture discussion sec d implementation reconstruction chapter sec e network topology f local area network lan g network node component h wide area network i transmission technology f ppkr syllabus tif rencana pembelajaran semester operation management and standard model and language a operation center b management data c manager agent protocol d management information structure e device agent structure chapter f management application structure ieee paper lecture discussion sec discussion g operation center function chapter sec h network management standard i network management model j information and communication mod el k abstract syntax notation one asn l encoding structure and macro m functional model discovery and snmpv organization and in formation model a discovery approach b discovery of specific type of it in frastructure chapter c storing discovered information acm paper lecture discussion sec d history of snmp management reconstruction chapter sec e internet organization and standard f snmp model g organization model h system overview i information model monitoring and snmpv communication and functional model a monitored information b generic model for monitoring chapter acm paper lecture discussion sec c data collection discussion chapter sec d pre db data processing e management database f snmp communication model g functional model fault management and snmpv a fault management architecture b fault diagnosis algorithm c self healing system d avoiding failure chapter e major change in snmpv ieee paper lecture discussion sec f snmpv system architecture reconstruction chapter sec g snmpv structure of management in formation h snmpv management information base i snmpv protocol j compatiblity with snmpv configuration management and snmpv a configuration management overview b configuration setting c configuration discovery and change control d configuration management applica tions e patch management chapter ieee paper lecture discussion sec f snmpv key feature discussion chapter sec g snmpv documentation architecture h architecure i snmpv application j snmpv management information base k security l snmpv user based security model m access control mid semester test f ppkr syllabus tif rencana pembelajaran semester performance and accounting management snmp management rmon a need for operation time performance management b approach for performance manage ment chapter c performance monitoring and report acm paper lecture discussion sec ing reconstruction chapter sec d performance trouble shooting e capacity planning f accounting management g what is remote monitoring h rmon smi and mib i rmon and rmon security management network manage ment tool system and engineering a general technique b security management for personal computer c security management for server d security management for computer chapter acm paper network lecture discussion sec discussion chapter sec e operational issue f system utility for management g network statistic measurement sys tems h mib engineering i nm design j network management system advanced topic and network management application a process management b helpdesk system c web web and management chapter d configuration management sec ieee paper lecture discussion e performance management chapter reconstruction f event correlation technique sec g security management h accounting management i report management j policy based management k service level management broadband network management wan a broadband network and service b atm technology chapter ieee paper lecture discussion c atm network management sec discussion d mpls network technology e mpls oam management f optical and man feeder network broadband network management wired and optical access network a broadband access network b broadband access technology c cable modem technology d cable access network management chapter acm paper lecture discussion e docsis standard sec reconstruction f dsl access network g asymmetric digital subscriber line h adsl management i adsl adsl and vdsl j passive optical network and manage ment broadband wireless access network and broadband home network a basic principle b fixed broadband wireless access net work c mobile wireless network chapter acm paper lecture discussion d home networking technology chapter discussion e wired home distribution network f ethernet management g wireless home distribution network h ieee wifi network i ieee network management f ppkr syllabus tif rencana pembelajaran semester advanced management topic a introduction b early web based development c corba based network management technology lecture discussion chapter quiz in class d xml based network management technology e comparison of management technolo gy f recent network management related standard final semester test f ppkr,"data communication and network management overview subramanian mani network management principle and practice addison wesley telecommunication overview data communication overview evolution of converged network desktop processor and lan technology clientserver architecture in networking internet and intranet network communication protocol osi and internet s
review of information network and technology subramanian mani network management principle and practice network component and technology to be managed network topology lan and wan wired lan topology bus ring star and hybrid hub wireless lan wan topology mesh and tree fixed and mobile wireless network fiber network ethernet lan physical medium and mac protocol and mbps and gbps ethernet lan switched and duplex ethernet lan virtual lan tokenring lan fddi network component bridge router gateway circuit switching and packet switching transmission technology transmission medium wired and wireless transmission mode multiplexing tdm and wdm sonet and sdh multimedia network and service
basic foundation standard model and language subramanian mani network management principle and practice standard model and language needed for network management network model osi internet tmn ieee webbased management communication protocol snmp cmip xml corba asn language syntax macro basic encoding rule management application function manajemen jaringan
snmpv network management organization and information mo subramanian mani network management principle and practice ietf snmp standard history rfc std and fyi organization model and tier model manager and agent management message structure of management information smi object type and instance scalar and aggregate managed object management information base mib nm physical and virtual database ietf mib standard
snmpv network management communication and functional m subramanian mani network management principle and practice communication model administrative and message administrative structure communitybased model access policy mib view message pdu snmp protocol specification snmp operation snmp mib snmp functional model
snmp management snmpv subramanian mani network managemen principle and practice communitybased security snmpv enhancement additional message formalization of smi getbulk request and informationrequest snmp mib modification incompatibility with snmpv proxy server bilingual manager
snmp management snmpv subramanian mani network management principle and practice snmpv feature documentation architecture formalized snmp architecture security snmp engine id and name for network entity snmpv application and primitive snmp architecture integrates the three snmp version message processing module dispatcher module future enhancement capability user security model usm derived from user id and password authentication privacy message timeliness viewbased access control model vacm configure set of mib view for agent with context family of subtrees in mib view vacm process
snmp management rmon subramanian mani network management principle and practice remote network monitoring rmon rmon monitoring ethernet lan and tokenring lan rmon monitoring upper protocol layer generates and sends statistic close to subnetworks to central nm rmon mib for rmon group object manajemen jaringan
telecommunication management network subramanian mani network management principle and practice telecommunication management network tmn concept of operation support system os tmn conceptual model includes customer service provider network operation support system osss system operator tmn standard and documentation tmn architecture functional physical informational tmn service management architecture network element element management network management service management business management tmn service management operation administration maintenance provisioning oamp tmn implementation methodology omnipoint etom
network management tool system and engineering subramanian mani network management principle and practice status monitoring tool traffic monitoring tool route monitoring tool
network management system design subramanian mani network management principle and practice functional requirement scalability heterogeneity geographic spread bursty load realtime response batch processing diverse user local and remote management ease of use security data management manajemen jaringan
network management application subramanian mani network management principle and practice network management and system management network management configuration fault performance security accounting configuration management configuration management servicenetwork provisioning inventory management fault management fault detection and isolation correlation technique for root cause analysis performance management performance metric data monitoring problem isolation performance statistic security management security policy and procedure security threat firewall cryptography key algorithm authentication and authorization scheme secure message transfer method accounting management report management
broadband network management wan subramanian mani network management principle and practice broadband wan segment ip ha been dealt with earlier atm mpls optical and man feeder network atm virtual pathvirtual circuit vpvc operation realtime and nonrealtime function for broadband service atm a public and private switched network emulated lan configuration atm management m m m and m interface atm digital exchange interface management
broadband network management wan part ii subramanian mani network management principle and practice mpls possesses rich feature of ip and good performance of atm basic principle of label switching label switched path lsp traffic engineering mpls oam service level management mpls mib mpls te mib mpls example optical and man feeder network sonetbased man sonet transport hierarchy sdh and dwdm network sdh management wdm management matematika diskrit",0.74801314,Aligned
interaksi manusia dan komputer,this section should show the targeted competency topic sub topic specific method of instruction delivery material reference and assessment indicator for each session session targeted competency topic sub topic method reference assignment introduction to human computer interaction hci and usability chapter a introduction to hci understanding and analytical thinking for session lecture and chapter b usability measure exercise pp discussion chapter and c usability motivation page d universal usability and goal for pro fession introduction to human computer interaction hci understanding and analytical thinking for session lecture and chapter and exercise pp a theory of hci discussion step b guideline related to design c principle related to design interface development process managing de sign process a organizational design to support u chapter ability understanding and analytical thinking for session lecture and chapter exercise pp b the four pillar of design discussion part page c development methodology d social impact statement for early de sign review and legal issue e interface development process interaction style a direct manipulation and virtual en chapter understanding and analytical thinking for session lecture and vironments and menu selection form chapter discussion fill in and dialog box page b task related menu organization and content organization interaction device and command and natu ral language a command organization functional understanding and analytical thinking for session ity strategy and structure lecture and chapter and exercise pp discussion and step b natural language in computing c interaction device keyboard and keypad pointing device speech and auditory interface and display collaboration and social medium participation chapter and understanding and analytical thinking for session lecture and a goal of collaboration and participa chapter and exercise pp discussion tion b asynchronous distributed interface f ppkr rencana pembelajaran semester page syllabus tif design issue chapter and understanding and analytical thinking for session a model of response time impact lecture and chapter discussion b balancing function and fashion and step c online versus paper documentation mid semester test user experience ux a introduction to ux some definition understanding and analytical thinking for session lecture and exercise pp b user center versus value centered de and discussion and sign c ux design output d mental v concept model design thinking understanding and analytical thinking for session lecture and a introduction to design thinking pro and exercise pp discussion cess b design thinking methodology workshop understanding and analytical thinking for session workshop and exercise pp a need finding b idea workshop chapter understanding and analytical thinking for session workshop chapter and exercise pp a storyboard step b mockup design workshop chapter understanding and analytical thinking for session workshop chapter and exercise pp a storyboard step b mockup design workshop understanding and analytical thinking for session workshop and a prototyping b usability testing or uxem project presentation and discussion understanding and analytical thinking for session presentation and a presentation discussion b discussion final semester test f ppkr,"introduction to human computer interaction hci and usability shneiderman b designing the user interface strategy for effective humancomputer interaction th ed addison wesley student are able to explain the main concept of hci and usability
review bahasan presentasi tugas dix alan etal humancomputer interaction rd edition pearsonprentice hall human computer interaction usability task analysis design prototyping dialog interaction design sharp et al interaction design beyond humancomputer interaction fifth edition student are able to explain the main concept of interaction design
introduction to human computer interaction hci hci theory guideline and principle shneiderman b designing the user interface strategy for effective humancomputer interaction addison wesley student are able to explain the main concept regarding to theory guideline and principle in designing interactive design product prinsip usability human computer interaction dix alan pearson prentice hall memahami prinsip usability desain prose kemampuan manusia
presentation interaction design galitz the essential guide to user interface design new yorkwiley student are able to explain the main concept of interaction design including it application theory principle and guideline task analysis dix alan etal humancomputer interaction rd edition pearsonprentice hall task analysis begin by defining any of the user problem a scenario and concludes with creating a task flow that outline the journey from problem to solution
design dix alan etal humancomputer interaction rd edition pearsonprentice hall humancomputer interactionhci design humancomputer interaction design is a multidisciplinary field that put emphasis on the interaction between a computer and a human it about ensuring the smooth interaction between a human and a computer system by ensuring that the computer system are userfriendly and efficient interaction style interaction device and command and natural language shneiderman b designing the user interface strategy for effective humancomputer interaction addison wesley student are able to explain the main concept of interaction style and it device for creating direct manipulation and using virtual environment and others type of environment such a menu selection form fillin and dialog box
collaboration and social medium participation shneiderman bdesigning the user interface strategy for effective humancomputer interaction addison wesley student are able to explain the main interface for collaboration and social medium participation prototyping dix alan etal humancomputer interaction rd edition pearsonprentice hall prototyping in humancomputer interaction hci refers to the process of creating a simplified preliminary version of a digital product or system to gather feedback and test design concept prototyping is an essential step in the iterative design process allowing designer and developer to quickly explore idea refine interaction and validate design decision before investing in fullscale development interaksi manusia komputer
dialog dix alan etal humancomputer interaction rd edition pearsonprentice hall dialog design play an important role in the interaction between the user and the system it provides way through which user can input their data receive feedback and navigate throughout the system effective dialog design is important for providing a great user experience and ensuring efficient conversation between the user and the system model of response time impact expectation and attitude user productivity galitz the essential guide to user interface design student are able to explain the main concept of model of response time impact expectation and attitude user productivity
penanganan kesalahan helpdokumentasi dix alan etal humancomputer interaction rd edition pearsonprentice hall bantuan dokumentasi kognitif model presentasi error message backus naur form hirarchical teask analysis error message help documentation task action grammar user experience shneiderman b designing the user interface strategy for effective humancomputer interaction th ed addison wesley lai e law c measurability and predictability of user experience ux student are able to explain some of the key concept of ux a follow specific subtopic introduction to ux some definition usercenter versus valuecentered design ux design output mental v concept model specific subtopic ux model and evaluation reference and
cscw ubiquitous computing dix alan etal humancomputer interaction rd edition pearsonprentice hall defined a the study of people collaborating together using computerbased tool such a groupware across various academic discipline like computer science and psychology design thinking mllerroterberg christian handbook of design thinking available at httpswwwresearchgatenetpublicationhandbookofdesignthinking student are able to explain the main concept of design thinking process and it methodology
design thinking mllerroterberg christian handbook of design thinking available at httpswwwresearchgatenetpublicationhandbookofdesignthinking student are able to explain the main concept of design thinking evaluasi dix alan etal humancomputer interaction rd edition pearsonprentice hall evaluasi technique evaluasi pengenalan evaluasi empiris perancangan eksperimen hipotesa variabel rancangan paradigma
website dix alan etal humancomputer interaction rd edition pearsonprentice hall website is the collection of web page different multimedia content such a text image and video which can be accessed by the url which you can see in the address bar of the browser workshop needfindings dam r f siang t y stage in design thinking process available httpswwwinteractiondesignorgliteraturearticlestagesinthedesignthinkingprocess mllerroterberg christian handbook of design thinking available at httpswwwresearchgatenetpublicationhandbookofdesignthinking student are able to apply their understanding of the first step in design thinking
visualisasi informasi alan dix talis temple row birmingham b l uk university of birmingham school of computer science birmingham uk dix alan etal humancomputer interaction rd edition pearsonprentice hall information visualisation visualisation make data easier to understand through direct sensory experience usually visual a opposed to more linguisticlogical reasoning workshop define dam r f siang t y stage in design thinking process available httpswwwinteractiondesignorgliteraturearticlestagesinthedesignthinkingprocess mller christian handbook of design thinking available at httpswwwresearchgatenetpublicationhandbookofdesignthinking student are able to practice design thinking process empathy and define
audio and agent dix alan etal humancomputer interaction rd edition pearsonprentice hall shneiderman ben catherine plaisant designing the user interface strategy for effective humancomputer interaction th edition pearson addisonwesley an agent is anything that can be viewed a perceiving it environment through sensor and acting upon that environment through actuator final presentation mllerroterberg christian handbook of design thinking available at httpswwwresearchgatenetpublicationhandbookofdesignthinking by implementing design thinking student are able to present the final product
review bahasan presentasi tugas dix alan etal humancomputer interaction rd edition pearsonprentice hall analysis human computer interaction user interface analysis evaluasi website cscw ubiquitous computing interaksi manusia komputer workshop ideate prototyping and usability testing prototype test dam r f siang t y stage in design thinking process available httpswwwinteractiondesignorgliteraturearticlestagesinthedesignthinkingprocess mllerroterberg christian handbook of design thinking available at httpswwwresearchgatenetpublicationhandbookofdesignthinking student are able to generate idea create prototype and test the product interpersonal skill",0.7778947,Aligned
routing protocols and concepts,targeted session topic sub topic duration material reference assessment indicator competency sesi materi pembelajaran bentuk durasi sumber pembelajaran indikator penilaian kemampuan pembelajaran topic basic device configuration and switching concept specific sub topic introduction to basic device configuration the student have basic ccna version configure switch with the student will be able to knowledge regarding classroom course module switching initial setting explain basic knowledge basic device material including routing and wireless configure switch port regarding basic device configuration and discussion hour essential v srwe secure remote access configuration and switching http contenthubnetacadc switching concept basic router configuration concept omsrwe chapter and slo and slo verify directly connected network introduction to switching concept frame forwarding collision and broadcast domain form of instruction targeted session topic sub topic duration material reference assessment indicator competency sesi materi pembelajaran bentuk durasi sumber pembelajaran indikator penilaian kemampuan pembelajaran topic single area ospfv configuration specific sub topic introduction to vlan overview of vlans vlans in multi switched environment ccna version the student have basic vlan configuration the student will be able to module switching knowledge regarding vlan trunk classroom course explain basic knowledge routing and wireless dynamic trunking protocol vlan and inter vlan material including essential v srwe regarding vlan and inter introduction to inter vlan routing slo and slo discussion hour http contenthubnetacadc routing vlan routing inter vlan routing omsrwe chapter and operation router on a stick inter vlan routing inter vlan routing using layer switch troubleshoot inter vlan routing form of instruction targeted session topic sub topic duration material reference assessment indicator competency sesi materi pembelajaran bentuk durasi sumber pembelajaran indikator penilaian kemampuan pembelajaran topic spanning tree protocol ccna version module the student have basic stp concept switching routing and classroom course the student will be able to knowledge regarding specific sub topic material including wireless essential v explain basic knowledge spanning tree protocol introduction to stp discussion hour srwe spanning tree protocol stp stp concept slo purpose of stp concept lab activity hour http contenthubnetacadcom and slo stp operation srwe chapter evolution of stp topic etherchannel specific sub topic ccna version introduction to classroom course the student have basic module switching the student will be able to etherchannel knowledge regarding material including routing and wireless explain regarding etherchannel slo etherchannel operation discussion hour essential v srwe etherchannel and it important and slo configure etherchannel http contenthubnetacadc role in networking lab activity hour omsrwe chapter verify and troubleshoot etherchannel form of instruction targeted session topic sub topic duration material reference assessment indicator competency sesi materi pembelajaran bentuk durasi sumber pembelajaran indikator penilaian kemampuan pembelajaran topic dhcpv ccna version specific sub topic module switching the student will be able to classroom course the student have basic introduction to dhcpv routing and wireless explain regarding dhcpv knowledge regarding material including dhcpv concept essential v and it configuration for dhcpv slo and discussion hour configure a cisco isp srwe assigning dynamic ipv slo lab activity hour http contenthubnetacadc address to subnetwork dhcpv server omsrwe chapter configure a dhcpv client topic slaac and dhcpv ccna version specific sub topic module switching introduction to slaac and classroom course the student have basic the student will be able to routing and wireless knowledge regarding dhcpv material including explain regarding slaac essential v slaac and dhcpv ipv gua assignment discussion hour and dhcpv including it srwe slo and slo slaac lab activity hour important role in the network http contenthubnetacadc dhcpv omsrwe chapter configure dhcpv server form of instruction targeted session topic sub topic duration material reference assessment indicator competency sesi materi pembelajaran bentuk durasi sumber pembelajaran indikator penilaian kemampuan pembelajaran topic fhrp concept and quiz before mid term examination specific sub topic introduction to fhrp concept first hop redundancy protocol ccna version the student have basic hsrp classroom course module switching knowledge regarding subnetting the network material discussion fhrp concept and routing and wireless the student will be able to problem set doing the classroom hour essential v have knowledge of fhrp link state dynamic quiz before midterm srwe concept quiz in class hour routing problem set examination slo and http contenthubnetacadc lab activity hour distance vector dynamic slo omsrwe chapter routing problem set etherchannel and hsrp problem set designing the network topology problem set technique to fulfill network requirement problem set mid semester examination form of instruction targeted session topic sub topic duration material reference assessment indicator competency sesi materi pembelajaran bentuk durasi sumber pembelajaran indikator penilaian kemampuan pembelajaran topic lan security concept ccna version specific sub topic module switching introduction to lan classroom course the student have basic routing and wireless the student will be able to security concept skill regarding lan material including endpoint security essential v explain regarding lan security concept slo discussion hour access control srwe security concept and slo lab activity hour layer security threat http contenthubnetacadc mac address table attack omsrwe chapter lan attack topic switch security configuration ccna version specific sub topic module switching the student have basic classroom course introduction to switch knowledge regarding routing and wireless the student will be able to material including security configuration switch security essential v explain regarding switch implement port security discussion hour configuration slo srwe security configuration mitigate vlan attack lab activity hour and slo http contenthubnetacadc mitigate dhcp attack omsrwe chapter mitigate arp attack mitigate stp attack form of instruction targeted session topic sub topic duration material reference assessment indicator competency sesi materi pembelajaran bentuk durasi sumber pembelajaran indikator penilaian kemampuan pembelajaran topic wlan concept ccna version specific sub topic module switching introduction to wireless classroom course the student have basic wlan component routing and wireless the student will have basic knowledge regarding material including wlan operation essential v knowledge regarding wlan wlan concept slo discussion hour capwap operation srwe concept and slo lab activity hour channel management http contenthubnetacadc wlan threat omsrwe chapter secure wlan topic wlan configuration specific sub topic introduction ccna version remote site wlan module switching classroom course the student have basic configuration routing and wireless the student will have basic knowledge regarding configure a basic wlan material including essential v knowledge regarding wlan wlan configuration on the wlc discussion hour srwe configuration slo and slo configure a lab activity hour http contenthubnetacadc wpaenterprise wlan omsrwe chapter on the wlc troubleshoot wlan issue classroom course the student have basic topic routing concept ccna version the student will have basic knowledge regarding specific sub topic material including module switching knowledge regarding routing routing concept slo introduction to routing discussion hour routing and wireless concept and slo concept essential v lab activity hour form of instruction targeted session topic sub topic duration material reference assessment indicator competency sesi materi pembelajaran bentuk durasi sumber pembelajaran indikator penilaian kemampuan pembelajaran path determination srwe packet forwarding http contenthubnetacadc basic router configuration omsrwe chapter review ip routing table static and dynamic routing topic ip static routing specific sub topic introduction to ip static ccna version routing module switching classroom course the student have basic static route routing and wireless the student will have basic knowledge regarding configure ip static route material including essential v knowledge regarding ip static ip static routing slo configure ip default static discussion hour srwe routing and slo route lab activity hour http contenthubnetacadc configure floating static omsrwe chapter route configure static host route topic static and default route ccna version the student will have the specific sub topic the student have the classroom course module switching knowledge regarding static knowledge regarding introduction material discussion routing and wireless and default route static and default packet processing with hour essential v srwe the student will train their route doing quiz in static route http contenthubnetacadc skill and knowledge in quiz in class hour class before final troubleshoot ipv static omsrwe chapter and answering the given problem lab activity hour examination and default route to set in quiz configuration lan security problem set form of instruction targeted session topic sub topic duration material reference assessment indicator competency sesi materi pembelajaran bentuk durasi sumber pembelajaran indikator penilaian kemampuan pembelajaran switch security problem set wlan problem set ip static routing problem set final examination,"basic device configuration and switching concept ccna v the student have basic knowledge regarding basic device configuration and switching concept ccna version module switching routing and wireless essential v ensa httpscontenthubnetacadcomsrwe introduction to basic device configuration configure switch with initial setting configure switch port secure remote access basic router configuration verify directly connected network introduction to switching concept frame forwarding collision and broadcast domain
singlearea ospfv configuration and vlan and intervlan routing chapter and ccna v srwe the student will be able to explain basic knowledge regarding vlan and intervlan routing vlan and intervlan routing ccna version module switching routing and wireless essential v srwe httpscontenthubnetacadcomsrwe chapter and introduction to vlan overview of vlans vlans in multiswitched environment vlan configuration vlan trunk dynamic trunking protocol introduction to intervlan routing intervlan routing operation routeronastick intervlan routing intervlan routing using layer switch troubleshoot intervlan routing
spanning tree protocol stp concept ccna version module switching routing and wireless essential v srwe httpscontenthubnetacadcomsrwe chapter introduction to stp purpose of stp stp operation evolution of stp module stp concept ccna v srwe the student have basic knowledge regarding spanning tree protocol stp concept
chapter ether channel ccna v srwe the student have basic knowledge of ether channel routing protocol and concept etherchannel ccna version module switching routing and wireless essential v srwe httpscontenthubnetacadcomsrwe chapter introduction to etherchannel etherchannel operation configure etherchannel verify and troubleshoot etherchannel
chapter dhcpv ccna v srwe the student have basic knowledge of dhcpv dhcpv ccna version module switching routing and wireless essential v srwe httpscontenthubnetacadcomsrwe chapter introduction to dhcpv dhcpv concept configure a cisco isp dhcpv server configure a dhcpv client
slaac and dhcpv ccna v srwe the student have basic knowledge regarding slaac and dhcpv ccna version module switching routing and wireless essential v srwe httpscontenthubnetacadcomsrwe chapter introduction to slaac and dhcpv ipv gua assignment slaac dhcpv configure dhcpv server
fhrp concept ccna v srwe the student have basic knowledge of fhrp concept fhrp concept and quiz before mid term examination ccna version module switching routing and wireless essential v srwe httpscontenthubnetacadcomsrwe chapter introduction to fhrp concept first hop redundancy protocol hsrp subnetting the network problem set link state dynamic routing problem set distance vector dynamic routing problem set etherchannel and hsrp problem set designing the network topology problem set technique to fulfill network requirement problem set
lan security concept ccna v srwe the student have basic skill regarding lan security concept ccna version module switching routing and wireless essential v srwe httpscontenthubnetacadcomsrwe chapter introduction to lan security concept endpoint security access control layer security threat mac address table attack lan attack
switch security configuration ccna v srwe the student have basic knowledge regarding switch security configuration ccna version module switching routing and wireless essential v srwe httpscontenthubnetacadcomsrwe chapter introduction to switch security configuration implement port security mitigate vlan attack mitigate dhcp attack mitigate arp attack mitigate stp attack
wlan concept ccna v srwe the student have basic knowledge regarding wlan concept ccna version module switching routing and wireless essential v srwe httpscontenthubnetacadcomsrwe chapter introduction to wireless wlan component wlan operation capwap operation channel management wlan threat secure wlan
wlan configuration ccna version module switching routing and wireless essential v srwe httpscontenthubnetacadcomsrwe chapter introduction remote site wlan configuration configure a basic wlan on the wlc configure a wpaenterprise wlan on the wlc troubleshoot wlan issue wlan configuration ccna v srwe the student have basic knowledge regarding wlan configuration
routing concept ccna version module switching routing and wireless essential v srwe chapter introduction to routing concept path determination packet forwarding basic router configuration review ip routing table static and dynamic routing routing concept ccna v srwe the student have basic knowledge regarding routing concept
troubleshoot static and default route ccna version module switching routing and wireless essential v srwe httpscontenthubnetacadcomsrwe chapter and to introduction packet processing with static route troubleshoot ipv static and default route configuration lan security problem set switch security problem set wlan problem set ip static routing problem set static routing ccna v srwe the student have basic knowledge regarding ip static routing routing protocol and concept
ip static routing ccna version module switching routing and wireless essential v srwe httpscontenthubnetacadcomsrwe chapter introduction to ip static routing static route configure ip static route configure ip default static route configure floating static route configure static host route static and default route ccna v srwe the student have the knowledge regarding static and default route sirkuit elektronik",0.7869155,Aligned
lan and wireless,session topic sub topic method reference assignment f ppkr syllabus ftk tif w rencana pembelajaran semester networking today basic switch and end device configuration a introduction to networking today b network affect our life c network component d network representation and topolo gy e common type of network f internet connection g reliable network h network trend exam chapter i network security lecture discussion chapter to and assignment j the it professional k introduction of basic switch and end device configuration l cisco io access m io navigation n the command structure o basic device configuration p save configuration q port and address r configure ip addressing s verify connectivity protocol and model physical layer a introduction of protocol and model b the rule c protocol d protocol suite e standard organization f reference model exam chapter g data encapsulation lecture discussion chapter to and assignment h data access i introduction to physical layer j purpose of the physical layer k physical layer characteristic l copper cabling m utp cabling n fiber optic cabling o wireless medium number system data link layer a introduction to number system b binary number system exam chapter c hexadecimal number system lecture discussion chapter to and assignment d introduction to data link layer st lab session e purpose of the data link layer f topology g data link frame ethernet switching a introduction to ethernet switching exam chapter b ethernet frame lecture discussion chapter assignment nd c ethernet mac address lab session d the mac address table e switch speed and forwarding meth od network layer a introduction to network layer b network layer characteristic exam chapter lecture discussion chapter assignment rd c ipv packet lab session d ipv packet e how a host route f router routing table address resolution a introduction to address resolution exam chapter lecture discussion chapter assignment th b mac and ip lab session c arp d ipv neighbor discovery basic router configuration and quiz before midterm examination exam chapter a introduction to basic router configu chapter assignment quiz ration lecture discussion to in class th lab b configure initial router setting session c configure interface d configure the default gateway mid semester test f ppkr syllabus ftk tif w rencana pembelajaran semester ipv addressing a introduction to ipv addressing b ipv address structure c ipv unicast broadcast and multicast d type of ipv address exam chapter lecture discussion chapter assignment th e network segmentation lab session f subnet an ipv network g subnetting a and a prefix h subnetting to meet requirement i variable length subnet mask vlsm j structured design ipv addressing a introduction to ipv addressing b ipv issue c ipv address representation exam chapter d ipv address type lecture discussion chapter assignment th e gua and lla static configuration lab session f dynamic addressing for ipv guas g dynamic addressing for ipv llas h ipv multicast address i subnet in ipv network icmp exam chapter a introduction to icmp lecture discussion chapter assignment th b icmp message lab session c ping and traceroute test transport layer a introduction to transport layer b transportation of data c tcp overview exam chapter lecture discussion chapter assignment th d udp overview lab session e port number f tcp communication process g reliability and flow control h udp communication application layer a introduction to application layer b application presentation and session exam chapter lecture discussion chapter assignment th c peer to peer lab session d web and email protocol e ip addressing service f file sharing service network security fundamental a introduction to network security fun damentals exam chapter b security threat and vulnerability lecture discussion chapter assignment th lab session c network attack d network attack mitigation e device security build a small network quiz in class before final examination a introduction to build a small network b device in a small network exam chapter c small network application and pro chapter assignment quiz tocols lecture discussion to in class th lab d scale to larger network session e verify connectivity f host and io command g troubleshooting methodology h troubleshooting scenario final semester test f ppkr,"networking today basic switch and end device configuration ccna version module introduction to network v itn hhttpswwwnetacadcomcoursesccnaintroductionnetworkscourselang enusdeliverytypeinstructorled chapter introduction to networking today network affect our life network component network representation and topology common type of network internet connection reliable network network trend network security the it professional introduction of basic switch and end device configuration cisco io access io navigation
protocol and model physical layer ccna version module introduction to network v itn httpswwwnetacadcomcoursesccnaintroductionnetworkscourselangenusdeliverytypeinstructorled introduction of protocol and model the rule protocol protocol suite standard organization reference model data encapsulation data access introduction to physical layer purpose of the physical layer physical layer characteristic copper cabling utp cabling fiberoptic cabling wireless medium
number system and data link layer ccna version module introduction to network v itn httpswwwnetacadcomcoursesccnaintroductionnetworkscourselangenusdeliverytypeinstructorled chapter introduction to number system binary number system hexadecimal number system introduction to data link layer purpose of the data link layer topology data link frame
ethernet switching ccna version module introduction to network v itn httpswwwnetacadcomcoursesccnaintroductionnetworkscourselangen usdeliverytypeinstructorled chapter introduction to ethernet switching ethernet frame ethernet mac address the mac address table switch speed and forwarding method
network layer ccna version module introduction to network v itn ttpswwwnetacadcomcoursesccnaintroductionnetworkscourselangenusdeliverytypeinstructorled chapter introduction to network layer network layer characteristic ipv packet ipv packet how a host route router routing table lan and wireless
address resolution ccna version module introduction to network v itn httpswwwnetacadcomcoursesccnaintroductionnetworkscourselangenusdeliverytypeinstructorled chapter introduction to address resolution mac and ip arp ipv neighbour discovery
basic router configuration and quiz before mid term examination ccna version module introduction to network v itn httpswwwnetacadcomcoursesccnaintroductionnetworkscourselangenusdeliverytypeinstructorled chapter introduction to basic router configuration configure initial router setting configure interface configure the default gateway
ipv addressing ccna version module introduction to network v itn httpswwwnetacadcomcoursesccnaintroductionnetworkscourselangenusdeliverytypeinstructorled chapter introduction to ipv addressing ipv address structure ipv unicast broadcast and multicast type of ipv address network segmentation subnet an ipv network subnetting a and a prefix subnetting to meet requirement variable length subnet mask vlsm structured design
ipv addressing ccna version module introduction to network v itn httpswwwnetacadcomcoursesccnaintroductionnetworkscourselangenusdeliverytypeinstructorled chapter introduction to ipv addressing ipv issue ipv address representation ipv address type gua and lla static configuration dynamic addressing for ipv guas dynamic addressing for ipv llas ipv multicast address
icmp ccna version module introduction to network v itn httpswwwnetacadcomcoursesccnaintroductionnetworkscourselangenusdeliverytypeinstructorled chapter introduction to icmp icmp message ping and traceroute test
transport layer ccna version module introduction to network v itn httpswwwnetacadcomcoursesccnaintroductionnetworkscourselangenusdeliverytypeinstructorled chapter introduction to transport layer transportation of data tcp overview udp overview port number tcp communication process reliability and flow control udp communication
application layer ccna version module introduction to network v itn httpswwwnetacadcomcoursesccnaintroductionnetworks courselangenusdeliverytypeinstructorled chapter introduction to application layer application presentation and session peertopeer web and email protocol ip addressing service file sharing service
network security fundamental ccna version module introduction to network v itn httpswwwnetacadcomcoursesccnaintroductionnetworkscourselangenusdeliverytypeinstructorled chapter introduction to network security fundamental security threat and vulnerability network attack network attack mitigation device security
build a small network ccna version module introduction to network v itnhttpswwwnetacadcomcoursesccnaintroductionnetworkscourselangensdeliverytypeinstructorled chapter introduction to build a small network device in a small network small network application and protocol scale to larger network verify connectivity host and io command troubleshooting methodology troubleshooting scenario manajemen jaringan",0.80904007,Aligned
it security,targeted session topic sub topic duration material reference assessment indicator competency sesi materi pembelajaran bentuk durasi sumber pembelajaran indikator penilaian kemampuan pembelajaran topic overview specific sub topic overview of computer security concept william stalling lawrie threat attack and asset brown computer security functional the student have basic security principle and requirement practice nd ed pearson knowledge regarding a security architecture for education limited overview of computer open system virtual classroom the student will be able to chapter computer security trend security technology course material explain basic knowledge william stalling computer security strategy and principle including discussion regarding overview of confidentiality with cryptography and cryptographic tool hour computer security technology symmetric encryption network security threat vulnerability and principle message authentication principle and practice landscape slo and and hash function th edition pearson slo public key encryption education inc digital signature and key chapter management random and pseudorandom number practical application encryption of stored data form of instruction targeted session topic sub topic duration material reference assessment indicator competency sesi materi pembelajaran bentuk durasi sumber pembelajaran indikator penilaian kemampuan pembelajaran what is privacy anonymity and pseudonymity security vulnerability threat and adversary threat modeling and risk assessment security v privacy v anonymity can we have it all defense in depth the zero trust model topic user authentication william stalling lawrie access control database brown computer security security principle and specific sub topic practice nd ed pearson mean of authentication the student have basic education limited password based the student will be able to knowledge regarding virtual classroom chapter authentication explain basic knowledge user authentication course material william stalling token based regarding user authentication access control including discussion cryptography and authentication access control database database securityslo biometric authentication hour network security security and slo remote user principle and practice th edition pearson authentication security issue for user education inc authentication chapter practical application an iris biometric system form of instruction targeted session topic sub topic duration material reference assessment indicator competency sesi materi pembelajaran bentuk durasi sumber pembelajaran indikator penilaian kemampuan pembelajaran case study security problem for atm system access control principle subject object and access right discretionary access control example unix file access control role based access control rbac case study rbac system for a bank the need for database security database management system relational database database access control inference statistical database database encryption cloud security form of instruction targeted session topic sub topic duration material reference assessment indicator competency sesi materi pembelajaran bentuk durasi sumber pembelajaran indikator penilaian kemampuan pembelajaran topic malicious software denial of service attack specific sub topic type of malicious software propagation infected content virus propagation vulnerability exploit worm propagation social william stalling lawrie engineering spam e mail brown computer the student have basic trojan security principle and knowledge regarding payload system corruption virtual classroom practice nd ed pearson the student will be able to payload attack agent malicious software course material education limited explain basic knowledge zombie bot denial of service including discussion chapter regarding malicious software payload information theft nathan house the denial of service attack attack slo and hour keyloggers phishing complete cyber security slo spyware course volume payload stealthing stationx chapter backdoor rootkits countermeasure malware virus rootkits and rat security bug and vulnerability the vulnerability landscape spyware adware scareware pup and browser hijacking form of instruction targeted session topic sub topic duration material reference assessment indicator competency sesi materi pembelajaran bentuk durasi sumber pembelajaran indikator penilaian kemampuan pembelajaran what is phishing vishing and smshing spamming and doxing denial of service attack flooding attack distributed denial of service attack application based bandwidth attack reflector and amplifier attack defense against denial of service attack responding to a denial of service attack topic intrusion detection firewall and intrusion prevention system william stalling lawrie specific sub topic the student have basic brown computer intruder virtual classroom knowledge regarding the student will be able to security principle and intrusion detection course material intrusion detection explain regarding intrusion practice nd ed pearson firewall and intrusion host based intrusion including discussion detection firewall and education limited prevention system intrusion prevention system detection hour chapter slo and slo distribution host based intrusion detection network based intrusion detection form of instruction targeted session topic sub topic duration material reference assessment indicator competency sesi materi pembelajaran bentuk durasi sumber pembelajaran indikator penilaian kemampuan pembelajaran distributed adaptive intrusion detection intrusion detection exchange format honeypot example system snort the need for firewall firewall characteristic type of firewall firewall basing firewall location and configuration intrusion prevention system example unified threat management product form of instruction targeted session topic sub topic duration material reference assessment indicator competency sesi materi pembelajaran bentuk durasi sumber pembelajaran indikator penilaian kemampuan pembelajaran topic buffer overflow software security and operating system security specific sub topic stack overflow defending against buffer overflow other form of overflow attack software security issue william stalling lawrie the student have basic handling program input knowledge regarding brown computer the student will be able to virtual classroom writing safe program code buffer overflow security principle and explain regarding buffer course material software security and interacting with the practice nd ed pearson overflow software security including discussion operating system operating system and education limited and operating system hour security slo and security chapter other program slo handling program output introduction to operating system security system security planning operating system hardening application security security maintenance linuxunix security window security form of instruction targeted session topic sub topic duration material reference assessment indicator competency sesi materi pembelajaran bentuk durasi sumber pembelajaran indikator penilaian kemampuan pembelajaran virtualization security the bell lapadula model for computer security other formal model for computer security the concept of trusted system application of multilevel security trusted computing and the trusted platform module common criterion for information technology security evaluation assurance and evaluation form of instruction targeted session topic sub topic duration material reference assessment indicator competency sesi materi pembelajaran bentuk durasi sumber pembelajaran indikator penilaian kemampuan pembelajaran topic it security management risk assessment it security control plan procedure physical infrastructure security information security governance specific sub topic william stalling lawrie the student have basic it security management brown computer knowledge regarding organizational context and security principle and the student will be able to it security management practice nd ed pearson explain regarding it security security policy risk assessment it virtual classroom education limited management risk security risk assessment security control plan course material chapter assessment it security procedure detailed security risk including discussion isaca certified control plan procedure physical analysis hour information security physical infrastructure infrastructure security case study silver star security information manager cism information security mine security governance review manual governanceslo and it security management isaca press slo implementation chapter security control or safeguard it security plan implementation of control implementation follow up overview of infrastructure security form of instruction targeted session topic sub topic duration material reference assessment indicator competency sesi materi pembelajaran bentuk durasi sumber pembelajaran indikator penilaian kemampuan pembelajaran physical security threat physical security prevention and mitigation measure recovery from physical security breach example a corporate physical security policy integration of physical and logical security effective information security governance information security governance metric developing an information security strategy action plan to implement information security strategy form of instruction targeted session topic sub topic duration material reference assessment indicator competency sesi materi pembelajaran bentuk durasi sumber pembelajaran indikator penilaian kemampuan pembelajaran topic human resource security security auditing legal ethical aspect information risk management and compliance specific sub topic security awareness training and education william stalling lawrie employment practice and brown computer the student have basic security principle and knowledge regarding policy practice nd ed pearson human resource e mail and internet use the student will be able to virtual classroom education limited security security have knowledge of human policy auditing legal course material chapter resource security security computer security incident ethical aspect discussion hour isaca certified auditing legal ethical response team information risk aspect information risk information security security auditing management and management and compliance manager cism architecture complianceslo and review manual slo the security audit trail isaca press implementing the logging chapter function audit trail analysis example an integrated approach cybercrime and computer crime intellectual property form of instruction targeted session topic sub topic duration material reference assessment indicator competency sesi materi pembelajaran bentuk durasi sumber pembelajaran indikator penilaian kemampuan pembelajaran privacy ethical issue information risk management strategy information risk assessment information resource valuation recovery time objective integration with life cycle process information risk monitoring and communication information security training awareness and documentation mid semester examination william stalling lawrie the student have basic the student will be able to topic information security brown computer knowledge regarding explain regarding program development and virtual classroom security principle and information security information security program management information course material program development practice nd ed pearson development and and management security incident management including discussion education limited management information information security chapter security incident management symmetric encryption and hour incident management william stalling symmetric encryption and message confidentiality symmetric encryption message confidentiality cryptography and form of instruction targeted session topic sub topic duration material reference assessment indicator competency sesi materi pembelajaran bentuk durasi sumber pembelajaran indikator penilaian kemampuan pembelajaran and message classical encryption network security classical encryption confidentiality principle and practice technique technique classical encryption th edition pearson specific sub topic technique slo and education inc information security slo chapter program management isaca certified overview objective concept and scope information security information security manager cism management framework review manual and it component isaca press defining an information chapter security program road nathan house the map complete cyber security information security course volume infrastructure and stationx chapter architecture security program management service operational and administrative activity information security program control and countermeasure information security program metric monitoring and it common challenge form of instruction targeted session topic sub topic duration material reference assessment indicator competency sesi materi pembelajaran bentuk durasi sumber pembelajaran indikator penilaian kemampuan pembelajaran information security incident response procedure human resource related to information security information security incident management resource developing an incident response plan business continuity and disaster recovery procedure post incident activity and investigation symmetric encryption and principle asymmetric encryption data encryption standard de example it strength advanced encryption standard stream cipher and rc cipher block mode of operation location of symmetric encryption device key distribution form of instruction targeted session topic sub topic duration material reference assessment indicator competency sesi materi pembelajaran bentuk durasi sumber pembelajaran indikator penilaian kemampuan pembelajaran symmetric cipher model substitution technique transposition technique rotor machine steganography topic block cipher and the data encryption standard basic concept in number theory and finite field advanced encryption standard specific sub topic the student have basic block cipher principle knowledge regarding differential and linear william stalling the student will be able to block cipher and the cryptanalysis cryptography and explain regarding block virtual classroom data encryption block cipher design network security cipher and the data course material standard basic principle principle and practice encryption standard basic concept in number including discussion divisibility and the th edition pearson concept in number theory theory and finite field hour division algorithm and finite field advanced education inc advanced encryption the euclidean algorithm encryption standard chapter standard slo and modular arithmetic slo group ring and field finite field of the form gfp polynomial arithmetic finite field of the form gf aes structure form of instruction targeted session topic sub topic duration material reference assessment indicator competency sesi materi pembelajaran bentuk durasi sumber pembelajaran indikator penilaian kemampuan pembelajaran aes transformation function aes key expansion example and implementation topic public key william stalling lawrie cryptography and message brown computer authentication public key security principle and cryptography and rsa other practice nd ed pearson public key cryptosystems education limited the student have basic specific sub topic chapter knowledge regarding the student will have basic public key secure hash function william stalling knowledge regarding public virtual classroom cryptography and hmac cryptography and key cryptography and message authentication the rsa public key course material network security message authentication public key encryption algorithm including discussion principle and practice public key cryptography and cryptography and rsa diffie hellman and other th edition pearson hour rsa other public key other public key asymmetric algorithm education inc cryptosystems cryptosystems slo principle of public key chapter and slo cryptosystems nathan house the the rsa algorithm complete cyber security diffie hellman key course volume exchange stationx chapter el gamal cryptographic system form of instruction targeted session topic sub topic duration material reference assessment indicator competency sesi materi pembelajaran bentuk durasi sumber pembelajaran indikator penilaian kemampuan pembelajaran elliptic curve arithmetic elliptic curve cryptography pseudorandom number generation based on an asymmetric cipher digital signature topic cryptographic hash function message authentication code specific sub topic william stalling application of cryptography and the student have basic cryptographic hash virtual classroom the student will have basic knowledge regarding network security function course material knowledge regarding cryptographic hash principle and practice two simple hash including discussion cryptographic hash function message th edition pearson function function message hour authentication code education inc requirement and authentication code slo and slo chapter security hash function based on cipher block chaining secure hash algorithm sha form of instruction targeted session topic sub topic duration material reference assessment indicator competency sesi materi pembelajaran bentuk durasi sumber pembelajaran indikator penilaian kemampuan pembelajaran sha message authentication requirement message authentication function requirement for message authentication code security of mac mac based on hash function hmac mac based on block cipher daa and cmac authenticated encryption ccm and gcm pseudorandom number generation using hash function and mac william stalling lawrie the student have basic topic internet security brown computer knowledge regarding the student will have basic virtual classroom protocol and standard security principle and internet security knowledge regarding internet course material transport level security protocol and standard practice nd ed pearson security protocol and including discussion electronic mail security transport level education limited standard transport level specific sub topic hour security electronic chapter security electronic mail secure e mail and smime mail security slo william stalling security domainkeys identified mail and slo cryptography and form of instruction targeted session topic sub topic duration material reference assessment indicator competency sesi materi pembelajaran bentuk durasi sumber pembelajaran indikator penilaian kemampuan pembelajaran secure socket layer ssl network security and transport layer principle and practice security tl th edition pearson http education inc ipv and ipv security chapter web security cosiderations secure shell ssh pretty good privacy topic internet authentication william stalling lawrie application ip security brown computer specific sub topic security principle and kerberos practice nd ed pearson x education limited the student have basic public key infrastructure virtual classroom knowledge regarding chapter the student will have basic federated identity course material internet authentication william stalling knowledge regarding internet management including discussion application ip cryptography and authentication application ip security overview hour security slo and ip security policy network security ip security slo encapsulating security principle and practice payload th edition pearson combining security education inc association chapter internet key exchange cryptographic suite virtual classroom the student have the topic wireless network william stalling lawrie the student will have the course material knowledge regarding security brown computer knowledge regarding wireless wireless network specific sub topic including discussion security principle and network security security wireless security overview hour practice nd ed pearson form of instruction targeted session topic sub topic duration material reference assessment indicator competency sesi materi pembelajaran bentuk durasi sumber pembelajaran indikator penilaian kemampuan pembelajaran ieee wireless lan education limited overview chapter ieee i wireless lan william stalling security cryptography and wireless application network security protocol overview principle and practice wireless transport layer th edition pearson security education inc wap end to end security chapter final examination,"overview of computer security technology and principle cryptographic tool threat vulnerability landscape william stalling lawrie brown computer security principle and practice nd ed pearson education limited william stalling cryptography and network security principle and practice th edition pearson education inc isaca certified information security manager cism review manual isaca press nathan house the complete cyber security course volume stationx overview of computer security concept threat attack and asset security functional requirement a security architecture for open system computer security trend computer security strategy confidentiality with symmetric encryption message authentication and hash function publickey encryption digital signature and key management random and pseudorandom number practical application encryption of stored data
user authentication access control database security william stalling lawrie brown computer security principle and practice nd ed pearson education limited chapter william stalling cryptography and network security principle and practice th edition pearson education inc chapter mean of authentication passwordbased authentication tokenbased authentication biometric authentication remote user authentication security issue for user authentication practical application an iris biometric system case study security problem for atm system access control principle subject object and access right discretionary access control example unix file access control rolebased access control rbac case study rbac system for a bank the need for database security database management system relational database database access control inference statistical database database encryption cloud security
malicious software denialofservice attack william stalling lawrie brown computer security principle and practice nd ed pearson education limited chapter nathan house the complete cyber security course volume stationx chapter type of malicious software propagationinfected contentviruses propagationvulnerability exploitworms propagationsocial engineeringspam email trojan payloadsystem corruption payloadattack agentzombie bot payloadinformation theftkeyloggers phishing spyware payloadstealthingbackdoors rootkits countermeasure malware virus rootkits and rat security bug and vulnerability the vulnerability landscape spyware adware scareware pup and browser hijacking what is phishing vishing and smshing spamming and doxing denialofservice attack flooding attack distributed denialofservice attack applicationbased bandwidth attack reflector and amplifier attack defense against denialof service attack responding to a denialofservice attack keamanan teknologi informasi
intrusion detection firewall and intrusion prevention system william stalling lawrie brown computer security principle and practice nd ed pearson education limited chapter intruder intrusion detection hostbased intrusion detection distribution hostbased intrusion detection networkbased intrusion detection distributed adaptive intrusion detection intrusion detection exchange format honeypot example system snort the need for firewall firewall characteristic type of firewall firewall basing firewall location and configuration intrusion prevention system example unified threat management product
buffer overflow software security and operating system security william stalling lawrie brown computer security principle and practice nd ed pearson education limited chapter stack overflow defending against buffer overflow other form of overflow attack software security issue handling program input writing safe program code interacting with the operating system and other program handling program output introduction to operating system security system security planning operating system hardening application security security maintenance linuxunix security window security virtualization security the belllapadula model for computer security other formal model for computer security the concept of trusted system application of multilevel security trusted computing and the trusted platform module common criterion for information technology security evaluation assurance and evaluation
it security management risk assessment it security control plan procedure physical infrastructure security information security governance william stalling lawrie brown computer security principle and practice nd ed pearson education limited chapter isaca certified information security manager cism review manual isaca press chapter it security management organizational context and security policy security risk assessment detailed security risk analysis case study silver star mine it security management implementation security control or safeguard it security plan implementation of control implementation followup overview of infrastructure security physical security threat physical security prevention and mitigation measure recovery from physical security breach example a corporate physical security policy integration of physical and logical security effective information security governance information security governance metric developing an information security strategy action plan to implement information security strategy keamanan teknologi informasi
human resource security security auditing legal ethical aspect information risk management and compliance william stalling lawrie brown computer security principle and practice nd ed pearson education limited chapter isaca certified information security manager cism review manual isaca press chapter security awareness training and education employment practice and policy email and internet use policy computer security incident response team security auditing architecture the security audit trail implementing the logging function audit trail analysis example an integrated approach cybercrime and computer crime intellectual property privacy ethical issue information risk management strategy information risk assessment information resource valuation recovery time objective integration with life cycle process information risk monitoring and communication information security training awareness and documentation
information security program development and management information security incident management symmetric encryption and message confidentiality william stalling lawrie brown computer security principle and practice nd ed pearson education limited chapter william stalling cryptography and network security principle and practice th edition pearson education inc chapter information security program management overview objective concept and scope information security management framework and it component defining an information security program road map information security infrastructure and architecture security program management service operational and administrative activity
block cipher and the data encryption standard basic concept in number theory and finite field advanced encryption standard william stalling cryptography and network security principle and practice th edition pearson education inc chapter block cipher principle differential and linear cryptanalysis block cipher design principle divisibility and the division algorithm the euclidean algorithm modular arithmetic group ring and field finite field of the form gfp polynomial arithmetic finite field of the form gf aes structure aes transformation function aes key expansion example and implementation
public key cryptography and message authentication public key cryptography and rsa other publickey cryptosystem william stalling lawrie brown computer security principle and practice nd ed pearson education limited chapter william stalling cryptography and network security principle and practice th edition pearson education inc chapter nathan house the complete cyber security course volume stationx chapter secure hash function hmac the rsa publickey encryption algorithm diffiehellman and other asymmetric algorithm principle of publickey cryptosystems the rsa algorithm diffiehellman key exchange el gamal cryptographic system elliptic curve arithmetic elliptic curve cryptography pseudorandom number generation based on an asymmetric cipher digital signature
cryptographic hash function message authentication code william stalling cryptography and network security principle and practice th edition pearson education inc chapter application of cryptographic hash function two simple hash function requirement and security hash function based on cipher block chaining secure hash algorithm sha sha message authentication requirement message authentication function requirement for message authentication code security of mac mac based on hash function hmac mac based on block cipher daa and cmac authenticated encryption ccm and gcm pseudorandom number generation using hash function and mac keamanan teknologi informasi
internet security protocol and standard transportlevel security electronic mail security william stalling lawrie brown computer security principle and practice nd ed pearson education limited chapter william stalling cryptography and network security principle and practice th edition pearson education inc chapter secure email and smime domainkeys identified mail secure socket layer ssl and transport layer security tl http ipv and ipv security web security cosiderations secure shell ssh pretty good privacy
internet authentication application ip security william stalling lawrie brown computer security principle and practice nd ed pearson education limited chapter william stalling cryptography and network security principle and practice th edition pearson education inc chapter kerberos x publickey infrastructure federated identity management ip security overview ip security policy encapsulating security payload combining security association internet key exchange cryptographic suite
wireless network security william stalling lawrie brown computer security principle and practice nd ed pearson education limited chapter william stalling cryptography and network security principle and practice th edition pearson education inc chapter wireless security overview ieee wireless lan overview ieee i wireless lan security wireless application protocol overview wireless transport layer security wap endtoend security kewirausahaan berbasis teknologi",0.82727784,Aligned
