course_code,course_name,combined_course_text,cleaned_text,embedding,preprocessed_course_text,detected_verbs,course_bloom_levels_detected,predicted_skill_category,hard_probability_,soft_probability_
FTK101,Algoritma & Pemrograman,"Deskripsi Mata Kuliah Mata kuliah ini bertujuan untuk memberikan pengetahuan dan keterampilan kepada mahasiswa tentang bagaimana merancang logika pemrograman komputer dalam konvensi struktural dengan menggunakan algoritma dan implementasi praktisnya dalam bentuk diagram alur tujuan kursus setelah menyelesaikan kursus, siswa harus dapat kursus ini menggunakan pendekatan independen bahasa untuk mengajarkan konsep pemrograman dan keterampilan pemecahan masalah, tanpa mengasumsikan pengalaman pemrograman sebelumnya. menerapkan diagram alur untuk menunjukkan kompetensi keterampilan pemecahan masalah. memahami topik dasar seperti tipe data, variabel, input, output, struktur kontrol, modul, fungsi, array, dan file yang dibahas serta konsep berorientasi objek, pengembangan gui, dan pemrograman berbasis peristiwa. metode pengajaran pengajaran di kelas terdiri dari ceramah dan pemecahan masalah praktis, dilengkapi dengan alat bantu visual yang dirancang untuk membantu siswa agar berhasil mencapai tujuan pembelajaran kursus.",deskripsi mata kuliah mata kuliah bertujuan pengetahuan keterampilan mahasiswa merancang logika pemrograman komputer konvensi struktural algoritma implementasi praktisnya bentuk diagram alur tujuan kursus menyelesaikan kursus siswa kursus pendekatan independen bahasa mengajarkan konsep pemrograman keterampilan pemecahan mengasumsikan pengalaman pemrograman menerapkan diagram alur kompetensi keterampilan pemecahan memahami topik dasar tipe data variabel input output struktur kontrol modul fungsi array file dibahas konsep berorientasi objek pengembangan gui pemrograman berbasis peristiwa metode pengajaran pengajaran kelas ceramah pemecahan praktis dilengkapi alat bantu visual dirancang membantu siswa berhasil mencapai tujuan pembelajaran kursus,"[-4.21310142e-02  6.93500787e-02 -1.31341904e-01 -9.55270082e-02
 -1.78890675e-01 -1.23689368e-01  6.41603842e-02  1.77801892e-01
 -7.29446188e-02  3.12192924e-02  8.40613618e-02  5.79107702e-02
  1.80456549e-01 -1.11990243e-01 -4.02917247e-03 -8.87724906e-02
  9.02146176e-02  1.38743818e-01 -1.03770923e-02 -1.66157335e-01
  6.60366714e-02 -7.77139217e-02  1.83076914e-02  7.02448189e-02
 -2.95803428e-01  1.47579536e-01  2.02210665e-01 -1.29430428e-01
  2.03828201e-01 -1.65609747e-01  2.56269462e-02  2.64736384e-01
  2.59616554e-01  1.00101165e-01 -2.89596885e-01  1.85495481e-01
 -8.95152614e-03  1.29235119e-01 -2.02662662e-01  3.20275463e-02
 -6.50897622e-02  1.18560567e-01  2.33135343e-01  5.66740185e-02
  1.03413858e-01 -1.65222675e-01 -6.26707226e-02 -1.72393724e-01
 -1.39245898e-01 -2.63899624e-01 -2.60264575e-01 -4.76055890e-02
 -6.04301319e-02 -1.69998139e-01  6.52673766e-02  1.91418514e-01
  4.00918841e-01  1.80867757e-03 -2.24740952e-01 -1.84666459e-02
 -2.76348516e-02 -7.27982745e-02  1.20315127e-01  1.67025417e-01
  1.39965311e-01  8.22975338e-02  1.36847422e-01  3.59094799e-01
  5.81169352e-02 -1.06655650e-01 -1.92702621e-01  1.05172828e-01
  9.93040279e-02  1.01473793e-01  1.21270999e-01 -5.99007402e-03
 -8.87484401e-02 -5.98888323e-02  1.57566383e-01 -6.38935715e-02
  1.70347206e-02 -8.76393318e-02  4.12487164e-02  5.42707518e-02
  5.25066219e-02  8.70676637e-02 -6.15601912e-02 -9.00718756e-03
 -7.47490600e-02 -5.67068644e-02  9.75232646e-02 -9.54727232e-02
 -1.59200177e-01 -8.43640696e-03  1.70227606e-03 -8.01372826e-02
  1.28324389e-01 -2.06747204e-01  3.01476642e-02  4.50981855e-01
 -1.48661405e-01 -1.20838478e-01  6.68214560e-02 -1.05336428e-01
  1.33096814e-01 -7.36941695e-02  2.87186891e-01 -2.32974261e-01
 -7.12482333e-02 -1.08740985e-01  3.86044718e-02  8.97329822e-02
  3.56383659e-02 -1.16616189e-01 -2.96069495e-03  3.79735902e-02
  2.02322215e-01 -3.39007601e-02  4.90763634e-02  1.49411894e-02
 -2.87011731e-02  1.60897188e-02  2.82546468e-02  1.41427085e-01
  6.15974702e-02 -3.63804370e-01 -1.84984356e-01 -3.42090912e-02
 -1.79728523e-01 -2.12881863e-01  1.34508945e-02  1.21091651e-02
  1.19338542e-01 -4.89705708e-03  1.74233019e-01 -1.51212528e-01
 -9.11756698e-03 -8.45985767e-03  3.52923200e-02  2.98554227e-02
  6.35668412e-02  2.26063758e-01  1.31484360e-01 -1.20918509e-02
 -1.59855142e-01  1.52733341e-01 -4.80734743e-05 -5.02012260e-02
  2.28458002e-01  1.65055320e-01  5.85772470e-02 -1.32179052e-01
  9.60788783e-03  4.83202515e-03  6.97817355e-02  8.09216201e-02
  8.36847536e-03 -9.47965682e-02 -1.06120091e-02 -1.79262057e-01
 -2.00024128e-01  2.98980594e-01 -2.81237215e-02 -3.15354429e-02
 -6.87081590e-02  5.70513196e-02  1.73317403e-01 -1.82608366e-01
  1.12514168e-01  3.57304215e-02  1.62917823e-01 -5.58157638e-02
 -1.94703657e-02  3.69372964e-02  1.35382354e-01 -4.89443764e-02
 -4.62098904e-02 -1.49525538e-01  1.55775212e-02 -2.89180055e-02
  4.20877486e-01 -1.84602290e-01  1.57952547e-01 -1.17667139e-01
 -8.45955983e-02 -1.47073150e-01 -1.29699344e-02  5.54953404e-02
 -2.86665082e-01  1.62680089e-01 -1.45322531e-01  3.21405418e-02
 -4.26898152e-02 -2.32534096e-01 -3.39916766e-01 -3.79667580e-01
  4.71266657e-01 -3.31379205e-01 -2.96254933e-01 -2.15680860e-02
 -3.04280221e-01  2.14402363e-01 -2.38064691e-01 -2.36842502e-02
 -1.98790863e-01 -2.29621917e-01 -4.38158214e-02  1.40719339e-01
 -2.79411599e-02  2.09673017e-01  5.54110594e-02  1.47372082e-01
 -1.95206121e-01 -2.91007906e-02  1.28221169e-01  2.72504073e-02
  5.23127243e-02 -8.38834345e-02 -1.09096825e-01 -7.94497728e-02
  6.89723343e-02 -3.59008871e-02  2.06990659e-01 -1.37454286e-01
 -1.15926661e-01  2.55389120e-02 -4.06645238e-01  1.15179708e-02
  1.24441378e-01 -1.71975970e-01 -1.41444467e-02 -1.70950726e-01
  1.64981559e-02 -1.59341499e-01 -1.77092820e-01 -5.22765964e-02
 -1.29762471e-01  5.90967499e-02  1.21628352e-01 -6.61130697e-02
  1.10079959e-01 -1.17987238e-01 -9.32643563e-02 -1.18825600e-01
 -1.08688794e-01  7.62464851e-02 -4.28103238e-01 -3.10599864e-01
  2.07399130e-01 -9.12961550e-03  4.63686176e-02  5.58102392e-02
 -1.77272167e-02  6.98694438e-02  2.51173396e-02 -9.39026102e-02
  8.60497821e-03  1.82070598e-01 -1.43564999e-01 -7.87825696e-03
  1.72789827e-01 -5.04386127e-02 -6.27989843e-02  2.39714891e-01
 -2.95025762e-02 -1.34447368e-03 -1.01180457e-01  6.14292882e-02
 -8.10010210e-02  8.21026042e-02 -2.00336888e-01  7.72415474e-02
  1.67753652e-01 -1.90788321e-02 -5.34240007e-02 -1.00405999e-01
  2.11954951e-01 -3.01382482e-01 -9.09980200e-03  1.34068364e-02
  1.04113761e-02  3.01878266e-02  1.25336364e-01 -4.86822650e-02
  1.49754584e-01 -4.55015860e-02  1.51132822e-01  5.52103929e-02
 -1.68595150e-01  6.67929128e-02 -1.21736027e-01  1.01660863e-02
 -1.75478414e-01 -3.69606525e-01  1.64000615e-01  2.09756866e-01
 -6.23526797e-02  8.80900174e-02  3.44010666e-02  1.69673055e-01
 -8.84445161e-02  1.68206751e-01 -1.91547573e-01 -2.62505841e-02
 -6.83764555e-03 -3.24887633e-01  1.05163924e-01  7.12302849e-02
 -3.84407341e-02 -3.36257741e-02  6.38459250e-02  3.55918072e-02
  1.09449193e-01 -2.50163563e-02  1.48110883e-02 -8.64838511e-02
 -6.83407784e-02  8.49567056e-02  1.01334028e-01 -1.83699474e-01
 -1.12017848e-01 -1.25077561e-01  3.02785989e-02 -3.97728719e-02
 -5.63133843e-02  2.18455151e-01 -1.15525693e-01 -1.26843512e-01
 -8.96954164e-02  1.35025959e-02 -9.14392024e-02 -7.76522653e-03
 -1.26851261e-01  1.72411174e-01 -1.12486906e-01  3.09981912e-01
  4.62525263e-02  2.82956630e-01  9.69253555e-02  2.11678930e-02
  3.71689439e-01 -8.62350017e-02 -2.78669149e-01  1.50164962e-01
 -1.65011957e-01  2.18022421e-01  1.86695047e-02  2.86272943e-01
  5.66890836e-02  7.41120428e-02 -5.10220267e-02  5.92253320e-02
 -2.61731073e-03 -8.82370248e-02  1.88099474e-01  6.45472202e-03
  1.00628333e-02 -9.87440199e-02  1.87169984e-01  2.97164649e-01
 -9.93445516e-02 -7.01903999e-02  1.48346037e-01 -3.50251608e-02
  3.67546201e-01  3.05447802e-02 -1.77134454e-01 -5.00701778e-02
  1.30935058e-01  2.78049618e-01 -8.94668028e-02  3.10379099e-02
  1.49129510e-01 -7.09532350e-02  2.05544204e-01  1.71244711e-01
  1.80168480e-01 -2.02321485e-01 -6.36386052e-02  1.25669569e-01
 -1.76850528e-01  3.07711542e-01 -1.50049552e-01  5.73831350e-02]",deskripsi mata kuliah mata kuliah ini bertujuan untuk memberikan pengetahuan dan keterampilan kepada mahasiswa tentang bagaimana merancang logika pemrograman komputer dalam konvensi struktural dengan menggunakan algoritma dan implementasi praktisnya dalam bentuk diagram alur tujuan kursus setelah menyelesaikan kursus  siswa harus dapat kursus ini menggunakan pendekatan independen bahasa untuk mengajarkan konsep pemrograman dan keterampilan pemecahan masalah  tanpa mengasumsikan pengalaman pemrograman sebelumnya  menerapkan diagram alur untuk menunjukkan kompetensi keterampilan pemecahan masalah  memahami topik dasar seperti tipe data  variabel  input  output  struktur kontrol  modul  fungsi  array  dan file yang dibahas serta konsep berorientasi objek  pengembangan gui  dan pemrograman berbasis peristiwa  metode pengajaran pengajaran di kelas terdiri dari ceramah dan pemecahan masalah praktis  dilengkapi dengan alat bantu visual yang dirancang untuk membantu siswa agar berhasil mencapai tujuan pembelajaran kursus,"['menerapkan', 'menunjukkan', 'memahami', 'merancang', 'menggunakan']","{'C6', 'C1', 'C4', 'C2', 'C3'}",Hard,0.8791226882692069,0.12087731173079272
FTK103,Pemrograman Visual,"deskripsi kursus kursus ini dimaksudkan untuk digunakan dalam kursus pengantar pemrograman. ini dirancang agar siswa dapat memahami bahasa pemrograman visual basic 2010. topik utama termasuk pemecahan masalah dan pernyataan kontrol, array, file, gui formulir windows, dan grafik. tujuan kursus setelah menyelesaikan kursus siswa harus dapat memahami konsep dasar lingkungan pengembangan terintegrasi visual studio (ide) yang membantu siswa dalam menulis, menjalankan dan men-debug program visual basic. membuat dan mendemonstrasikan bagaimana program dapat menampilkan informasi di layar dan memperoleh informasi dari pengguna di keyboard untuk diproses. memahami antarmuka pengguna grafis (gui) untuk memungkinkan pengguna berinteraksi secara visual dengan program. memahami array variabel berdimensi tunggal dan multidimensi. dimulai dengan membuat dan mengakses array, lalu melakukan manipulasi array yang lebih kompleks, termasuk menjumlahkan elemen array, menggunakan array untuk meringkas hasil survei, mencari array untuk nilai tertentu, dan mengurutkan array sehingga elemen-elemennya berada dalam urutan menaik. menjadi akrab dengan pemrosesan file akses berurutan, menulis dan membaca dari file. untuk menggunakan pemrosesan file untuk mengimplementasikan aplikasi bisnis dan menggunakan kelas streamwriter dan streamreader untuk menulis teks dan membaca teks dari file. metode pengajaran pengajaran di kelas terdiri dari ceramah dan pemecahan masalah praktis, dilengkapi dengan alat bantu visual yang dirancang untuk membantu siswa agar berhasil mencapai tujuan pembelajaran kursus.",deskripsi kursus kursus kursus pengantar pemrograman dirancang siswa memahami bahasa pemrograman visual basic topik utama pemecahan pernyataan kontrol array file gui formulir window grafik tujuan kursus menyelesaikan kursus siswa memahami konsep dasar lingkungan pengembangan terintegrasi visual studio ide membantu siswa menulis menjalankan mendebug program visual basic mendemonstrasikan program menampilkan informasi layar memperoleh informasi pengguna keyboard diproses memahami antarmuka pengguna grafis gui pengguna berinteraksi visual program memahami array variabel berdimensi tunggal multidimensi mengakses array manipulasi array kompleks menjumlahkan elemen array array meringkas hasil survei mencari array nilai mengurutkan array elemenelemennya urutan menaik akrab pemrosesan file akses berurutan menulis membaca file pemrosesan file mengimplementasikan aplikasi bisnis kelas streamwriter streamreader menulis teks membaca teks file metode pengajaran pengajaran kelas ceramah pemecahan praktis dilengkapi alat bantu visual dirancang membantu siswa berhasil mencapai tujuan pembelajaran kursus,"[ 7.05268160e-02 -2.35496275e-03 -1.59732085e-02  7.90384635e-02
 -8.89233500e-02  3.84689383e-02 -5.59232198e-02 -4.15187031e-02
 -6.60935491e-02  2.87254721e-01 -4.36411202e-02 -2.34443918e-02
  5.73463254e-02  1.00489110e-01  1.33935930e-02 -8.43826309e-02
  1.89269394e-01 -3.44211236e-02  9.99082178e-02 -1.55193970e-01
  8.73891488e-02 -1.14048272e-02  9.49602649e-02 -1.54246494e-01
 -1.66791826e-01  9.07337964e-02  1.11878157e-01 -2.89517313e-01
  1.52289525e-01 -1.35384172e-01 -8.52521509e-02  2.17640564e-01
  3.82580906e-01  1.52203739e-01 -2.33063266e-01  1.02112666e-01
  5.28048724e-04 -3.07260770e-02 -1.71581730e-01  4.47145030e-02
 -1.51497737e-01  7.49063566e-02 -3.72080281e-02  1.06191918e-01
  2.00191274e-01 -1.97911784e-01 -1.78074315e-01 -2.59292156e-01
 -7.32274652e-02 -1.54983282e-01 -3.73146951e-01 -1.17350079e-01
 -1.48185462e-01 -1.77809566e-01  2.58748513e-02  1.01241119e-01
  3.11718255e-01 -2.29248796e-02 -1.48248523e-01  1.76398344e-02
 -2.28313985e-03 -1.56763747e-01  1.57363981e-01  5.42769060e-02
 -3.59197482e-02  5.96838333e-02  1.28085539e-01  2.97140479e-01
  9.04982835e-02 -3.77346426e-01 -4.50596839e-01 -3.56405228e-02
 -6.63264096e-02  2.40834896e-02 -7.49126524e-02  4.50519584e-02
  1.00838087e-01 -3.32189957e-03  1.68880209e-01 -2.71216840e-01
  7.88473263e-02  1.74137894e-02  1.34355649e-01  2.10803688e-01
  1.64003298e-01  8.95435885e-02 -1.13275453e-01 -1.11679748e-01
 -1.76504225e-01 -2.03782208e-02  1.85776222e-02 -2.80505002e-01
 -2.02534229e-01  5.49049862e-02 -5.50726354e-02 -1.41022459e-01
  1.32206172e-01 -2.87275374e-01  1.64902881e-01  4.11280662e-01
 -6.06499799e-03 -1.78232357e-01  1.15967304e-01  8.72823074e-02
  1.28643751e-01 -1.06014246e-02  3.86634469e-01 -9.42834169e-02
 -1.07528068e-01  2.46797316e-02  1.13383926e-01  3.43666263e-02
  2.77819242e-02 -2.33795077e-01 -6.37882575e-02  1.20197132e-01
  5.00710309e-02  4.01001871e-02  1.48920104e-01  2.06248969e-01
  2.12852960e-03 -2.25467850e-02 -2.14497838e-02  1.05785467e-02
  6.54491410e-02 -3.77395362e-01 -6.08849749e-02 -1.59037396e-01
 -1.62951916e-01 -2.97145605e-01 -1.20245636e-01  1.34761527e-01
  1.37553364e-01  2.78262973e-01  1.70001656e-01  7.63459802e-02
  1.87003724e-02 -5.18307053e-02 -1.39260381e-01  6.48865923e-02
 -5.42602651e-02  3.85214090e-01  1.48082182e-01 -5.13953567e-02
 -1.13086268e-01  1.25569120e-01 -8.90164524e-02 -2.86975726e-02
  7.83395544e-02  1.55618757e-01  2.18017220e-01 -1.06559265e-02
  1.26280218e-01  2.60711461e-01 -3.11665349e-02  1.28978312e-01
  1.49642467e-01 -1.38347045e-01  3.98594402e-02 -2.51674414e-01
 -1.55720443e-01  2.03746989e-01 -4.80001271e-02 -4.62507643e-03
 -4.92966957e-02  1.35797396e-01  2.99281739e-02 -1.08293273e-01
 -4.42761648e-03  1.47433460e-01  1.53648062e-02 -7.46340603e-02
 -2.00058557e-02 -8.98914784e-02  1.68752000e-01 -1.81621462e-02
  6.68923184e-02 -5.39268181e-02 -9.78881568e-02 -1.55359566e-01
  2.78267890e-01 -6.64253533e-02  2.17118248e-01 -3.91142927e-02
 -1.26607880e-01 -2.83749718e-02 -1.18773982e-01  2.92569660e-02
 -1.52115062e-01  2.79342949e-01 -7.72667900e-02  1.07339233e-01
 -1.68158896e-02 -1.63961679e-01 -1.78961039e-01 -1.50843278e-01
  3.16333860e-01 -3.20040494e-01 -4.56999004e-01  1.11215748e-01
 -2.63466686e-01  6.96071461e-02 -1.41127571e-01  1.37050664e-02
 -2.12484270e-01 -2.50098020e-01 -5.03579946e-03  3.41562144e-02
  1.17243670e-01  2.87441891e-02  6.02739379e-02 -4.38799001e-02
 -2.85291761e-01  7.83735514e-02  1.60320982e-01  6.53168783e-02
  2.43407041e-02 -9.71638411e-02 -1.37729496e-01 -3.76289664e-03
 -2.80271024e-02 -6.62971959e-02  2.20587224e-01 -1.45104423e-01
 -7.88427666e-02  2.03308374e-01 -5.23524284e-01  1.86448973e-02
  2.51835026e-02 -9.65730995e-02 -3.38372774e-02 -7.81939179e-02
 -1.08420640e-01 -1.48469377e-02 -1.11459695e-01  7.34464228e-02
 -9.55863819e-02  4.67184111e-02  3.97817157e-02 -6.62992243e-05
 -2.67936056e-03 -1.72216147e-01 -2.43394747e-01  2.78946068e-02
 -1.73560590e-01  1.11695170e-01 -2.25038141e-01 -3.97284150e-01
  3.07819575e-01  1.22854216e-02  9.75954756e-02  1.57068491e-01
  4.04488891e-02  1.41238227e-01  2.28128761e-01 -4.02117670e-02
 -4.93756868e-02  3.54228392e-02 -3.20392475e-02 -1.00477133e-04
  1.47663236e-01 -1.07766517e-01 -1.11988589e-01  2.14726567e-01
  8.20343345e-02 -2.22622842e-01  1.10252183e-02  1.40643179e-01
 -2.00101361e-01  1.18022934e-01 -1.87609017e-01  4.93696108e-02
  8.24176520e-02 -8.36803913e-02 -2.17495486e-03 -6.53629750e-02
  2.60215551e-01 -2.93878913e-01  3.70066464e-02 -5.39003052e-02
 -5.39257601e-02 -8.43178257e-02 -2.50941068e-02 -6.30259067e-02
  2.67334320e-02 -1.21224917e-01  6.91783354e-02 -7.65646398e-02
 -1.26438677e-01  1.61747172e-01 -1.72702745e-01  1.36811912e-01
 -2.14869007e-01 -2.30920672e-01  1.37631238e-01  1.04650363e-01
 -9.36897770e-02 -1.56240925e-01  1.49121135e-03  1.71338469e-01
 -3.19445282e-02  2.92897046e-01 -3.64264876e-01 -4.21604961e-02
  8.16501379e-02 -3.15344274e-01  1.67695954e-01  5.98573796e-02
 -8.61782432e-02 -7.93294162e-02 -5.99848852e-02 -1.31522110e-02
  3.03462148e-02  5.13889603e-02 -1.54285103e-01 -1.61161959e-01
 -1.14171550e-01  1.11041265e-03  6.85454383e-02 -1.15258619e-01
 -1.41550198e-01 -5.74502870e-02 -4.84720469e-02 -2.12073386e-01
 -2.74335835e-02  2.19148293e-01 -1.41975179e-01  6.17154166e-02
 -1.70963064e-01  1.55370221e-01 -1.82264730e-01  8.88359249e-02
 -1.53281599e-01  1.17572397e-01 -2.86304336e-02  3.83414388e-01
  3.34629565e-01  2.96644539e-01  1.97948873e-01  1.85327344e-02
  4.18439806e-01 -9.53393728e-02 -1.57139137e-01  1.41928762e-01
 -1.02198198e-01  8.99073035e-02 -2.76349969e-02  3.24189156e-01
  5.55642359e-02 -1.55113991e-02  6.58064261e-02  1.69097513e-01
  5.13712279e-02 -6.88140541e-02  1.62605464e-01  4.64426614e-02
  7.44202211e-02 -1.40586076e-02  2.15784788e-01  3.02676916e-01
 -4.79858555e-02  1.87734272e-02  2.44076222e-01 -1.39404582e-02
  1.86248630e-01  4.92518656e-02 -1.35276839e-01 -1.09322965e-01
  1.52564675e-01  2.47987375e-01 -1.99501768e-01  1.55655891e-01
  1.35673285e-01 -2.52469592e-02  1.60766035e-01  1.71918184e-01
  2.59087205e-01 -2.44740114e-01 -9.55608860e-03  3.50157589e-01
 -3.45544577e-01  2.34876826e-01 -1.78157076e-01 -1.90648586e-02]",deskripsi kursus kursus ini dimaksudkan untuk digunakan dalam kursus pengantar pemrograman  ini dirancang agar siswa dapat memahami bahasa pemrograman visual basic 2010  topik utama termasuk pemecahan masalah dan pernyataan kontrol  array  file  gui formulir windows  dan grafik  tujuan kursus setelah menyelesaikan kursus siswa harus dapat memahami konsep dasar lingkungan pengembangan terintegrasi visual studio  ide  yang membantu siswa dalam menulis  menjalankan dan men debug program visual basic  membuat dan mendemonstrasikan bagaimana program dapat menampilkan informasi di layar dan memperoleh informasi dari pengguna di keyboard untuk diproses  memahami antarmuka pengguna grafis  gui  untuk memungkinkan pengguna berinteraksi secara visual dengan program  memahami array variabel berdimensi tunggal dan multidimensi  dimulai dengan membuat dan mengakses array  lalu melakukan manipulasi array yang lebih kompleks  termasuk menjumlahkan elemen array  menggunakan array untuk meringkas hasil survei  mencari array untuk nilai tertentu  dan mengurutkan array sehingga elemen elemennya berada dalam urutan menaik  menjadi akrab dengan pemrosesan file akses berurutan  menulis dan membaca dari file  untuk menggunakan pemrosesan file untuk mengimplementasikan aplikasi bisnis dan menggunakan kelas streamwriter dan streamreader untuk menulis teks dan membaca teks dari file  metode pengajaran pengajaran di kelas terdiri dari ceramah dan pemecahan masalah praktis  dilengkapi dengan alat bantu visual yang dirancang untuk membantu siswa agar berhasil mencapai tujuan pembelajaran kursus,"['menulis', 'membuat', 'meringkas', 'mengimplementasikan', 'melakukan', 'mendemonstrasikan', 'membaca', 'menampilkan', 'mengurutkan', 'memahami', 'menggunakan']","{'C2', 'C6', 'C1', 'C3'}",Hard,0.8703350015012458,0.12966499849875418
FTK111,Kalkulus 1,"course description mata kuliah ini dimaksudkan untuk memberi kemampuan pada mahasiswa tentang konsep – konsep matematika mengenai limit fungsi, kekontinuan turunan, fungsi transenden , integral tentu dan tak tentu, definisi, sifat sifat dan teorema terkait beserta aplikasinya serta mampu menerapkannya dalam penyelesaian soal. materi perkuliahan meliputi limit fungsi dan kekontinuan; definisi, sifat sifat dan rumus – rumus turunan beserta aplikasinya; definisi dan sifat – sifat fungsi transenden beserta aplikasinya; definisi, sifat sifat, rumus – rumus integral tak tentu dan integral tentu. methods instruction /metode pembelajaran instruksi kelas online terdiri dari ceramah dan pemecahan masalah praktis, dilengkapi dengan alat bantu visual yang dirancang untuk membantu siswa untuk berhasil memenuhi tujuan program pembelajaran.",course description mata kuliah kemampuan mahasiswa konsep konsep matematika limit fungsi kekontinuan turunan fungsi transenden integral definisi sifat sifat teorema terkait beserta aplikasinya menerapkannya penyelesaian materi perkuliahan meliputi limit fungsi kekontinuan definisi sifat sifat rumus rumus turunan beserta aplikasinya definisi sifat sifat fungsi transenden beserta aplikasinya definisi sifat sifat rumus rumus integral integral method instruction metode pembelajaran instruksi kelas online ceramah pemecahan praktis dilengkapi alat bantu visual dirancang membantu siswa berhasil memenuhi tujuan program pembelajaran,"[ 8.78073461e-03  8.95408764e-02  2.44093090e-02 -2.87550576e-02
 -1.04130335e-01 -6.34099469e-02  4.60016243e-02  1.29251420e-01
 -9.35763121e-02 -9.43563879e-03  1.14057727e-01  1.34937450e-01
  1.10180527e-01  1.31570667e-01 -3.26984115e-02  2.67856624e-02
  1.11665994e-01  1.09326735e-01 -2.19588161e-01 -8.55671540e-02
  2.56789595e-01  7.96148777e-02  1.36335157e-02  5.04401214e-02
 -2.49138102e-01  3.17255184e-02  1.29423961e-01 -1.32940054e-01
  3.47105622e-01 -2.86219209e-01 -5.89869842e-02  2.38970041e-01
  1.06962256e-01  1.41520381e-01 -2.54857600e-01  2.27816090e-01
 -6.54959083e-02  5.73517084e-02 -1.37399128e-02  9.50715020e-02
 -1.08651623e-01  8.77297595e-02  1.85317859e-01  9.86882001e-02
  1.25015035e-01 -2.71773577e-01  3.58441249e-02 -2.72625506e-01
 -9.54334587e-02 -2.69358844e-01 -1.75738811e-01  8.37707222e-02
 -4.45015505e-02  9.34654847e-03 -5.97590543e-02  9.94959623e-02
  2.89841950e-01 -8.26565176e-02 -6.79688305e-02 -5.32186739e-02
  7.71343485e-02  2.57181767e-02  7.87182674e-02  2.37679929e-01
  6.39966428e-02  1.12989858e-01  2.07689274e-02  3.19511414e-01
  9.07476544e-02  2.52124786e-01 -3.85330945e-01  8.73437524e-02
 -3.70966196e-02  1.50214046e-01  1.61232322e-01  6.59507066e-02
  8.96034166e-02  5.01873046e-02  8.30445439e-02 -9.28354636e-02
  2.88392697e-02 -3.27288866e-01  3.55740041e-02  1.06916338e-01
 -5.96545860e-02  3.72386500e-02 -4.73897951e-03  2.04272345e-02
 -3.48471440e-02 -2.57642567e-01  1.43714741e-01 -1.35243535e-01
 -2.14847162e-01  4.53624576e-02  7.88681731e-02  1.27418134e-02
  5.96282929e-02 -2.84677327e-01  2.49102674e-02  4.03948337e-01
 -2.79682577e-01  6.56878296e-03  1.52193621e-01  8.63581896e-02
  1.21749844e-02 -9.56433117e-02  3.08020502e-01 -2.37587258e-01
  1.16886392e-01  6.47775456e-02 -1.20455688e-02  1.85989533e-02
  2.03503132e-01 -8.27170312e-02  2.51301453e-02 -2.00607665e-02
  2.86145419e-01 -8.59085191e-03  1.00620911e-01  1.51343197e-01
 -1.33179262e-01  4.84216884e-02  3.02492008e-02  3.02724689e-02
 -4.24496364e-04 -2.67289191e-01 -4.75814492e-02 -1.03886478e-01
 -1.89125493e-01 -2.66993165e-01  6.24221116e-02  1.39567375e-01
 -1.18174508e-01 -3.52568273e-03  2.49921277e-01 -1.15046404e-01
 -6.95864204e-03  1.20986000e-01 -3.07105202e-03  1.99411921e-02
 -9.44066346e-02  3.11975241e-01  6.51369914e-02 -3.54071259e-02
 -8.98551643e-02  1.70364618e-01 -2.58439779e-03 -4.00643125e-02
  2.38848358e-01  1.59973517e-01  1.27598286e-01 -8.68076906e-02
  1.27797201e-01 -1.49445489e-01  2.51164269e-02  1.29618302e-01
  3.37812454e-02 -2.39394173e-01  8.25441927e-02 -1.48823053e-01
 -1.27474114e-01  1.70413569e-01  2.37028211e-01  1.55092916e-03
 -7.62056932e-02  1.57235801e-01  1.54832378e-01 -9.97935534e-02
 -1.44799769e-01  1.26165107e-01  1.76538557e-01 -7.12490752e-02
  4.99640703e-02  4.87832651e-02  6.36467189e-02 -9.01931599e-02
  3.36865112e-02 -1.74154684e-01 -6.97103962e-02 -4.93302122e-02
  1.66783229e-01 -2.09992677e-01  1.38410494e-01 -2.38698013e-02
 -1.16323672e-01  6.31177891e-03 -9.58000720e-02 -3.18198651e-02
 -1.55119255e-01  1.68040052e-01 -1.27846211e-01 -6.24228269e-02
  7.27548152e-02 -3.02277893e-01 -2.95050949e-01 -1.62150532e-01
  3.63524735e-01 -3.19567025e-01 -4.24538940e-01  5.22075556e-02
 -3.16043496e-01  1.51663348e-02 -1.00946136e-01 -3.82705256e-02
 -1.46944627e-01 -2.92237610e-01  1.78015247e-01 -1.77650690e-01
  1.92196891e-02 -3.03113787e-03  1.03028774e-01 -1.24074727e-01
 -2.27583110e-01 -1.15399897e-01  1.16682658e-02  1.09555475e-01
  1.18828729e-01 -7.08363801e-02 -8.79866183e-02  6.12755492e-03
 -9.35987234e-02  1.28120277e-02  2.76069105e-01 -1.65785789e-01
 -1.57280102e-01  4.96103577e-02 -4.96023685e-01  1.20663837e-01
  2.30128497e-01 -1.12475663e-01 -1.62297100e-01 -9.59020182e-02
  1.63093358e-01  6.72895908e-02 -1.62106857e-01 -2.14014947e-02
 -7.85875097e-02  5.33615947e-02 -1.96356013e-01 -1.34315267e-01
 -3.26825641e-02 -8.24428797e-02 -6.76166937e-02 -8.55441839e-02
 -2.49935240e-02  2.13257000e-01 -2.10035041e-01 -4.17356759e-01
  8.01270977e-02  9.56536159e-02 -1.73065290e-02  7.24358186e-02
 -8.24957564e-02  6.37602508e-02  7.39544109e-02 -9.96752158e-02
 -4.09701541e-02  1.23596177e-01 -1.55637190e-01  1.92258600e-02
  2.35615633e-02  1.01169862e-01 -7.24453330e-02  1.37699872e-01
  1.92796737e-02 -4.63538915e-02  4.13138829e-02 -1.29063249e-01
  5.09556755e-02  1.05281696e-01 -6.03887141e-02 -1.47095606e-01
  2.43287295e-01 -1.19982600e-01 -8.95852894e-02 -5.69061860e-02
  2.74874009e-02 -1.09415472e-01 -4.10460532e-02  2.21754070e-02
 -1.72163561e-01 -9.53276977e-02  1.78492308e-01 -2.57091336e-02
  4.22995836e-02  8.96918587e-04  1.19416807e-02 -1.17393909e-02
 -1.32208943e-01  1.14695698e-01 -2.19877183e-01 -5.96823581e-02
 -2.31487215e-01 -1.77503109e-01 -9.36037078e-02  1.86276257e-01
 -2.34492049e-02 -1.92943484e-01 -3.69190611e-02  1.12859085e-01
 -8.36005621e-03  2.34662741e-01 -3.18980843e-01  6.26679361e-02
  1.63645744e-01 -2.78627694e-01 -3.60891223e-03 -6.45280164e-03
 -1.31796494e-01  4.71547395e-02 -5.01294658e-02  4.97949719e-02
  1.35045841e-01 -3.56268371e-03 -6.75916821e-02 -8.28679278e-02
 -1.85272083e-01 -1.49932399e-01  2.06787102e-02 -2.13320330e-01
 -1.02809139e-01 -1.45528659e-01 -1.91003412e-01 -1.19952686e-01
 -6.63108453e-02  1.25084624e-01 -2.56099124e-02  4.05838490e-02
 -3.23178619e-02  9.47806612e-02 -4.70541269e-02  1.15714923e-01
 -2.05240130e-01  6.05997294e-02 -8.73620436e-03  4.27654743e-01
  4.76603806e-02  2.47351989e-01  9.33759809e-02  1.03697896e-01
  3.03697646e-01 -4.91698869e-02 -1.18405797e-01  1.20182946e-01
 -1.15012050e-01  1.72543213e-01  1.58622205e-01  3.33643369e-02
 -5.93445301e-02  1.55355692e-01 -1.10223152e-01  1.99325129e-01
 -4.29301895e-02 -2.99857790e-03  1.17354162e-01  7.82867819e-02
  6.55022711e-02 -1.19592026e-01  2.72009581e-01  3.60194027e-01
 -1.60371527e-01 -1.15046002e-01  2.60760099e-01 -1.33633344e-02
  3.68278593e-01  9.09722447e-02 -1.45634294e-01 -9.04201865e-02
 -4.12898250e-02  2.23783880e-01 -6.97004572e-02 -6.37400337e-03
 -1.20635331e-02 -1.17641054e-01  1.69139981e-01 -7.02167861e-04
  1.40701085e-01  8.39406326e-02 -2.36694157e-01  4.41045277e-02
 -1.37866318e-01  2.21119553e-01  2.75277831e-02  2.66014002e-02]",course description mata kuliah ini dimaksudkan untuk memberi kemampuan pada mahasiswa tentang konsep   konsep matematika mengenai limit fungsi  kekontinuan turunan  fungsi transenden   integral tentu dan tak tentu  definisi  sifat sifat dan teorema terkait beserta aplikasinya serta mampu menerapkannya dalam penyelesaian soal  materi perkuliahan meliputi limit fungsi dan kekontinuan  definisi  sifat sifat dan rumus   rumus turunan beserta aplikasinya  definisi dan sifat   sifat fungsi transenden beserta aplikasinya  definisi  sifat sifat  rumus   rumus integral tak tentu dan integral tentu  methods instruction  metode pembelajaran instruksi kelas online terdiri dari ceramah dan pemecahan masalah praktis  dilengkapi dengan alat bantu visual yang dirancang untuk membantu siswa untuk berhasil memenuhi tujuan program pembelajaran,[],set(),Hard,0.7680519951110011,0.23194800488899883
FTK121,Aljabar Linear,"Deskripsi Mata Kuliah Mata kuliah ini memberikan pemahaman penerapan matematika pada aljabar linier dan matriks. topiknya adalah topik luas yang mencakup banyak subjek berbeda. mata kuliah aljabar dan matriks linier yang ditawarkan yaitu matriks dan sistem persamaan, matriks determinan, ruang vektor, transformasi linier atau thogonalitas, nilai eigen, dan aljabar linier numerik. Mata kuliah ini memberikan dasar atau dasar bagi mahasiswa dalam teori dan praktek tentang aljabar liner dan matriks untuk sistem informasi. tujuan kursus setelah menyelesaikan kursus ini, siswa harus mampu (cid 136) mendemonstrasikan pemahaman tentang matriks dan sistem persamaan linier; (cid 136) menunjukkan pemahaman tentang matriks determinan; (cid 136) mendemonstrasikan pemahaman tentang ruang vektor; (cid 136) mendemonstrasikan pemahaman tentang transformasi linier; (cid 136) menunjukkan pemahaman tentang ortogonalitas dan nilai eigen. metode pengajaran pengajaran kelas virtual terdiri dari ceramah dan pemecahan masalah praktis, dilengkapi dengan alat bantu visual yang dirancang untuk membantu siswa mencapai tujuan pembelajaran kursus dan diskusi interaktif di kelas virtual melalui portal akademik gerbang informasi bakrie v sangat penting bagi siswa untuk mengambil minat aktif dalam kursus. untuk berhasil dalam mata kuliah ini, siswa harus membaca, berpikir, dan menulis secara kritis dan analitis dan ini membutuhkan waktu dan latihan. latihan seperti itu hanya dapat dicapai dengan latihan kerja. ketika masalah muncul, dan masalah itu akan terjadi, siswa harus mengajukan pertanyaan yang mungkin ditujukan kepada instruktur atau siswa lain dalam berbagai cara. siswa juga didorong untuk bekerja sama dalam kumpulan masalah sebagai bagian dari latihan mereka. namun, individu pada akhirnya harus menunjukkan pemahaman materi dengan menuliskan solusinya sendiri tanpa bantuan siswa lain atau karya tertulis mereka. rata-rata siswa perlu menghabiskan setidaknya 6 jam belajar dan persiapan per minggu untuk kursus ini. f silabus ppkr1 ftk121 (rencana pembelajaran semester)",deskripsi mata kuliah mata kuliah pemahaman penerapan matematika aljabar linier matriks topiknya topik luas mencakup subjek berbeda mata kuliah aljabar matriks linier ditawarkan matriks sistem persamaan matriks determinan ruang vektor transformasi linier thogonalitas nilai eigen aljabar linier numerik mata kuliah dasar dasar mahasiswa teori praktek aljabar liner matriks sistem informasi tujuan kursus menyelesaikan kursus siswa cid mendemonstrasikan pemahaman matriks sistem persamaan linier cid pemahaman matriks determinan cid mendemonstrasikan pemahaman ruang vektor cid mendemonstrasikan pemahaman transformasi linier cid pemahaman ortogonalitas nilai eigen metode pengajaran pengajaran kelas virtual ceramah pemecahan praktis dilengkapi alat bantu visual dirancang membantu siswa mencapai tujuan pembelajaran kursus diskusi interaktif kelas virtual portal akademik gerbang informasi bakrie v siswa mengambil minat aktif kursus berhasil mata kuliah siswa membaca berpikir menulis kriti analitis membutuhkan latihan latihan dicapai latihan kerja muncul siswa mengajukan instruktur siswa siswa didorong kumpulan latihan individu pemahaman materi menuliskan solusinya bantuan siswa karya tertulis ratarata siswa menghabiskan jam belajar persiapan minggu kursus f silabus ppkr ftk rencana pembelajaran semester,"[ 3.47982757e-02  8.36440362e-03 -9.24687311e-02  1.25775989e-02
 -1.43724382e-01 -1.52736530e-01 -6.25692122e-03  1.71777517e-01
  2.21144743e-02 -3.54897510e-03  1.86719090e-01  5.67894578e-02
  3.51542607e-02  5.96904233e-02 -7.47323483e-02  5.94851635e-02
 -2.16920655e-02  1.04191855e-01 -4.54897769e-02 -2.68444829e-02
  8.00476149e-02 -8.76705199e-02 -6.30766377e-02  5.56538515e-02
 -2.30298582e-02  7.72173256e-02  1.27090916e-01 -2.22520858e-01
  1.49784297e-01 -7.73656517e-02  6.49456233e-02  2.93678790e-01
  3.36590201e-01  4.28518988e-02 -2.41332307e-01  1.85452729e-01
 -6.08502328e-02  1.87336609e-01 -1.08815514e-01  1.24078669e-01
 -9.23982169e-03  7.84044191e-02  1.94137663e-01  8.83248597e-02
  1.49215609e-01 -2.75281101e-01 -1.90875754e-02 -1.96525127e-01
  8.70936289e-02 -2.64275253e-01 -1.43589258e-01  1.49381030e-02
 -1.46973561e-02 -2.50649024e-02 -1.15021445e-01  1.86613977e-01
  2.17789710e-01 -2.88853571e-02 -2.07623854e-01  2.43738014e-02
  2.25736946e-02  3.65401208e-02 -8.77378974e-03  1.65158600e-01
  1.12290651e-01 -7.94533640e-02  1.58417657e-01  1.99514061e-01
 -1.45039801e-02  1.94419757e-01 -3.03681493e-01  1.11621134e-01
  1.40229732e-01 -4.10895944e-02  1.55855596e-01  2.23388057e-02
 -4.73972745e-02  8.54765251e-03  2.37006634e-01 -1.11086920e-01
  1.61438435e-01  5.03103472e-02  9.81271341e-02  8.46718205e-04
 -1.15170680e-01  1.80804983e-01  7.66452029e-02  3.05399373e-02
 -1.27797931e-01 -2.60645241e-01  2.06245720e-01 -6.65588900e-02
 -3.62196267e-02 -1.51996501e-02  2.25255974e-02 -4.53897379e-02
  1.09245125e-02 -2.81408787e-01  1.59741789e-01  3.82359982e-01
 -2.84824185e-02 -4.87739146e-02  8.97630081e-02 -9.44324303e-03
  3.15346420e-02 -6.95455726e-03  1.70618996e-01 -1.29216492e-01
 -9.74725410e-02  1.09847384e-02 -5.43687940e-02  3.27901915e-03
 -1.00226395e-01 -1.29013464e-01  8.09020400e-02 -1.23717695e-01
  3.87423456e-01  1.07251778e-01  2.39486285e-02  5.20824827e-02
 -1.63303301e-01 -1.16677403e-01  8.94409046e-02  7.64629245e-02
  1.59072012e-01 -2.43898302e-01 -2.67332792e-01  1.51391387e-01
 -1.91939071e-01 -1.08468786e-01  1.40718862e-01 -9.70323104e-04
 -7.95724466e-02  1.53374553e-01  1.06726401e-01 -7.86524490e-02
  1.37855068e-01  1.32434011e-01 -9.32052657e-02  1.43186107e-01
 -8.26574937e-02  2.06005543e-01  1.77417085e-01  2.58316398e-02
 -2.08373159e-01  1.17706582e-01 -1.33768380e-01 -1.43898457e-01
  3.76420207e-02  2.79270500e-01 -9.28601366e-04 -2.25544676e-01
  2.50876516e-01  4.79994155e-03  9.52994972e-02  5.56066856e-02
  5.32553680e-02  8.18082690e-03 -2.29366124e-02 -6.68652281e-02
 -2.73251295e-01  1.46353364e-01  9.90013629e-02  1.30903572e-01
 -5.70544004e-02  6.09505139e-02  7.49830231e-02 -1.65788487e-01
  1.18673950e-01  1.71280950e-02  2.94333816e-01 -2.02440634e-01
 -2.97725126e-02  1.78638384e-01  1.81943715e-01 -4.46217554e-03
 -6.25639930e-02 -5.96924201e-02  6.44092169e-03  1.52187161e-02
  1.21629611e-01 -1.28518581e-01  1.42761633e-01  2.63816770e-02
 -1.35699779e-01 -1.02836177e-01 -7.26975352e-02 -5.21298088e-02
 -2.22738445e-01  1.36920819e-02  1.78483911e-02  1.22034680e-02
 -2.55670011e-01 -2.22150370e-01 -3.61928493e-01 -1.52452618e-01
  1.84857666e-01 -1.28545135e-01 -3.30719918e-01  5.28863166e-03
 -2.77640194e-01  1.97384596e-01 -5.79655953e-02 -6.13212585e-02
  3.17626968e-02 -1.67307720e-01  1.00377509e-02 -3.41075361e-02
 -8.38872343e-02  7.83049464e-02  4.82812673e-02 -1.49735793e-01
 -2.56071597e-01 -7.67089874e-02 -5.72595261e-02  1.51539326e-01
  5.63329458e-02 -2.42441848e-01 -2.39322782e-01 -4.61289585e-02
  1.81279369e-02  1.12003371e-01  1.92231685e-01 -1.08007945e-01
 -2.06544012e-01 -9.28205326e-02 -2.63025910e-01 -6.35352954e-02
  1.33208752e-01  3.10380720e-02 -3.17986757e-02 -1.03660941e-01
  9.67267156e-02  2.21543182e-02 -2.32696280e-01  6.37175068e-02
  1.97760644e-04  8.67134780e-02  2.23632716e-03 -1.80090308e-01
 -2.36337408e-02 -5.40892184e-02 -8.55888054e-02 -1.32056445e-01
 -1.28738761e-01  1.31253853e-01 -1.16021596e-01 -1.46321073e-01
  2.08525747e-01  6.68477938e-02  1.13177449e-01 -6.23168051e-02
  7.04846978e-02  1.38296634e-01 -2.25398615e-02 -1.77189305e-01
  8.55849683e-02  3.04456621e-01  2.09937394e-02  6.77656010e-02
  1.67197183e-01 -2.25669131e-01 -1.61377802e-01  1.71202645e-01
 -6.55943751e-02 -4.60993163e-02  6.19081892e-02  5.89928254e-02
  6.32958785e-02  5.26380632e-03  2.94634663e-02  1.12117760e-01
  8.54438841e-02 -1.87900513e-01 -1.58182994e-01 -1.34324491e-01
  8.97002146e-02 -1.01350203e-01 -9.26310271e-02  1.60944805e-01
 -7.69856125e-02 -1.24553017e-01 -3.23621668e-02 -6.03282824e-02
 -3.13694365e-02 -4.42111939e-02 -5.93905374e-02  6.40594661e-02
  2.21133605e-02  3.60486992e-02 -1.41571146e-02 -1.65113360e-01
 -2.52389431e-01 -2.11941868e-01  1.46312073e-01  1.82102963e-01
 -1.52414531e-01  1.59593195e-01 -4.46176268e-02  2.25904629e-01
  4.92149219e-02  1.04502752e-01 -1.99580431e-01 -1.12741336e-01
 -6.16684183e-02 -1.80683330e-01  2.48893388e-02  1.87436432e-01
 -1.81468859e-01  5.35611846e-02  1.20046705e-01 -1.86019242e-01
  1.18656836e-01 -5.31937554e-02  1.77440062e-01 -1.17035836e-01
 -4.51131612e-02  1.19382679e-01  2.27436721e-01 -1.79785773e-01
 -4.99858111e-02 -7.70599842e-02 -1.64921671e-01 -6.59259856e-02
 -3.28623988e-02  3.71114835e-02 -3.34343053e-02 -9.17863026e-02
 -3.54159698e-02  4.95060086e-02 -5.21365218e-02  1.39511198e-01
 -1.69628009e-01  5.87143973e-02 -7.47153535e-02  2.59484738e-01
 -6.18214943e-02  1.10300459e-01  1.76855206e-01  9.88000631e-02
  1.57921225e-01 -1.12215884e-01 -2.35711202e-01  1.15528420e-01
 -2.07204700e-01  1.32414088e-01  1.01849645e-01  1.81086406e-01
  1.45601392e-01  9.76865292e-02 -3.34661454e-02 -2.96180826e-02
 -7.19389841e-02  1.28164470e-01 -2.76468806e-02 -6.22426160e-04
  1.12467436e-02 -1.25741333e-01  1.33041605e-01  1.87286809e-01
 -6.79882383e-03 -3.24293852e-01  2.49508277e-01 -4.36215624e-02
  2.11047485e-01 -6.69091642e-02 -1.41154632e-01  5.61314486e-02
  4.75637093e-02  2.40468144e-01 -8.21507424e-02  1.76434852e-02
  4.98435013e-02 -1.44972906e-01  1.81915283e-01 -1.35054380e-01
  8.74226540e-02 -1.38571054e-01  4.52527637e-03 -6.49558082e-02
 -8.35785568e-02  1.00140221e-01 -1.47244185e-01  4.36484851e-02]",deskripsi mata kuliah mata kuliah ini memberikan pemahaman penerapan matematika pada aljabar linier dan matriks  topiknya adalah topik luas yang mencakup banyak subjek berbeda  mata kuliah aljabar dan matriks linier yang ditawarkan yaitu matriks dan sistem persamaan  matriks determinan  ruang vektor  transformasi linier atau thogonalitas  nilai eigen  dan aljabar linier numerik  mata kuliah ini memberikan dasar atau dasar bagi mahasiswa dalam teori dan praktek tentang aljabar liner dan matriks untuk sistem informasi  tujuan kursus setelah menyelesaikan kursus ini  siswa harus mampu  cid 136  mendemonstrasikan pemahaman tentang matriks dan sistem persamaan linier   cid 136  menunjukkan pemahaman tentang matriks determinan   cid 136  mendemonstrasikan pemahaman tentang ruang vektor   cid 136  mendemonstrasikan pemahaman tentang transformasi linier   cid 136  menunjukkan pemahaman tentang ortogonalitas dan nilai eigen  metode pengajaran pengajaran kelas virtual terdiri dari ceramah dan pemecahan masalah praktis  dilengkapi dengan alat bantu visual yang dirancang untuk membantu siswa mencapai tujuan pembelajaran kursus dan diskusi interaktif di kelas virtual melalui portal akademik gerbang informasi bakrie v sangat penting bagi siswa untuk mengambil minat aktif dalam kursus  untuk berhasil dalam mata kuliah ini  siswa harus membaca  berpikir  dan menulis secara kritis dan analitis dan ini membutuhkan waktu dan latihan  latihan seperti itu hanya dapat dicapai dengan latihan kerja  ketika masalah muncul  dan masalah itu akan terjadi  siswa harus mengajukan pertanyaan yang mungkin ditujukan kepada instruktur atau siswa lain dalam berbagai cara  siswa juga didorong untuk bekerja sama dalam kumpulan masalah sebagai bagian dari latihan mereka  namun  individu pada akhirnya harus menunjukkan pemahaman materi dengan menuliskan solusinya sendiri tanpa bantuan siswa lain atau karya tertulis mereka  rata rata siswa perlu menghabiskan setidaknya 6 jam belajar dan persiapan per minggu untuk kursus ini  f silabus ppkr1 ftk121  rencana pembelajaran semester,"['menulis', 'mendemonstrasikan', 'menunjukkan', 'membaca', 'menuliskan']","{'C2', 'C4', 'C1', 'C3'}",Hard,0.7472669762884894,0.25273302371151046
FTK151,Metodologi Penelitian dan Ilmiah,"Deskripsi Mata Kuliah Mata kuliah ini akan memberikan pemahaman tentang konsep dan teori metode penelitian. akan memberikan gambaran tentang konsep-konsep penting desain penelitian, pengumpulan data, teknik, metode, dan analisis interpretatif, serta penyajian laporan akhir. metode pengajaran /metode pembelajaran pengajaran di kelas terdiri dari ceramah, studi kasus dan pemecahan masalah praktis, dilengkapi dengan alat bantu visual yang dirancang untuk membantu siswa agar berhasil mencapai tujuan pembelajaran mata kuliah. sangat penting bahwa siswa mengambil minat aktif dalam kursus. untuk berhasil dalam mata kuliah ini, siswa harus membaca, berpikir, dan menulis secara kritis dan analitis dan ini membutuhkan waktu dan latihan. latihan seperti itu hanya dapat dicapai dengan latihan kerja. ketika masalah muncul, dan masalah itu akan terjadi, siswa harus mengajukan pertanyaan yang mungkin ditujukan kepada instruktur atau siswa lain dalam berbagai cara. siswa juga didorong untuk bekerja sama dalam kumpulan masalah sebagai bagian dari latihan mereka. namun, individu pada akhirnya harus menunjukkan pemahaman materi dengan menuliskan solusinya sendiri tanpa bantuan siswa lain atau karya tertulis mereka. rata-rata siswa perlu menghabiskan setidaknya 6 jam belajar dan persiapan per minggu untuk kursus ini.",deskripsi mata kuliah mata kuliah pemahaman konsep teori metode penelitian gambaran konsepkonsep desain penelitian pengumpulan data teknik metode analisis interpretatif penyajian laporan metode pengajaran metode pembelajaran pengajaran kelas ceramah studi pemecahan praktis dilengkapi alat bantu visual dirancang membantu siswa berhasil mencapai tujuan pembelajaran mata kuliah siswa mengambil minat aktif kursus berhasil mata kuliah siswa membaca berpikir menulis kriti analitis membutuhkan latihan latihan dicapai latihan kerja muncul siswa mengajukan instruktur siswa siswa didorong kumpulan latihan individu pemahaman materi menuliskan solusinya bantuan siswa karya tertulis ratarata siswa menghabiskan jam belajar persiapan minggu kursus,"[-0.03525401  0.07219454 -0.0992088   0.04921986 -0.03564348 -0.1107042
 -0.08438126  0.16886966  0.12712394  0.08730179  0.06039521  0.06265517
 -0.02886711  0.13705243 -0.02460637 -0.05553063  0.10210632  0.00818619
  0.09681727 -0.036785    0.0305304   0.01671979  0.09171255 -0.03972898
 -0.29577827  0.01379285  0.26913777 -0.21559122  0.22279139 -0.15780109
 -0.08271521  0.11174849  0.09088343  0.05338993 -0.2996695   0.25067684
  0.04443634  0.13407029  0.04126981 -0.05068082 -0.03001357  0.00971249
  0.22908314  0.08739706  0.06131797 -0.02663879 -0.11502448 -0.1317027
 -0.15977019 -0.18746758 -0.31040424 -0.21864627 -0.10959147 -0.2067148
 -0.03476149  0.12758589  0.26259518 -0.00961228 -0.05333959 -0.10244041
  0.10767754 -0.04416719  0.02049039  0.12367795  0.03683942 -0.0067682
 -0.02630519  0.23323117  0.0290918   0.06281734 -0.26510143  0.02473924
  0.06100781 -0.02659464  0.07410213  0.04540654 -0.11120728  0.06671665
  0.13088536 -0.17184526  0.2943774  -0.00092567  0.03457865  0.07655382
  0.03611911  0.13518898 -0.13323583  0.02706018 -0.10162091 -0.00816591
  0.16624644 -0.13235964 -0.05156279 -0.04949693  0.00126916  0.01905343
  0.13530609 -0.19905089  0.10360701  0.38021457 -0.06888343  0.01069653
  0.09503146 -0.22665456  0.02567697 -0.01765866  0.15404555 -0.22116831
  0.0005605   0.08636847 -0.01379006 -0.06237953 -0.15714754 -0.10959549
 -0.0248569   0.12339504  0.20324782  0.02586862 -0.00173607  0.18866405
  0.02231477 -0.09634864  0.11789799 -0.05055592  0.11753466 -0.24949685
 -0.13167061  0.04530341 -0.08824675 -0.20828223  0.02583122  0.0302183
 -0.04918551 -0.00748587  0.11821204 -0.00634223  0.08910981 -0.05632511
 -0.10607985  0.07232721  0.05966515  0.1833194   0.06244921  0.06804096
 -0.28531274  0.06555524 -0.0933833  -0.1343187   0.21295385  0.14822313
  0.32678583  0.01226729  0.18311466 -0.03158626  0.00770508  0.04347298
 -0.08224514 -0.25971338  0.02396471 -0.05613106 -0.22588459  0.17154026
  0.05008762  0.01830744 -0.14508756  0.04141557  0.22154315 -0.21736877
  0.13357207  0.06765439  0.08801423 -0.05374748 -0.0804984   0.19074869
  0.11180476  0.01346163 -0.0699554   0.03996401 -0.13846901 -0.079519
  0.32888713 -0.08351754  0.08154645  0.07426571 -0.01281458 -0.14813994
  0.0295455  -0.04275537 -0.03729824  0.12871599  0.03923855 -0.00819098
  0.02185259 -0.24709971 -0.27093774 -0.17851603  0.20337963 -0.2885285
 -0.32745343 -0.05210833 -0.29118088  0.09541918 -0.3367293  -0.06209811
 -0.08188687 -0.08931683  0.15941784  0.15769541  0.1931436   0.00901293
  0.03536909 -0.01453364 -0.1976531   0.0222371   0.01255951 -0.01475594
 -0.0313055  -0.07736578 -0.03187419  0.11329431  0.04414154 -0.06300457
  0.1316267  -0.1503928  -0.13730173 -0.05673786 -0.3555923   0.0244935
  0.22186846 -0.08029998 -0.23524918 -0.09446031  0.12392927  0.00963955
 -0.22692981 -0.07483005  0.01166377  0.03224491  0.05814573 -0.21316324
 -0.03383684 -0.15813906 -0.03251699  0.05905563 -0.0762753   0.10372967
 -0.24966775 -0.15458775  0.20143925  0.04987634  0.11429609 -0.25051537
 -0.03873957  0.06046978 -0.03862372 -0.00998012 -0.04411781  0.06619067
 -0.16549958  0.07952723  0.29000887 -0.0739771  -0.00907612  0.18672353
  0.2118699  -0.01107953 -0.03295527 -0.07872446  0.10510221  0.0283456
 -0.1053056   0.09999766  0.14890769 -0.08417156  0.08761465 -0.06805924
  0.05349115 -0.25018328  0.05857337 -0.03417549  0.07708353 -0.0710856
 -0.06588872 -0.01521382  0.01458852 -0.04680113 -0.00614664 -0.07528806
 -0.12313542  0.00757028 -0.0078658   0.04799571 -0.11075584 -0.20918931
  0.0830559   0.0860126  -0.09791446 -0.03630791  0.03650829  0.17100552
 -0.02755409  0.0983593  -0.09853639 -0.09484847  0.01756434 -0.32637185
  0.11726394  0.07358997  0.0753069   0.10489076 -0.21181737 -0.12801771
  0.10961258  0.03187279 -0.13483223 -0.15235463 -0.11509029  0.03334338
  0.12633695 -0.21575011  0.05135711 -0.153868    0.05154875  0.07788134
 -0.06463985  0.09661208 -0.14605044  0.11103912 -0.03866791  0.00101829
 -0.23139094  0.04714358  0.0011564   0.11595254  0.05542424  0.26131824
  0.0238215   0.09164444  0.07569249  0.03815191  0.319742   -0.03759757
 -0.1204726   0.07616541 -0.07917477  0.01544516  0.06439137  0.2173523
 -0.1108075   0.04423457 -0.09556298  0.1116923  -0.08182976 -0.0859638
  0.14363648 -0.15504678  0.06294636  0.03294791  0.16630305  0.23562954
 -0.17907311 -0.00544966  0.17290972  0.07333001  0.13353215  0.1122583
 -0.11248615  0.08524084 -0.14366421  0.2150341  -0.15329413 -0.04828866
  0.05718226 -0.04848845  0.15674886  0.32553378  0.19953202 -0.03513305
 -0.21552859  0.1012795   0.05755673  0.21703745 -0.04109461  0.18474025]",deskripsi mata kuliah mata kuliah ini akan memberikan pemahaman tentang konsep dan teori metode penelitian  akan memberikan gambaran tentang konsep konsep penting desain penelitian  pengumpulan data  teknik  metode  dan analisis interpretatif  serta penyajian laporan akhir  metode pengajaran  metode pembelajaran pengajaran di kelas terdiri dari ceramah  studi kasus dan pemecahan masalah praktis  dilengkapi dengan alat bantu visual yang dirancang untuk membantu siswa agar berhasil mencapai tujuan pembelajaran mata kuliah  sangat penting bahwa siswa mengambil minat aktif dalam kursus  untuk berhasil dalam mata kuliah ini  siswa harus membaca  berpikir  dan menulis secara kritis dan analitis dan ini membutuhkan waktu dan latihan  latihan seperti itu hanya dapat dicapai dengan latihan kerja  ketika masalah muncul  dan masalah itu akan terjadi  siswa harus mengajukan pertanyaan yang mungkin ditujukan kepada instruktur atau siswa lain dalam berbagai cara  siswa juga didorong untuk bekerja sama dalam kumpulan masalah sebagai bagian dari latihan mereka  namun  individu pada akhirnya harus menunjukkan pemahaman materi dengan menuliskan solusinya sendiri tanpa bantuan siswa lain atau karya tertulis mereka  rata rata siswa perlu menghabiskan setidaknya 6 jam belajar dan persiapan per minggu untuk kursus ini,"['menulis', 'menunjukkan', 'membaca', 'menuliskan']","{'C2', 'C4', 'C1', 'C3'}",Hard,0.7058682831643864,0.2941317168356138
FTK161,Statistika,"course description deskripsi matakuliah describe subject matter, approach, breadth, and applicability of the course. [penjelasan ini biasanya merujuk pada garis garis besar program pengajaran yang terkait dengan kurikulum] tujuan mata kuliah sasaran kompetensi gaji yang dibebankan pada mata kuliah ini setelah menyelesaikan mata kuliah ini mahasiswa harus mampu  mengumpulkan, mengorganisasikan, menyajikan, menganalisis dan menginterpretasikan data dengan menggunakan ukuran numerik dan penyajian grafis  mahasiswa diharapkan mampu memahami probabilitas  mahasiswa diharapkan mampu memahami variabel acak diskrit  mahasiswa diharapkan mampu memahami variabel acak diskrit (lanjutan) dan variabel acak kontinu metode pengajaran metode pembelajaran kooperatif, pembelajaran berbasis masalah, model pembelajaran kontekstual, metode pengajaran kuantum, tutorial, diskusi, ceramah, studi kasus. siswa diharapkan sudah membaca materi sebelum kelas.",course description deskripsi matakuliah describe subject matter approach breadth applicability course penjelasan merujuk gari gari program pengajaran terkait kurikulum tujuan mata kuliah sasaran kompetensi gaji dibebankan mata kuliah menyelesaikan mata kuliah mahasiswa mengumpulkan mengorganisasikan menyajikan menganalisis menginterpretasikan data ukuran numerik penyajian grafis mahasiswa diharapkan memahami probabilitas mahasiswa diharapkan memahami variabel acak diskrit mahasiswa diharapkan memahami variabel acak diskrit lanjutan variabel acak kontinu metode pengajaran metode pembelajaran kooperatif pembelajaran berbasis model pembelajaran kontekstual metode pengajaran kuantum tutorial diskusi ceramah studi siswa diharapkan membaca materi kelas,"[ 0.18692914  0.05204032  0.03869067 -0.07429821  0.13794518 -0.13098335
  0.06431417  0.01615795  0.03365107 -0.04838423  0.05441149  0.00932346
  0.09779265  0.16626751 -0.08542003 -0.00783708  0.09239974  0.04247436
 -0.05159588 -0.10206334  0.19899534  0.06007781  0.1551273   0.05941633
 -0.13374324 -0.01546311  0.16327918 -0.22716318  0.18195328 -0.19625294
 -0.11325555  0.20927423  0.24582581  0.28059834 -0.19952092  0.27742898
 -0.06901633  0.05392185 -0.05462404  0.15563102  0.00051809 -0.00141168
  0.12213764  0.06002903  0.08067518 -0.3052069  -0.03395507 -0.22365017
 -0.10477613 -0.19995299 -0.15020464 -0.0278157  -0.06940421 -0.061527
 -0.11436114  0.24934596  0.31552985 -0.09680874 -0.07605401  0.0586447
 -0.07090822  0.04291862  0.10646241  0.10967477  0.06957923  0.04546564
 -0.0047241   0.4460192  -0.08832549  0.13533325 -0.24017034 -0.00538892
 -0.03950804  0.09799531  0.02384752  0.19163571  0.01339185  0.08986834
  0.15392299 -0.15382382  0.01504809 -0.1912866  -0.07302605  0.02695163
  0.00123219 -0.12072785  0.05519866 -0.08697234  0.0228338  -0.22629036
  0.0619574  -0.15717955 -0.25269982  0.11042874 -0.10160659 -0.01411198
 -0.01973916 -0.4030939   0.17113633  0.4750605  -0.19140226 -0.03777341
  0.16060407  0.14532174 -0.01444643 -0.03161693  0.2049965  -0.21456733
  0.01564734  0.04459592 -0.06260335  0.03307426  0.08329074 -0.1162691
  0.06395075  0.08999816  0.24300408  0.06533931  0.05535185  0.02938326
 -0.0427731  -0.07026029 -0.00390035  0.00115241  0.0941331  -0.20461974
 -0.09369302 -0.02328096 -0.14217931 -0.37271896 -0.15950295  0.09442076
 -0.05308167  0.04384479  0.18455853  0.00474173  0.05292021  0.04165478
 -0.11873773  0.07109523  0.03171656  0.33657053  0.22118582  0.02995119
 -0.23163083  0.25153437 -0.10657974 -0.0098839   0.11443838  0.09479263
  0.18050675 -0.08333923  0.10721671 -0.06078666 -0.06403553  0.07432321
  0.0465231  -0.22081536  0.212706   -0.06110752 -0.12147319  0.1495302
  0.03586067 -0.04465712 -0.1266709   0.16817608  0.14890392 -0.18077606
  0.07308868 -0.08520315  0.18122691 -0.1218845  -0.0643186  -0.00743581
  0.17350754 -0.21963485  0.01069167  0.04524747 -0.02245051 -0.06131414
  0.24405171 -0.10182872  0.08229141 -0.0464437   0.01004387 -0.06299244
 -0.15722744 -0.15251207 -0.11818045  0.13250843 -0.12640955  0.06859517
  0.01221033 -0.20064737 -0.20124568 -0.02790475  0.4194744  -0.2465386
 -0.31628093  0.06866208 -0.36580002 -0.02015056 -0.33234224  0.03808929
 -0.13984081 -0.06337106  0.15153754 -0.03807552  0.10364302  0.01699943
 -0.01010819 -0.06997529 -0.2355818  -0.05746212  0.1232078   0.05275674
  0.09321132 -0.09736027 -0.06246359 -0.01110645 -0.00656233  0.12945393
  0.25106436 -0.13028185 -0.09325095  0.251123   -0.42995742  0.11864372
  0.19043446 -0.04167633  0.00663804 -0.08309928  0.02465004 -0.01081872
 -0.4527068  -0.01876569 -0.14678064  0.03368164 -0.01935556 -0.11280832
 -0.01811683 -0.13467535 -0.01639679 -0.02541996 -0.03668652  0.09337703
 -0.14854223 -0.40240592  0.1167769  -0.17545171  0.1219339  -0.01556865
 -0.13966404  0.03231627  0.09661829 -0.18748873 -0.01512272  0.0438944
 -0.06596889 -0.08964229  0.167231    0.05268669 -0.06235879  0.18259345
  0.0392878  -0.15811418  0.00284076 -0.09075518 -0.02247284  0.05098919
  0.10258254 -0.05884488  0.1628305  -0.15377928 -0.21771373  0.02684795
  0.04940463 -0.09831028  0.01602182 -0.03462538 -0.15637334 -0.01815631
  0.00936499 -0.05246633  0.01128308 -0.0240572  -0.07414917 -0.05723958
 -0.16237041  0.19767386 -0.26364604 -0.08622143 -0.3149201  -0.09090374
 -0.07330337  0.05960909 -0.02200257 -0.18259989 -0.04098476  0.06175347
 -0.01996998  0.2088218  -0.28420755  0.12109735  0.03215964 -0.36422545
 -0.02391012  0.02382084 -0.03470305  0.04700716 -0.03877231  0.1366392
  0.10576034 -0.00564522  0.01827772 -0.0987993  -0.08077365 -0.13926542
  0.05099063 -0.11896064 -0.15947448 -0.01989103 -0.04961466 -0.01610467
  0.04186759  0.01745745 -0.08623818  0.19527948 -0.07077949  0.05752945
 -0.089234   -0.00789247 -0.25891015 -0.07255372 -0.0931151   0.50852746
  0.00161827  0.2353785   0.12068503  0.2088544   0.29697484 -0.07023165
 -0.1992837   0.15843925 -0.16680439  0.05334104  0.09289335  0.21872547
 -0.01988236  0.06309468 -0.06070327  0.17519683 -0.02395413 -0.10784363
  0.17081016  0.14887844  0.08745078 -0.00574244  0.3948092   0.49460557
 -0.19971003 -0.1623957   0.33790323  0.0024001   0.2765372   0.15047532
 -0.12337182  0.00802443  0.03717581  0.12203553 -0.0652783  -0.02774799
  0.02108272 -0.13002872  0.15370253  0.04775628  0.08963536  0.01882686
 -0.04214677  0.03796799 -0.14198391  0.19029742 -0.08795509  0.03770967]",course description deskripsi matakuliah describe subject matter  approach  breadth  and applicability of the course   penjelasan ini biasanya merujuk pada garis garis besar program pengajaran yang terkait dengan kurikulum  tujuan mata kuliah sasaran kompetensi gaji yang dibebankan pada mata kuliah ini setelah menyelesaikan mata kuliah ini mahasiswa harus mampu   mengumpulkan  mengorganisasikan  menyajikan  menganalisis dan menginterpretasikan data dengan menggunakan ukuran numerik dan penyajian grafis   mahasiswa diharapkan mampu memahami probabilitas   mahasiswa diharapkan mampu memahami variabel acak diskrit   mahasiswa diharapkan mampu memahami variabel acak diskrit  lanjutan  dan variabel acak kontinu metode pengajaran metode pembelajaran kooperatif  pembelajaran berbasis masalah  model pembelajaran kontekstual  metode pengajaran kuantum  tutorial  diskusi  ceramah  studi kasus  siswa diharapkan sudah membaca materi sebelum kelas,"['menginterpretasikan', 'membaca', 'menganalisis', 'memahami', 'mengumpulkan', 'mengorganisasikan', 'menggunakan']","{'C6', 'C1', 'C4', 'C2', 'C3'}",Hard,0.7983431573864749,0.2016568426135247
FTK203,Sistem Basis Data,"Error 500 (Server Error)!!1500.That’s an error.There was an error. Please try again later.That’s all we know. tujuan mata kuliah Setelah menyelesaikan mata kuliah ini, mahasiswa diharapkan dapat menjelaskan konsep dasar sistem basis data; menjelaskan konsep dasar sistem arsitektur basis data dan aplikasinya; menjelaskan konsep utama pengendalian transaksi dan konkurensi dalam sistem basis data untuk merancang sistem basis data konseptual, logis dan fisik berdasarkan kasus tertentu dengan menggunakan dua pendekatan yang berbeda; menerapkan konsep model relasional pada struktur bahasa query (sql); menerapkan konsep model relasional pada bahasa query struktur lanjutan (sql); membuat sistem basis data relasional dengan menggunakan sistem manajemen basis data relasional (rdbms); metode pengajaran pengajaran di kelas terdiri dari ceramah dan pemecahan masalah praktis, dilengkapi dengan alat bantu visual yang dirancang untuk membantu siswa agar berhasil memenuhi tujuan pembelajaran kursus. sangat penting bahwa siswa mengambil minat aktif dalam kursus. untuk berhasil dalam mata kuliah ini, siswa harus membaca, berpikir, dan menulis secara kritis dan analitis dan ini membutuhkan waktu dan latihan. latihan seperti itu hanya dapat dicapai dengan latihan kerja. ketika masalah muncul, dan masalah itu akan terjadi, siswa harus mengajukan pertanyaan yang mungkin ditujukan kepada instruktur atau siswa lain dalam berbagai cara. siswa juga didorong untuk bekerja secara individu maupun bersama-sama dalam memecahkan masalah sebagai bagian dari latihan mereka. namun, individu pada akhirnya harus menunjukkan pemahaman tentang substansi dengan menuliskan solusinya sendiri. Selain itu, akan ada lokakarya/penugasan kelas dan presentasi baik secara tertulis maupun lisan untuk mengevaluasi tingkat pengetahuan dan keterampilan mahasiswa pada mata kuliah ini. Tes tengah dilakukan untuk mengevaluasi tingkat pengetahuan dan keterampilan siswa pada mata kuliah ini. dan, tes akhir dilakukan oleh siswa sebagai proyek kelompok. metode pengajaran yang digunakan adalah pembelajaran yang berpusat pada siswa. dengan menerapkan metode ini, siswa dilibatkan untuk memecahkan masalah atau pertanyaan yang diberikan dalam diskusi kelompok kecil. mahasiswa juga dapat mengambil catatan kuliah melalui sistem manajemen kursus online. f silabus ppkr1 ftk203 (rencana pembelajaran semester)",error server errorthats errorthere error please try laterthats know tujuan mata kuliah menyelesaikan mata kuliah mahasiswa diharapkan konsep dasar sistem basis data konsep dasar sistem arsitektur basis data aplikasinya konsep utama pengendalian transaksi konkurensi sistem basis data merancang sistem basis data konseptual logis fisik berdasarkan pendekatan berbeda menerapkan konsep model relasional struktur bahasa query sql menerapkan konsep model relasional bahasa query struktur lanjutan sql sistem basis data relasional sistem manajemen basis data relasional rdbms metode pengajaran pengajaran kelas ceramah pemecahan praktis dilengkapi alat bantu visual dirancang membantu siswa berhasil memenuhi tujuan pembelajaran kursus siswa mengambil minat aktif kursus berhasil mata kuliah siswa membaca berpikir menulis kriti analitis membutuhkan latihan latihan dicapai latihan kerja muncul siswa mengajukan instruktur siswa siswa didorong individu bersamasama memecahkan latihan individu pemahaman substansi menuliskan solusinya lokakaryapenugasan kelas presentasi tertulis lisan mengevaluasi tingkat pengetahuan keterampilan mahasiswa mata kuliah te mengevaluasi tingkat pengetahuan keterampilan siswa mata kuliah te siswa proyek kelompok metode pengajaran pembelajaran berpusat siswa menerapkan metode siswa dilibatkan memecahkan diskusi kelompok mahasiswa mengambil catatan kuliah sistem manajemen kursus online f silabus ppkr ftk rencana pembelajaran semester,"[-1.96401011e-02  7.84319788e-02 -1.27088398e-01 -1.22269168e-01
 -2.01622948e-01 -2.68210083e-01 -1.24125101e-01  1.41007900e-01
 -7.49430433e-02  2.99433917e-01 -9.77166295e-02 -2.49359868e-02
  2.21752271e-01 -1.40123248e-01 -7.22404867e-02 -6.37380630e-02
 -6.78270310e-02 -2.38393426e-01 -2.75804754e-03  8.58265758e-02
 -6.38490692e-02 -1.61348477e-01 -4.64969911e-02  8.44039470e-02
 -1.62383705e-01  1.04652107e-01  1.66458502e-01 -6.59704860e-03
  1.47557855e-01 -2.50882506e-01  7.48393163e-02  1.87239766e-01
  1.45492911e-01  4.48044688e-02 -3.54741774e-02  3.98817509e-02
  4.27215872e-03 -1.14221573e-01 -2.12162778e-01  2.09916458e-01
  1.15920484e-01 -3.68095748e-03  1.10471398e-01  4.84529771e-02
  1.03345094e-02 -6.87519386e-02 -2.02327371e-02 -9.08785164e-02
 -2.77987182e-01 -9.73513126e-02 -1.62132651e-01 -2.45239697e-02
 -1.15643978e-01 -1.25785083e-01 -1.99227601e-01  1.98051974e-01
  2.00513497e-01  1.17727712e-01 -2.77201593e-01 -2.07610592e-01
  2.05125511e-01 -1.18051358e-01 -4.73682731e-02  7.68523514e-02
  8.01472068e-02 -2.88834819e-03  4.74956818e-04  1.03119701e-01
  1.07639775e-01 -5.07848933e-02 -2.28370249e-01  2.17082754e-01
 -5.44357225e-02  1.05734296e-01 -2.62836926e-03  1.45883448e-02
  2.81615127e-02  1.01902768e-01  3.13364685e-01 -1.63742036e-01
  4.08028513e-02 -1.45761505e-01 -2.39485204e-02  1.49520576e-01
  1.58082806e-02 -7.93258660e-03  1.03111684e-01  1.81315560e-03
 -6.84551820e-02 -1.44541264e-01  1.98566511e-01 -4.58572321e-02
 -7.77300820e-02 -5.88527955e-02 -1.01871137e-02 -7.57569075e-02
 -7.68337324e-02  4.04765978e-02  9.38823745e-02  3.87304246e-01
 -8.09879079e-02 -5.14227003e-02 -3.88181284e-02 -5.66630624e-02
  5.09059988e-03 -9.03837085e-02  1.16637848e-01 -1.18877418e-01
  1.28871724e-01 -7.71110877e-02 -2.45717540e-03  1.20494105e-01
 -1.87842116e-01 -5.35544045e-02  3.42125306e-04 -4.09771651e-02
  2.93170591e-03 -2.16654345e-01  4.39810641e-02  1.07196517e-01
 -3.49198431e-02 -1.06935270e-01  4.70241904e-02  8.76554698e-02
  4.70604859e-02 -1.22941449e-01 -1.09708548e-01 -1.53686583e-01
 -1.37926623e-01 -3.11309129e-01  6.48116022e-02 -1.62419349e-01
  1.86078660e-02 -7.63638970e-03  1.07292973e-01 -1.33322716e-01
  6.39059767e-03 -7.61538893e-02 -1.47820404e-03  1.47328615e-01
  1.48153663e-01  1.04337625e-01  1.25403732e-01  1.52823001e-01
 -2.00006023e-01  2.69316047e-01 -1.86904091e-02 -1.86001927e-01
  1.35356352e-01  2.07823589e-01  3.05591524e-01 -3.69706526e-02
  2.80835852e-03  5.02385609e-02 -5.37955537e-02  3.48666385e-02
  4.01742198e-03 -1.82746306e-01  1.27221689e-01 -2.91023791e-01
 -7.04046264e-02  2.13638887e-01 -6.66012540e-02 -5.46665210e-03
  1.07213296e-01 -1.20383680e-01  2.89244521e-02 -1.17680617e-01
  1.06515601e-01  1.87834591e-01  3.60793561e-01  2.17818171e-02
 -1.19541287e-01 -1.06993720e-01  1.66226272e-02  3.24182771e-03
  1.30695924e-01 -2.92130914e-02 -5.57381064e-02 -1.31677896e-01
  2.92083830e-01 -1.11112989e-01  2.12895766e-01  4.57787625e-02
 -7.74136037e-02 -2.31229439e-01 -1.29257292e-01  1.14735603e-01
 -2.27600172e-01  6.39412627e-02 -3.13818939e-02  7.85060227e-02
  1.93582833e-01 -1.00847870e-01 -2.89640039e-01 -1.36724710e-01
  4.61504102e-01 -1.76242441e-01 -1.51553348e-01 -1.91945717e-01
 -2.19742060e-02  1.52889267e-01 -1.39660135e-01 -4.07130644e-02
 -1.12477124e-01 -2.15982124e-01  1.09682135e-01  7.89701194e-02
  3.06904428e-02 -3.78849432e-02 -1.36861444e-01 -1.16799995e-01
 -3.37067842e-01  4.42699296e-03  1.36084601e-01 -3.17707807e-02
  4.19635028e-02  7.09636211e-02 -2.57129930e-02 -1.17951538e-02
 -4.94013615e-02  1.00239553e-01  1.87790185e-01 -1.47031724e-01
 -2.36128747e-01  1.67505473e-01 -3.84528369e-01 -5.06288446e-02
  1.62191465e-01  5.20840809e-02  6.61200806e-02 -1.53256029e-01
  1.56009406e-01  4.12039161e-02  2.06362940e-02 -3.81108373e-04
  2.55646408e-02  3.82379745e-03 -1.89374328e-01 -1.62768200e-01
  1.09946698e-01 -1.86694711e-01 -3.35031860e-02 -8.45052376e-02
 -2.73557037e-01  1.60817094e-02 -4.17843312e-01  5.03806844e-02
  1.62859678e-01  7.15126693e-02 -2.21065711e-02 -1.75671875e-01
 -1.21426694e-01  9.82379988e-02 -9.79174525e-02  2.76024435e-02
  2.54221773e-03  4.98371832e-02 -2.22470760e-02  9.85809192e-02
  2.16752633e-01 -1.60210639e-01  2.14759335e-02  1.17970556e-01
  3.73003222e-02 -6.47396222e-02 -6.25173822e-02 -1.41290843e-01
  5.76935112e-02  1.45427719e-01 -5.01249284e-02  8.93285945e-02
  1.44105643e-01  1.14210695e-01  8.96888599e-02 -4.39434573e-02
  2.76440501e-01 -1.69397771e-01  1.83125198e-01  1.16437197e-01
  1.33607686e-01 -6.53528469e-03  2.05122516e-01  3.08125392e-02
  1.57360524e-01 -1.99071877e-02  2.68957708e-02 -3.89304310e-02
 -3.59894112e-02  7.98742324e-02 -1.08957946e-01  8.53658989e-02
 -2.14660376e-01 -2.44387239e-01  2.13736929e-02 -1.52908966e-01
 -3.89010273e-03 -1.98303163e-02  8.25040266e-02 -2.46004388e-03
 -2.44292110e-01  8.39754716e-02 -2.17457470e-02  4.95040826e-02
 -3.61500643e-02 -1.05064720e-01  1.03878744e-01  4.23889682e-02
  2.39008050e-02  9.43970755e-02  1.26044840e-01 -1.55560866e-01
  4.98677045e-02 -1.15739880e-04 -5.05029261e-02 -2.36682326e-01
 -6.98379204e-02  1.36850610e-01 -4.14335206e-02 -2.58616060e-01
 -1.00870125e-01 -1.40058160e-01  3.18328962e-02  1.34611860e-01
  1.09357096e-01  5.46093918e-02 -9.14640203e-02  1.06557377e-01
  1.72928236e-02 -1.70828551e-02 -1.49737969e-02  7.73707777e-03
 -2.92154491e-01  1.03341922e-01  3.06321401e-03  3.59247206e-03
  1.16429672e-01  2.60158539e-01  4.91380803e-02  5.65720014e-02
  3.64492476e-01  2.51271687e-02 -1.91122517e-01 -5.26046753e-02
  1.12677533e-02  2.03037590e-01  1.57507017e-01  4.67759579e-01
 -1.81793422e-02  5.73183633e-02 -3.43711562e-02  3.74761894e-02
 -3.84021290e-02 -6.27062619e-02  1.31532237e-01  8.43951777e-02
  1.51493214e-03  6.51773214e-02  1.44292146e-01  1.24923244e-01
 -4.79713902e-02 -4.34975326e-03  9.73460525e-02  3.99528397e-03
  9.87638235e-02  7.90252760e-02 -2.85134196e-01  1.74170181e-01
  2.54147142e-01  1.60218343e-01 -1.89014748e-01 -1.30518958e-01
  8.30538869e-02 -3.41604045e-03  1.70990035e-01  1.72244072e-01
  2.18844771e-01 -1.12535767e-01 -1.10957678e-03  7.23624304e-02
 -7.71401078e-02  3.40368271e-01 -1.31299928e-01  3.86010483e-02]",error 500  server error   1500 that s an error there was an error  please try again later that s all we know  tujuan mata kuliah setelah menyelesaikan mata kuliah ini  mahasiswa diharapkan dapat menjelaskan konsep dasar sistem basis data  menjelaskan konsep dasar sistem arsitektur basis data dan aplikasinya  menjelaskan konsep utama pengendalian transaksi dan konkurensi dalam sistem basis data untuk merancang sistem basis data konseptual  logis dan fisik berdasarkan kasus tertentu dengan menggunakan dua pendekatan yang berbeda  menerapkan konsep model relasional pada struktur bahasa query  sql   menerapkan konsep model relasional pada bahasa query struktur lanjutan  sql   membuat sistem basis data relasional dengan menggunakan sistem manajemen basis data relasional  rdbms   metode pengajaran pengajaran di kelas terdiri dari ceramah dan pemecahan masalah praktis  dilengkapi dengan alat bantu visual yang dirancang untuk membantu siswa agar berhasil memenuhi tujuan pembelajaran kursus  sangat penting bahwa siswa mengambil minat aktif dalam kursus  untuk berhasil dalam mata kuliah ini  siswa harus membaca  berpikir  dan menulis secara kritis dan analitis dan ini membutuhkan waktu dan latihan  latihan seperti itu hanya dapat dicapai dengan latihan kerja  ketika masalah muncul  dan masalah itu akan terjadi  siswa harus mengajukan pertanyaan yang mungkin ditujukan kepada instruktur atau siswa lain dalam berbagai cara  siswa juga didorong untuk bekerja secara individu maupun bersama sama dalam memecahkan masalah sebagai bagian dari latihan mereka  namun  individu pada akhirnya harus menunjukkan pemahaman tentang substansi dengan menuliskan solusinya sendiri  selain itu  akan ada lokakarya penugasan kelas dan presentasi baik secara tertulis maupun lisan untuk mengevaluasi tingkat pengetahuan dan keterampilan mahasiswa pada mata kuliah ini  tes tengah dilakukan untuk mengevaluasi tingkat pengetahuan dan keterampilan siswa pada mata kuliah ini  dan  tes akhir dilakukan oleh siswa sebagai proyek kelompok  metode pengajaran yang digunakan adalah pembelajaran yang berpusat pada siswa  dengan menerapkan metode ini  siswa dilibatkan untuk memecahkan masalah atau pertanyaan yang diberikan dalam diskusi kelompok kecil  mahasiswa juga dapat mengambil catatan kuliah melalui sistem manajemen kursus online  f silabus ppkr1 ftk203  rencana pembelajaran semester,"['menulis', 'membuat', 'mengevaluasi', 'memecahkan', 'menerapkan', 'menjelaskan', 'menunjukkan', 'membaca', 'menuliskan', 'merancang', 'menggunakan']","{'C6', 'C1', 'C5', 'C4', 'C2', 'C3'}",Hard,0.906010235231697,0.09398976476830301
FTK205,LAN and Wireless,"Deskripsi Mata Kuliah Mata kuliah ini memperkenalkan arsitektur, struktur, fungsi, komponen, dan model internet dan jaringan komputer lainnya. siswa mencapai pemahaman dasar tentang bagaimana jaringan beroperasi dan bagaimana membangun jaringan area lokal (lan) sederhana, melakukan konfigurasi dasar untuk router dan switch, dan mengimplementasikan protokol internet (ip). Selain itu, aktivitas packet tracer (pt) memperkuat konsep baru, dan memungkinkan siswa untuk memodelkan dan menganalisis proses routing yang mungkin sulit untuk divisualisasikan atau dipahami. tujuan kursus kurikulum ini membekali siswa dengan keterampilan yang dibutuhkan untuk berhasil dalam program gelar terkait jaringan dan membantu mereka mempersiapkan sertifikasi ccna. ini juga membantu siswa mengembangkan keterampilan yang diperlukan untuk memenuhi tanggung jawab pekerjaan teknisi jaringan, administrator jaringan, dan insinyur jaringan. ini memberikan pengenalan langsung tentang jaringan dan internet yang kaya secara teoritis. tujuan kursus ini adalah untuk memperkenalkan konsep dan teknologi jaringan dasar kepada siswa. kursus ini akan membantu siswa dalam mengembangkan keterampilan yang diperlukan untuk merencanakan dan mengimplementasikan jaringan kecil di berbagai aplikasi. pada akhir kursus, siswa akan mampu membangun jaringan area lokal (LAN) sederhana, melakukan konfigurasi dasar untuk router dan switch, dan mengimplementasikan skema pengalamatan ip. setelah menyelesaikan kursus ini, siswa harus dapat (cid 136) mengkonfigurasi sakelar dan perangkat akhir untuk menyediakan akses ke sumber daya jaringan lokal dan jarak jauh. (cid 136) menjelaskan bagaimana protokol lapisan fisik dan data link mendukung pengoperasian ethernet dalam jaringan switch. (cid 136) mengkonfigurasi router untuk mengaktifkan konektivitas ujung ke ujung antar perangkat jarak jauh. (cid 136) membuat skema pengalamatan ipv4 dan ipv6 dan memverifikasi konektivitas jaringan antar perangkat. (cid 136) menjelaskan bagaimana lapisan atas model osi mendukung aplikasi jaringan. (cid 136) mengkonfigurasi jaringan kecil dengan praktik keamanan terbaik. (cid 136) memecahkan masalah konektivitas di jaringan kecil. metode pengajaran pengajaran di kelas terdiri dari ceramah dan pemecahan masalah praktis, dilengkapi dengan alat bantu visual yang dirancang untuk membantu siswa agar berhasil mencapai tujuan pembelajaran kursus. f silabus ppkr1 ftk205 tif41 w (rencana pembelajaran semester) mata kuliah disampaikan dalam kombinasi berbasis kelas dan berbasis praktik. praktikum akan dilakukan dalam beberapa mode berbeda antara lain simulator jaringan packet tracer dan praktik langsung menggunakan router, switch dan access point di lingkungan laboratorium. sangat penting bahwa siswa mengambil minat aktif dalam kursus. untuk berhasil dalam mata kuliah ini, siswa harus membaca, berpikir, dan menulis secara kritis dan analitis dan ini membutuhkan waktu dan latihan. latihan seperti itu hanya dapat dicapai dengan latihan kerja. ketika masalah muncul, dan masalah itu akan terjadi, siswa harus mengajukan pertanyaan yang mungkin ditujukan kepada instruktur atau siswa lain dalam berbagai cara. siswa juga didorong untuk bekerja sama dalam kumpulan masalah sebagai bagian dari latihan mereka. namun, individu pada akhirnya harus menunjukkan pemahaman materi dengan menuliskan solusinya sendiri tanpa bantuan siswa lain atau karya tertulis mereka. rata-rata siswa perlu menghabiskan setidaknya 6 jam belajar dan persiapan per minggu untuk kursus ini.",deskripsi mata kuliah mata kuliah memperkenalkan arsitektur struktur fungsi komponen model internet jaringan komputer siswa mencapai pemahaman dasar jaringan beroperasi membangun jaringan area lokal lan sederhana konfigurasi dasar router switch mengimplementasikan protokol internet ip aktivitas packet tracer pt memperkuat konsep siswa memodelkan menganalisis prose routing sulit divisualisasikan dipahami tujuan kursus kurikulum membekali siswa keterampilan dibutuhkan berhasil program gelar terkait jaringan membantu sertifikasi ccna membantu siswa mengembangkan keterampilan memenuhi tanggung pekerjaan teknisi jaringan administrator jaringan insinyur jaringan pengenalan langsung jaringan internet kaya teoritis tujuan kursus memperkenalkan konsep teknologi jaringan dasar siswa kursus membantu siswa mengembangkan keterampilan merencanakan mengimplementasikan jaringan aplikasi kursus siswa membangun jaringan area lokal lan sederhana konfigurasi dasar router switch mengimplementasikan skema pengalamatan ip menyelesaikan kursus siswa cid mengkonfigurasi sakelar perangkat menyediakan akses sumber daya jaringan lokal jarak cid protokol lapisan fisik data link mendukung pengoperasian ethernet jaringan switch cid mengkonfigurasi router mengaktifkan konektivitas ujung ujung perangkat jarak cid skema pengalamatan ipv ipv memverifikasi konektivitas jaringan perangkat cid lapisan model osi mendukung aplikasi jaringan cid mengkonfigurasi jaringan praktik keamanan terbaik cid memecahkan konektivitas jaringan metode pengajaran pengajaran kelas ceramah pemecahan praktis dilengkapi alat bantu visual dirancang membantu siswa berhasil mencapai tujuan pembelajaran kursus f silabus ppkr ftk tif w rencana pembelajaran semester mata kuliah kombinasi berbasis kelas berbasis praktik praktikum mode berbeda simulator jaringan packet tracer praktik langsung router switch access point lingkungan laboratorium siswa mengambil minat aktif kursus berhasil mata kuliah siswa membaca berpikir menulis kriti analitis membutuhkan latihan latihan dicapai latihan kerja muncul siswa mengajukan instruktur siswa siswa didorong kumpulan latihan individu pemahaman materi menuliskan solusinya bantuan siswa karya tertulis ratarata siswa menghabiskan jam belajar persiapan minggu kursus,"[ 0.06791696 -0.05368455 -0.00539018 -0.07003864 -0.18158466 -0.19818297
 -0.01183538  0.18473029 -0.04654602  0.19966424  0.20223907  0.13973162
  0.24456055 -0.03528737  0.0982374   0.0180334  -0.07348345  0.05780918
  0.06340925 -0.21347076  0.0106079  -0.18763971  0.00788986 -0.07551056
 -0.10060389 -0.02532453  0.28295645 -0.05340711  0.16462642 -0.24362671
 -0.05366129  0.15115991  0.0601408   0.20752396 -0.2047778   0.24979576
  0.05248504  0.0994597  -0.23964617  0.01878902  0.12206603 -0.04564034
  0.21456838  0.1861018   0.03239014 -0.24357869 -0.06782599 -0.19935775
 -0.20739803 -0.3024303  -0.07653043 -0.09786779 -0.03577219 -0.06240856
  0.0280447   0.23433751  0.29396546  0.07987778 -0.16218115 -0.10170721
  0.1590924  -0.11502337  0.1087586   0.21122454 -0.01970025 -0.02337231
  0.06119879  0.23127322 -0.00634269 -0.0006973  -0.31348398 -0.06135643
  0.02821424  0.07802162  0.00194245  0.04651993 -0.06596076  0.12992366
  0.1497955   0.01574654  0.1475413  -0.10082885  0.08339798  0.01661015
  0.02366722  0.0473603  -0.16691642 -0.1186125  -0.08010235 -0.12449498
 -0.0909874   0.01570837 -0.06825316 -0.04050578  0.03756152 -0.16413592
  0.06685883 -0.27060956  0.10958646  0.45926479 -0.00404196  0.00775431
  0.0718601  -0.06240277  0.07634496  0.01453724  0.20999517 -0.17737225
  0.0272642  -0.06643927 -0.02418382 -0.04028225 -0.19666207 -0.07017606
  0.03554004 -0.07654797  0.06141035 -0.00446413  0.07472928  0.18167181
 -0.24359494 -0.14548162 -0.03444836 -0.09106572  0.05016165 -0.23721331
  0.02688424  0.12910375 -0.12182201 -0.0275893  -0.06576689  0.06693535
  0.20785941  0.06446739  0.08846565 -0.11757048 -0.08610473 -0.15824084
 -0.28794846  0.16161792  0.04458554  0.28778163  0.33618337  0.06799234
 -0.1163024   0.09681989  0.05971563 -0.03640584  0.23680389  0.14959791
  0.26724547 -0.17984203  0.19709022 -0.12458687  0.03706133  0.03175792
 -0.06977973 -0.12527952  0.23447081 -0.13081726 -0.1951415   0.20941545
  0.03102371  0.08205153  0.02147459 -0.03708127 -0.03208053 -0.18854679
 -0.05601828 -0.03260169  0.05228823 -0.04833224  0.05349733  0.10189225
  0.11504291  0.01261296 -0.03419638  0.04486778 -0.13772914 -0.1517572
  0.13413686 -0.16406208  0.1181832  -0.03446221 -0.08134128 -0.1478957
 -0.0750092   0.0941285  -0.02036033  0.0566643  -0.1596211   0.00245209
  0.179931   -0.4258251  -0.10259958 -0.27981234  0.40438807 -0.28228736
 -0.2229687  -0.03737822 -0.25127614  0.13752793 -0.24224645  0.10266479
 -0.34320962 -0.17076108  0.10797785  0.06383184 -0.0498539   0.09938846
 -0.05728824  0.04040937 -0.16865101  0.03069621  0.22989391 -0.06861702
 -0.06480315 -0.01554402 -0.10613287  0.00176329  0.0859743   0.01987367
  0.21514712 -0.1755869  -0.12975718  0.00928648 -0.28103772  0.12689301
  0.10893883 -0.13263339  0.1245352  -0.05519011 -0.04345284  0.06619694
 -0.28926778  0.01601018  0.14688453 -0.04708486  0.03223284 -0.20382522
  0.04175389  0.04089602 -0.10949348 -0.07810757 -0.05433578  0.02882745
 -0.38513187 -0.00728824  0.22488429 -0.01597274 -0.00208964 -0.12511192
 -0.30183375  0.19432802 -0.0368276   0.03449295  0.00845255  0.07771432
 -0.006533    0.2171042   0.13843994  0.0360147   0.10495447  0.0836423
  0.07791653 -0.1765593  -0.17885663  0.03026612 -0.1314293   0.05808265
 -0.10165561  0.16459349 -0.01275813 -0.1437643   0.20483987  0.02191165
  0.18545678 -0.26149336  0.16955006  0.27818787 -0.107228    0.12097868
  0.06035079 -0.01263659  0.02030161 -0.11028491 -0.06714772  0.2714685
 -0.12330741 -0.00360092 -0.05505136 -0.08285749 -0.16941981 -0.1509912
  0.13114376  0.12820265  0.01129206 -0.02002152 -0.00924803 -0.11363733
  0.01340974  0.15799767 -0.3183009   0.00330335 -0.00728216 -0.14247884
 -0.00376424 -0.0694897   0.08100222 -0.0104929  -0.06364197 -0.06552872
  0.04160796 -0.16237982  0.02904181 -0.00993004 -0.26539525 -0.12833047
 -0.01337612 -0.31759727 -0.10486914 -0.1113378  -0.12619677 -0.02101373
 -0.0054638   0.2305839   0.12055747  0.03917217 -0.05126673  0.02197098
 -0.14867392  0.0871224  -0.23556143  0.26541853  0.15348482  0.29342252
  0.15459915  0.20949686  0.12765844  0.18167478  0.27822122 -0.06248198
 -0.28590715  0.13668454 -0.02225775  0.06772296  0.03617385  0.22555953
  0.16792238 -0.01805713 -0.12648472  0.08155724 -0.10357813 -0.10153216
 -0.03533356  0.18848738  0.02656566 -0.1306616   0.07571264  0.17376676
 -0.07209546 -0.17077206  0.25717017  0.0134381   0.1377125   0.16202018
 -0.15525506  0.08069552  0.05092408  0.22352014 -0.16903521 -0.03104828
  0.20335591 -0.13112755  0.18155886 -0.01688948  0.03026375 -0.20140213
 -0.06999041  0.16702902 -0.12488762  0.39866704  0.00550267  0.00899408]",deskripsi mata kuliah mata kuliah ini memperkenalkan arsitektur  struktur  fungsi  komponen  dan model internet dan jaringan komputer lainnya  siswa mencapai pemahaman dasar tentang bagaimana jaringan beroperasi dan bagaimana membangun jaringan area lokal  lan  sederhana  melakukan konfigurasi dasar untuk router dan switch  dan mengimplementasikan protokol internet  ip   selain itu  aktivitas packet tracer  pt  memperkuat konsep baru  dan memungkinkan siswa untuk memodelkan dan menganalisis proses routing yang mungkin sulit untuk divisualisasikan atau dipahami  tujuan kursus kurikulum ini membekali siswa dengan keterampilan yang dibutuhkan untuk berhasil dalam program gelar terkait jaringan dan membantu mereka mempersiapkan sertifikasi ccna  ini juga membantu siswa mengembangkan keterampilan yang diperlukan untuk memenuhi tanggung jawab pekerjaan teknisi jaringan  administrator jaringan  dan insinyur jaringan  ini memberikan pengenalan langsung tentang jaringan dan internet yang kaya secara teoritis  tujuan kursus ini adalah untuk memperkenalkan konsep dan teknologi jaringan dasar kepada siswa  kursus ini akan membantu siswa dalam mengembangkan keterampilan yang diperlukan untuk merencanakan dan mengimplementasikan jaringan kecil di berbagai aplikasi  pada akhir kursus  siswa akan mampu membangun jaringan area lokal  lan  sederhana  melakukan konfigurasi dasar untuk router dan switch  dan mengimplementasikan skema pengalamatan ip  setelah menyelesaikan kursus ini  siswa harus dapat  cid 136  mengkonfigurasi sakelar dan perangkat akhir untuk menyediakan akses ke sumber daya jaringan lokal dan jarak jauh   cid 136  menjelaskan bagaimana protokol lapisan fisik dan data link mendukung pengoperasian ethernet dalam jaringan switch   cid 136  mengkonfigurasi router untuk mengaktifkan konektivitas ujung ke ujung antar perangkat jarak jauh   cid 136  membuat skema pengalamatan ipv4 dan ipv6 dan memverifikasi konektivitas jaringan antar perangkat   cid 136  menjelaskan bagaimana lapisan atas model osi mendukung aplikasi jaringan   cid 136  mengkonfigurasi jaringan kecil dengan praktik keamanan terbaik   cid 136  memecahkan masalah konektivitas di jaringan kecil  metode pengajaran pengajaran di kelas terdiri dari ceramah dan pemecahan masalah praktis  dilengkapi dengan alat bantu visual yang dirancang untuk membantu siswa agar berhasil mencapai tujuan pembelajaran kursus  f silabus ppkr1 ftk205 tif41 w  rencana pembelajaran semester  mata kuliah disampaikan dalam kombinasi berbasis kelas dan berbasis praktik  praktikum akan dilakukan dalam beberapa mode berbeda antara lain simulator jaringan packet tracer dan praktik langsung menggunakan router  switch dan access point di lingkungan laboratorium  sangat penting bahwa siswa mengambil minat aktif dalam kursus  untuk berhasil dalam mata kuliah ini  siswa harus membaca  berpikir  dan menulis secara kritis dan analitis dan ini membutuhkan waktu dan latihan  latihan seperti itu hanya dapat dicapai dengan latihan kerja  ketika masalah muncul  dan masalah itu akan terjadi  siswa harus mengajukan pertanyaan yang mungkin ditujukan kepada instruktur atau siswa lain dalam berbagai cara  siswa juga didorong untuk bekerja sama dalam kumpulan masalah sebagai bagian dari latihan mereka  namun  individu pada akhirnya harus menunjukkan pemahaman materi dengan menuliskan solusinya sendiri tanpa bantuan siswa lain atau karya tertulis mereka  rata rata siswa perlu menghabiskan setidaknya 6 jam belajar dan persiapan per minggu untuk kursus ini,"['merencanakan', 'menulis', 'membuat', 'mengimplementasikan', 'memecahkan', 'melakukan', 'menunjukkan', 'menjelaskan', 'mendukung', 'membaca', 'memverifikasi', 'menganalisis', 'menuliskan', 'mengembangkan', 'membangun', 'menggunakan']","{'C6', 'C1', 'C5', 'C4', 'C2', 'C3'}",Hard,0.8804313505047888,0.11956864949521101
FTK206,Pemrograman Berorientasi Objek,"Deskripsi Mata Kuliah Mata kuliah ini bertujuan untuk memberikan mahasiswa landasan luas dalam konsep dasar pemrograman berorientasi objek disertai dengan praktikum khusus untuk mengembangkan keterampilan dasar pemrograman berorientasi objek dengan java. ini memperkenalkan konsep dasar dan prinsip pendekatan berorientasi objek seperti prinsip abstraksi dan enkapsulasi, kelas, objek dan konsep konstruktor, prinsip penyembunyian informasi dan konsep pengakses. metode, penyampaian pesan dan prinsip-prinsip kelebihan muatan Tujuan mata kuliah Setelah menyelesaikan mata kuliah mahasiswa harus mampu menggunakan pendekatan berorientasi objek untuk menguraikan suatu masalah dan menghasilkan program berorientasi objek sebagai solusi masalah tersebut. menggunakan kelas dan instance untuk mengembangkan program sebagai kumpulan komponen yang berkomunikasi. mendeskripsikan dan menggunakan notasi uml untuk mengembangkan diagram kelas. mengkolaborasikan konsep prinsip abstraksi dan enkapsulasi yang berkonsentrasi pada pewarisan dan polimorfisme. memecahkan masalah secara rekursif. memahami dan menggunakan konsep dasar pemrograman prosedural bahasa tingkat tinggi; program utama, deklarasi, pernyataan penugasan, pernyataan i/o, pernyataan pemilihan, pernyataan loop, pernyataan pemanggilan metode, pernyataan vs. ekspresi. menangani pengecualian program dengan benar. mendefinisikan, menggunakan dan merekonstruksi file. mengidentifikasi dan menggunakan struktur data dasar (daftar tertaut, tumpukan, antrian). menganalisis, merancang dan mengimplementasikan program oo. menggunakan metode dan kelas generik sederhana. gunakan komponen gui sederhana. metode pengajaran pengajaran di kelas terdiri dari ceramah dan pemecahan masalah praktis, dilengkapi dengan alat bantu visual yang dirancang untuk membantu siswa agar berhasil mencapai tujuan pembelajaran kursus. f silabus ppkr1 ftk206/tif41 (rencana pembelajaran semester)",deskripsi mata kuliah mata kuliah bertujuan mahasiswa landasan luas konsep dasar pemrograman berorientasi objek disertai praktikum khusus mengembangkan keterampilan dasar pemrograman berorientasi objek java memperkenalkan konsep dasar prinsip pendekatan berorientasi objek prinsip abstraksi enkapsulasi kelas objek konsep konstruktor prinsip penyembunyian informasi konsep pengakses metode penyampaian pesan prinsipprinsip kelebihan muatan tujuan mata kuliah menyelesaikan mata kuliah mahasiswa pendekatan berorientasi objek menguraikan menghasilkan program berorientasi objek solusi kelas instance mengembangkan program kumpulan komponen berkomunikasi mendeskripsikan notasi uml mengembangkan diagram kelas mengkolaborasikan konsep prinsip abstraksi enkapsulasi berkonsentrasi pewarisan polimorfisme memecahkan rekursif memahami konsep dasar pemrograman prosedural bahasa tingkat program utama deklarasi pernyataan penugasan pernyataan io pernyataan pemilihan pernyataan loop pernyataan pemanggilan metode pernyataan v ekspresi menangani pengecualian program mendefinisikan merekonstruksi file mengidentifikasi struktur data dasar daftar tertaut tumpukan antrian menganalisis merancang mengimplementasikan program oo metode kelas generik sederhana komponen gui sederhana metode pengajaran pengajaran kelas ceramah pemecahan praktis dilengkapi alat bantu visual dirancang membantu siswa berhasil mencapai tujuan pembelajaran kursus f silabus ppkr ftktif rencana pembelajaran semester,"[ 4.77544963e-02  5.54381460e-02 -5.95714673e-02  2.49089417e-03
 -1.06588647e-01 -1.07410803e-01  1.42941326e-01  5.26516512e-02
 -1.36232123e-01  1.09548688e-01  1.28969163e-01  1.25291049e-02
  1.47992089e-01  3.49869095e-02  2.03915402e-01  7.96328112e-02
  6.07553944e-02  1.07426479e-01 -1.88193806e-02 -6.16418310e-02
  1.34796962e-01 -5.80220930e-02  1.01445027e-01  3.59399170e-02
 -2.57873595e-01  1.67389382e-02  1.75105602e-01 -2.36124784e-01
  2.38264456e-01 -2.00017512e-01 -3.05323415e-02  7.10337088e-02
  2.36175835e-01  1.68282852e-01 -2.94348359e-01  2.87519366e-01
 -8.69503021e-02  8.27950388e-02 -1.26580417e-01  1.20506715e-02
 -1.26347736e-01  2.55129579e-02  1.83566391e-01 -5.33272438e-02
  1.56521469e-01 -1.01648914e-02 -2.08800405e-01 -8.82078558e-02
 -7.68914819e-02 -1.88795254e-01 -2.64702439e-01 -2.07218409e-01
 -1.00352049e-01 -2.62659132e-01  1.54632274e-02  2.23107204e-01
  2.66837418e-01  6.03327341e-03 -1.53852224e-01 -9.62615833e-02
 -1.41954445e-03 -7.75783435e-02  1.21693805e-01  1.33752972e-01
  3.49107757e-02  2.13020537e-02 -3.90614904e-02  2.12936461e-01
  1.07300691e-02  3.68664488e-02 -1.43566877e-01  6.78598955e-02
 -2.26878449e-02  9.48244110e-02  2.11795911e-01  1.45640383e-02
  2.02829745e-02  4.20432575e-02  2.13488951e-01 -7.26556638e-03
  5.83719462e-03 -1.53698504e-01  8.10731053e-02  5.79280518e-02
  4.35821600e-02  1.70534700e-01 -1.71720311e-02  3.32413204e-02
 -6.53120279e-02 -9.68281459e-03  6.39040023e-02 -1.42391816e-01
 -2.26163059e-01  1.01306997e-01  1.50521085e-01 -1.37080148e-01
  7.29167238e-02 -2.34742105e-01 -4.23504412e-03  4.33370978e-01
 -1.70782194e-01 -2.25198939e-02  8.69612917e-02 -9.44262147e-02
  1.34859473e-01 -1.30301425e-02  2.22268865e-01 -3.92552763e-01
 -6.22478537e-02  6.25297055e-02  2.81016137e-02 -3.75287607e-04
 -1.11490890e-01 -9.66052413e-02 -1.30985022e-01 -4.53822538e-02
  1.47127748e-01 -1.38661703e-02  3.58127523e-03  2.24564597e-02
 -6.57387897e-02 -1.07014544e-01  1.09642357e-01  9.51812416e-02
  2.16647610e-02 -3.56531620e-01 -8.48696977e-02 -3.12452167e-02
 -1.98102012e-01 -1.39061004e-01  3.22781457e-03  4.78428081e-02
  9.87006724e-03 -8.42323080e-02  1.61335751e-01 -1.27003370e-02
  6.03312925e-02 -7.29970559e-02 -1.11096680e-01  1.42888695e-01
  2.34746691e-02  3.30739230e-01  2.49043435e-01 -2.65723318e-02
 -1.97482795e-01  2.27272525e-01 -1.48899868e-01 -1.06771499e-01
  1.55301750e-01  2.16458976e-01  9.75639373e-03 -1.62968710e-02
  1.32026851e-01 -2.65703443e-03  1.43402219e-01  6.77406341e-02
 -9.21511650e-02 -2.26412520e-01 -2.75175013e-02 -9.03021246e-02
 -2.16225743e-01  1.58520982e-01  2.05330625e-01 -6.80284714e-03
 -1.04548141e-01 -2.77279802e-02 -6.70354515e-02 -1.48422748e-01
  7.52025992e-02  6.64880052e-02  1.12491116e-01 -8.81821215e-02
  4.43556309e-02  6.58307523e-02  2.55499452e-01  1.35275386e-02
 -7.90739879e-02 -1.33539006e-01  5.69989160e-02 -3.53312939e-02
  2.87589848e-01 -2.16052577e-01  1.59659326e-01 -4.69725467e-02
 -6.00505099e-02 -2.71607954e-02 -8.69902447e-02 -1.31302923e-02
 -7.01747388e-02  1.21884659e-01 -2.53400113e-02 -5.08413129e-02
 -1.64181627e-02 -2.63909638e-01 -2.30661631e-01 -1.95271626e-01
  3.55907261e-01 -1.36551648e-01 -2.23849922e-01  4.29013930e-02
 -3.50138664e-01  1.24209322e-01 -2.59346604e-01 -3.01250443e-02
 -1.07561260e-01 -1.66264847e-01  1.21564440e-01  5.02737612e-02
 -5.28540388e-02  2.33635336e-01  1.07847825e-01  2.62859371e-03
 -2.56445229e-01 -1.55845750e-02  9.09754708e-02  6.69980720e-02
 -7.23696277e-02 -1.18853174e-01 -1.43074676e-01  3.93955968e-02
 -9.01731998e-02 -3.35168131e-02  1.96610346e-01 -1.55759364e-01
 -9.57203507e-02  3.14446865e-04 -3.42947870e-01 -2.94504948e-02
  1.20084751e-02 -1.36066183e-01 -7.35505596e-02 -1.50453597e-01
  6.29314408e-02  1.06788240e-01 -2.78754771e-01 -5.48320003e-02
 -5.31137809e-02  3.44894938e-02  4.81250323e-02 -1.80440158e-01
 -7.19342567e-03 -1.27360255e-01 -1.04472995e-01 -1.36475652e-01
  2.40295436e-02  1.01427034e-01 -1.36561215e-01 -3.00896496e-01
  6.57009631e-02  7.59203956e-02  1.40826374e-01  6.94314949e-03
 -5.67837209e-02  3.78709473e-02  7.99342990e-02 -1.45404497e-02
  2.37181522e-02  8.63680243e-02 -4.26000059e-02  8.09720755e-02
  1.01230226e-01  1.00804418e-02 -9.32512432e-03  1.14286840e-01
  8.51528347e-03 -1.41026182e-02 -1.08496383e-01 -1.10064298e-02
 -9.42035913e-02 -3.95076424e-02  1.65122617e-02  1.62786722e-01
  1.21244691e-01 -8.11257735e-02 -6.61381036e-02 -1.71063989e-01
  1.03125386e-01 -2.99943030e-01  1.27058718e-02  4.08051386e-02
 -1.84013575e-01 -4.91779260e-02  1.93520308e-01 -5.08489423e-02
  3.36225405e-02 -2.04707384e-02  3.09114531e-03  5.26988469e-02
 -1.25373930e-01  8.41451138e-02 -1.38420194e-01  1.37795866e-01
 -3.64206076e-01 -2.03273609e-01  1.31184384e-01  2.50728697e-01
  7.29384497e-02  1.40718102e-01 -1.09787971e-01  1.63529843e-01
  1.39402911e-01  9.76934433e-02 -1.13998190e-01 -1.39002874e-01
 -8.17284826e-03 -3.49666357e-01  1.00910641e-01  1.38416216e-01
  2.39479076e-02  9.47397873e-02 -1.23686954e-01 -1.39051020e-01
 -9.09948274e-02  3.62090627e-03  5.43306060e-02 -5.25489412e-02
 -8.27723444e-02  8.12490433e-02 -3.84173240e-03 -2.05536887e-01
 -1.98392555e-01 -2.71412614e-03 -2.29989504e-03 -5.26846722e-02
  1.54536944e-02  2.00269982e-01 -8.63002241e-02 -2.32662559e-02
 -1.64366901e-01 -6.75851554e-02 -2.24847659e-01 -3.54315601e-02
 -4.98446226e-02  2.01324567e-01  1.22219391e-01  2.73157686e-01
  1.82119701e-02  2.86877930e-01  1.00959688e-01  8.33568722e-02
  5.07431149e-01 -8.95153135e-02 -1.85369730e-01  2.72317845e-02
 -1.22903869e-01  8.10722634e-02  5.88322319e-02  2.69654244e-01
  2.09177211e-01  7.92572051e-02 -6.42220080e-02  1.46150440e-01
  4.65747677e-02 -4.91579808e-02  5.19680753e-02  1.08779520e-01
 -3.72565910e-02 -1.93811178e-01  7.68299326e-02  3.15232903e-01
 -1.72854647e-01 -1.15124278e-01  2.48691320e-01  2.47028712e-02
  2.41496295e-01  1.23359591e-01 -1.29712835e-01 -5.56810386e-02
 -8.56598169e-02  2.51269072e-01 -1.04480416e-01 -2.65895929e-02
  7.34314844e-02  8.81233364e-02  1.09549366e-01  9.34704989e-02
  1.30800709e-01 -1.01447910e-01 -4.39832620e-02  1.75240457e-01
 -2.03668579e-01  3.01034778e-01 -1.63786650e-01  2.66410083e-01]",deskripsi mata kuliah mata kuliah ini bertujuan untuk memberikan mahasiswa landasan luas dalam konsep dasar pemrograman berorientasi objek disertai dengan praktikum khusus untuk mengembangkan keterampilan dasar pemrograman berorientasi objek dengan java  ini memperkenalkan konsep dasar dan prinsip pendekatan berorientasi objek seperti prinsip abstraksi dan enkapsulasi  kelas  objek dan konsep konstruktor  prinsip penyembunyian informasi dan konsep pengakses  metode  penyampaian pesan dan prinsip prinsip kelebihan muatan tujuan mata kuliah setelah menyelesaikan mata kuliah mahasiswa harus mampu menggunakan pendekatan berorientasi objek untuk menguraikan suatu masalah dan menghasilkan program berorientasi objek sebagai solusi masalah tersebut  menggunakan kelas dan instance untuk mengembangkan program sebagai kumpulan komponen yang berkomunikasi  mendeskripsikan dan menggunakan notasi uml untuk mengembangkan diagram kelas  mengkolaborasikan konsep prinsip abstraksi dan enkapsulasi yang berkonsentrasi pada pewarisan dan polimorfisme  memecahkan masalah secara rekursif  memahami dan menggunakan konsep dasar pemrograman prosedural bahasa tingkat tinggi  program utama  deklarasi  pernyataan penugasan  pernyataan i o  pernyataan pemilihan  pernyataan loop  pernyataan pemanggilan metode  pernyataan vs  ekspresi  menangani pengecualian program dengan benar  mendefinisikan  menggunakan dan merekonstruksi file  mengidentifikasi dan menggunakan struktur data dasar  daftar tertaut  tumpukan  antrian   menganalisis  merancang dan mengimplementasikan program oo  menggunakan metode dan kelas generik sederhana  gunakan komponen gui sederhana  metode pengajaran pengajaran di kelas terdiri dari ceramah dan pemecahan masalah praktis  dilengkapi dengan alat bantu visual yang dirancang untuk membantu siswa agar berhasil mencapai tujuan pembelajaran kursus  f silabus ppkr1 ftk206 tif41  rencana pembelajaran semester,"['mengimplementasikan', 'memecahkan', 'menghasilkan', 'mendefinisikan', 'menganalisis', 'menguraikan', 'mengidentifikasi', 'memahami', 'mengembangkan', 'merekonstruksi', 'merancang', 'menggunakan']","{'C6', 'C1', 'C4', 'C2', 'C3'}",Hard,0.7437657515951812,0.25623424840481873
FTK211,Kalkulus 2,"course description mata kuliah ini akan mencakup kalkulus variabel tunggal konsep aplikasi integrasi; fungsi logaritma dan eksponensial; teknik integrasi; urutan dan seri tak terbatas, dan seri power. methods instruction /metode pembelajaran instruksi kelas online terdiri dari ceramah dan pemecahan masalah praktis, dilengkapi dengan alat bantu visual yang dirancang untuk membantu siswa untuk berhasil memenuhi tujuan program pembelajaran.",course description mata kuliah mencakup kalkulus variabel tunggal konsep aplikasi integrasi fungsi logaritma eksponensial teknik integrasi urutan seri terbatas seri power method instruction metode pembelajaran instruksi kelas online ceramah pemecahan praktis dilengkapi alat bantu visual dirancang membantu siswa berhasil memenuhi tujuan program pembelajaran,"[-2.29109358e-02 -2.26191431e-02  4.57799025e-02  1.47486357e-02
 -2.44115621e-01  2.46645622e-02 -7.38980770e-02  1.82093121e-02
 -2.67072134e-02  2.07287557e-02  3.57958600e-02  2.75118738e-01
  1.00425877e-01  1.57757685e-01 -1.37452111e-02 -2.02958658e-03
  1.17160544e-01  2.09209010e-01 -1.62031353e-02 -1.19532049e-01
  2.41994768e-01 -3.61186042e-02  2.03958042e-02  5.85298650e-02
 -2.19691128e-01  5.24265878e-02  1.91667229e-01 -2.22671464e-01
  3.60762119e-01 -3.90188396e-01  2.75676837e-03  4.03560072e-01
  1.48896053e-01 -6.43095002e-02 -3.48789722e-01  1.39837548e-01
 -1.05831936e-01  4.82381694e-02 -1.18970953e-01  6.09754911e-03
 -7.67418593e-02  8.74642283e-02  2.99166381e-01  6.45379275e-02
  2.33097836e-01 -3.76398444e-01 -4.30582687e-02 -1.76119924e-01
  8.94799381e-02 -3.28807414e-01 -2.23004743e-01 -5.35744652e-02
 -6.09722026e-02  3.11991833e-02 -6.49007857e-02 -1.91725488e-03
  1.76199779e-01 -2.66992068e-03 -2.12737367e-01  3.12375072e-02
  7.14352205e-02  5.38139157e-02  8.91021341e-02  1.98602825e-01
 -5.78308990e-03  2.25419968e-01  9.21906531e-02  2.86521494e-01
  6.77575469e-02  1.01130858e-01 -5.72569966e-01 -7.18475953e-02
 -9.68968049e-02  1.01061329e-01  2.10549563e-01  3.49658951e-02
  6.12195507e-02  9.05090347e-02  2.03209609e-01 -9.84216332e-02
  1.01156399e-01 -3.35178018e-01 -3.07279620e-02  1.19169094e-01
 -4.34970967e-02 -2.27176249e-02  7.17235655e-02  5.44411130e-02
  6.33099070e-03 -2.52672970e-01  1.46539658e-01 -1.88382775e-01
 -2.20543385e-01  3.32988091e-02 -1.08175039e-01 -3.78384851e-02
  2.44247079e-01 -2.59260058e-01  1.51764289e-01  3.66360992e-01
 -2.69679606e-01 -3.59081775e-02  3.05550992e-01  8.39680284e-02
  1.19728401e-01 -1.41113922e-01  3.93291831e-01 -2.27459669e-01
  3.61827910e-02 -8.78653377e-02  1.14875399e-01 -1.98235475e-02
  2.83184141e-01 -1.08300842e-01 -5.07490709e-02  2.72488687e-02
  3.61403465e-01 -1.30551964e-01  9.27247033e-02  2.09070012e-01
 -1.20898604e-01  2.09408794e-02  3.02223027e-01  5.45690842e-02
  1.83987230e-01 -2.64946520e-01 -2.72300571e-01 -4.55749929e-02
 -1.72585934e-01 -3.29284877e-01  9.65382680e-02  7.96166211e-02
  1.64166687e-03  2.02543944e-01  2.41812512e-01 -2.74656892e-01
  3.07178503e-04 -4.92841229e-02 -7.99774826e-02  1.76109552e-01
 -5.99377975e-02  4.06420708e-01  3.96309227e-01  1.27742454e-01
 -7.40136653e-02  1.86841279e-01 -6.28969073e-02 -1.27364069e-01
  1.15802512e-01  1.21420503e-01  6.05087578e-02 -1.75996467e-01
  2.48226285e-01  1.99182659e-01  2.17849538e-01  4.04447973e-01
  9.89922881e-02 -1.72057137e-01  1.66211929e-02 -1.70349076e-01
 -1.66311219e-01  2.97624916e-01  1.98136479e-01  5.59034236e-02
 -2.12511852e-01  6.01145551e-02  2.39758968e-01 -5.60975485e-02
 -6.95149750e-02  5.11569902e-02  2.57962704e-01 -2.27789968e-01
 -1.54124662e-01  8.65767449e-02  1.31638959e-01 -1.08799920e-03
  5.84138036e-02 -1.60067588e-01 -7.69222826e-02  1.40289413e-02
  9.17566754e-03 -1.38967261e-01  1.39262646e-01  4.41245846e-02
 -2.21009180e-01 -8.49315431e-04 -6.51753545e-02  4.32409123e-02
 -9.61552709e-02  9.58831161e-02 -1.93409294e-01 -4.85788323e-02
  2.74238698e-02 -3.16898316e-01 -3.05974782e-01 -1.60436243e-01
  3.32997143e-01 -4.82205689e-01 -3.84137094e-01 -3.01567968e-02
 -6.77726716e-02 -2.53747813e-02 -2.08293244e-01  1.63625982e-02
 -2.08251670e-01 -1.60593435e-01 -2.47035623e-02 -1.37474567e-01
  1.29329801e-01 -7.94461370e-02  2.55667359e-01 -1.00621030e-01
 -1.85218364e-01 -7.06253648e-02 -6.17873371e-02 -7.47870421e-03
  2.09596148e-03 -1.53013080e-01 -1.03302181e-01 -3.97154838e-02
 -7.97214359e-02  1.34899214e-01  2.72718936e-01 -1.04559839e-01
 -3.04919899e-01 -1.03744017e-02 -4.19459730e-01 -1.37187451e-01
  2.48976514e-01  9.56873968e-02  4.85592056e-03 -1.45288303e-01
  3.14954400e-01 -2.87965480e-02 -2.23599866e-01  8.26541930e-02
  5.69602139e-02  2.62020528e-01 -5.20279221e-02 -1.02384664e-01
 -4.99416143e-02 -2.00986385e-01 -1.61939234e-01 -1.37066633e-01
 -7.03066811e-02  1.96260214e-01 -1.51349634e-01 -4.61767435e-01
  1.23825774e-01 -2.95661986e-02  8.04858804e-02  6.00453727e-02
 -3.27549987e-02 -1.31546780e-02  1.71821877e-01 -1.37457758e-01
 -2.77932491e-02  1.00265250e-01 -1.33820891e-01  3.65192816e-02
  3.72077256e-01 -2.90010925e-02 -1.65087789e-01  9.31115001e-02
  4.29455973e-02 -2.80242294e-01  4.84852772e-03 -1.52875960e-01
  1.31324828e-01  5.40635288e-02 -1.85563475e-01 -9.50965136e-02
  3.06385080e-03  1.26161903e-01 -2.45097712e-01 -7.25389272e-02
 -1.87079124e-02 -1.42830282e-01 -1.01410829e-01  2.73207128e-02
  6.70551509e-03 -1.73209533e-02 -7.19421878e-02 -6.36523366e-02
  3.09461704e-03 -9.16700214e-02  1.05993666e-01  8.50184113e-02
 -1.83245271e-01  1.17167711e-01 -2.55807340e-01 -1.03967212e-01
 -2.53115475e-01 -2.74028242e-01 -1.47209540e-01  1.29778445e-01
 -8.75711590e-02 -9.28782299e-02  1.23440184e-01  2.65341759e-01
 -7.30412081e-02  1.09775200e-01 -2.85568535e-01 -1.39169708e-01
  3.73545056e-03 -4.07732785e-01  9.99748930e-02 -2.83296164e-02
 -2.24334985e-01 -5.10468483e-02  5.59295416e-02  1.76809490e-01
  2.17022538e-01  1.16602302e-01 -3.27805467e-02 -7.22526312e-02
 -2.26520255e-01 -3.46063264e-02  1.80833071e-01 -1.53489038e-01
 -3.81236449e-02 -7.56096318e-02 -8.50983709e-02 -8.56577083e-02
 -1.44910723e-01  1.72012672e-02 -2.10749269e-01  1.91348284e-01
 -1.74477696e-01 -1.61067618e-03 -3.84623697e-03  1.06651485e-02
  2.98617296e-02  5.32625020e-02  1.04124602e-02  3.30554098e-01
 -7.21299648e-03  2.31792957e-01  6.33237809e-02  1.04242995e-01
  2.74904579e-01 -8.66245292e-03 -1.10636070e-01  2.17938468e-01
 -1.59393996e-01 -1.85745507e-02  1.59254700e-01  2.02253729e-01
 -1.63103074e-01  1.82226822e-01  6.18477687e-02  1.74481109e-01
 -1.01812840e-01  4.69998680e-02  1.52528673e-01  6.61647841e-02
  1.29934307e-02 -4.66552489e-02  3.15563023e-01  2.90219396e-01
 -6.78087473e-02 -1.21662214e-01  2.92880446e-01 -5.54437339e-02
  4.17298973e-01 -7.63067007e-02 -2.25878760e-01 -2.46242806e-01
  9.36056003e-02  3.44351202e-01 -1.29959419e-01  5.60158193e-02
 -5.16422801e-02 -1.84716403e-01  2.14795902e-01  6.64914120e-03
  1.68118045e-01 -6.01727888e-02 -5.63910678e-02  1.63911894e-01
 -1.67171508e-01  9.77698788e-02 -4.00431864e-02 -6.28819764e-02]",course description mata kuliah ini akan mencakup kalkulus variabel tunggal konsep aplikasi integrasi  fungsi logaritma dan eksponensial  teknik integrasi  urutan dan seri tak terbatas  dan seri power  methods instruction  metode pembelajaran instruksi kelas online terdiri dari ceramah dan pemecahan masalah praktis  dilengkapi dengan alat bantu visual yang dirancang untuk membantu siswa untuk berhasil memenuhi tujuan program pembelajaran,[],set(),Hard,0.8504807180124131,0.14951928198758668
FTK221,Kewirausahaan Berbasis Teknologi,"Deskripsi Mata Kuliah Mata kuliah ini berisi prosedur dan dasar terpadu mengenai proses kreatif, pemikiran kreatif dan pemikiran desain Metode pengajaran/metode pembelajaran mata kuliah ini akan dilakukan dengan cara ceramah, studi kasus dan diskusi kelompok. dosen, lebih banyak berperan sebagai fasilitator dibandingkan memberi ceramah",deskripsi mata kuliah mata kuliah berisi prosedur dasar terpadu prose kreatif pemikiran kreatif pemikiran desain metode pengajaranmetode pembelajaran mata kuliah ceramah studi diskusi kelompok dosen berperan fasilitator dibandingkan ceramah,"[ 1.71950802e-01  9.07362625e-02 -1.60519592e-02  6.65668473e-02
 -2.20652878e-01 -2.80067384e-01 -6.20676801e-02  3.50292102e-02
  1.82578593e-01  5.85802607e-02  4.32479288e-03  2.53677815e-01
  7.85952434e-03  6.55570254e-02  1.12498291e-01  6.34347647e-02
  1.11442499e-01  5.91491200e-02  9.21641360e-04 -6.55532554e-02
  6.24977611e-02  5.57880439e-02  4.23911437e-02  6.98714936e-03
 -1.82293579e-01  1.08959749e-01  1.13474451e-01 -2.37602860e-01
  3.72784317e-01 -2.52311319e-01 -2.28291494e-03  2.24124104e-01
  2.40665570e-01  6.15699179e-02 -2.90330261e-01  2.29646459e-01
 -9.42603871e-02  2.11482093e-01 -3.54041420e-02 -7.05245584e-02
 -7.70088434e-02  1.43525437e-01  2.27839977e-01  4.16976921e-02
  5.95975071e-02 -5.84886186e-02 -2.00217679e-01 -6.34820759e-02
 -2.02246010e-01 -2.30627373e-01 -2.77127057e-01 -1.85911119e-01
 -1.12277754e-01 -1.82228923e-01  4.31487133e-05  4.98467386e-02
  1.70123890e-01  1.23863809e-01 -9.68270972e-02  3.80708501e-02
  6.33513033e-02 -2.86027379e-02 -5.69011793e-02  1.78451285e-01
 -3.75006646e-02 -7.42428005e-02  6.16136454e-02  3.34484071e-01
 -4.06988189e-02  1.29837275e-01 -1.11320607e-01  3.70665640e-02
  1.91117432e-02  7.13917539e-02  2.25108162e-01  1.05785310e-01
 -1.56141475e-01  5.36558814e-02  3.83933447e-02 -2.14761809e-01
  2.33721495e-01 -2.93114427e-02 -1.66607164e-02  7.43597597e-02
 -2.45142672e-02  6.13561124e-02 -6.34942949e-02  5.57835773e-03
  5.52751496e-02 -9.41878930e-02  5.19980341e-02 -2.95177549e-01
 -1.73926074e-02 -6.51854575e-02 -1.22902617e-02 -1.42603144e-02
  1.86784193e-01 -1.44943982e-01  2.18487367e-01  3.05266649e-01
 -8.29465687e-03  8.14432204e-02  1.97579250e-01 -2.35484675e-01
  2.20965575e-02 -8.67281333e-02  2.55196989e-01 -2.01347157e-01
 -3.95623557e-02  9.79653895e-02 -7.28377923e-02 -1.10289820e-01
 -4.27557491e-02 -2.04224348e-01 -1.25630900e-01  6.88166246e-02
  1.16253458e-01  1.88545715e-02  4.22277935e-02  1.71643227e-01
  4.21099626e-02 -7.71991014e-02  1.41595468e-01 -9.41303670e-02
  1.00857414e-01 -2.11340755e-01 -2.22003549e-01  1.94034874e-02
 -2.11572833e-02 -1.78483829e-01  2.61250492e-02  4.13779765e-02
  7.36985505e-02  3.64768580e-02  2.39591107e-01 -1.66857876e-02
  1.65929019e-01  3.55413556e-02 -5.42178005e-03  1.10418312e-02
  6.26165643e-02  4.29654300e-01  6.80727959e-02  7.26979971e-03
 -3.17523658e-01  3.75980660e-02 -1.80242047e-01 -1.05825573e-01
  1.11283660e-01  2.00069204e-01  8.98140222e-02  1.22046158e-01
  7.88290352e-02  2.54348312e-02  2.20694747e-02  1.01701573e-01
 -1.59647986e-01 -1.99965104e-01 -2.92225014e-02 -4.11726385e-02
 -2.03445464e-01  2.33067766e-01  1.53542861e-01  7.69876540e-02
 -1.28308564e-01 -5.95452525e-02  2.55262226e-01 -2.01673642e-01
  8.74261931e-03 -3.97235975e-02  1.00910589e-01 -3.94796915e-02
  1.21698314e-02  1.33262992e-01  5.34008481e-02 -1.18787661e-01
 -1.84565112e-01  1.20211899e-01 -1.20776281e-01 -1.07603436e-02
  3.42215836e-01  3.14349271e-02  1.37770653e-01  3.75193432e-02
 -5.30662946e-02 -9.60284099e-02  3.86788324e-02  1.99241396e-02
 -2.78921351e-02  2.47972146e-01 -6.17754273e-02  6.23450615e-02
  2.97976267e-02 -2.05414698e-01 -2.57203013e-01 -1.15195677e-01
  4.35485780e-01 -4.50581610e-01 -2.79145569e-01  1.46931008e-01
 -3.95352274e-01  7.44371936e-02 -3.62058401e-01 -2.73513235e-02
 -5.70543595e-02  2.73480150e-03  9.13743824e-02  1.14142969e-01
  9.96223837e-02  1.43615410e-01 -3.03371367e-03  3.35168242e-02
 -1.52458116e-01 -3.31612937e-02  5.72921298e-02  1.17235176e-01
 -3.31103913e-02  5.93352951e-02 -1.15571171e-01  2.32057646e-02
  1.28793880e-01  8.81276838e-03  1.85396776e-01 -2.12636605e-01
 -1.42337158e-01  4.65424657e-02 -3.06008756e-01 -6.28261268e-02
  3.08362879e-02 -1.10812917e-01 -1.03419557e-01 -5.98768853e-02
  1.66974038e-01 -8.75165761e-02 -4.29734319e-01 -4.75927331e-02
  1.24941505e-01  1.95289552e-02  1.28008768e-01 -1.51267484e-01
  8.47955942e-02 -4.34430167e-02 -6.25323430e-02  4.59636115e-02
  1.66462902e-02  2.21804827e-01 -2.25986123e-01 -3.04269820e-01
  1.50130957e-01 -8.64702314e-02  1.82367861e-01 -1.98202670e-01
 -6.49122596e-02  1.11652829e-01  1.68420486e-02 -9.56110358e-02
 -6.78145289e-02  1.15631498e-01 -1.55324385e-01  1.00736439e-01
  2.35658869e-01 -7.60586783e-02 -6.31823391e-02  8.25078562e-02
  4.93575893e-02 -2.05504924e-01 -9.21311751e-02 -4.20583710e-02
  8.31860974e-02  4.41888645e-02 -2.68422872e-01 -7.42991269e-02
  5.99506274e-02 -1.41297728e-01 -1.79972276e-02 -8.90944451e-02
 -9.29731950e-02 -4.04168993e-01 -1.79200855e-04 -9.79100317e-02
 -4.26187888e-02 -1.73884287e-01  7.97444358e-02  1.23053044e-02
  1.42046109e-01 -9.84388590e-02  1.53555749e-02 -1.11726947e-01
 -5.84573895e-02  1.24902025e-01 -1.34245262e-01  1.13770783e-01
 -1.59884915e-01 -2.48823747e-01  2.56776530e-02  1.39117897e-01
 -1.51436150e-01  7.38778338e-03 -2.30593402e-02  1.77731335e-01
  3.46122235e-02  7.00830221e-02 -2.22416863e-01 -1.22135151e-02
 -4.67966236e-02 -2.68714428e-01  3.43643501e-02  3.50419758e-03
 -8.68706182e-02  1.15544282e-01 -2.23087758e-01 -1.15173928e-01
 -6.73122332e-02  9.20961238e-03  2.86849961e-02 -1.67466119e-01
  1.12102717e-01 -1.18755281e-03  1.05449334e-01 -1.86251938e-01
  5.36166355e-02 -1.88625276e-01  9.61462110e-02  2.46450920e-02
  4.20852788e-02 -2.79893111e-02 -1.19608097e-01  1.06552593e-01
 -6.22275434e-02  5.88076860e-02 -2.14432701e-01  2.05833949e-02
  3.15219723e-02  1.12861149e-01  1.54476240e-01  2.35806212e-01
 -4.39504944e-02  3.71021666e-02  6.74062297e-02  3.32911164e-02
  3.86982113e-01 -7.89151192e-02 -1.29813001e-01  1.53821483e-01
 -1.98075399e-01  1.05412990e-01  9.01369527e-02  1.84858218e-01
 -2.36533403e-01  7.06317052e-02 -1.25697866e-01  1.91062078e-01
 -1.53853834e-01 -4.29762714e-02  1.51178092e-01 -9.08480436e-02
 -3.55827436e-02 -1.11619659e-01  2.13995963e-01  1.96595222e-01
 -2.11080492e-01 -1.17447920e-01  2.42994040e-01  1.04443520e-01
  1.30121231e-01  1.05766736e-01 -2.25162357e-01 -5.81976213e-02
 -1.31173059e-01  1.03357181e-01 -3.17786373e-02 -7.21173640e-03
  2.49178167e-02 -5.15167452e-02  2.80941069e-01  2.07985491e-01
  9.33861360e-02 -4.24735136e-02 -7.10176677e-02  1.86701939e-01
 -2.43667345e-02  3.14173251e-01 -3.05868164e-02  1.81341559e-01]",deskripsi mata kuliah mata kuliah ini berisi prosedur dan dasar terpadu mengenai proses kreatif  pemikiran kreatif dan pemikiran desain metode pengajaran metode pembelajaran mata kuliah ini akan dilakukan dengan cara ceramah  studi kasus dan diskusi kelompok  dosen  lebih banyak berperan sebagai fasilitator dibandingkan memberi ceramah,[],set(),Hard,0.5183460956810209,0.4816539043189792
FTK301,E Business dan Pemrograman Berbasis Web,"deskripsi kursus gambaran umum kursus ini mencakup konsep dasar yang terlibat dalam bisnis elektronik dan menunjukkan kompetensi untuk membuat aplikasi berbasis web untuk mendukung kegiatan bisnis. persyaratan memiliki pengetahuan kerja tentang konsep dan terminologi komputer diperlukan. akan sangat membantu jika siswa memiliki pengetahuan setidaknya tentang algoritma, pemrograman dasar dan juga struktur data Tujuan kursus Setelah menyelesaikan kursus ini, siswa diharapkan menjelaskan pemahaman tentang kekuatan pendorong di balik bisnis e-bisnis dan e-commerce, perubahan teknologi, pengembangan bisnis, dan isu-isu sosial. apply menunjukkan kompetensi mengimplementasikan beberapa aplikasi web seperti database, sisi server dan bahasa scripting sisi klien ke proyek akhir. menganalisis menunjukkan kompetensi untuk menganalisis dan mengaitkan perspektif siswa tentang alat apa yang cocok untuk digunakan pada proyek mereka sendiri. evaluasi menunjukkan kompetensi dalam mengevaluasi proyek aplikasi web bisnis elektronik milik siswa terhadap kriteria tertentu. create menunjukkan kompetensi membuat aplikasi berbasis web untuk mendukung kegiatan bisnis. metode pengajaran pengajaran di kelas terdiri dari ceramah dan pemecahan masalah praktis, dilengkapi dengan alat bantu visual yang dirancang untuk membantu siswa agar berhasil memenuhi tujuan pembelajaran kursus. sangat penting bahwa siswa mengambil minat aktif dalam kursus. untuk berhasil dalam mata kuliah ini, siswa harus membaca, berpikir, dan menulis secara kritis dan analitis dan ini membutuhkan waktu dan latihan. latihan seperti itu hanya dapat dicapai dengan latihan kerja. ketika masalah muncul, dan masalah itu akan terjadi, siswa harus mengajukan pertanyaan yang mungkin ditujukan kepada instruktur atau siswa lain dalam berbagai cara. siswa juga didorong untuk bekerja secara individu maupun bersama-sama dalam memecahkan masalah sebagai bagian dari latihan mereka. namun, individu pada akhirnya harus menunjukkan pemahaman tentang substansi dengan menuliskan solusinya sendiri. Selain itu, akan ada lokakarya/penugasan kelas dan presentasi baik secara tertulis maupun lisan untuk mengevaluasi tingkat pengetahuan dan keterampilan mahasiswa pada mata kuliah ini. Tes tengah dilakukan untuk mengevaluasi tingkat pengetahuan dan keterampilan siswa pada mata kuliah ini. dan, tes akhir dilakukan oleh siswa sebagai proyek kelompok. metode pengajaran yang digunakan adalah pembelajaran yang berpusat pada siswa. dengan silabus f ppkr1 ftk301 (rencana pembelajaran semester) yang menerapkan metode ini, siswa dilibatkan untuk memecahkan masalah atau pertanyaan yang diberikan dalam diskusi kelompok kecil. mahasiswa juga dapat mengambil catatan kuliah melalui sistem manajemen kursus online.",deskripsi kursus gambaran kursus mencakup konsep dasar terlibat bisnis elektronik kompetensi aplikasi berbasis web mendukung kegiatan bisnis persyaratan memiliki pengetahuan kerja konsep terminologi komputer membantu siswa memiliki pengetahuan algoritma pemrograman dasar struktur data tujuan kursus menyelesaikan kursus siswa diharapkan pemahaman kekuatan pendorong bisnis ebisnis ecommerce perubahan teknologi pengembangan bisnis isuisu sosial apply kompetensi mengimplementasikan aplikasi web database sisi server bahasa scripting sisi klien proyek menganalisis kompetensi menganalisis mengaitkan perspektif siswa alat cocok proyek evaluasi kompetensi mengevaluasi proyek aplikasi web bisnis elektronik milik siswa kriteria create kompetensi aplikasi berbasis web mendukung kegiatan bisnis metode pengajaran pengajaran kelas ceramah pemecahan praktis dilengkapi alat bantu visual dirancang membantu siswa berhasil memenuhi tujuan pembelajaran kursus siswa mengambil minat aktif kursus berhasil mata kuliah siswa membaca berpikir menulis kriti analitis membutuhkan latihan latihan dicapai latihan kerja muncul siswa mengajukan instruktur siswa siswa didorong individu bersamasama memecahkan latihan individu pemahaman substansi menuliskan solusinya lokakaryapenugasan kelas presentasi tertulis lisan mengevaluasi tingkat pengetahuan keterampilan mahasiswa mata kuliah te mengevaluasi tingkat pengetahuan keterampilan siswa mata kuliah te siswa proyek kelompok metode pengajaran pembelajaran berpusat siswa silabus f ppkr ftk rencana pembelajaran semester menerapkan metode siswa dilibatkan memecahkan diskusi kelompok mahasiswa mengambil catatan kuliah sistem manajemen kursus online,"[ 9.99730676e-02  6.68651313e-02 -4.34004851e-02 -1.44603848e-01
 -5.02306074e-02 -9.54008568e-03 -3.58305685e-03  7.84708112e-02
 -2.22466886e-03  1.41948551e-01  2.78982148e-02  2.11881384e-01
  1.24089912e-01 -1.72777921e-02  1.44243568e-01  1.32339358e-01
  6.41955957e-02 -6.79236278e-02  1.23815853e-02 -1.74664155e-01
  3.37646678e-02 -4.48849723e-02  1.18582428e-01 -1.64618701e-01
 -3.40707660e-01 -2.56135222e-02  2.05817699e-01 -2.29811341e-01
  1.62076309e-01 -1.97570384e-01  4.44287993e-02  1.41056895e-01
  3.08970630e-01  2.87008315e-01 -2.28260666e-01  2.84416050e-01
 -1.16336316e-01 -5.66215347e-03 -1.15108714e-01 -2.21651774e-02
  9.78096724e-02 -1.00082859e-01  9.53729600e-02  1.78565048e-02
  1.09442472e-01 -2.48342395e-01 -1.16493613e-01 -2.71076292e-01
 -9.72730815e-02 -1.22421794e-01 -1.80247560e-01 -2.76504099e-01
 -1.15799204e-01 -6.10867068e-02 -5.81377093e-03  2.30735913e-01
  1.83325306e-01  1.69983227e-02 -2.96114206e-01 -5.02029397e-02
 -9.63089615e-03 -1.18781783e-01  1.79749712e-01  1.83534503e-01
  1.07910708e-01  1.03942335e-01 -2.99824495e-03  3.77576113e-01
 -5.67225888e-02 -1.93491861e-01 -3.92978787e-01 -8.31992328e-02
 -1.84732214e-01  1.61184922e-01 -1.32526249e-01  4.55847234e-02
  7.50015453e-02 -4.65648212e-02  2.17605978e-01 -8.37290473e-03
  5.79079315e-02 -1.54047355e-01  3.40299718e-02  2.61345625e-01
 -4.24207151e-02  4.55308370e-02  8.59213620e-03 -1.00978687e-01
 -4.01490033e-02 -1.63859259e-02 -8.41718819e-03 -1.12537019e-01
 -1.08293355e-01 -6.45147339e-02 -8.53911787e-02 -1.22092843e-01
  7.99430683e-02 -3.22761834e-01  1.14313930e-01  3.61751676e-01
 -1.77884787e-01 -2.57020071e-02  1.80955499e-01 -9.16707441e-02
  5.52539080e-02  1.59037083e-01  1.63652241e-01 -2.32249886e-01
  1.50937870e-01  3.42021361e-02 -3.05568539e-02 -7.95236006e-02
 -7.18739927e-02 -2.36563057e-01 -2.42983773e-02  1.54706478e-01
  1.97744861e-01  9.60640982e-02  1.38999760e-01  9.30461660e-02
  8.05783868e-02  2.87179500e-02  1.46028936e-01  2.99516153e-02
  6.27483726e-02 -2.19623923e-01 -7.21959695e-02  3.36501449e-02
 -2.60759652e-01 -2.78402686e-01 -1.87194105e-02  5.68941161e-02
  1.11090779e-01  6.76844418e-02  1.46203250e-01 -4.37586103e-03
 -1.08835675e-01 -9.32637230e-02 -1.76378310e-01  1.87575713e-01
  1.23276323e-01  3.13001215e-01  2.11335778e-01  8.99327546e-02
 -2.02059537e-01  1.02328777e-01  4.47934270e-02 -1.40986323e-01
  1.22748222e-02 -1.03632119e-02  1.95523426e-01 -7.77227730e-02
  1.97931260e-01  1.34749338e-02  1.26545817e-01  1.45990849e-01
  2.23757550e-01 -1.50943786e-01  1.76963255e-01 -2.23362282e-01
 -1.98563308e-01  1.65488482e-01  4.41020839e-02  1.27933085e-01
 -1.28212795e-02 -2.75349412e-02  3.43295373e-02 -1.44142985e-01
 -4.76053022e-02  9.99788567e-02  1.03562355e-01 -2.19610959e-01
 -9.68666002e-02 -2.21709348e-02  1.76603258e-01  5.75431027e-02
  1.92999229e-01  1.19007319e-01 -1.83076814e-01 -1.52396902e-01
  3.81168395e-01 -2.17276588e-01  2.11214781e-01 -3.40257064e-02
  1.55201210e-02 -2.17340924e-02 -9.87233371e-02  4.60822210e-02
 -7.18911514e-02  1.38140306e-01 -1.13507211e-01  1.50464475e-01
 -3.10181994e-02 -1.58223808e-01  6.28195703e-05 -8.54537487e-02
  3.32967997e-01 -3.08962107e-01 -2.18183428e-01 -4.85126190e-02
 -2.07604468e-01  1.19408462e-02 -3.57794106e-01  4.93516475e-02
 -2.00562015e-01 -1.64679319e-01  1.44597650e-01  1.77978039e-01
  1.33225322e-01  3.94182429e-02  3.65263149e-02  5.81172854e-02
 -3.54504585e-01  2.45349482e-04  9.89851058e-02  1.34644322e-02
  2.03657988e-03 -3.21500152e-02 -1.06587179e-01  6.70792386e-02
 -1.28684163e-01  1.20317236e-01  1.50851175e-01 -1.28407747e-01
 -3.25129509e-01  6.73351884e-02 -5.04745185e-01  1.12469569e-01
  3.92711014e-01 -1.39560357e-01  1.37508716e-02 -2.08303317e-01
 -5.54470755e-02  1.23423211e-01 -7.25711063e-02 -1.77812129e-01
 -1.10734560e-01 -2.70617171e-03 -3.24771851e-02 -1.55481502e-01
 -6.17911518e-02 -6.13387972e-02 -9.95434076e-02 -1.04003973e-01
 -2.24953815e-01  1.82900041e-01 -2.18651786e-01 -2.22890258e-01
  1.34118497e-01 -7.63476416e-02 -1.45038124e-02 -7.96298087e-02
 -1.45414189e-01  3.15352529e-02  1.21147975e-01 -1.54062375e-01
 -7.89185539e-02  9.72946286e-02 -1.05151556e-01  2.21867766e-02
  7.79773593e-02 -1.97615921e-02  1.26363620e-01  2.22957894e-01
  1.58245236e-01 -1.16278216e-01  2.59005241e-02  1.49376839e-02
 -1.33357286e-01  7.40092397e-02 -1.41140744e-01  8.54892805e-02
  3.48905951e-01 -7.70625919e-02 -2.13980973e-02 -2.37947889e-02
  1.60111561e-01 -3.46769691e-01  1.62966579e-01  1.65442899e-01
 -1.03963867e-01 -7.02243075e-02 -7.11993426e-02 -1.17079102e-01
  8.15243647e-02 -1.01751834e-01  2.25103468e-01  8.13920721e-02
 -1.85944408e-01  2.24980507e-02 -1.09906733e-01  1.53285742e-01
 -3.14338654e-01 -1.85020298e-01  2.29703039e-02  1.39997542e-01
 -9.69921649e-02 -1.14779167e-01 -6.92622140e-02  7.39420280e-02
 -3.79301980e-03  1.39789626e-01 -3.29933405e-01 -1.89196374e-02
 -3.73083390e-02 -2.12788820e-01  4.03814577e-02 -5.21829687e-02
 -1.83979481e-01  2.89823897e-02  2.11909711e-02 -9.09446031e-02
  1.11423515e-01 -1.17917648e-02 -2.73271590e-01 -3.74779887e-02
 -2.07925320e-01 -4.58042435e-02 -1.95739597e-01 -1.22184105e-01
 -1.51950672e-01 -8.95873606e-02  1.27341017e-01 -1.76728278e-01
 -1.25148715e-02  2.47127891e-01 -7.66992941e-02  9.03089643e-02
 -7.41457045e-02  5.63833714e-02 -1.70692995e-01  1.16102725e-01
 -3.44111323e-01  2.38876656e-01  5.75569533e-02  2.71659374e-01
  1.36922404e-01  2.59998202e-01  2.22097903e-01  2.10393425e-02
  4.12403643e-01 -1.51632935e-01 -3.75052661e-01  1.66571245e-01
 -5.37135750e-02  1.19470976e-01  4.41552848e-02  3.14088762e-01
 -8.47618282e-03  3.97177562e-02 -3.10888849e-02  9.96462405e-02
  4.68334779e-02 -9.72985476e-02  1.74272344e-01  6.06841817e-02
 -1.61439516e-02 -1.07388243e-01 -1.39693422e-02  4.34691548e-01
 -1.60735384e-01  3.63779999e-02  3.29113543e-01 -3.20558622e-02
  1.89969972e-01  1.92969322e-01 -2.10420832e-01 -9.54373777e-02
  1.46787286e-01  2.04309210e-01 -8.55545923e-02 -7.49356151e-02
  2.65282989e-01 -1.00151949e-01  2.83582509e-01  2.47364834e-01
  2.44529307e-01 -2.26118669e-01 -1.11461841e-02  1.97654933e-01
 -1.42209440e-01  8.63541812e-02  5.07811382e-02  1.54935606e-02]",deskripsi kursus gambaran umum kursus ini mencakup konsep dasar yang terlibat dalam bisnis elektronik dan menunjukkan kompetensi untuk membuat aplikasi berbasis web untuk mendukung kegiatan bisnis  persyaratan memiliki pengetahuan kerja tentang konsep dan terminologi komputer diperlukan  akan sangat membantu jika siswa memiliki pengetahuan setidaknya tentang algoritma  pemrograman dasar dan juga struktur data tujuan kursus setelah menyelesaikan kursus ini  siswa diharapkan menjelaskan pemahaman tentang kekuatan pendorong di balik bisnis e bisnis dan e commerce  perubahan teknologi  pengembangan bisnis  dan isu isu sosial  apply menunjukkan kompetensi mengimplementasikan beberapa aplikasi web seperti database  sisi server dan bahasa scripting sisi klien ke proyek akhir  menganalisis menunjukkan kompetensi untuk menganalisis dan mengaitkan perspektif siswa tentang alat apa yang cocok untuk digunakan pada proyek mereka sendiri  evaluasi menunjukkan kompetensi dalam mengevaluasi proyek aplikasi web bisnis elektronik milik siswa terhadap kriteria tertentu  create menunjukkan kompetensi membuat aplikasi berbasis web untuk mendukung kegiatan bisnis  metode pengajaran pengajaran di kelas terdiri dari ceramah dan pemecahan masalah praktis  dilengkapi dengan alat bantu visual yang dirancang untuk membantu siswa agar berhasil memenuhi tujuan pembelajaran kursus  sangat penting bahwa siswa mengambil minat aktif dalam kursus  untuk berhasil dalam mata kuliah ini  siswa harus membaca  berpikir  dan menulis secara kritis dan analitis dan ini membutuhkan waktu dan latihan  latihan seperti itu hanya dapat dicapai dengan latihan kerja  ketika masalah muncul  dan masalah itu akan terjadi  siswa harus mengajukan pertanyaan yang mungkin ditujukan kepada instruktur atau siswa lain dalam berbagai cara  siswa juga didorong untuk bekerja secara individu maupun bersama sama dalam memecahkan masalah sebagai bagian dari latihan mereka  namun  individu pada akhirnya harus menunjukkan pemahaman tentang substansi dengan menuliskan solusinya sendiri  selain itu  akan ada lokakarya penugasan kelas dan presentasi baik secara tertulis maupun lisan untuk mengevaluasi tingkat pengetahuan dan keterampilan mahasiswa pada mata kuliah ini  tes tengah dilakukan untuk mengevaluasi tingkat pengetahuan dan keterampilan siswa pada mata kuliah ini  dan  tes akhir dilakukan oleh siswa sebagai proyek kelompok  metode pengajaran yang digunakan adalah pembelajaran yang berpusat pada siswa  dengan silabus f ppkr1 ftk301  rencana pembelajaran semester  yang menerapkan metode ini  siswa dilibatkan untuk memecahkan masalah atau pertanyaan yang diberikan dalam diskusi kelompok kecil  mahasiswa juga dapat mengambil catatan kuliah melalui sistem manajemen kursus online,"['menulis', 'membuat', 'mengimplementasikan', 'mengaitkan', 'mengevaluasi', 'memecahkan', 'menerapkan', 'menunjukkan', 'menjelaskan', 'mendukung', 'membaca', 'menganalisis', 'menuliskan']","{'C6', 'C1', 'C5', 'C4', 'C2', 'C3'}",Hard,0.9010030645621626,0.09899693543783751
FTK303,Rekayasa Perangkat Lunak,"deskripsi kursus menunjukkan kompetensi untuk membuat persyaratan sistem, merancang perangkat lunak menggunakan salah satu metodologi desain perangkat lunak dengan menggunakan alat tertentu dan juga membuat dokumentasi desain perangkat lunak. Tujuan mata kuliah Setelah menyelesaikan mata kuliah ini, mahasiswa diharapkan memahami konsep metodologi siklus hidup rekayasa perangkat lunak (sdlc) sebagai metode untuk mengembangkan perangkat lunak. juga memahami konsep utama proses perangkat lunak, pemeliharaan dan perubahan berdasarkan permintaan. menerapkan konsep sdlc untuk melakukan elisitasi persyaratan untuk menciptakan persyaratan sistem lengkap yang terdiri dari persyaratan fungsional dan non fungsional. mampu menganalisis persyaratan untuk memberikan panduan yang jelas bagi perancang perangkat lunak merancang perangkat lunak dan memperkirakan upaya untuk mengembangkan perangkat lunak tertentu. membuat dan menyebarkan perangkat lunak berdasarkan kebutuhan dan desain perangkat lunak sesuai dengan metode SDLC yang dipilih. metode pengajaran pengajaran di kelas terdiri dari ceramah dan pemecahan masalah praktis, dilengkapi dengan alat bantu visual yang dirancang untuk membantu siswa agar berhasil memenuhi tujuan pembelajaran kursus. sangat penting bahwa siswa mengambil minat aktif dalam kursus. untuk berhasil dalam mata kuliah ini, siswa harus membaca, berpikir, dan menulis secara kritis dan analitis dan ini membutuhkan waktu dan latihan. latihan seperti itu hanya dapat dicapai dengan latihan kerja. ketika masalah muncul, dan masalah itu akan terjadi, siswa harus mengajukan pertanyaan yang mungkin ditujukan kepada instruktur atau siswa lain dalam berbagai cara. siswa juga didorong untuk bekerja sama dalam kumpulan masalah sebagai bagian dari latihan mereka. namun, individu pada akhirnya harus menunjukkan pemahaman materi dengan menuliskan solusinya sendiri tanpa bantuan siswa lain atau karya tertulis mereka. Selain itu, akan ada lokakarya/penugasan kelas dan presentasi baik secara tertulis maupun lisan untuk mengevaluasi tingkat pengetahuan dan keterampilan mahasiswa pada mata kuliah ini. Tes tengah dilakukan dalam bentuk tes tertulis/berbasis proyek untuk mengevaluasi tingkat pengetahuan dan keterampilan siswa pada mata kuliah ini. dan, tes akhir dilakukan oleh siswa sebagai proyek kelompok. siswa harus menyerahkan desain perangkat lunak yang lengkap menggunakan metodologi desain perangkat lunak tertentu dan harus mematuhi pengembangan siklus hidup perangkat lunak. f silabus ppkr1 ftk303 (rencana pembelajaran semester) rata-rata siswa perlu meluangkan setidaknya 6 jam belajar dan persiapan per minggu untuk mata kuliah ini.",deskripsi kursus kompetensi persyaratan sistem merancang perangkat lunak salah metodologi desain perangkat lunak alat dokumentasi desain perangkat lunak tujuan mata kuliah menyelesaikan mata kuliah mahasiswa diharapkan memahami konsep metodologi siklus hidup rekayasa perangkat lunak sdlc metode mengembangkan perangkat lunak memahami konsep utama prose perangkat lunak pemeliharaan perubahan berdasarkan permintaan menerapkan konsep sdlc elisitasi persyaratan menciptakan persyaratan sistem lengkap persyaratan fungsional non fungsional menganalisis persyaratan panduan perancang perangkat lunak merancang perangkat lunak upaya mengembangkan perangkat lunak menyebarkan perangkat lunak berdasarkan kebutuhan desain perangkat lunak sesuai metode sdlc dipilih metode pengajaran pengajaran kelas ceramah pemecahan praktis dilengkapi alat bantu visual dirancang membantu siswa berhasil memenuhi tujuan pembelajaran kursus siswa mengambil minat aktif kursus berhasil mata kuliah siswa membaca berpikir menulis kriti analitis membutuhkan latihan latihan dicapai latihan kerja muncul siswa mengajukan instruktur siswa siswa didorong kumpulan latihan individu pemahaman materi menuliskan solusinya bantuan siswa karya tertulis lokakaryapenugasan kelas presentasi tertulis lisan mengevaluasi tingkat pengetahuan keterampilan mahasiswa mata kuliah te bentuk te tertulisberbasis proyek mengevaluasi tingkat pengetahuan keterampilan siswa mata kuliah te siswa proyek kelompok siswa menyerahkan desain perangkat lunak lengkap metodologi desain perangkat lunak mematuhi pengembangan siklus hidup perangkat lunak f silabus ppkr ftk rencana pembelajaran semester ratarata siswa meluangkan jam belajar persiapan minggu mata kuliah,"[-2.05287021e-02  7.83509761e-02 -8.28314573e-02 -1.30532995e-01
 -9.04022604e-02 -9.28356647e-02 -1.79412857e-01  8.49319845e-02
 -6.83361888e-02  1.06169730e-01 -3.31969820e-02  1.13528438e-01
  1.31981343e-01 -6.52508140e-02  3.24619934e-04 -1.33720692e-02
  5.73461913e-02  2.43150592e-02  2.87704705e-03 -4.19729538e-02
  7.45730847e-02  2.35924348e-02  1.43554956e-01 -1.91023387e-02
 -1.88978761e-01  7.86650032e-02  7.82224610e-02 -1.77501917e-01
  1.39694810e-01 -1.29587680e-01 -8.68852064e-03  2.19606116e-01
  2.01635137e-01  7.18534142e-02 -1.59545437e-01  2.68354177e-01
 -1.64413340e-02 -6.00703470e-02 -1.55455142e-01  1.29006617e-02
 -9.09851715e-02 -6.77384287e-02  9.29855555e-02  8.26673284e-02
 -5.73060922e-02 -2.29684785e-01 -3.66502889e-02 -2.21398443e-01
 -1.59957379e-01 -1.36507988e-01 -1.93246484e-01 -1.79582283e-01
 -1.21532362e-02 -1.80298477e-01 -5.10289669e-02  1.18740872e-01
  2.33100697e-01  9.30164531e-02 -1.44514665e-01 -1.29171591e-02
  1.61645170e-02 -1.97474077e-01 -2.17907503e-02  1.73871443e-01
  3.81000564e-02  1.43603146e-01  8.65660980e-02  2.15066627e-01
  4.44083512e-02 -1.20111406e-01 -2.98620015e-01 -3.35163549e-02
 -9.57626030e-02  7.63007253e-02  2.23066006e-02  6.04982674e-02
  1.03737518e-01 -3.64289880e-02  2.14514688e-01 -1.03811949e-01
  7.75769502e-02 -6.48641735e-02 -3.03381216e-02  1.03210799e-01
 -1.35545004e-02 -1.63145661e-02 -2.45082453e-02  2.32069939e-02
  7.75487795e-02 -1.62002724e-02 -7.48944329e-03 -8.62095580e-02
 -1.29671842e-01 -9.46507305e-02 -1.34927034e-01 -3.67859658e-03
  2.45394073e-02 -1.80690095e-01  7.94174150e-02  3.03529501e-01
 -1.87511414e-01  1.17750894e-02  4.98298630e-02 -2.81944722e-02
  8.69753137e-02  1.01974376e-01  1.30182311e-01 -1.88059226e-01
  4.89840209e-02  1.72725338e-02  2.09593754e-02  3.01695522e-02
 -7.21753836e-02 -1.86237782e-01  4.99268062e-02  7.96027035e-02
 -5.06337807e-02  5.31091765e-02  1.01575173e-01  2.23696753e-01
 -6.86247274e-02 -7.16274306e-02  5.70340790e-02  3.36044980e-03
  1.74901918e-01 -1.82180420e-01 -1.02206599e-02 -8.34921971e-02
 -1.32448494e-01 -2.21989542e-01  3.29447277e-02  1.29544914e-01
 -4.43960205e-02  2.54555028e-02  1.88900247e-01  8.25663805e-02
  3.06957178e-02 -5.77298105e-02  2.02090852e-02  1.61286727e-01
 -1.35652730e-02  3.06696862e-01  1.61050543e-01  8.51013437e-02
 -1.86403647e-01  1.74706087e-01 -6.53862506e-02 -4.61936295e-02
  4.68340702e-02  6.46568239e-02  1.63342178e-01 -1.14084661e-01
  1.73855841e-01 -7.47893006e-02  1.07346915e-01  7.41339624e-02
  8.94811526e-02 -1.64507046e-01  9.95053723e-02 -1.28373235e-01
 -1.27734780e-01  1.76642716e-01  7.25002214e-02  8.34292397e-02
 -1.50333241e-01  2.18971353e-02  4.57328595e-02 -1.49160728e-01
  4.10691183e-03  1.49618268e-01  1.76173255e-01 -8.80249888e-02
  4.61019166e-02 -4.11704443e-02  2.15860814e-01  3.29291937e-03
  1.00687752e-03  3.69706862e-02 -7.93143921e-03  1.34099154e-02
  3.85863900e-01 -5.63539453e-02  1.87844679e-01  9.06157587e-03
 -9.32868198e-02  1.48837212e-02 -8.06086212e-02 -9.59131122e-02
 -1.26616687e-01  1.50032148e-01 -1.39773294e-01  7.86364079e-02
  4.43115197e-02 -5.91365993e-02 -2.16892570e-01 -1.94142506e-01
  4.36023474e-01 -1.32320702e-01 -1.39147490e-01 -6.30864128e-02
 -2.39204973e-01  4.11921330e-02 -2.46764049e-01 -5.94587661e-02
 -1.35232940e-01 -1.31179675e-01  2.12648828e-02  2.93477494e-02
  5.35427146e-02 -1.90169588e-02 -6.13958985e-02  9.27019306e-03
 -1.07988968e-01 -4.60893754e-03  2.27486081e-02  6.11773804e-02
 -1.89456181e-03 -5.43981884e-03 -8.30750838e-02  4.69230786e-02
 -2.98599005e-02  8.61199796e-02  1.86467528e-01 -1.47058025e-01
 -5.88206612e-02  4.63442430e-02 -3.22052211e-01  3.92122008e-02
  1.59487873e-01 -3.08659747e-02 -2.16844320e-01 -2.26443768e-01
  2.79153585e-02  9.26208496e-02 -1.44137815e-01 -1.28926829e-01
  4.17477358e-03  6.96843117e-02 -1.07720390e-01 -1.54553473e-01
  9.26183537e-02 -1.70650557e-01 -6.43916707e-03  9.73097328e-03
 -1.34333849e-01  1.71391979e-01 -2.46301904e-01 -2.20016465e-01
  2.02382833e-01 -5.28727705e-03 -7.94026330e-02 -7.88111147e-03
 -1.27274141e-01  7.74357021e-02  7.31791556e-02 -5.78377470e-02
 -1.61181450e-01  6.49210140e-02  6.72419816e-02  1.50803411e-02
 -8.08290858e-03  1.15627825e-01 -5.38533814e-02  2.03366399e-01
  1.05809137e-01 -1.47406876e-01 -1.36046693e-01  1.81328095e-02
 -4.55651768e-02  4.44679558e-02 -1.58024225e-02 -5.69386780e-02
  2.21974805e-01 -8.89641643e-02  5.31866401e-02 -2.36871094e-02
  8.00867751e-02 -1.91866145e-01  8.74671265e-02 -3.31494398e-03
 -1.02867387e-01 -9.81932878e-02  9.17325541e-02 -4.37686816e-02
 -2.21530981e-02  3.91808897e-03  1.50536790e-01 -5.35959825e-02
 -1.59701139e-01  5.69873638e-02 -1.00899145e-01  9.71637741e-02
 -2.80595601e-01 -1.39939427e-01  6.89645531e-04  2.69289538e-02
 -1.30426690e-01 -4.53961119e-02 -3.35006937e-02 -4.19958830e-02
  1.88006507e-03  9.01331473e-03 -3.16499949e-01 -1.14208870e-01
 -9.58497077e-03 -2.28983343e-01  5.11919223e-02  1.14422075e-01
 -1.33069664e-01  2.00460590e-02  1.97898000e-02 -1.31451458e-01
  8.12325478e-02  6.09131791e-02 -1.46276932e-02 -1.60126761e-02
 -1.67309612e-01 -2.91553251e-02  5.61174471e-04 -1.40458837e-01
 -8.30973238e-02  2.23160721e-02 -4.93778698e-02  8.62530898e-03
 -1.92060824e-02  1.03372134e-01 -1.39597178e-01  7.00097308e-02
 -7.34359771e-02  3.37045155e-02 -5.86060807e-02  8.19363818e-02
 -3.58039327e-02  2.00488642e-01  7.10460916e-02  2.60846496e-01
  2.36047003e-02  2.55076051e-01 -9.42090061e-03  7.90376365e-02
  3.43085796e-01 -4.90667596e-02 -1.53404847e-01  1.41773373e-01
 -7.67257363e-02 -1.37403933e-02  1.51765615e-01  2.10489929e-01
  7.28070140e-02  1.55697353e-02  4.72380482e-02  1.04623117e-01
  3.97321805e-02 -1.05802752e-01  2.65650868e-01 -2.93060001e-02
  3.98602188e-02  6.82235807e-02  1.86947241e-01  2.69151002e-01
 -1.54495269e-01  6.38813302e-02  1.24321848e-01  1.21545032e-01
  6.91950321e-02  4.79772612e-02 -5.51576726e-02  1.10021615e-02
  3.52310501e-02  1.86155230e-01 -3.75231020e-02  6.31272644e-02
  5.24936169e-02 -3.98040451e-02  1.69805154e-01  1.47457808e-01
  8.86260346e-02 -9.56288055e-02 -8.18856061e-02  9.48890969e-02
 -1.74381897e-01  9.96826738e-02  7.54306167e-02  2.40450129e-02]",deskripsi kursus menunjukkan kompetensi untuk membuat persyaratan sistem  merancang perangkat lunak menggunakan salah satu metodologi desain perangkat lunak dengan menggunakan alat tertentu dan juga membuat dokumentasi desain perangkat lunak  tujuan mata kuliah setelah menyelesaikan mata kuliah ini  mahasiswa diharapkan memahami konsep metodologi siklus hidup rekayasa perangkat lunak  sdlc  sebagai metode untuk mengembangkan perangkat lunak  juga memahami konsep utama proses perangkat lunak  pemeliharaan dan perubahan berdasarkan permintaan  menerapkan konsep sdlc untuk melakukan elisitasi persyaratan untuk menciptakan persyaratan sistem lengkap yang terdiri dari persyaratan fungsional dan non fungsional  mampu menganalisis persyaratan untuk memberikan panduan yang jelas bagi perancang perangkat lunak merancang perangkat lunak dan memperkirakan upaya untuk mengembangkan perangkat lunak tertentu  membuat dan menyebarkan perangkat lunak berdasarkan kebutuhan dan desain perangkat lunak sesuai dengan metode sdlc yang dipilih  metode pengajaran pengajaran di kelas terdiri dari ceramah dan pemecahan masalah praktis  dilengkapi dengan alat bantu visual yang dirancang untuk membantu siswa agar berhasil memenuhi tujuan pembelajaran kursus  sangat penting bahwa siswa mengambil minat aktif dalam kursus  untuk berhasil dalam mata kuliah ini  siswa harus membaca  berpikir  dan menulis secara kritis dan analitis dan ini membutuhkan waktu dan latihan  latihan seperti itu hanya dapat dicapai dengan latihan kerja  ketika masalah muncul  dan masalah itu akan terjadi  siswa harus mengajukan pertanyaan yang mungkin ditujukan kepada instruktur atau siswa lain dalam berbagai cara  siswa juga didorong untuk bekerja sama dalam kumpulan masalah sebagai bagian dari latihan mereka  namun  individu pada akhirnya harus menunjukkan pemahaman materi dengan menuliskan solusinya sendiri tanpa bantuan siswa lain atau karya tertulis mereka  selain itu  akan ada lokakarya penugasan kelas dan presentasi baik secara tertulis maupun lisan untuk mengevaluasi tingkat pengetahuan dan keterampilan mahasiswa pada mata kuliah ini  tes tengah dilakukan dalam bentuk tes tertulis berbasis proyek untuk mengevaluasi tingkat pengetahuan dan keterampilan siswa pada mata kuliah ini  dan  tes akhir dilakukan oleh siswa sebagai proyek kelompok  siswa harus menyerahkan desain perangkat lunak yang lengkap menggunakan metodologi desain perangkat lunak tertentu dan harus mematuhi pengembangan siklus hidup perangkat lunak  f silabus ppkr1 ftk303  rencana pembelajaran semester  rata rata siswa perlu meluangkan setidaknya 6 jam belajar dan persiapan per minggu untuk mata kuliah ini,"['memperkirakan', 'menulis', 'membuat', 'mengevaluasi', 'melakukan', 'menerapkan', 'menunjukkan', 'membaca', 'menganalisis', 'memahami', 'menuliskan', 'menciptakan', 'mengembangkan', 'merancang', 'menggunakan']","{'C6', 'C1', 'C5', 'C4', 'C2', 'C3'}",Hard,0.8801444474866226,0.1198555525133773
FTK402,Magang,"Deskripsi Mata Kuliah Mata kuliah ini bertujuan untuk memberikan kesempatan kepada mahasiswa untuk memperoleh pengetahuan dan pengalaman praktis serta menerapkan ilmu dan keterampilan yang diperoleh selama kuliah sehingga mereka dapat lebih mempersiapkan diri untuk bekerja. setelah magang, mahasiswa diminta membuat laporan magang sesuai panduan magang.",deskripsi mata kuliah mata kuliah bertujuan kesempatan mahasiswa memperoleh pengetahuan pengalaman praktis menerapkan ilmu keterampilan diperoleh kuliah magang mahasiswa laporan magang sesuai panduan magang,"[ 9.09503102e-02  3.39705721e-02 -2.09015876e-01  1.01957820e-01
 -4.67524007e-02 -1.81821719e-01 -2.43257824e-03  2.04135701e-01
  4.61851060e-02  3.98088358e-02  5.06825186e-02  4.04079854e-02
  1.62168011e-01 -3.29086557e-02  6.81651011e-02 -5.14010992e-03
  3.22378278e-02 -6.41468912e-02  4.75077927e-02 -1.40303582e-01
  8.59059319e-02 -7.93435499e-02  1.86804250e-01  1.51777538e-02
 -1.23189911e-01 -3.86672020e-02  2.19941705e-01 -1.31796762e-01
  1.81984603e-01 -1.53684974e-01 -1.99314713e-01  5.31048663e-02
  1.98001459e-01  1.48379564e-01 -2.55153686e-01  3.63866776e-01
 -1.73507810e-01  1.67447850e-01  2.88400222e-02 -1.52645754e-02
 -7.56921247e-02 -1.10038407e-01  2.32509792e-01  1.18726678e-01
  6.08402155e-02  1.68942716e-02 -1.68900400e-01 -6.23955205e-02
 -4.16105166e-02 -1.48249760e-01 -3.12667042e-01 -8.22028518e-02
 -9.16363299e-03 -3.10528576e-01  8.29034597e-02  2.58167326e-01
  1.62353516e-01  6.17735423e-02 -1.75915688e-01  1.05602846e-01
  2.71404982e-02 -2.73554586e-02  3.32896933e-02  1.76647499e-01
  9.62418467e-02  2.55712532e-02 -7.92423934e-02  2.74430245e-01
  2.43027788e-02  8.28559026e-02 -2.50134557e-01 -5.85164763e-02
  1.97704602e-02  1.53716449e-02  1.22938961e-01  6.37109727e-02
 -1.53807953e-01 -5.26716374e-03 -4.19019768e-03 -8.93511716e-03
  1.74261168e-01  1.97773367e-01  2.89448146e-02  6.38492182e-02
  2.18928922e-02  2.83926893e-02  3.78338657e-02  5.86944930e-02
  6.94388375e-02 -1.08163744e-01  6.76956177e-02 -1.54077545e-01
 -1.52537256e-01 -7.85516575e-02  9.86607224e-02 -7.84936026e-02
  5.36011793e-02 -1.77143753e-01  6.01091124e-02  3.70031416e-01
 -6.25268966e-02  6.85961023e-02  1.19304463e-01 -2.64225990e-01
 -1.11264912e-02 -3.95992361e-02  1.74022496e-01 -2.07835898e-01
 -7.86984935e-02  5.78101799e-02  1.37026131e-01  4.48673889e-02
 -1.04542458e-02 -1.14484906e-01  3.76786739e-02  1.79821268e-01
  9.68726259e-03  1.52454115e-02  9.43697318e-02  2.92313665e-01
  2.94270162e-02 -4.19876799e-02  9.04173926e-02 -2.28658274e-01
  3.71828377e-02 -3.23522657e-01  2.33380962e-02  5.35185449e-02
  2.07346468e-03 -1.20994255e-01 -5.68362623e-02  2.49757282e-02
  5.41610979e-02 -7.92510659e-02  7.93041959e-02 -7.12513030e-02
  8.07882622e-02  6.77978247e-02  2.54088864e-02  1.38614714e-01
  1.38732150e-01  2.33623043e-01  9.61436108e-02  7.62100741e-02
 -1.89974010e-01  1.08343028e-01 -8.84370431e-02  1.22344801e-02
  2.43963733e-01  3.64109129e-02  1.89025044e-01 -5.86017296e-02
  1.02096453e-01  4.49111797e-02 -1.25194145e-02  8.84169564e-02
 -2.77074575e-02 -1.74715668e-01  2.00239614e-01 -5.09586073e-02
 -1.58478096e-01  1.08432144e-01 -1.20686600e-02  1.84241254e-02
 -1.72278687e-01 -3.26243825e-02  1.79694608e-01 -1.96907863e-01
  7.22762719e-02  8.17995667e-02  1.32205814e-01 -2.78771017e-02
 -1.97121389e-02  1.46337748e-01  1.43655673e-01  3.26008983e-02
 -3.83429565e-02  1.20732576e-01 -1.00352548e-01 -5.02671972e-02
  2.77418643e-01 -9.72799584e-02 -1.70150679e-02 -6.43332675e-02
  7.73364231e-02 -4.62088846e-02 -4.30130921e-02 -1.70881599e-01
  8.10464285e-03  1.41640842e-01 -1.31421313e-01  6.55387193e-02
  5.89500703e-02 -1.94828957e-01 -2.29825899e-01 -1.30949512e-01
  3.21957439e-01 -3.84432018e-01 -3.21369529e-01 -3.46213356e-02
 -4.63304728e-01  5.85018806e-02 -2.88385957e-01 -1.96770113e-02
 -9.02336836e-02 -3.20090614e-02  1.14473701e-01  1.37572095e-01
  2.86340624e-01 -3.15549038e-03  1.81426592e-02  1.64366439e-02
  5.25037795e-02  3.38636003e-02  5.29261120e-02  1.14111649e-02
 -1.31974503e-01 -3.27445492e-02 -6.57948554e-02  1.48453442e-02
  1.58036157e-01 -9.05584693e-02  9.94223654e-02 -2.42558360e-01
  3.52366790e-02 -5.71100973e-03 -2.68267900e-01 -7.08223581e-02
  2.28815362e-01 -9.88037661e-02  3.12727876e-02 -1.16909891e-01
 -1.29314378e-01  1.66597646e-02 -3.94373566e-01 -2.90378295e-02
  5.06317094e-02  2.70238072e-02  3.33999358e-02 -1.71714470e-01
  3.61511000e-02  1.66537408e-02 -1.46136791e-01  8.51557478e-02
  6.73823729e-02  1.29685253e-01 -9.60026309e-02 -2.73125231e-01
  1.32350713e-01  1.21781426e-02  1.08045995e-01 -2.89109975e-01
 -2.55953789e-01 -1.61160268e-02 -4.28195707e-02 -8.78356099e-02
  8.52712058e-03  7.93525502e-02 -1.71408683e-01 -1.09451404e-02
  1.34823561e-01 -7.30059668e-03 -1.15414865e-01  3.37101758e-01
  8.44889879e-02 -1.25804126e-01 -7.80677795e-02 -1.03075512e-01
 -1.01559833e-01  6.95790723e-02 -6.89907521e-02 -4.07978110e-02
  1.06047034e-01 -1.15889445e-01  7.94608817e-02 -1.26424327e-01
  1.22844070e-01 -2.36441359e-01  2.95226797e-02  1.46756181e-02
 -1.57024458e-01 -9.92463604e-02 -8.29583406e-02 -3.92962620e-02
 -2.07082443e-02 -5.18784598e-02  7.56391957e-02  4.57240827e-02
  3.84756885e-02  1.92344617e-02 -1.03458181e-01  8.41753706e-02
 -1.97088674e-01 -2.01106668e-01  1.04837649e-01  2.48541441e-02
 -6.16458729e-02 -1.75395876e-03  9.50660780e-02  9.97495577e-02
 -1.89717576e-01  3.62429861e-03 -1.47395104e-01 -8.76152888e-02
 -1.33300826e-01 -3.50813001e-01  1.00445775e-02  2.47816473e-01
  1.21603362e-01  4.14416306e-02 -3.55638638e-02 -7.03660771e-02
  1.07450418e-01  9.70354080e-02 -3.19538452e-02 -1.42561331e-01
 -9.86313447e-02 -3.15622985e-02  2.54520290e-02 -2.86896855e-01
 -5.94737493e-02 -1.05687872e-01 -6.04716167e-02  1.42842516e-01
 -2.52271183e-02  5.66844363e-03 -1.72026634e-01  2.64656004e-02
 -6.55911863e-02 -1.53508931e-01 -2.83193052e-01 -8.18814188e-02
 -4.39128317e-02  9.22724456e-02  2.13915825e-01  3.25959325e-01
  2.61676293e-02  1.70200422e-01  1.44315869e-01  8.19285214e-02
  2.73451626e-01 -8.30531567e-02 -1.37365893e-01  1.67748094e-01
 -1.16535306e-01  1.25236273e-01 -3.97897558e-03  2.53765583e-01
  3.35157365e-02  3.42055932e-02 -3.62136662e-02  6.90635741e-02
  4.10367399e-02 -1.78830057e-01  2.26385340e-01 -1.16834044e-01
  1.28644496e-01 -1.14618681e-01  1.61408171e-01  2.23573238e-01
 -2.13976115e-01 -1.12216577e-01  2.60582626e-01  1.33951947e-01
  3.03726941e-02  1.46286577e-01 -1.76185012e-01  2.21658018e-04
 -3.20684761e-02  1.77689657e-01 -4.16961834e-02 -7.25982413e-02
  9.49903131e-02 -2.00761333e-01  6.73535168e-02  7.96694309e-02
  1.36016697e-01 -1.60145193e-01 -1.17038839e-01  1.05980136e-01
  2.74742395e-02  3.45917940e-01 -1.19417086e-01  1.78538784e-01]",deskripsi mata kuliah mata kuliah ini bertujuan untuk memberikan kesempatan kepada mahasiswa untuk memperoleh pengetahuan dan pengalaman praktis serta menerapkan ilmu dan keterampilan yang diperoleh selama kuliah sehingga mereka dapat lebih mempersiapkan diri untuk bekerja  setelah magang  mahasiswa diminta membuat laporan magang sesuai panduan magang,"['membuat', 'menerapkan']","{'C6', 'C3'}",Hard,0.6807846171258748,0.3192153828741253
FTK403,Etika Profesi dan Hak Kekayaan Intelektual,"deskripsi mata kuliah deskripsi matakuliah etika dan teknologi informasi menyangkut dilema etika yang ada di mana manusia, objek informasi, dan teknologi komputasi sosial berinteraksi. kursus ini mengeksplorasi model etika informasi yang muncul dari perspektif sejarah dan lintas budaya dan kemudian menerapkan model ini pada berbagai teknologi baru dan baru yang secara inheren bersifat sosial dalam konstruksi dan penggunaannya. contoh isu-isu yang dibahas dalam kursus dalam modul terpisah yang mencakup topik-topik seperti interaksi media sosial; mengingat dan melupakan; dan etika desain game. siswa mengeksplorasi dasar-dasar teknologi dari sistem teknologi terkait, bereksperimen dengan interaksi individu dan kelompok dengan teknologi, dan memeriksa mekanisme perilaku etis dan tidak etis. tujuan kursus sasaran kompetensi lulusan yang dibebankan pada matakuliah menyusun argumen tertulis dalam berbagai format mengenai sifat norma etika yang terus berkembang terkait dengan teknologi baru. menunjukkan pengetahuan tentang model informasi dan etika komputer terkini. menerapkan teori etika untuk menafsirkan perilaku pribadi dan kelompok ketika menggunakan berbagai alat teknologi informasi. mengevaluasi sifat pilihan etis yang dibuat oleh diri sendiri dan orang lain ketika menjalankan berbagai peran yang mengungkap perbedaan sosial dan multikultural. metode pengajaran metode pembelajaran mendorong partisipasi yang intens dalam kegiatan pembelajaran kursus melalui diskusi kelas, posting yang diserahkan ke papan diskusi online, dan tugas tertulis kolaboratif untuk mendorong kontribusi multimodal oleh siswa. f silabus ppkr1 (rencana pembelajaran semester) ftk403 hal. 2/3",deskripsi mata kuliah deskripsi matakuliah etika teknologi informasi dilema etika manusia objek informasi teknologi komputasi sosial berinteraksi kursus mengeksplorasi model etika informasi muncul perspektif sejarah lintas budaya menerapkan model teknologi inheren bersifat sosial konstruksi penggunaannya contoh isuisu dibahas kursus modul terpisah mencakup topiktopik interaksi medium sosial melupakan etika desain game siswa mengeksplorasi dasardasar teknologi sistem teknologi terkait bereksperimen interaksi individu kelompok teknologi memeriksa mekanisme perilaku etis etis tujuan kursus sasaran kompetensi lulusan dibebankan matakuliah menyusun argumen tertulis format sifat norma etika berkembang terkait teknologi pengetahuan model informasi etika komputer terkini menerapkan teori etika menafsirkan perilaku pribadi kelompok alat teknologi informasi mengevaluasi sifat pilihan etis orang menjalankan peran mengungkap perbedaan sosial multikultural metode pengajaran metode pembelajaran mendorong partisipasi intens kegiatan pembelajaran kursus diskusi kelas posting diserahkan papan diskusi online tugas tertulis kolaboratif mendorong kontribusi multimodal siswa f silabus ppkr rencana pembelajaran semester ftk,"[ 1.42544866e-01  1.33867323e-01 -2.88523883e-01 -2.89204866e-01
  5.05878255e-02 -9.79046226e-02 -3.58721539e-02  8.28067660e-02
  2.37603143e-01  2.61149943e-01  1.15473554e-01  1.51599169e-01
  3.06968033e-01  1.50108412e-01  7.65703097e-02  1.87664121e-01
 -2.06379414e-01 -6.41731769e-02 -1.13694653e-01  2.59863026e-02
  1.30965754e-01 -4.89389896e-02  2.04058051e-01 -1.03741854e-01
 -4.66085851e-01  1.16388902e-01 -1.74106762e-01 -3.42881560e-01
  1.44656643e-01 -9.81372371e-02  2.23253220e-01 -2.92873532e-02
  3.44384968e-01  1.76753581e-01 -1.50159106e-01  1.69330046e-01
 -4.81786355e-02  2.84011103e-02  9.18956921e-02  2.35319644e-01
 -3.39900181e-02 -7.64094293e-02  3.61535419e-03 -1.72399983e-01
  5.26658036e-02 -1.38664097e-01  7.70780593e-02 -2.48852074e-01
  6.05395902e-03 -4.40445453e-01 -5.19765578e-02  9.94413942e-02
 -1.65134266e-01 -1.90131202e-01 -7.79501647e-02  1.84976295e-01
  1.50017485e-01  7.93304294e-02 -1.57992601e-01 -1.76090583e-01
  1.34029686e-01 -1.31263942e-01  1.87022671e-01  2.36034572e-01
  1.28658056e-01  9.80609357e-02 -2.02091545e-01  5.73939085e-01
 -6.49750978e-02 -3.35691065e-01 -1.80355683e-01 -1.34058520e-02
  1.43738743e-02  2.34051198e-01  2.24825978e-01  1.09868646e-02
 -9.01509896e-02 -6.95302486e-02 -4.69188392e-03 -9.50288177e-02
  1.74280137e-01 -1.38297617e-01  1.25717819e-01  1.52087593e-02
  9.50224474e-02 -6.27717450e-02  7.83873945e-02 -1.37679726e-01
 -1.03140578e-01 -1.72982253e-02  1.79705918e-01 -1.49399191e-01
  6.76832572e-02 -1.10141292e-01  1.20014489e-01  1.45916012e-03
 -1.68196447e-02 -2.99860805e-01  1.23305462e-01  3.88891399e-01
 -1.28172815e-01  8.26262310e-02  9.66582447e-05  9.72155407e-02
  2.09071144e-01  1.00494996e-01  8.10616612e-02 -3.98457319e-01
  1.47510350e-01  5.31949699e-02  2.42070034e-02 -9.39948857e-02
 -2.02704757e-01 -2.92551458e-01  1.44970179e-01  4.22229543e-02
  2.07143903e-01  6.69539794e-02  1.47696897e-01 -9.38536003e-02
  1.39174247e-02 -1.35368630e-01  1.78518265e-01  1.63313597e-01
  1.17716223e-01 -3.42291109e-02  1.19652189e-01 -5.46598621e-03
 -3.21288139e-01 -2.19554424e-01 -2.03406826e-01  7.98076242e-02
 -7.97199756e-02  8.86455253e-02  1.98289096e-01  1.53705269e-01
  1.65457845e-01 -1.54365748e-01  2.22336575e-01  2.12967142e-01
 -9.17962659e-03  1.49752200e-01  1.35503918e-01  2.84668189e-02
 -2.57142067e-01  1.13973565e-01  4.06829566e-02 -2.34254241e-01
  1.53168976e-01  8.33478794e-02  2.02261955e-01  1.03837781e-01
  1.94730312e-02 -8.96867365e-02  8.15325975e-02 -9.04914960e-02
  5.12914732e-02 -8.36321861e-02 -3.54156271e-02 -6.78401515e-02
  1.54841304e-01  2.10123867e-01  2.74699926e-01  1.62495121e-01
  1.09408803e-01 -1.49060953e-02  9.97943990e-03 -1.80573329e-01
  7.94360936e-02  1.22186989e-01  2.85864979e-01 -9.23460796e-02
 -1.06917351e-01  1.03043772e-01  1.60506725e-01 -2.38058329e-01
 -3.49586681e-02  3.02780587e-02 -2.21414685e-01 -2.00807855e-01
  3.51464480e-01 -3.54283094e-01 -1.27734363e-01 -2.77659670e-02
 -5.70520647e-02 -2.58174777e-01 -2.75796533e-01 -1.55271679e-01
 -3.93371463e-01  1.51185840e-01 -7.42469355e-02 -2.28115227e-02
  5.55556547e-03 -1.35354951e-01 -1.19284511e-01 -9.60161537e-02
  3.81729364e-01 -1.89203143e-01 -3.87420267e-01  1.22937620e-01
 -3.39203954e-01 -1.69641882e-01 -2.19232112e-01  9.01118293e-02
 -2.05770433e-01 -2.82134324e-01 -5.45799285e-02  1.65210307e-01
  1.68580651e-01  1.34391591e-01 -2.08679903e-02 -1.22178746e-02
 -1.04143508e-01 -9.63419676e-02  2.31191576e-01 -9.08634439e-02
 -5.62995709e-02  1.27619296e-01  1.28668919e-01 -9.17801559e-02
  2.17582658e-03  1.73147678e-01  2.19719395e-01 -9.84575748e-02
 -8.56674239e-02 -2.10254304e-02 -5.50754547e-01  4.29966599e-02
  2.48342112e-01  7.53288493e-02 -2.15709925e-01  1.85070321e-01
 -2.44615376e-02  5.86225167e-02 -2.17673197e-01 -3.62193361e-02
 -1.51466757e-01  1.02163166e-01 -2.33671684e-02 -2.36775130e-01
 -1.82371587e-01 -1.00956811e-02 -2.66205668e-01  1.93551760e-02
 -9.35984254e-02  2.65327692e-01 -1.95273057e-01 -2.70326704e-01
  1.53371707e-01  2.17938542e-01  3.17746364e-02 -6.95921034e-02
  1.78556234e-01  1.20304428e-01  2.87351105e-02  1.57639265e-01
  1.57500897e-02 -1.81017211e-03 -1.03825465e-01  6.87973797e-02
  1.44802362e-01 -1.57086149e-01 -1.61693096e-01 -2.03336533e-02
  3.51115406e-01  1.41221777e-01 -2.50934571e-01  2.09409401e-01
 -4.91403118e-02  7.95480013e-02 -2.49825403e-01  1.56782314e-01
  3.04744005e-01 -2.00026602e-01  3.83427329e-02  2.87409630e-02
 -4.34231944e-02 -3.42546463e-01 -7.04526901e-02  7.41730258e-02
 -2.62911707e-01  5.29906654e-04 -9.26900730e-02  1.04709953e-01
  1.63699985e-02 -3.57493013e-02 -1.27724692e-01  1.50910486e-03
 -2.81251073e-01  2.05366999e-01 -4.48893756e-02  1.38213530e-01
 -3.72377485e-01 -1.19869746e-01  1.75446600e-01  2.40534931e-01
 -9.08824578e-02 -2.98238158e-01 -3.10509335e-02  2.04322878e-02
 -2.42043231e-02  1.73759624e-01 -1.84884265e-01  1.31183546e-02
  8.43151435e-02 -2.86594272e-01  2.97066867e-02  6.57760650e-02
 -3.70848984e-01 -2.40205258e-01  1.13812126e-01 -1.90056816e-01
 -8.17361325e-02 -1.48273528e-01 -6.60943836e-02 -1.92905515e-02
 -1.07998252e-01 -2.35558487e-02  5.47563918e-02 -1.61349028e-01
 -7.50429230e-03  1.05278000e-01  1.49506137e-01  8.31559151e-02
 -3.63272503e-02  1.72362849e-01 -7.05287755e-02  2.90741622e-02
 -2.47140944e-01  5.13976514e-02 -1.38917461e-01  1.02908216e-01
 -1.51103288e-01  1.32957906e-01 -8.64202008e-02  1.58923581e-01
 -1.04227997e-01  1.11132756e-01  3.07334781e-01  2.08539262e-01
  3.41918975e-01 -5.61694168e-02 -3.27745676e-01  2.32201532e-01
  6.56018630e-02  1.30349085e-01  4.15589288e-03  9.02070701e-02
  1.44422457e-01  4.38504778e-02  1.70142353e-01  7.99824148e-02
 -2.20980681e-02  4.85902503e-02  2.85688005e-02 -2.11806297e-01
 -1.65768504e-01 -1.61247969e-01  2.37774089e-01  1.47442296e-01
 -2.09833726e-01 -1.04941614e-01  2.77911484e-01  2.49928068e-02
  1.88067943e-01  1.00442633e-01 -1.44250065e-01  3.67305130e-02
  1.66009143e-02 -2.98010483e-02 -1.45310640e-01 -1.83334783e-01
  3.19404930e-01 -2.51611471e-01  2.35160083e-01  1.28307566e-01
  2.55396783e-01  1.41831264e-01 -1.77824855e-01  3.52432765e-02
 -8.83438289e-02  1.08594678e-01 -4.95800599e-02  1.28197774e-01]",deskripsi mata kuliah deskripsi matakuliah etika dan teknologi informasi menyangkut dilema etika yang ada di mana manusia  objek informasi  dan teknologi komputasi sosial berinteraksi  kursus ini mengeksplorasi model etika informasi yang muncul dari perspektif sejarah dan lintas budaya dan kemudian menerapkan model ini pada berbagai teknologi baru dan baru yang secara inheren bersifat sosial dalam konstruksi dan penggunaannya  contoh isu isu yang dibahas dalam kursus dalam modul terpisah yang mencakup topik topik seperti interaksi media sosial  mengingat dan melupakan  dan etika desain game  siswa mengeksplorasi dasar dasar teknologi dari sistem teknologi terkait  bereksperimen dengan interaksi individu dan kelompok dengan teknologi  dan memeriksa mekanisme perilaku etis dan tidak etis  tujuan kursus sasaran kompetensi lulusan yang dibebankan pada matakuliah menyusun argumen tertulis dalam berbagai format mengenai sifat norma etika yang terus berkembang terkait dengan teknologi baru  menunjukkan pengetahuan tentang model informasi dan etika komputer terkini  menerapkan teori etika untuk menafsirkan perilaku pribadi dan kelompok ketika menggunakan berbagai alat teknologi informasi  mengevaluasi sifat pilihan etis yang dibuat oleh diri sendiri dan orang lain ketika menjalankan berbagai peran yang mengungkap perbedaan sosial dan multikultural  metode pengajaran metode pembelajaran mendorong partisipasi yang intens dalam kegiatan pembelajaran kursus melalui diskusi kelas  posting yang diserahkan ke papan diskusi online  dan tugas tertulis kolaboratif untuk mendorong kontribusi multimodal oleh siswa  f silabus ppkr1  rencana pembelajaran semester  ftk403 hal  2 3,"['bereksperimen', 'mengevaluasi', 'memeriksa', 'menerapkan', 'menunjukkan', 'menyusun', 'menafsirkan', 'mengingat', 'menggunakan']","{'C6', 'C1', 'C5', 'C4', 'C2', 'C3'}",Hard,0.8165009906263484,0.18349900937365166
TIF101,Sirkuit Elektronik,"Deskripsi Kursus Kursus ini memberikan cakupan yang lengkap dan lugas tentang dasar-dasar komponen dan rangkaian kelistrikan. hukum rangkaian dasar dan metode analisis dibahas dalam berbagai rangkaian dasar. topik utama yang dibahas adalah hukum ohm, hukum kirchhoff, magnetisme dan elektromagnetisme, reaktansi, impedansi, resonansi, dan filter pasif Error 500 (Server Error)!!1500.That’s an error.There was an error. Please try again later.That’s all we know. metode pengajaran memahami konsep dasar rangkaian listrik, daya dan energi. menerapkan aturan resistor paralel dan seri serta superposisi sumber untuk menyederhanakan atau menyelesaikan rangkaian resistif.  menyelesaikan rangkaian resistif menggunakan metode nodal dan mesh. memahami fungsi sumber tak bebas dan menyelesaikan rangkaian sederhana dengan sumber tak bebas. memahami hukum fisika yang mengatur kapasitor dan induktor. memahami pengertian konstanta waktu; hitung konstanta waktu rangkaian rc atau rl.  memperoleh respons paksa rangkaian terhadap input konstan. mendapatkan solusi sirkuit untuk beberapa operasi switching. memahami respons alami rangkaian rlc dan perbedaan antara respons teredam berlebih, teredam kritis, dan teredam di bawah.  memahami konsep keadaan tunak sinusoidal, fasor, dan impedansi. selesaikan rangkaian dalam kondisi tunak sinusoidal dan temukan fasor tegangan dan arus.  memahami filter pasif menggunakan berbagai kombinasi resistor, kapasitor, dan induktor.",deskripsi kursus kursus cakupan lengkap lugas dasardasar komponen rangkaian kelistrikan hukum rangkaian dasar metode analisis dibahas rangkaian dasar topik utama dibahas hukum ohm hukum kirchhoff magnetisme elektromagnetisme reaktansi impedansi resonansi filter pasif error server errorthats errorthere error please try laterthats know metode pengajaran memahami konsep dasar rangkaian listrik daya energi menerapkan aturan resistor paralel seri superposisi sumber menyederhanakan menyelesaikan rangkaian resistif menyelesaikan rangkaian resistif metode nodal mesh memahami fungsi sumber bebas menyelesaikan rangkaian sederhana sumber bebas memahami hukum fisika mengatur kapasitor induktor memahami pengertian konstanta hitung konstanta rangkaian rc rl memperoleh respons paksa rangkaian input konstan solusi sirkuit operasi switching memahami respons alami rangkaian rlc perbedaan respons teredam berlebih teredam kriti teredam memahami konsep tunak sinusoidal fasor impedansi selesaikan rangkaian kondisi tunak sinusoidal temukan fasor tegangan arus memahami filter pasif kombinasi resistor kapasitor induktor,"[-0.19463398  0.19264549 -0.09426941  0.12317212  0.04051503 -0.0096455
 -0.15355393  0.2081804  -0.16771461  0.00673621  0.0950177   0.05379859
  0.14931092 -0.06984796 -0.05577635  0.04299955  0.02963268 -0.07927249
  0.13689998 -0.06868742  0.05636404 -0.03556485  0.06432915  0.19729513
 -0.13373476  0.1408309   0.1651383  -0.08786696  0.14943759 -0.37653852
 -0.16498412  0.11702166  0.02109252  0.09064986 -0.05710876  0.04930023
  0.1526602  -0.00110434 -0.31638655  0.16297908 -0.01902921 -0.02838646
  0.16581868  0.03270151  0.09627821 -0.13430616  0.09779619 -0.17839876
 -0.17666714 -0.3661356  -0.12420316  0.02238701  0.05253701 -0.15464966
  0.08776598 -0.08288625  0.24104097  0.08489914 -0.21120493 -0.11420701
  0.11842521 -0.050972   -0.13514382  0.03069032  0.1943384  -0.03011012
  0.20715399  0.28306523  0.22888982  0.29858556 -0.24979615  0.14837402
  0.00049433  0.14207973  0.09948954  0.14456876 -0.06014116  0.04673634
  0.09313301 -0.21323591  0.12273199 -0.26218197 -0.05774032  0.00249096
  0.02303937  0.12028548  0.08697914 -0.04913484 -0.12136265 -0.08144279
  0.23987593 -0.20408791 -0.05503978  0.02452955  0.21852443 -0.04267662
  0.0049975  -0.18902203  0.03107162  0.28954658  0.01439181  0.0279242
  0.00984002  0.08765869 -0.01630039 -0.0374198   0.13772118 -0.06128725
 -0.04366633 -0.0036616   0.08898132 -0.05408411 -0.07213987 -0.11419123
  0.17157874 -0.10732593  0.26059318  0.09503509  0.05463219  0.13126008
 -0.17791414 -0.13915446  0.20395711  0.0523398   0.08873724 -0.17418292
 -0.12985544  0.03940702 -0.1598581  -0.25466552 -0.03132223 -0.04529959
 -0.11612077  0.1908474   0.11813999  0.04801034  0.08851695  0.11759432
  0.06160524  0.21114616 -0.12338234  0.10015325  0.14314076 -0.08473956
 -0.17351487  0.0821029   0.00377635 -0.02573893  0.08507693  0.13475728
  0.20674449 -0.07662791  0.04851484 -0.05372878  0.09603299  0.11049929
  0.05546974 -0.15312363  0.252049   -0.14770564 -0.08712846  0.1832942
  0.13260898  0.10035618  0.03904276 -0.04650816  0.03989891 -0.2095877
 -0.00913058 -0.09299932  0.15625498 -0.02639548  0.01926891 -0.06966902
  0.06807156 -0.06029557  0.08892079 -0.09928017 -0.16939741  0.03765986
  0.14332785 -0.20790675  0.11636321 -0.02252432 -0.0588943   0.0496748
 -0.11572492  0.08918362 -0.07483464  0.36312276 -0.05986256 -0.09456237
  0.16386117 -0.1620254  -0.33931658 -0.18887956  0.12706673 -0.23122916
 -0.21878448 -0.2000527  -0.21819076  0.25549883 -0.03866909 -0.00064251
 -0.10376643 -0.2353832   0.11558229 -0.1384475  -0.09593655  0.07233233
  0.05618855 -0.15237597 -0.2063583  -0.03034741  0.11816829  0.12272205
 -0.04759863 -0.07975971 -0.12312074 -0.10090294  0.1862316   0.13856056
  0.37425035 -0.16889659 -0.07238564  0.06016853 -0.3346174   0.00951638
  0.11465681 -0.06493099 -0.28351653 -0.16210057  0.10137378  0.07304698
 -0.09506671 -0.11962123 -0.10852946  0.06119334  0.10580765 -0.34285623
 -0.07959284 -0.12220318 -0.07731149 -0.12315428 -0.05750567  0.07662813
 -0.20995022 -0.10892728  0.07660037  0.02464574  0.20749833  0.01590266
 -0.10843795  0.08739125  0.16272715  0.00777592  0.12502982  0.02069492
 -0.12676279 -0.05016487  0.14092593  0.01124294 -0.07299663 -0.15980941
  0.06520133  0.13088825  0.06330753 -0.05429128 -0.23845991 -0.09987979
 -0.0488782  -0.27522373  0.00819166  0.12364732 -0.0460363  -0.16883104
  0.20732549 -0.1298264  -0.00408325  0.19863711 -0.09907147  0.13032897
  0.24864206 -0.0332058   0.25486588 -0.09255043 -0.08798132 -0.07976001
  0.03680172  0.07519504 -0.10980847  0.10563271 -0.00321257 -0.2718189
 -0.02014733  0.35214308 -0.04678304 -0.04516707 -0.01046729 -0.07941256
 -0.01905906  0.09172292 -0.18223822 -0.03839934  0.1642123  -0.02574671
  0.0788431  -0.10123062 -0.0564054  -0.02003691  0.17243074 -0.16238745
  0.03824377 -0.08242209  0.04089637 -0.09778124  0.00251435  0.11095347
  0.13092586 -0.16063756  0.047266   -0.05558107  0.02802028 -0.14858913
  0.17771569  0.09414991 -0.23082997 -0.10137924 -0.04031679  0.00364968
 -0.08181893  0.12027354 -0.29008088  0.04671783  0.08166838  0.08667079
 -0.029221    0.27686048  0.10006146  0.16145015  0.3861027   0.05039178
 -0.17953421  0.07000549 -0.00637882  0.12818483  0.23141606  0.12623115
 -0.04707583  0.05274105 -0.10288018 -0.0384762   0.05918676 -0.00879719
 -0.04596899  0.17498966 -0.03054155 -0.00740244 -0.00224238  0.15435901
 -0.21541417 -0.2020447   0.1309017   0.05522307  0.06567539  0.05821355
 -0.41499692  0.13930613 -0.0647768   0.30670738 -0.12221789 -0.09100438
 -0.0397478  -0.13198581  0.17325881  0.1389245   0.09112786 -0.17021729
 -0.20158178 -0.01674073 -0.05385162  0.12476301 -0.04180481  0.10060891]",deskripsi kursus kursus ini memberikan cakupan yang lengkap dan lugas tentang dasar dasar komponen dan rangkaian kelistrikan  hukum rangkaian dasar dan metode analisis dibahas dalam berbagai rangkaian dasar  topik utama yang dibahas adalah hukum ohm  hukum kirchhoff  magnetisme dan elektromagnetisme  reaktansi  impedansi  resonansi  dan filter pasif error 500  server error   1500 that s an error there was an error  please try again later that s all we know  metode pengajaran memahami konsep dasar rangkaian listrik  daya dan energi  menerapkan aturan resistor paralel dan seri serta superposisi sumber untuk menyederhanakan atau menyelesaikan rangkaian resistif    menyelesaikan rangkaian resistif menggunakan metode nodal dan mesh  memahami fungsi sumber tak bebas dan menyelesaikan rangkaian sederhana dengan sumber tak bebas  memahami hukum fisika yang mengatur kapasitor dan induktor  memahami pengertian konstanta waktu  hitung konstanta waktu rangkaian rc atau rl    memperoleh respons paksa rangkaian terhadap input konstan  mendapatkan solusi sirkuit untuk beberapa operasi switching  memahami respons alami rangkaian rlc dan perbedaan antara respons teredam berlebih  teredam kritis  dan teredam di bawah    memahami konsep keadaan tunak sinusoidal  fasor  dan impedansi  selesaikan rangkaian dalam kondisi tunak sinusoidal dan temukan fasor tegangan dan arus    memahami filter pasif menggunakan berbagai kombinasi resistor  kapasitor  dan induktor,"['menerapkan', 'memahami', 'mengatur', 'menggunakan']","{'C6', 'C5', 'C4', 'C2', 'C3'}",Hard,0.8381658683240383,0.16183413167596114
TIF103,Matematika Diskrit,"Deskripsi Mata Kuliah Mata kuliah ini akan mencakup alat dasar logika matematika diskrit, himpunan, pembuktian, teori bilangan, rekursi, induksi, kombinatorik, relasi perulangan dan teori graf, pohon, dan aljabar boolean. Tujuan kursus Setelah menyelesaikan kursus ini, siswa harus dapat memahami dasar himpunan matematika diskrit, logika, barisan. memahami konsep pembuktian matematis dan induksi memahami konsep teori bilangan dan penerapannya algoritma euclidian, enkripsi rsa memahami konsep kombinatorik permutasi, kombinasi, probabilitas berhingga dasar, relasi perulangan memahami konsep dasar teori graf dan penerapannya isomorfisme, planaritas, rangkaian, pohon, graf berarah, algoritma jalur terpendek memahami konsep dasar pohon dan aplikasinya, transversal pohon, pohon merentang, dan pohon merentang minimum memahami konsep dasar aljabar boolean, fungsi boolean, dan penerapannya, tujuan tersebut di atas harus diselaraskan ke dalam kompetensi berikut a. pengetahuan (informasi plus pemahaman) a.pemahaman logika proposisional a.pengetahuan dan pemahaman pembuktian dan induksi matematis a.representasi himpunan, fungsi, dan relasi a.pengetahuan tentang algoritma a.pemahaman teori bilangan, termasuk operasi dan penerapannya dalam kriptografi a.pengetahuan dan pemahaman prinsip berhitung a.pemahaman dasar probabilitas diskrit a.pengetahuan teori graf dan pohon a.pemahaman aljabar boolean b. keterampilan (penerapan pengetahuan) b.mampu menerapkan berpikir matematis dalam berbagai cara berbeda untuk menyelesaikan situasi dan permasalahan kehidupan nyata f silabus ppkr1 tif103 (rencana pembelajaran semester) b.analisis numerik b.menerapkan dan membuat pembuktian berbagai pernyataan dan permasalahan matematis b.merancang dan mengimplementasikan filter digital untuk aplikasi tertentu c. nilai dan sikap c.menghargai nilai berpikir matematis terapan dalam pemecahan masalah c.mengembangkan pemahaman dan penerapan analisis matematis c.melihat penerapan lanjutan matematika diskrit metode pengajaran pengajaran di kelas terdiri dari ceramah dan pemecahan masalah praktis, dilengkapi dengan alat bantu visual yang dirancang untuk membantu siswa agar berhasil mencapai tujuan pembelajaran kursus. sangat penting bahwa siswa mengambil minat aktif dalam kursus. untuk berhasil dalam mata kuliah ini, siswa harus membaca, berpikir, dan menulis secara kritis dan analitis dan ini membutuhkan waktu dan latihan. latihan seperti itu hanya dapat dicapai dengan latihan kerja. ketika masalah muncul, dan masalah itu akan terjadi, siswa harus mengajukan pertanyaan yang mungkin ditujukan kepada instruktur atau siswa lain dalam berbagai cara. siswa juga didorong untuk bekerja sama dalam kumpulan masalah sebagai bagian dari latihan mereka. namun, individu pada akhirnya harus menunjukkan pemahaman materi dengan menuliskan solusinya sendiri tanpa bantuan siswa lain atau karya tertulis mereka. rata-rata siswa perlu menghabiskan sekitar, setidaknya, 9 jam belajar dan persiapan per minggu untuk kursus ini.",deskripsi mata kuliah mata kuliah mencakup alat dasar logika matematika diskrit himpunan pembuktian teori bilangan rekursi induksi kombinatorik relasi perulangan teori graf pohon aljabar boolean tujuan kursus menyelesaikan kursus siswa memahami dasar himpunan matematika diskrit logika barisan memahami konsep pembuktian matematis induksi memahami konsep teori bilangan penerapannya algoritma euclidian enkripsi rsa memahami konsep kombinatorik permutasi kombinasi probabilitas berhingga dasar relasi perulangan memahami konsep dasar teori graf penerapannya isomorfisme planaritas rangkaian pohon graf berarah algoritma jalur terpendek memahami konsep dasar pohon aplikasinya transversal pohon pohon merentang pohon merentang minimum memahami konsep dasar aljabar boolean fungsi boolean penerapannya tujuan diselaraskan kompetensi pengetahuan informasi plus pemahaman apemahaman logika proposisional apengetahuan pemahaman pembuktian induksi matematis arepresentasi himpunan fungsi relasi apengetahuan algoritma apemahaman teori bilangan operasi penerapannya kriptografi apengetahuan pemahaman prinsip berhitung apemahaman dasar probabilitas diskrit apengetahuan teori graf pohon apemahaman aljabar boolean b keterampilan penerapan pengetahuan bmampu menerapkan berpikir matematis berbeda menyelesaikan situasi permasalahan kehidupan nyata f silabus ppkr tif rencana pembelajaran semester banalisis numerik bmenerapkan pembuktian pernyataan permasalahan matematis bmerancang mengimplementasikan filter digital aplikasi c nilai sikap cmenghargai nilai berpikir matematis terapan pemecahan cmengembangkan pemahaman penerapan analisis matematis cmelihat penerapan lanjutan matematika diskrit metode pengajaran pengajaran kelas ceramah pemecahan praktis dilengkapi alat bantu visual dirancang membantu siswa berhasil mencapai tujuan pembelajaran kursus siswa mengambil minat aktif kursus berhasil mata kuliah siswa membaca berpikir menulis kriti analitis membutuhkan latihan latihan dicapai latihan kerja muncul siswa mengajukan instruktur siswa siswa didorong kumpulan latihan individu pemahaman materi menuliskan solusinya bantuan siswa karya tertulis ratarata siswa menghabiskan jam belajar persiapan minggu kursus,"[-6.67018369e-02  8.81552324e-02 -1.66508347e-01 -2.46453173e-02
 -1.37791887e-01 -2.44990997e-02  3.31055820e-02  5.30535690e-02
  1.20595340e-02 -6.82897773e-03  1.36920258e-01 -1.08424015e-01
  1.38993397e-01  8.91924798e-02 -2.58871019e-02  1.78739021e-03
  4.26088907e-02  1.27193063e-01 -1.18676156e-01 -1.20502636e-01
  9.89377946e-02  4.33663558e-03 -2.93071615e-03  6.88658729e-02
 -1.35725185e-01  1.12001821e-01  2.19435185e-01 -1.48727253e-01
  1.38947964e-01 -1.81816846e-01  3.68723646e-02  1.72152638e-01
  1.83160275e-01  6.08033985e-02 -2.24723160e-01  1.64184257e-01
  2.02581808e-02  1.38004750e-01 -3.53035480e-02  1.59089223e-01
 -8.42181221e-02  1.09333850e-01  2.45723963e-01  6.90907240e-02
  2.08759248e-01 -1.72064766e-01 -5.24352156e-02 -1.13377236e-01
 -3.04082595e-02 -3.61656964e-01 -1.03236325e-01  5.81799038e-02
 -7.36581832e-02 -2.86967978e-02 -2.51222122e-02  7.47725461e-03
  2.61107683e-01 -8.90359953e-02 -1.97016165e-01 -7.74400234e-02
 -3.76319736e-02  2.73139849e-02  1.12749621e-01  1.17679358e-01
  1.12036832e-01  9.07136127e-02  2.19837502e-01  2.03006759e-01
  1.24577135e-01  1.82851583e-01 -2.06462726e-01  8.94953981e-02
 -1.38942944e-02  9.29775760e-02  1.92903876e-01  1.17558271e-01
 -5.37919551e-02 -2.22515706e-02  9.98367444e-02  2.43109763e-02
 -7.00575253e-03 -1.55779451e-01 -5.52011691e-02  4.43099067e-03
 -5.07218167e-02  9.15996805e-02  5.47455586e-02  1.42500279e-02
 -8.15991163e-02 -1.35001272e-01  1.63760677e-01 -1.03592150e-01
 -2.18229875e-01  3.08148451e-02  3.03265732e-03  1.17505677e-02
  6.97799474e-02 -1.50012791e-01  1.26597196e-01  2.44987458e-01
 -2.26780236e-01 -3.68720628e-02 -3.92484665e-02 -1.78059787e-01
  8.03074613e-02 -7.44836777e-02  1.56985343e-01 -2.64551461e-01
  6.97574094e-02 -1.14325657e-01  6.77977689e-03 -2.49399757e-03
  1.12261616e-01  4.46361825e-02  7.17323124e-02 -9.49462801e-02
  1.58344060e-01 -3.59548144e-02  2.69379839e-02  1.25512555e-01
 -3.67026180e-02  3.25348265e-02  6.50071651e-02  1.34724975e-01
  1.27714008e-01 -2.47697592e-01 -2.05607340e-01  2.77671330e-02
 -1.03179947e-01 -1.77269652e-01  1.39617234e-01 -3.83739024e-02
 -6.48734942e-02  6.52380809e-02  1.83300450e-01 -1.37090430e-01
  1.07965924e-01  3.35756652e-02 -8.48089755e-02  6.72501326e-02
 -5.64742833e-02  1.61281526e-01  1.73159197e-01 -6.13756478e-02
 -2.04632089e-01  1.72722578e-01 -3.49726900e-02 -9.62611437e-02
  1.67734414e-01  1.67363629e-01  1.03180967e-01 -1.60204038e-01
  6.00617044e-02  8.39946326e-04  1.19074143e-01  1.13684490e-01
  1.74696267e-01 -7.85086080e-02 -2.83274986e-02 -6.51570112e-02
 -1.55716911e-01  2.01024488e-01  1.47738859e-01  7.32060000e-02
 -7.74185583e-02  1.53041944e-01  1.66923314e-01 -1.27349123e-01
 -1.47047322e-02  7.74721429e-02  2.22438931e-01 -1.33569136e-01
 -2.36058515e-02  5.70445545e-02  1.15604892e-01 -8.73665363e-02
 -1.05527110e-01 -1.32497206e-01 -1.28301354e-02 -1.25922382e-01
  1.66737348e-01 -1.27701938e-01  2.43823186e-01 -1.37983933e-01
 -6.10646978e-02 -2.70742495e-02 -1.02360971e-01  5.93731962e-02
 -2.40773693e-01  1.23998500e-01 -9.29423943e-02  2.03158874e-02
 -9.74627659e-02 -2.58072644e-01 -3.04256439e-01 -1.75276026e-01
  2.80505061e-01 -2.15472162e-01 -2.64090627e-01  3.05093601e-02
 -3.77691120e-01  4.96034324e-02 -1.61645427e-01 -9.87999514e-02
 -6.41864389e-02 -1.62740573e-01  8.25971365e-02 -3.43035534e-02
  2.98347678e-02  1.01871908e-01  4.82736938e-02 -2.67877597e-02
 -1.79585084e-01 -9.08201411e-02  6.88595511e-03  1.47545084e-01
 -4.36956361e-02 -1.63512722e-01 -6.97740540e-02 -5.64206094e-02
  1.04459964e-01 -8.01880583e-02  8.90699178e-02 -1.34562418e-01
 -3.11978281e-01 -7.09890574e-02 -3.02743435e-01  3.15694287e-02
  1.01285145e-01 -6.36659712e-02 -6.60641640e-02 -9.97575000e-02
  1.36582419e-01 -5.79086691e-02 -2.04870522e-01  3.01228538e-02
 -5.93894199e-02  1.35417178e-01 -9.90401357e-02 -1.76102892e-01
  7.71394148e-02 -1.12776756e-01  8.31323909e-04 -1.39230371e-01
 -5.09164408e-02  1.04473859e-01 -2.97713250e-01 -2.59090304e-01
  1.46234155e-01  9.93393064e-02 -6.30044639e-02 -5.02109900e-02
  9.07490328e-02  1.56992093e-01  4.80827801e-02 -1.51697889e-01
  9.40685421e-02  1.98385939e-01 -7.23914355e-02 -5.36531396e-02
  2.11556554e-01 -4.32702759e-03 -1.14584029e-01  3.21231857e-02
  8.14830884e-03 -6.29806295e-02  3.26702110e-02 -5.82677731e-03
  3.50960866e-02  5.45818359e-02 -9.76191685e-02  1.02887288e-01
  1.73508734e-01 -1.03733100e-01 -5.53741381e-02 -1.49007156e-01
  6.59193173e-02 -1.86465591e-01 -1.05597325e-01  7.76517242e-02
 -7.90421292e-02 -2.44881511e-02  2.24833414e-01 -4.79902029e-02
  6.74977899e-02 -1.15402788e-01  1.64139017e-01  5.55219576e-02
 -1.29784778e-01  7.63756931e-02 -1.03876851e-01  9.27477702e-03
 -2.35912368e-01 -2.03761667e-01  5.72433695e-02  1.15234673e-01
 -2.23406535e-02  9.66042280e-05 -7.23615885e-02  2.12712526e-01
 -1.23484060e-01  1.84551835e-01 -2.01809436e-01  8.97469185e-03
  4.48506251e-02 -2.26921603e-01  6.89220056e-02  1.17792264e-01
 -2.51511112e-02  2.87914537e-02 -1.94671154e-02 -5.03804497e-02
  1.41670763e-01 -3.90339233e-02  4.95590605e-02 -4.83333021e-02
 -1.34426534e-01  3.92912291e-02  1.15598813e-01 -1.90049037e-01
 -5.61645776e-02 -1.65536821e-01 -7.33442158e-02 -4.06670086e-02
  6.02905005e-02  1.09936766e-01 -6.42294483e-03 -5.22130094e-02
 -2.20863689e-02 -7.62238055e-02  8.35873187e-03  7.43256360e-02
 -1.90387473e-01  3.96563597e-02  2.55124085e-02  2.86967993e-01
  2.91951485e-02  1.41372934e-01  7.76049197e-02  8.63677189e-02
  2.63245225e-01  6.10422343e-04 -2.01311231e-01  5.37972599e-02
 -4.59126532e-02  1.14550576e-01  1.31414622e-01  2.76624769e-01
  7.69083649e-02  5.93446866e-02 -6.50175381e-03  9.22521204e-03
 -5.24413250e-02 -1.57241095e-02  2.54519656e-02  4.25715484e-02
 -3.05331349e-02  2.62677995e-03  1.86252460e-01  1.99708968e-01
 -4.91074547e-02 -1.80652529e-01  5.52907325e-02  1.16636224e-01
  3.24587315e-01 -1.31957307e-01 -1.51079893e-01 -3.37889791e-02
 -2.75288112e-02  2.36913010e-01 -8.63257572e-02 -1.10718803e-02
 -7.56311137e-03 -1.24557532e-01  2.07005829e-01  5.18077910e-02
  1.85605511e-01 -9.38399434e-02 -1.48575380e-01  5.52171888e-03
 -6.39030933e-02  2.00993866e-01  2.13156901e-02  4.77945246e-02]",deskripsi mata kuliah mata kuliah ini akan mencakup alat dasar logika matematika diskrit  himpunan  pembuktian  teori bilangan  rekursi  induksi  kombinatorik  relasi perulangan dan teori graf  pohon  dan aljabar boolean  tujuan kursus setelah menyelesaikan kursus ini  siswa harus dapat memahami dasar himpunan matematika diskrit  logika  barisan  memahami konsep pembuktian matematis dan induksi memahami konsep teori bilangan dan penerapannya algoritma euclidian  enkripsi rsa memahami konsep kombinatorik permutasi  kombinasi  probabilitas berhingga dasar  relasi perulangan memahami konsep dasar teori graf dan penerapannya isomorfisme  planaritas  rangkaian  pohon  graf berarah  algoritma jalur terpendek memahami konsep dasar pohon dan aplikasinya  transversal pohon  pohon merentang  dan pohon merentang minimum memahami konsep dasar aljabar boolean  fungsi boolean  dan penerapannya  tujuan tersebut di atas harus diselaraskan ke dalam kompetensi berikut a  pengetahuan  informasi plus pemahaman  a pemahaman logika proposisional a pengetahuan dan pemahaman pembuktian dan induksi matematis a representasi himpunan  fungsi  dan relasi a pengetahuan tentang algoritma a pemahaman teori bilangan  termasuk operasi dan penerapannya dalam kriptografi a pengetahuan dan pemahaman prinsip berhitung a pemahaman dasar probabilitas diskrit a pengetahuan teori graf dan pohon a pemahaman aljabar boolean b  keterampilan  penerapan pengetahuan  b mampu menerapkan berpikir matematis dalam berbagai cara berbeda untuk menyelesaikan situasi dan permasalahan kehidupan nyata f silabus ppkr1 tif103  rencana pembelajaran semester  b analisis numerik b menerapkan dan membuat pembuktian berbagai pernyataan dan permasalahan matematis b merancang dan mengimplementasikan filter digital untuk aplikasi tertentu c  nilai dan sikap c menghargai nilai berpikir matematis terapan dalam pemecahan masalah c mengembangkan pemahaman dan penerapan analisis matematis c melihat penerapan lanjutan matematika diskrit metode pengajaran pengajaran di kelas terdiri dari ceramah dan pemecahan masalah praktis  dilengkapi dengan alat bantu visual yang dirancang untuk membantu siswa agar berhasil mencapai tujuan pembelajaran kursus  sangat penting bahwa siswa mengambil minat aktif dalam kursus  untuk berhasil dalam mata kuliah ini  siswa harus membaca  berpikir  dan menulis secara kritis dan analitis dan ini membutuhkan waktu dan latihan  latihan seperti itu hanya dapat dicapai dengan latihan kerja  ketika masalah muncul  dan masalah itu akan terjadi  siswa harus mengajukan pertanyaan yang mungkin ditujukan kepada instruktur atau siswa lain dalam berbagai cara  siswa juga didorong untuk bekerja sama dalam kumpulan masalah sebagai bagian dari latihan mereka  namun  individu pada akhirnya harus menunjukkan pemahaman materi dengan menuliskan solusinya sendiri tanpa bantuan siswa lain atau karya tertulis mereka  rata rata siswa perlu menghabiskan sekitar  setidaknya  9 jam belajar dan persiapan per minggu untuk kursus ini,"['membuat', 'menulis', 'mengimplementasikan', 'menghargai', 'menerapkan', 'menunjukkan', 'membaca', 'memahami', 'menuliskan', 'mengembangkan', 'merancang']","{'C6', 'C1', 'C5', 'C4', 'C2', 'C3'}",Hard,0.7852797750650066,0.21472022493499357
TIF106,Konsep Sistem Informasi,"deskripsi mata kuliah sistem informasi dan strategi pengelolaannya berubah dengan cepat, namun konsep yang memandu keduanya sering kali tidak lekang oleh waktu. prinsip-prinsip ini menjadi tulang punggung survei lapangan yang komprehensif ini, yang dirancang untuk kursus pertama siswa dalam sistem informasi. dengan menyajikan rincian dan gambaran besarnya, kursus ini menempatkan pembelajaran dalam mengelola sistem informasi ke dalam konteks yang dapat dimengerti. prinsip keseluruhannya adalah bahwa informasi yang benar, jika disampaikan kepada orang yang tepat, dengan cara yang benar, dan pada waktu yang tepat, dapat meningkatkan dan menjamin efektivitas dan efisiensi organisasi. tujuan kursus kursus ini bertujuan untuk memberikan siswa konsep dasar sistem informasi. pengenalan dimulai dari esensi sistem informasi, infrastruktur, globalisasi, investasi dan strategi, e-commerce, web 0, intelijen bisnis, perusahaan, pengembangan dan akuisisi, keamanan dan kontrol, serta etika & kejahatan. pada akhir kursus ini, siswa harus mampu  menunjukkan pemahaman tentang konsep-konsep penting sistem informasi.  menunjukkan pemahaman manfaat sistem informasi.  menunjukkan kompetensi dalam penerapan sistem informasi dalam organisasi.  menunjukkan kompetensi dalam penerapan sistem informasi dalam bisnis.  menunjukkan pemahaman tentang isu-isu, perolehan pengembangan sistem informasi.  menunjukkan pemahaman tentang keamanan dan kontrol dalam sistem informasi. metode pengajaran pengajaran di kelas terdiri dari ceramah dan pemecahan masalah, dilengkapi dengan alat bantu visual yang dirancang untuk membantu siswa agar berhasil mencapai tujuan pembelajaran kursus. silabus [tif 106] hal. 2/5",deskripsi mata kuliah sistem informasi strategi pengelolaannya berubah cepat konsep memandu kali lekang prinsipprinsip tulang punggung survei lapangan komprehensif dirancang kursus siswa sistem informasi menyajikan rincian gambaran besarnya kursus menempatkan pembelajaran mengelola sistem informasi konteks dimengerti prinsip informasi orang meningkatkan menjamin efektivitas efisiensi organisasi tujuan kursus kursus bertujuan siswa konsep dasar sistem informasi pengenalan esensi sistem informasi infrastruktur globalisasi investasi strategi ecommerce web intelijen bisnis perusahaan pengembangan akuisisi keamanan kontrol etika kejahatan kursus siswa pemahaman konsepkonsep sistem informasi pemahaman manfaat sistem informasi kompetensi penerapan sistem informasi organisasi kompetensi penerapan sistem informasi bisnis pemahaman isuisu perolehan pengembangan sistem informasi pemahaman keamanan kontrol sistem informasi metode pengajaran pengajaran kelas ceramah pemecahan dilengkapi alat bantu visual dirancang membantu siswa berhasil mencapai tujuan pembelajaran kursus silabus tif,"[ 6.38617650e-02  7.42183253e-02 -2.54534155e-01 -8.76135454e-02
 -5.48316874e-02 -6.12553507e-02 -1.13160007e-01  8.39446187e-02
  7.23382533e-02  2.30533078e-01 -5.58468550e-02  3.43616426e-01
  1.69816405e-01 -5.77800572e-02  9.21708904e-03 -6.78571463e-02
  1.22744739e-01 -9.21472386e-02 -2.63278708e-02 -1.20780572e-01
  3.53596434e-02 -1.26098543e-01 -4.63506505e-02  8.04990530e-02
 -2.35980332e-01  9.89513472e-02  3.86917815e-02 -9.16749388e-02
  7.35316500e-02 -2.59758234e-01 -1.90553367e-02 -4.79301438e-04
  3.76999617e-01  1.17095284e-01 -2.56076783e-01  1.86958611e-01
  1.39238983e-01  1.06882211e-02 -3.06923520e-02  1.01801613e-02
 -9.42291543e-02 -6.89547211e-02  6.28773123e-02  1.98946387e-01
 -1.65405311e-02  3.69371288e-02 -1.71079814e-01 -8.34294409e-02
 -3.35383326e-01 -1.73994303e-01 -1.84183985e-01 -1.02932230e-01
  6.79247379e-02 -9.72153768e-02  1.15830889e-02  4.09004003e-01
  2.59745508e-01  2.59254664e-01 -1.66107357e-01 -1.33732006e-01
  9.51247439e-02 -5.85054094e-03  7.34340400e-04  7.47417212e-02
  1.40419811e-01  7.11168349e-02 -4.91742939e-02  2.69125402e-01
  4.87647485e-03  2.29517892e-02 -1.30745560e-01  3.05562001e-03
 -7.65827298e-03 -2.69088671e-02 -9.11595970e-02  1.44507483e-01
 -5.01271300e-02  2.65396275e-02  2.52511948e-01 -1.15878889e-02
  2.24382415e-01 -8.01033229e-02 -3.84011716e-02  6.76350622e-03
 -5.28543815e-02 -2.85657914e-03  3.09735872e-02 -2.71663755e-01
  4.56622243e-02 -1.62670195e-01  2.13514462e-01 -7.12364987e-02
  6.82314783e-02  6.03730604e-02  2.75955964e-02 -1.90881826e-03
  1.53929545e-02 -8.18243846e-02  6.23879880e-02  2.72491485e-01
 -1.83751941e-01 -3.19678187e-02 -4.90049049e-02 -2.04097405e-01
  1.54680759e-01 -1.58397436e-01  8.93181264e-02 -2.63819575e-01
 -7.26760849e-02  9.49048549e-02  8.25021788e-02  1.31733939e-02
 -9.87103507e-02 -9.97679606e-02 -3.63341048e-02  6.98389411e-02
 -1.37783930e-01  1.88048080e-01  2.20104568e-02  8.57874230e-02
 -5.13865650e-02 -1.17509447e-01  7.46808648e-02 -7.16732368e-02
 -9.29222908e-04 -1.18045419e-01 -1.02633491e-01 -5.60718030e-02
 -3.35775703e-01 -2.63635248e-01  2.25528013e-02  1.61844958e-02
 -1.80823445e-01 -7.31409565e-02  1.16868757e-01 -1.86714064e-03
  1.97639056e-02  5.74346110e-02  3.07157226e-02  1.86927959e-01
 -8.30457173e-03  2.16882929e-01  3.13076854e-01  1.11683615e-01
 -2.28946269e-01  2.91151702e-01  1.49859786e-02 -1.98499873e-01
  1.60475045e-01  1.06266178e-01 -1.10512115e-01 -1.24380052e-01
  2.80058354e-01 -9.96808037e-02  3.45310792e-02  2.68360376e-02
 -8.81861895e-02 -1.14715241e-01  4.88006547e-02 -6.92667514e-02
 -2.98407018e-01  1.22404568e-01  1.05440125e-01 -5.28629124e-02
 -1.02424128e-02 -1.20921105e-01  1.54735759e-01 -2.81429261e-01
  3.93419527e-02  7.51231238e-02  1.98920205e-01 -1.05116934e-01
 -2.32193731e-02 -9.91664380e-02  2.57813688e-02 -1.21467613e-01
 -2.68610306e-02 -1.92210153e-01  1.15361109e-01 -9.55527276e-02
  4.09846574e-01 -5.54040559e-02  1.65445209e-01 -4.44392562e-02
  6.42710030e-02 -6.85406551e-02 -1.48883462e-01 -1.37579992e-01
 -1.61784776e-02  1.13529578e-01 -2.15923861e-02  5.87370619e-02
  1.66092575e-01 -1.32965147e-01 -2.23629653e-01 -1.02831326e-01
  3.55317771e-01 -2.41988879e-02 -1.66509598e-01  2.86880881e-03
 -4.38691854e-01  8.27172026e-02 -2.25836188e-01 -1.28163353e-01
  1.66289452e-02 -8.12152028e-02  5.83161116e-02  1.22449592e-01
  3.99581455e-02  2.20856201e-02  2.45722011e-02  1.41666234e-01
 -2.53660142e-01  4.49074171e-02  3.74419428e-02  1.02928542e-01
 -5.16279191e-02  9.85379815e-02 -1.08967394e-01  4.48011756e-02
  3.31651047e-02  1.47963300e-01  2.33394563e-01 -1.38851270e-01
 -2.66304165e-01  6.59329221e-02 -3.47860843e-01  1.67323515e-01
  1.36044979e-01  4.93466072e-02 -7.51301646e-02 -3.33429985e-02
 -5.18051274e-02  1.47909194e-01 -1.56975344e-01 -2.05921650e-01
  4.35600467e-02  4.84242514e-02  3.59083228e-02 -3.87237556e-02
  1.24747589e-01 -9.13950354e-02  2.65409313e-02  8.75817314e-02
  1.07126109e-01  2.62320153e-02 -4.28182065e-01 -1.72537327e-01
  2.17365846e-01 -1.23951562e-01 -3.23029123e-02 -7.47332126e-02
 -3.51065099e-02 -2.15404704e-02 -8.34705681e-03 -2.15042815e-01
 -1.19562313e-01  2.53838360e-01 -2.34023020e-01  1.19694181e-01
  1.59034625e-01 -2.20716298e-01 -1.18941240e-01  3.48113388e-01
  1.27713699e-02  6.47440478e-02 -8.39415342e-02 -7.56905973e-02
 -2.05765478e-02  1.51525244e-01 -3.67149338e-02  8.97377208e-02
  9.38103199e-02 -1.40622810e-01  6.63568303e-02 -2.47685593e-02
  7.41967484e-02 -1.64845079e-01 -3.42846550e-02  2.13479958e-02
 -3.03463135e-02 -3.93166877e-02 -5.26383668e-02  4.44945060e-02
  1.99250370e-01 -4.40948457e-02  1.85231119e-02  1.52959883e-01
 -6.69893622e-02  9.17406008e-02 -1.19867176e-01  3.24342586e-03
 -1.98362082e-01 -1.73051327e-01  1.18484803e-01 -6.18686639e-02
 -9.45803598e-02 -9.41969529e-02 -1.62020221e-01  3.78039330e-02
 -2.07668450e-02  2.15117484e-01 -2.59252518e-01 -6.23698011e-02
 -6.57821912e-03 -1.92586660e-01 -8.19795765e-03 -5.41455485e-02
 -9.51846540e-02  1.78742319e-01  1.25030689e-02 -2.82581329e-01
  8.21330845e-02  4.51218374e-02 -1.47619927e-02 -2.57872343e-01
 -1.87463105e-01 -2.61068996e-02 -4.92228866e-02 -1.42720461e-01
 -6.99938983e-02  2.37731300e-02  1.81752667e-01  1.17752299e-01
  1.39568090e-01  1.56436682e-01 -4.39895615e-02  7.74270147e-02
  3.94865572e-02 -7.54916817e-02 -1.85283452e-01  2.35299338e-02
 -1.16224833e-01  3.00617944e-02  9.10181105e-02  2.14441776e-01
 -1.44502908e-01  1.29035369e-01  1.04507096e-01  1.53529406e-01
  6.35417640e-01  3.95513624e-02 -2.00466484e-01  1.39425620e-01
 -9.02548581e-02  1.39845848e-01  1.41204596e-01  3.58816117e-01
 -1.15494907e-01  6.39385208e-02 -1.39343321e-01  8.97466987e-02
  1.11515075e-01 -3.55029292e-02  8.79853889e-02  4.01899479e-02
 -1.07416458e-01 -6.14549071e-02  1.34565428e-01  9.37015563e-02
 -1.81967705e-01  4.54361811e-02  8.47355276e-02  1.02603257e-01
 -4.79559079e-02  7.90826231e-02 -7.79914334e-02 -3.94718349e-02
  6.37308210e-02  8.62308312e-03 -1.03411600e-01  1.01318937e-02
  1.40397042e-01  3.18053141e-02  2.30077177e-01  1.18622869e-01
  1.77510470e-01 -9.79122594e-02 -1.46862924e-01  1.33866325e-01
 -9.83512700e-02  2.03619301e-01 -8.54092389e-02  9.93491262e-02]",deskripsi mata kuliah sistem informasi dan strategi pengelolaannya berubah dengan cepat  namun konsep yang memandu keduanya sering kali tidak lekang oleh waktu  prinsip prinsip ini menjadi tulang punggung survei lapangan yang komprehensif ini  yang dirancang untuk kursus pertama siswa dalam sistem informasi  dengan menyajikan rincian dan gambaran besarnya  kursus ini menempatkan pembelajaran dalam mengelola sistem informasi ke dalam konteks yang dapat dimengerti  prinsip keseluruhannya adalah bahwa informasi yang benar  jika disampaikan kepada orang yang tepat  dengan cara yang benar  dan pada waktu yang tepat  dapat meningkatkan dan menjamin efektivitas dan efisiensi organisasi  tujuan kursus kursus ini bertujuan untuk memberikan siswa konsep dasar sistem informasi  pengenalan dimulai dari esensi sistem informasi  infrastruktur  globalisasi  investasi dan strategi  e commerce  web 0  intelijen bisnis  perusahaan  pengembangan dan akuisisi  keamanan dan kontrol  serta etika   kejahatan  pada akhir kursus ini  siswa harus mampu   menunjukkan pemahaman tentang konsep konsep penting sistem informasi    menunjukkan pemahaman manfaat sistem informasi    menunjukkan kompetensi dalam penerapan sistem informasi dalam organisasi    menunjukkan kompetensi dalam penerapan sistem informasi dalam bisnis    menunjukkan pemahaman tentang isu isu  perolehan pengembangan sistem informasi    menunjukkan pemahaman tentang keamanan dan kontrol dalam sistem informasi  metode pengajaran pengajaran di kelas terdiri dari ceramah dan pemecahan masalah  dilengkapi dengan alat bantu visual yang dirancang untuk membantu siswa agar berhasil mencapai tujuan pembelajaran kursus  silabus  tif 106  hal  2 5,"['menunjukkan', 'meningkatkan']","{'C6', 'C1', 'C4', 'C2', 'C3'}",Hard,0.8290667413783368,0.1709332586216634
TIF107,Pengantar Teknologi Informasi,"Deskripsi Mata Kuliah Mata kuliah ini bertujuan untuk memberikan pemahaman mendasar kepada mahasiswa tentang teknologi informasi. pengenalan dimulai dari sejarah perkembangan teknologi informasi, perangkat keras, perangkat lunak, penggunaan dan implementasinya, isu-isu terkait serta tren & inovasi teknologi informasi. tujuan kursus  menunjukkan pemahaman tentang aspek mendasar dari perangkat keras, perangkat lunak dan bagaimana sistem terbentuk.  mendemonstrasikan pemahaman penggunaan komputer dan program aplikasi untuk kepentingan manusia.  menunjukkan kompetensi dalam dasar-dasar algoritma, pemrograman, dan pemecahan masalah.  menunjukkan kompetensi dalam penggunaan jaringan, internet, web dan keamanannya.  menunjukkan pemahaman tentang isu-isu dan perkembangan masa depan terkait teknologi informasi. metode instruksi pertanyaan ulasan kelas yang harus diselesaikan di kelas atau sebagai pekerjaan rumah. pertanyaan ulasan kelas. ini termasuk jawaban singkat (s.a.) dan studi kasus (c.s.) untuk memberikan umpan balik tentang pemahaman siswa topik demi topik. ujian tengah dan ujian akhir. tes tertulis ini akan mengevaluasi tingkat pengetahuan dan keterampilan siswa pada kursus ini.",deskripsi mata kuliah mata kuliah bertujuan pemahaman mendasar mahasiswa teknologi informasi pengenalan sejarah perkembangan teknologi informasi perangkat kera perangkat lunak penggunaan implementasinya isuisu terkait tren inovasi teknologi informasi tujuan kursus pemahaman aspek mendasar perangkat kera perangkat lunak sistem terbentuk mendemonstrasikan pemahaman penggunaan komputer program aplikasi kepentingan manusia kompetensi dasardasar algoritma pemrograman pemecahan kompetensi penggunaan jaringan internet web keamanannya pemahaman isuisu perkembangan terkait teknologi informasi metode instruksi ulasan kelas diselesaikan kelas pekerjaan rumah ulasan kelas singkat sa studi c umpan pemahaman siswa topik topik ujian ujian te tertulis mengevaluasi tingkat pengetahuan keterampilan siswa kursus,"[-2.27278862e-02  1.20915808e-01 -8.64484534e-02 -1.06218107e-01
  1.46991517e-02 -7.84812197e-02  5.65396510e-02  1.39790848e-01
  9.85545442e-02  1.84546381e-01  6.52389526e-02  7.30438530e-02
  2.01276600e-01 -5.54504022e-02  2.93893963e-02 -3.75322849e-02
  1.82235579e-03 -4.48763222e-02  3.06842700e-02 -2.04112917e-01
  5.43902256e-02 -1.12950921e-01  1.38692707e-01 -1.05947249e-01
 -1.36405885e-01  7.38541335e-02  3.94089445e-02 -1.36787921e-01
  7.82017559e-02 -1.42249852e-01  5.93957305e-03  7.66438544e-02
  3.12149107e-01  1.58944592e-01 -1.91524938e-01  2.05657706e-01
  2.95771174e-02  3.54275368e-02 -4.18360531e-02  1.95648875e-02
 -6.72257021e-02 -1.39956549e-01  2.00425059e-01  8.92037451e-02
  4.11113016e-02 -9.30741280e-02 -1.13508649e-01 -1.43692791e-01
 -1.33858919e-01 -1.35086894e-01 -1.56692326e-01 -1.02089658e-01
 -4.13947105e-02 -8.17502365e-02  2.00884696e-02  1.51140511e-01
  2.07854584e-01  6.91597462e-02 -9.67700481e-02 -5.56995422e-02
  5.89157343e-02 -9.12445337e-02  1.01511125e-02  2.14938730e-01
  4.31034639e-02  7.18285069e-02  8.13677162e-03  2.02397987e-01
 -1.64080858e-02 -9.78757143e-02 -1.99183628e-01 -8.92526563e-03
 -5.13807572e-02  3.59095521e-02 -4.09546979e-02  4.48312312e-02
 -2.20610164e-02  6.61215838e-03  1.37855887e-01  3.13622551e-03
  1.79851070e-01  5.91522194e-02  1.12905920e-01  9.08321608e-03
  1.63682327e-02  8.05600435e-02 -3.26673640e-03 -1.23854950e-01
 -4.73926887e-02 -1.31288007e-01 -8.33716542e-02 -7.78257623e-02
 -1.07534146e-02 -2.61477754e-02  7.71850944e-02 -1.04909420e-01
  4.72036041e-02 -2.26836771e-01  1.91225670e-02  3.88017118e-01
 -1.38035312e-01  7.38789188e-03 -1.63480826e-02 -1.52562484e-01
  9.05900747e-02 -1.91116286e-03  6.34604841e-02 -1.93242326e-01
  2.37854198e-02  1.40621932e-03  6.93672709e-03 -4.60542738e-04
 -1.44718498e-01 -5.68107218e-02  1.08089179e-01 -6.46017790e-02
  8.35840777e-02  4.86896597e-02  7.70996660e-02  1.37061119e-01
 -7.58410096e-02 -4.23123017e-02  2.17248574e-02 -5.63213900e-02
  1.55481277e-02 -2.18079984e-01  7.96081685e-03  7.38176778e-02
 -2.59171814e-01 -1.33648917e-01  4.40475233e-02 -1.82055254e-02
 -6.01974986e-02  8.54054317e-02  1.13385096e-01 -2.20576525e-02
  4.41232417e-03 -8.15769657e-02 -1.22074604e-01  1.74909338e-01
 -2.95688733e-02  2.51031250e-01  2.63356239e-01  4.00821120e-02
 -2.12189540e-01  2.19950095e-01  6.05965070e-02 -1.14854947e-01
  1.88308224e-01  7.30664060e-02  1.85825810e-01 -6.77194744e-02
  2.16218531e-01 -1.96531005e-02  4.47218120e-02 -9.05133598e-03
  8.71532038e-02 -1.05519839e-01  5.30832224e-02 -8.42867345e-02
 -1.14373408e-01  2.33176742e-02  8.45726877e-02  7.01236576e-02
 -3.32049541e-02 -5.25715351e-02  7.19711259e-02 -1.70776397e-01
  6.82561100e-02  8.25502127e-02  1.37328535e-01 -1.09033324e-01
  2.44661011e-02  5.15555330e-02  1.78128809e-01 -4.40654159e-02
  4.09512036e-02 -2.91921943e-02 -2.93630622e-02 -1.55588180e-01
  2.19287977e-01 -2.09591001e-01  1.21050961e-01 -2.33021155e-02
  1.60985105e-02 -1.04043141e-01 -7.81240761e-02  4.45258543e-02
 -1.71712533e-01  3.58326249e-02 -3.30302790e-02  5.09605110e-02
  1.15194231e-01 -1.85182378e-01 -6.81780577e-02 -1.40659243e-01
  1.73679799e-01 -8.84059444e-02 -2.24638090e-01 -1.03993371e-01
 -3.03846329e-01  1.15508921e-02 -2.86753803e-01 -3.56038194e-03
 -9.22434032e-02 -1.17037266e-01  1.06842622e-01  1.28739223e-01
  6.41270727e-02  6.94440026e-03  4.71875109e-02  8.68511386e-03
 -2.59689361e-01 -1.94811188e-02  5.86825423e-02  1.74850365e-03
 -1.26295611e-01  5.22809923e-02 -1.33310212e-02  8.28274637e-02
 -6.91318512e-02  4.74409908e-02  1.41824521e-02 -1.58572584e-01
 -2.02016503e-01  2.88343523e-04 -3.03366721e-01  7.73352385e-02
  2.01573610e-01 -2.02941038e-02 -7.14853629e-02 -6.74982071e-02
  1.63452923e-02  5.64069524e-02 -2.12331325e-01 -4.10846286e-02
 -5.03639877e-03 -2.27507204e-02 -2.83849314e-02 -6.49813563e-02
  5.50619997e-02 -5.33696674e-02 -1.06011294e-01  4.06346247e-02
  3.41601372e-02  2.61981636e-02 -2.57084250e-01 -2.11664349e-01
  1.77657098e-01  6.21879175e-02  2.57583410e-02 -1.62781686e-01
  1.71268918e-03  4.53304686e-02  8.42434615e-02 -7.57047981e-02
  4.71948646e-02  4.79904115e-02 -5.09537123e-02  4.89205047e-02
  1.85847506e-01 -1.56988725e-01 -5.84587827e-02  9.66651589e-02
  1.21021926e-01  4.32867147e-02 -1.82229847e-01  1.10573523e-01
 -8.28311667e-02  7.65224844e-02 -1.31684139e-01  1.89646915e-01
  1.34737521e-01 -1.16366707e-01  1.37234509e-01 -1.22238532e-01
  1.53189227e-01 -2.62460887e-01  2.34276205e-02  1.06395997e-01
 -1.10464133e-01 -1.51178380e-02  9.94377863e-03  1.38473902e-02
  1.72824599e-02 -7.33538419e-02  5.28975725e-02  6.42282814e-02
 -2.05242679e-01  9.02329683e-02  3.46078798e-02  9.81055498e-02
 -2.08456695e-01 -7.86480382e-02  2.28872910e-01  2.74774842e-02
 -2.31979899e-02 -1.36063397e-01 -5.61811104e-02  1.45340368e-01
 -2.53291260e-02  7.82602355e-02 -2.02756286e-01 -9.40928236e-02
  4.93729860e-02 -1.67189226e-01  2.52935719e-02  7.36586051e-03
 -3.47443372e-02  8.07655454e-02  9.74408723e-03 -1.07974842e-01
  3.37826870e-02 -1.07056119e-01 -1.27965212e-01 -1.23141803e-01
 -2.38200605e-01  6.60762284e-03 -4.38964134e-03 -2.32135832e-01
 -8.24607313e-02 -1.53504321e-02  2.83345878e-02 -3.04432865e-02
 -3.75516200e-03  1.68812588e-01 -5.35763167e-02  9.36511308e-02
 -5.78470156e-02 -8.40653479e-02 -1.19644180e-01  9.38151777e-03
 -1.47963867e-01  1.10590339e-01  9.94214565e-02  2.85991997e-01
  8.65307972e-02  9.16256309e-02  1.79153487e-01  9.94262248e-02
  4.04268265e-01  1.09855169e-02 -1.86556786e-01  9.45296139e-02
 -1.27179185e-02  5.59800863e-02  1.07562542e-01  2.52511740e-01
  1.11718901e-01  1.40966699e-02 -4.72857356e-02  2.52209008e-02
  2.66774539e-02 -4.29743305e-02  5.08272238e-02  5.36997942e-03
 -7.35628884e-03 -7.56565258e-02  1.00845337e-01  1.11472175e-01
 -1.28526881e-01 -4.65105847e-02  1.92187816e-01  1.04775943e-01
  4.14284505e-02  1.36965260e-01 -1.09738529e-01 -3.40638123e-02
 -5.75566664e-02  1.98294595e-02 -1.11044087e-01 -1.13796517e-01
  1.76267356e-01 -8.70150700e-03  1.58480734e-01  1.36982828e-01
  1.23608902e-01 -1.00929841e-01 -3.04148290e-02  1.20112211e-01
 -5.55557534e-02  1.44301564e-01 -7.86358863e-03  7.11814463e-02]",deskripsi mata kuliah mata kuliah ini bertujuan untuk memberikan pemahaman mendasar kepada mahasiswa tentang teknologi informasi  pengenalan dimulai dari sejarah perkembangan teknologi informasi  perangkat keras  perangkat lunak  penggunaan dan implementasinya  isu isu terkait serta tren   inovasi teknologi informasi  tujuan kursus   menunjukkan pemahaman tentang aspek mendasar dari perangkat keras  perangkat lunak dan bagaimana sistem terbentuk    mendemonstrasikan pemahaman penggunaan komputer dan program aplikasi untuk kepentingan manusia    menunjukkan kompetensi dalam dasar dasar algoritma  pemrograman  dan pemecahan masalah    menunjukkan kompetensi dalam penggunaan jaringan  internet  web dan keamanannya    menunjukkan pemahaman tentang isu isu dan perkembangan masa depan terkait teknologi informasi  metode instruksi pertanyaan ulasan kelas yang harus diselesaikan di kelas atau sebagai pekerjaan rumah  pertanyaan ulasan kelas  ini termasuk jawaban singkat  s a   dan studi kasus  c s   untuk memberikan umpan balik tentang pemahaman siswa topik demi topik  ujian tengah dan ujian akhir  tes tertulis ini akan mengevaluasi tingkat pengetahuan dan keterampilan siswa pada kursus ini,"['menunjukkan', 'mengevaluasi', 'mendemonstrasikan']","{'C1', 'C5', 'C4', 'C2', 'C3'}",Hard,0.8691589861715395,0.13084101382846028
TIF109,Struktur Data,"deskripsi kursus Kursus ini bertujuan untuk memberikan siswa pengetahuan dan keterampilan tentang cara menghasilkan struktur data menggunakan java serta menggunakan OOD untuk menyelesaikan masalah tertentu. struktur data terdiri dari daftar tertaut, tumpukan, antrian, pohon biner, tumpukan, antrian dan grafik Error 500 (Server Error)!!1500.That’s an error.There was an error. Please try again later.That’s all we know. metode pengajaran pengajaran di kelas terdiri dari ceramah dan pemecahan masalah praktis, dilengkapi dengan alat bantu visual yang dirancang untuk membantu siswa agar berhasil mencapai tujuan pembelajaran kursus.",deskripsi kursus kursus bertujuan siswa pengetahuan keterampilan menghasilkan struktur data java ood menyelesaikan struktur data daftar tertaut tumpukan antrian pohon biner tumpukan antrian grafik error server errorthats errorthere error please try laterthats know metode pengajaran pengajaran kelas ceramah pemecahan praktis dilengkapi alat bantu visual dirancang membantu siswa berhasil mencapai tujuan pembelajaran kursus,"[-0.1030711  -0.02433125 -0.10100961 -0.05474766 -0.09927206 -0.08576684
 -0.21225524  0.14581808 -0.15861328  0.10364539  0.0330225   0.06783588
  0.30051404  0.0519622  -0.13787171 -0.01023325 -0.01446615  0.11446884
  0.06009969  0.01849676 -0.01607344 -0.0925388   0.13771272 -0.00329927
 -0.04857922  0.16533217  0.15411843 -0.2557195   0.2123927  -0.26040754
  0.01905892  0.11885016  0.29214463  0.09234288 -0.03148525  0.20610818
  0.03658926  0.09404397 -0.18447864  0.15172602 -0.06319797  0.06035425
  0.02299424 -0.02253613  0.12312771 -0.20396855 -0.12090613 -0.16029036
 -0.06872814 -0.27559713 -0.3632567   0.00666406  0.0068664  -0.20113428
 -0.10368088  0.07832126  0.1942597   0.03448393 -0.31516427  0.03772515
  0.08414572 -0.12258936  0.03355695  0.08367192  0.14878002  0.03518832
  0.20395462  0.30288252  0.12005349 -0.06278889 -0.24696165  0.10336129
 -0.13705395  0.11979154 -0.10831123  0.05278737 -0.15037952  0.11458424
  0.21321797 -0.28935382 -0.00770109 -0.04265039  0.09023347  0.21639584
  0.0753556  -0.17758724  0.05156673 -0.07660391 -0.06542291 -0.10063537
  0.20321883 -0.12819998 -0.22724697  0.02701229 -0.14826098 -0.0666158
  0.00077967 -0.15012129  0.17338611  0.33064678 -0.15306893 -0.13476405
  0.15573537  0.03411561  0.0418141  -0.05686385  0.1869517  -0.13733253
  0.05045616 -0.05805011  0.08708161 -0.00374395 -0.06971478  0.00271493
 -0.05642332  0.01898573  0.2052742  -0.04384789 -0.06932548  0.24938977
 -0.01756469 -0.13499697  0.076885    0.15393908  0.13680811 -0.16890152
 -0.17814027 -0.11277097  0.02862491 -0.3088428  -0.04452648  0.01751278
 -0.04627408  0.09142587  0.14008129 -0.10051923  0.07552867 -0.1007273
 -0.15093416 -0.03184139  0.06165611  0.23460521  0.19344857 -0.03273038
 -0.1234429   0.15455472 -0.1536563  -0.0751107   0.06388599  0.15723212
  0.30751312 -0.23449454 -0.05970949  0.11401506  0.0176092   0.14581144
  0.0735685  -0.11585668  0.2163435  -0.35307857 -0.13411382  0.4035644
  0.0455774   0.00096208 -0.08632252  0.0406789   0.04332879 -0.21453492
  0.0473393  -0.0413791   0.33631697 -0.0040445  -0.13884205 -0.02061137
  0.18707424  0.00954082 -0.06826263  0.00129359 -0.08983701  0.08130454
  0.2877189  -0.08481875  0.14659122 -0.03438528 -0.13063249 -0.04127595
 -0.14087932  0.02373697 -0.17203355  0.23500417 -0.07365353 -0.03524734
  0.12696773 -0.20932467 -0.44708696 -0.2537498   0.35691535 -0.31150433
 -0.20888232 -0.05434145 -0.07615752  0.135802   -0.07286085 -0.04356719
 -0.0320097  -0.3206226  -0.04567163 -0.03547909  0.05114807  0.07710364
 -0.08923001 -0.09033011 -0.2166751   0.00966814  0.07926448  0.01894165
  0.05628803 -0.00316906  0.04705376 -0.06013164 -0.03071858 -0.04151985
  0.20826946 -0.18566257  0.04345554  0.36602867 -0.41540813 -0.0800282
  0.30537173 -0.15316021 -0.03827419 -0.07854152  0.02256165  0.03527016
 -0.23725902 -0.09277638 -0.13210572  0.04880838  0.00869327 -0.06568108
 -0.01226405 -0.08599725 -0.07422484 -0.15372582 -0.30427375  0.12967093
 -0.25261402 -0.16497083  0.26641366 -0.07251391  0.10064732  0.00830891
 -0.16201435 -0.08679663  0.15243118 -0.13157015  0.15327604  0.04640521
 -0.11450554  0.04316501  0.32405674 -0.19614516  0.00089891  0.07276537
  0.05085254 -0.10567078 -0.06198322 -0.05570604 -0.09115315  0.14956573
 -0.11814342  0.02151886  0.11671087  0.08775517 -0.19523898 -0.04371462
  0.16401601 -0.19735858  0.13193767  0.02033822 -0.12410957  0.07457621
 -0.00072468 -0.04194367  0.07153376 -0.15749425 -0.02248512 -0.10839552
 -0.01716956  0.2588487  -0.16263095  0.03943402 -0.2903798  -0.19572914
 -0.0065407   0.07937724 -0.02704353 -0.04696225  0.0739338   0.06795517
 -0.22221251  0.14786795 -0.11675955 -0.14537556  0.08055329 -0.30957574
  0.11327554 -0.01790312 -0.00967612  0.00692765  0.22438219 -0.0161061
 -0.03970555  0.05429069 -0.012399   -0.20354941 -0.00757547  0.2869507
  0.17159398 -0.18561701 -0.03063961 -0.00522243 -0.13111156 -0.05621191
  0.16551244 -0.00340692 -0.13560079  0.24446946 -0.06675454  0.12853451
 -0.05677579  0.01749618 -0.37174177  0.22919023 -0.13047503 -0.0052925
  0.11120166  0.39871958  0.10592575  0.04775012  0.40347245 -0.0498031
 -0.26167008  0.12713665 -0.11272015  0.03111779  0.13834046  0.37518314
 -0.03047207 -0.02609733  0.11601426  0.10433013  0.15868264  0.01211584
  0.1625133   0.1354023  -0.07406513  0.00250281  0.20377502  0.37875915
 -0.09570264  0.01964548  0.19051094 -0.04990379  0.14857818  0.07922315
 -0.31534785  0.13748014  0.16605666  0.30401215 -0.1149452  -0.04038959
  0.09548814 -0.08064035  0.25704846  0.02502893  0.20817736 -0.24301024
  0.018975    0.204631   -0.11614081  0.24366137 -0.22568704  0.09143815]",deskripsi kursus kursus ini bertujuan untuk memberikan siswa pengetahuan dan keterampilan tentang cara menghasilkan struktur data menggunakan java serta menggunakan ood untuk menyelesaikan masalah tertentu  struktur data terdiri dari daftar tertaut  tumpukan  antrian  pohon biner  tumpukan  antrian dan grafik error 500  server error   1500 that s an error there was an error  please try again later that s all we know  metode pengajaran pengajaran di kelas terdiri dari ceramah dan pemecahan masalah praktis  dilengkapi dengan alat bantu visual yang dirancang untuk membantu siswa agar berhasil mencapai tujuan pembelajaran kursus,"['menghasilkan', 'menggunakan']","{'C6', 'C3'}",Hard,0.8880436315705758,0.11195636842942386
TIF203,Sistem Digital,"uraian mata kuliah Mata kuliah ini akan mencakup dasar perancangan digital sistem digital dan bilangan biner, aljabar boolean dan gerbang logika, minimalisasi level gerbang, logika kombinasional, logika sekuensial sinkron, register dan counter, memori dan logika terprogram, perancangan pada level transfer register, logika sekuensial asinkron, rangkaian terpadu digital, dan simbol grafis standar. tujuan kursus Tujuan kursus ini adalah untuk menjelaskan bagaimana rangkaian digital dengan kompleksitas besar dapat dibangun dengan cara metodologis, mulai dari logika boolean dan menerapkan serangkaian teknik yang ketat. Berbagai contoh dan studi kasus akan digunakan untuk mengilustrasikan bagaimana konsep-konsep yang disajikan dalam kuliah ini diterapkan dalam praktik, dan bagaimana kebutuhan untuk mengakomodasi berbagai jenis perdagangan yang bermotif praktis dapat mengarah pada penerapan alternatif. para siswa akan menerapkan pengetahuan mereka dalam teori dan laboratorium dengan membangun rangkaian logika digital yang semakin kompleks. Hasil mata kuliah spesifik yang mendukung hasil program adalah siswa harus mampu menyelesaikan operasi matematika biner dasar menggunakan gerbang logika. siswa harus dapat menunjukkan kemahiran pemrograman menggunakan berbagai elemen logis untuk merancang unit logis yang termotivasi secara praktis. siswa harus mampu merancang unit berbeda yang merupakan elemen laboratorium komputer pada umumnya. mahasiswa harus dapat menerapkan pengetahuan pada mata kuliah desain logika untuk memecahkan masalah perancangan unit kendali perangkat input/output yang berbeda. siswa harus mampu menghubungkan elemen logis yang berbeda, menganalisis dan mendemonstrasikan diagram waktu dari unit yang dimodelkan. siswa harus mampu merancang sirkuit listrik menggunakan elemen logis yang diwujudkan berdasarkan teknologi yang berbeda. metode pengajaran pengajaran di kelas terdiri dari ceramah dan pemecahan masalah praktis, dilengkapi dengan alat bantu visual yang dirancang untuk membantu siswa agar berhasil mencapai tujuan pembelajaran kursus. f silabus ppkr1 tif203 / tif31 (rencana pembelajaran semester)",uraian mata kuliah mata kuliah mencakup dasar perancangan digital sistem digital bilangan biner aljabar boolean gerbang logika minimalisasi level gerbang logika kombinasional logika sekuensial sinkron register counter memori logika terprogram perancangan level transfer register logika sekuensial asinkron rangkaian terpadu digital simbol grafis standar tujuan kursus tujuan kursus rangkaian digital kompleksitas dibangun metodologis logika boolean menerapkan serangkaian teknik ketat contoh studi mengilustrasikan konsepkonsep disajikan kuliah diterapkan praktik kebutuhan mengakomodasi jenis perdagangan bermotif praktis mengarah penerapan alternatif siswa menerapkan pengetahuan teori laboratorium membangun rangkaian logika digital kompleks hasil mata kuliah spesifik mendukung hasil program siswa menyelesaikan operasi matematika biner dasar gerbang logika siswa kemahiran pemrograman elemen logis merancang unit logis termotivasi praktis siswa merancang unit berbeda elemen laboratorium komputer mahasiswa menerapkan pengetahuan mata kuliah desain logika memecahkan perancangan unit kendali perangkat inputoutput berbeda siswa menghubungkan elemen logis berbeda menganalisis mendemonstrasikan diagram unit dimodelkan siswa merancang sirkuit listrik elemen logis diwujudkan berdasarkan teknologi berbeda metode pengajaran pengajaran kelas ceramah pemecahan praktis dilengkapi alat bantu visual dirancang membantu siswa berhasil mencapai tujuan pembelajaran kursus f silabus ppkr tif tif rencana pembelajaran semester,"[-7.68223358e-03  1.03598557e-01 -4.90587689e-02 -1.93313420e-01
 -1.04147233e-01 -5.32509945e-02 -1.67475373e-01  1.53433681e-02
 -3.35095497e-03  1.94543689e-01 -9.51451622e-03  6.72112256e-02
  1.64622843e-01 -8.67111385e-02  2.12851707e-02  1.40766837e-02
  3.37202512e-02  1.16917841e-01  4.00347356e-03 -5.29327430e-02
  1.15063556e-01  4.13190834e-02 -9.99010913e-03  1.43691571e-02
 -2.35086724e-01  5.88714927e-02  1.56779304e-01 -1.43842295e-01
  1.98186100e-01 -3.06390524e-01  9.66763794e-02  2.64777273e-01
  2.30143577e-01  4.72347476e-02 -1.41166180e-01  6.36146665e-02
 -5.19085638e-02  3.39908972e-02 -6.83671758e-02  4.50536460e-02
 -8.70516989e-04 -5.36031537e-02  2.59962797e-01  2.20549945e-02
  1.04726799e-01 -2.53312230e-01 -1.80870712e-01 -9.83494371e-02
 -4.83388864e-02 -2.30076045e-01 -5.18444777e-02  2.22975761e-02
  2.38542981e-03  1.90391287e-01 -1.48154259e-01  6.92666993e-02
  3.09594691e-01  8.86730403e-02 -1.91469729e-01 -5.76397479e-02
  1.00623302e-01 -1.23821557e-01  9.19870213e-02  1.82608008e-01
  1.22556359e-01  1.41167521e-01  1.12368211e-01  2.54479080e-01
  1.05517045e-01  1.09115094e-01 -3.43515158e-01 -2.25666091e-02
 -7.19320029e-02  7.33484775e-02  2.34077200e-01  6.48418814e-02
 -6.81321025e-02 -1.22577488e-01  1.74273759e-01  8.86005089e-02
  4.97925803e-02 -1.43624336e-01 -1.17408484e-01 -7.25987181e-02
 -9.56873000e-02 -2.47235969e-02 -7.65695004e-03 -4.00749370e-02
 -1.18480511e-01 -1.08641706e-01  5.46214879e-02 -6.89971969e-02
 -1.53160438e-01 -3.20178159e-02 -1.36032656e-01 -3.26344557e-02
  1.56380281e-01 -2.27222636e-01  1.60383493e-01  3.24145466e-01
 -1.00620069e-01 -4.18428034e-02  5.12155294e-02 -1.72854871e-01
  6.50229231e-02 -3.46727110e-02  7.94859827e-02 -3.10266197e-01
  9.82769299e-03 -1.84165612e-01 -9.91602242e-03 -4.20670770e-02
  3.36083174e-02  1.89972352e-02  1.65048003e-01 -3.20968889e-02
  8.87328088e-02  3.85821313e-02  6.66170707e-03  4.45178850e-03
 -4.23891731e-02  2.62931604e-02  1.26080588e-02  1.18414506e-01
  1.12977408e-01 -1.64180666e-01 -1.46893308e-01  5.05770147e-02
 -1.76133066e-01 -2.36527354e-01  9.65199843e-02 -1.53353382e-02
  7.36783743e-02  9.71548185e-02  1.48542553e-01 -1.04136042e-01
  9.55091864e-02 -7.97277391e-02  4.26296145e-02 -2.07762308e-02
 -1.98474918e-02  2.86079615e-01  2.07699239e-01 -6.56170025e-02
 -1.08670779e-01  1.70099825e-01 -2.15661712e-02 -1.74225286e-01
  7.68995509e-02  6.04377426e-02  1.78168803e-01 -1.72213987e-01
  1.38660237e-01  1.56936771e-03  8.31815898e-02  1.43407851e-01
  2.32027620e-01 -1.00561544e-01 -3.21061499e-02 -1.43915499e-02
 -1.54654771e-01  2.42223561e-01  1.48480266e-01  9.43355486e-02
 -5.56029081e-02  7.10321823e-03  1.56908065e-01 -1.67999923e-01
  3.22569795e-02  1.99690834e-01  2.24046215e-01 -1.55066073e-01
  1.35956556e-02  9.65251699e-02  8.45503360e-02 -7.43739828e-02
 -3.39075476e-02 -8.12563226e-02 -6.92979842e-02 -9.63637456e-02
  1.47833675e-01 -1.48534507e-01  3.10240060e-01 -5.99284172e-02
  8.85587111e-02 -1.02862522e-01  1.98864806e-02  1.30233765e-01
 -1.96979731e-01  1.03854172e-01 -1.22729413e-01 -1.82210468e-02
  2.89214682e-02 -1.73721611e-01 -8.46802294e-02 -2.20891446e-01
  3.94788802e-01 -2.50228584e-01 -1.74170122e-01 -2.28442401e-02
 -2.12375820e-01  1.04938209e-01 -2.49028414e-01 -8.36039253e-04
 -1.32281736e-01 -1.62417382e-01 -2.62852721e-02  3.41802239e-02
  9.59369987e-02  1.41655460e-01 -3.97190452e-02 -1.06134191e-01
 -1.63363248e-01 -5.38525954e-02 -5.37560657e-02  1.60219688e-02
 -2.10504346e-02 -1.09809078e-01 -3.87281626e-02 -5.58760017e-02
  8.14515725e-02  1.12183616e-02  8.62582400e-02 -1.37034029e-01
 -2.33491480e-01 -2.77525932e-02 -3.71086866e-01  2.17199355e-01
  1.94434091e-01  3.28491181e-02 -2.25109346e-02 -8.16229060e-02
  4.66878340e-02  6.11276031e-02 -1.34143531e-01 -1.49278164e-01
 -5.28472774e-02  1.16089210e-01 -3.66813354e-02 -1.73120290e-01
  5.36679775e-02 -2.56684758e-02 -1.06434934e-01 -3.62544470e-02
 -7.68929906e-03  7.74210393e-02 -4.13764894e-01 -9.57772061e-02
  1.53802127e-01  9.65217315e-03 -2.66531527e-01  3.74444164e-02
  3.54594328e-02  1.07520342e-01  3.96144614e-02 -7.98723251e-02
 -3.97441536e-02  2.09917948e-01  1.56524703e-02  3.91913066e-03
  3.04202676e-01  4.57712114e-02 -9.94223878e-02  2.87296213e-02
  1.70254067e-01 -6.30379766e-02 -1.07789174e-01  3.88852358e-02
  1.04826972e-01  1.01334155e-02 -2.52622485e-01  1.05224162e-01
  1.02202013e-01 -6.65255859e-02 -1.27671286e-04 -1.64304093e-01
  1.69375271e-01 -3.71114373e-01  1.20080039e-02  1.19285695e-01
 -5.83055951e-02  1.56846941e-02  2.17576668e-01 -3.73978401e-03
  3.16728577e-02 -1.61530331e-01  1.70904472e-01 -1.97119191e-01
 -2.37735793e-01  9.53365192e-02 -1.08931558e-02 -3.40502127e-03
 -2.44954258e-01 -1.26205802e-01  1.48082316e-01  1.60795823e-01
 -6.85768127e-02 -4.74498719e-02 -3.67537662e-02  1.46085948e-01
 -1.29042774e-01  1.10288441e-01 -2.99628973e-01  8.44484046e-02
  5.31296954e-02 -4.85121496e-02  2.18428392e-03  4.72985730e-02
 -1.32789880e-01  1.28059790e-01  7.87616149e-03 -1.69168249e-01
 -4.74044262e-03  5.46811288e-03 -2.27749515e-02  3.12185008e-02
 -1.95692390e-01  9.80358943e-02  3.94108780e-02 -2.07234234e-01
 -1.05914250e-01 -1.84115529e-01 -1.72727138e-01 -6.92833886e-02
 -1.38270864e-02  9.12814885e-02 -2.12068930e-02  3.24577093e-02
 -9.82250273e-03 -6.52394667e-02  9.34023038e-03  4.18782569e-02
 -1.56703159e-01  2.03844726e-01  6.12546988e-02  2.47963935e-01
 -3.36401910e-02  1.82345524e-01  4.36039604e-02  2.30109878e-02
  2.59471446e-01  3.10352966e-02 -2.87850827e-01  1.02940902e-01
 -2.95480024e-02  2.19063252e-01  1.55880615e-01  3.80636513e-01
 -1.83710754e-02 -5.25113381e-02  1.79397054e-02  2.88170408e-02
 -8.99153948e-02 -6.21312000e-02  8.20604041e-02  1.17961634e-02
 -1.11159571e-02 -3.89590785e-02  1.85484707e-01  2.21562415e-01
  7.99464248e-03 -1.39197186e-01  1.68228783e-02  9.04741287e-02
  2.15736151e-01 -1.25687450e-01 -4.41646986e-02  5.02270944e-02
  7.92280287e-02  7.02135041e-02 -1.33318469e-01 -7.78524503e-02
  9.63835716e-02 -1.26703799e-01  2.11779982e-01  4.51352745e-02
  1.62446126e-01 -1.04958676e-01 -1.36945650e-01  1.68543875e-01
 -1.69617355e-01  1.11954331e-01  5.98197468e-02 -4.62100096e-02]",uraian mata kuliah mata kuliah ini akan mencakup dasar perancangan digital sistem digital dan bilangan biner  aljabar boolean dan gerbang logika  minimalisasi level gerbang  logika kombinasional  logika sekuensial sinkron  register dan counter  memori dan logika terprogram  perancangan pada level transfer register  logika sekuensial asinkron  rangkaian terpadu digital  dan simbol grafis standar  tujuan kursus tujuan kursus ini adalah untuk menjelaskan bagaimana rangkaian digital dengan kompleksitas besar dapat dibangun dengan cara metodologis  mulai dari logika boolean dan menerapkan serangkaian teknik yang ketat  berbagai contoh dan studi kasus akan digunakan untuk mengilustrasikan bagaimana konsep konsep yang disajikan dalam kuliah ini diterapkan dalam praktik  dan bagaimana kebutuhan untuk mengakomodasi berbagai jenis perdagangan yang bermotif praktis dapat mengarah pada penerapan alternatif  para siswa akan menerapkan pengetahuan mereka dalam teori dan laboratorium dengan membangun rangkaian logika digital yang semakin kompleks  hasil mata kuliah spesifik yang mendukung hasil program adalah siswa harus mampu menyelesaikan operasi matematika biner dasar menggunakan gerbang logika  siswa harus dapat menunjukkan kemahiran pemrograman menggunakan berbagai elemen logis untuk merancang unit logis yang termotivasi secara praktis  siswa harus mampu merancang unit berbeda yang merupakan elemen laboratorium komputer pada umumnya  mahasiswa harus dapat menerapkan pengetahuan pada mata kuliah desain logika untuk memecahkan masalah perancangan unit kendali perangkat input output yang berbeda  siswa harus mampu menghubungkan elemen logis yang berbeda  menganalisis dan mendemonstrasikan diagram waktu dari unit yang dimodelkan  siswa harus mampu merancang sirkuit listrik menggunakan elemen logis yang diwujudkan berdasarkan teknologi yang berbeda  metode pengajaran pengajaran di kelas terdiri dari ceramah dan pemecahan masalah praktis  dilengkapi dengan alat bantu visual yang dirancang untuk membantu siswa agar berhasil mencapai tujuan pembelajaran kursus  f silabus ppkr1 tif203   tif31  rencana pembelajaran semester,"['memecahkan', 'mendemonstrasikan', 'menerapkan', 'menunjukkan', 'menjelaskan', 'mendukung', 'menghubungkan', 'menganalisis', 'membangun', 'mengilustrasikan', 'merancang', 'menggunakan']","{'C6', 'C1', 'C5', 'C4', 'C2', 'C3'}",Hard,0.8830630911843808,0.11693690881561888
TIF204,Sistem Basis Data Lanjut,"deskripsi kursus menunjukkan kompetensi untuk membuat sistem database berorientasi objek konseptual dan fisik, melakukan kueri qbe dan soda melalui sistem database berorientasi objek. selain itu, siswa mampu menunjukkan kompetensi merancang dan mengimplementasikan nosql seperti graphdb dan documentdb, serta topik lanjutan seperti bahasa web ontologi Tujuan mata kuliah Setelah menyelesaikan mata kuliah ini, mahasiswa diharapkan memahami konsep sistem basis data tingkat lanjut termasuk metode siklus hidup basis data, sistem basis data berorientasi objek (oodb), nosql dan topik lanjutan bahasa web ontologi (burung hantu). menerapkan konsep sistem basis data tingkat lanjut untuk melakukan model data untuk jenis sistem basis data tertentu seperti oodb, nosql atau burung hantu. mampu menganalisis persyaratan untuk memberikan panduan yang jelas untuk kebutuhan dan spesifikasi database. merancang sistem database modern oodb, nosql atau burung hantu untuk kasus tertentu. membuat dan menerapkan sistem basis data modern oodb, nosql, atau burung hantu berdasarkan kebutuhan dan desain basis data sesuai dengan metode siklus hidup basis data yang dipilih. metode pengajaran pengajaran di kelas terdiri dari ceramah dan pemecahan masalah praktis, dilengkapi dengan alat bantu visual yang dirancang untuk membantu siswa agar berhasil memenuhi tujuan pembelajaran kursus. sangat penting bahwa siswa mengambil minat aktif dalam kursus. untuk berhasil dalam mata kuliah ini, siswa harus membaca, berpikir, dan menulis secara kritis dan analitis dan ini membutuhkan waktu dan latihan. latihan seperti itu hanya dapat dicapai dengan latihan kerja. ketika masalah muncul, dan masalah itu akan terjadi, siswa harus mengajukan pertanyaan yang mungkin ditujukan kepada instruktur atau siswa lain dalam berbagai cara. siswa juga didorong untuk bekerja sama dalam kumpulan masalah sebagai bagian dari latihan mereka. namun, individu pada akhirnya harus menunjukkan pemahaman materi dengan menuliskan solusinya sendiri tanpa bantuan siswa lain atau karya tertulis mereka. Selain itu, akan ada lokakarya/penugasan kelas dan presentasi baik secara tertulis maupun lisan untuk mengevaluasi tingkat pengetahuan dan keterampilan mahasiswa pada mata kuliah ini. Ujian tengah dilakukan dalam bentuk tes tertulis/berbasis proyek untuk silabus ppkr1 tif204 (rencana pembelajaran semester) yang mengevaluasi tingkat pengetahuan dan keterampilan siswa pada mata kuliah ini. dan, tes akhir dilakukan oleh siswa sebagai proyek kelompok. siswa harus menyerahkan desain perangkat lunak yang lengkap menggunakan metodologi desain perangkat lunak tertentu dan harus mematuhi pengembangan siklus hidup perangkat lunak. rata-rata siswa perlu menghabiskan setidaknya 6 jam belajar dan persiapan per minggu untuk kursus ini.",deskripsi kursus kompetensi sistem database berorientasi objek konseptual fisik kueri qbe soda sistem database berorientasi objek siswa kompetensi merancang mengimplementasikan nosql graphdb documentdb topik lanjutan bahasa web ontologi tujuan mata kuliah menyelesaikan mata kuliah mahasiswa diharapkan memahami konsep sistem basis data tingkat metode siklus hidup basis data sistem basis data berorientasi objek oodb nosql topik lanjutan bahasa web ontologi burung hantu menerapkan konsep sistem basis data tingkat model data jenis sistem basis data oodb nosql burung hantu menganalisis persyaratan panduan kebutuhan spesifikasi database merancang sistem database modern oodb nosql burung hantu menerapkan sistem basis data modern oodb nosql burung hantu berdasarkan kebutuhan desain basis data sesuai metode siklus hidup basis data dipilih metode pengajaran pengajaran kelas ceramah pemecahan praktis dilengkapi alat bantu visual dirancang membantu siswa berhasil memenuhi tujuan pembelajaran kursus siswa mengambil minat aktif kursus berhasil mata kuliah siswa membaca berpikir menulis kriti analitis membutuhkan latihan latihan dicapai latihan kerja muncul siswa mengajukan instruktur siswa siswa didorong kumpulan latihan individu pemahaman materi menuliskan solusinya bantuan siswa karya tertulis lokakaryapenugasan kelas presentasi tertulis lisan mengevaluasi tingkat pengetahuan keterampilan mahasiswa mata kuliah ujian bentuk te tertulisberbasis proyek silabus ppkr tif rencana pembelajaran semester mengevaluasi tingkat pengetahuan keterampilan siswa mata kuliah te siswa proyek kelompok siswa menyerahkan desain perangkat lunak lengkap metodologi desain perangkat lunak mematuhi pengembangan siklus hidup perangkat lunak ratarata siswa menghabiskan jam belajar persiapan minggu kursus,"[ 2.36450136e-02  3.91339138e-02 -2.48738959e-01 -1.23301283e-01
 -1.80159613e-01  5.69560938e-03 -1.64889991e-01  8.55071396e-02
 -1.56013638e-01  2.78622329e-01 -1.65146112e-01  7.54533857e-02
  3.50723326e-01  6.94485381e-02 -1.30965233e-01 -8.85777622e-02
  1.35283500e-01  5.49614429e-02  4.27464489e-03 -1.56541422e-01
 -1.74655437e-01 -2.51856465e-02 -7.26987701e-03 -9.40249115e-02
 -2.60282934e-01 -4.06892076e-02  4.33982760e-02 -2.27480948e-01
  7.96405748e-02 -2.03351974e-01 -1.01459064e-01  1.54795140e-01
  2.10188940e-01  1.31680876e-01 -2.23129600e-01  1.94213748e-01
  2.58656442e-02 -4.00971994e-02 -2.17632711e-01  1.68990508e-01
  5.64931482e-02  8.87730625e-03  1.21160718e-02  8.42484739e-03
  1.12235688e-01 -3.43895882e-01 -1.41543090e-01 -2.82257229e-01
 -1.31684899e-01 -1.35980487e-01 -2.24932522e-01 -9.73628685e-02
 -8.46185312e-02 -5.24567440e-03 -1.26792595e-01  2.99898565e-01
  1.49522036e-01  4.20415476e-02 -3.94055486e-01 -1.43242523e-01
  2.43409257e-02  1.48425559e-02  1.04793794e-01  9.80794951e-02
  7.70289600e-02  2.13166013e-01  6.27560392e-02  3.49042654e-01
  1.72052324e-01 -2.07992792e-01 -3.34322333e-01  5.68904281e-02
 -3.21954817e-01  1.49121955e-01 -1.69951901e-01  3.52690853e-02
  2.19716467e-02  1.04772989e-02  2.09693104e-01 -1.93875223e-01
 -7.60909170e-02 -1.22326359e-01  1.18322477e-01  4.89915423e-02
 -3.49997617e-02 -1.22757897e-01 -4.56752293e-02  9.44131799e-03
 -1.99896488e-02 -6.18349016e-02  1.60136402e-01 -1.73492320e-02
 -1.33082896e-01 -1.73161432e-01 -1.45103872e-01 -9.75741073e-02
 -1.31140754e-01 -1.23666786e-01  1.72964782e-01  3.10293674e-01
 -3.16347569e-01 -3.52995731e-02  2.19064206e-02 -1.00715503e-01
  1.09729417e-01  8.54273438e-02  1.97390661e-01 -2.39761278e-01
 -2.16351636e-02  4.96973395e-02  1.11014703e-02  8.44619051e-02
 -7.44959116e-02 -1.31075516e-01 -7.25611001e-02  1.03526920e-01
 -7.28638023e-02 -7.94481486e-03  5.79470582e-02  1.18359573e-01
 -6.64344952e-02 -1.07359745e-01  1.00186497e-01  1.12136275e-01
  2.63895810e-01 -1.91591263e-01 -6.64568469e-02 -2.53390782e-02
 -1.69179887e-01 -2.35266358e-01  1.83468208e-01  6.93082586e-02
  6.19149320e-02  2.07172349e-01  1.43532276e-01 -1.63276300e-01
  9.41396281e-02 -1.91972684e-03 -1.07034974e-01  2.80527085e-01
  3.77469584e-02  1.78314745e-01  2.67727315e-01  1.38490409e-01
 -2.51905531e-01  2.33377174e-01 -1.54179871e-01 -1.83266282e-01
  7.34871924e-02  1.20328203e-01  2.41263181e-01 -2.07726642e-01
  2.37372383e-01  7.26266205e-02 -5.55646941e-02  1.68668568e-01
  6.18277453e-02 -1.81447610e-01  1.57860473e-01 -3.01534921e-01
 -2.42217302e-01  3.21505755e-01 -8.50357488e-02  6.84425756e-02
 -1.48359686e-01  3.53941992e-02  1.60629138e-01 -1.67934403e-01
  1.16556771e-01  3.20841409e-02  1.81862384e-01 -3.02471444e-02
 -2.55137473e-01 -1.31277129e-01  1.64180189e-01 -4.48813066e-02
 -5.53026721e-02 -2.03972414e-01  7.28873238e-02 -1.02916740e-01
  3.83483410e-01 -9.84964296e-02  2.84363121e-01  2.52056699e-02
 -6.75358325e-02 -9.51328874e-02 -1.72278121e-01 -8.48133191e-02
  7.48768821e-02  9.37867910e-02 -9.07783583e-02  4.19145748e-02
  2.04861879e-01 -2.58233696e-01 -2.52931774e-01 -8.86200964e-02
  5.08463681e-01 -2.84292549e-01 -2.19329923e-01 -8.40467513e-02
 -3.62644829e-02 -5.12455180e-02 -1.19618349e-01  1.87291410e-02
 -7.35513195e-02 -2.19155177e-01  9.65253338e-02  2.85242438e-01
 -4.12710104e-03 -7.24837929e-02 -1.63289189e-01  5.90062216e-02
 -2.36627102e-01 -8.11465308e-02  5.99916540e-02 -7.04649687e-02
  1.78946286e-01  4.74535376e-02 -1.83439143e-02 -1.23546179e-02
 -2.47123688e-02  1.10102355e-01  1.36293396e-01 -1.34015173e-01
 -2.45113581e-01  1.56520456e-01 -3.70120853e-01  1.22274138e-01
  3.71956944e-01 -1.53655320e-01  3.25416252e-02 -2.78255463e-01
 -6.04210645e-02 -1.94209628e-02 -1.09036565e-01 -5.64774200e-02
 -1.28207326e-01  7.48590678e-02  9.10065547e-02 -1.13840804e-01
  9.24211293e-02  5.64180464e-02 -6.15641885e-02 -4.74366248e-02
 -1.64740771e-01  9.43906829e-02 -4.51822370e-01 -1.69857457e-01
  1.85582757e-01 -4.99485210e-02 -5.51193506e-02 -1.66888446e-01
 -1.03358738e-01  2.04382464e-01  2.02252716e-02 -1.14430293e-01
  4.03728383e-03 -4.27199528e-04 -4.73611020e-02  6.00625947e-02
  2.03630745e-01 -1.78229362e-01 -5.89300916e-02  2.23295569e-01
  9.63178724e-02 -2.05236241e-01 -1.36128411e-01  2.97107529e-02
  7.05177784e-02  1.75398529e-01 -1.43389151e-01  1.49341121e-01
  2.21314281e-01 -8.40268880e-02 -5.24419174e-02 -6.54245764e-02
  1.06873430e-01 -2.23738328e-01  2.46272400e-01  6.68832511e-02
 -1.85400005e-02 -1.14032403e-01  1.03293836e-01 -1.01785790e-02
  7.83259645e-02 -1.80267915e-01  2.32694075e-02  1.53507411e-01
 -9.48552117e-02  2.01861396e-01 -1.42148003e-01  1.66145399e-01
 -2.80939013e-01 -1.91367209e-01  9.12703425e-02 -2.63560355e-01
  3.07364333e-02  2.74408478e-02 -3.64959724e-02  2.48121060e-02
 -2.35180676e-01  1.21943414e-01 -1.54349923e-01 -4.33063395e-02
  3.00180982e-03 -4.30430174e-01 -3.64223868e-02  4.77889134e-03
 -4.29861285e-02  9.63002592e-02 -5.80916889e-02 -1.56810775e-01
  1.47588938e-01 -7.94340968e-02 -1.03891499e-01 -1.81524038e-01
 -2.33198747e-01  1.42067984e-01 -6.15312271e-02 -1.34405240e-01
 -1.26047805e-01  5.46902120e-02  1.76871214e-02  1.33957654e-01
  5.24558593e-03  9.01726186e-02 -1.21640682e-01  2.18277305e-01
  2.09878236e-02  1.53212830e-01 -7.65460357e-02 -1.65826604e-02
 -1.81531116e-01  2.95817256e-02  2.63765037e-01  1.79318234e-01
  1.67870700e-01  2.90323615e-01  1.38338447e-01  9.08771083e-02
  4.79310364e-01 -2.60340814e-02 -1.87514454e-01  1.43323153e-01
 -1.13067061e-01 -2.70374212e-02  1.61466151e-01  5.03786623e-01
  7.21350908e-02  2.03382358e-01  2.43007258e-01  9.39846188e-02
  2.45514475e-02 -4.12146896e-02  3.09629858e-01 -7.07519799e-02
  1.56982485e-02  4.88550514e-02  1.09085716e-01  2.41801769e-01
 -2.76449621e-02  1.63625881e-01  1.91594660e-01  3.96225527e-02
  1.28718451e-01  6.03268147e-02 -1.59326300e-01  1.49137318e-01
  1.44458741e-01  1.80919409e-01 -1.96497813e-02  6.40571769e-03
  1.72213167e-01 -6.73459396e-02  1.69740826e-01  2.05799103e-01
  2.60722429e-01 -1.43263668e-01  8.45744759e-02  2.17218652e-01
 -1.29951850e-01  2.40101025e-01 -7.54897967e-02 -1.09612837e-01]",deskripsi kursus menunjukkan kompetensi untuk membuat sistem database berorientasi objek konseptual dan fisik  melakukan kueri qbe dan soda melalui sistem database berorientasi objek  selain itu  siswa mampu menunjukkan kompetensi merancang dan mengimplementasikan nosql seperti graphdb dan documentdb  serta topik lanjutan seperti bahasa web ontologi tujuan mata kuliah setelah menyelesaikan mata kuliah ini  mahasiswa diharapkan memahami konsep sistem basis data tingkat lanjut termasuk metode siklus hidup basis data  sistem basis data berorientasi objek  oodb   nosql dan topik lanjutan bahasa web ontologi  burung hantu   menerapkan konsep sistem basis data tingkat lanjut untuk melakukan model data untuk jenis sistem basis data tertentu seperti oodb  nosql atau burung hantu  mampu menganalisis persyaratan untuk memberikan panduan yang jelas untuk kebutuhan dan spesifikasi database  merancang sistem database modern oodb  nosql atau burung hantu untuk kasus tertentu  membuat dan menerapkan sistem basis data modern oodb  nosql  atau burung hantu berdasarkan kebutuhan dan desain basis data sesuai dengan metode siklus hidup basis data yang dipilih  metode pengajaran pengajaran di kelas terdiri dari ceramah dan pemecahan masalah praktis  dilengkapi dengan alat bantu visual yang dirancang untuk membantu siswa agar berhasil memenuhi tujuan pembelajaran kursus  sangat penting bahwa siswa mengambil minat aktif dalam kursus  untuk berhasil dalam mata kuliah ini  siswa harus membaca  berpikir  dan menulis secara kritis dan analitis dan ini membutuhkan waktu dan latihan  latihan seperti itu hanya dapat dicapai dengan latihan kerja  ketika masalah muncul  dan masalah itu akan terjadi  siswa harus mengajukan pertanyaan yang mungkin ditujukan kepada instruktur atau siswa lain dalam berbagai cara  siswa juga didorong untuk bekerja sama dalam kumpulan masalah sebagai bagian dari latihan mereka  namun  individu pada akhirnya harus menunjukkan pemahaman materi dengan menuliskan solusinya sendiri tanpa bantuan siswa lain atau karya tertulis mereka  selain itu  akan ada lokakarya penugasan kelas dan presentasi baik secara tertulis maupun lisan untuk mengevaluasi tingkat pengetahuan dan keterampilan mahasiswa pada mata kuliah ini  ujian tengah dilakukan dalam bentuk tes tertulis berbasis proyek untuk silabus ppkr1 tif204  rencana pembelajaran semester  yang mengevaluasi tingkat pengetahuan dan keterampilan siswa pada mata kuliah ini  dan  tes akhir dilakukan oleh siswa sebagai proyek kelompok  siswa harus menyerahkan desain perangkat lunak yang lengkap menggunakan metodologi desain perangkat lunak tertentu dan harus mematuhi pengembangan siklus hidup perangkat lunak  rata rata siswa perlu menghabiskan setidaknya 6 jam belajar dan persiapan per minggu untuk kursus ini,"['menulis', 'membuat', 'mengimplementasikan', 'mengevaluasi', 'melakukan', 'menerapkan', 'menunjukkan', 'membaca', 'menganalisis', 'memahami', 'menuliskan', 'merancang', 'menggunakan']","{'C6', 'C1', 'C5', 'C4', 'C2', 'C3'}",Hard,0.9387779203017397,0.061222079698260164
TIF206,Sistem Operasi,"uraian mata kuliah pada kuliah ini akan membahas tentang konsep, struktur dan mekanisme sistem operasi. ia juga menyajikan, sejelas dan selengkap mungkin, sifat dan karakteristik sistem operasi modern. topiknya akan mencakup gambaran umum komputer dan sistem operasi, proses, memori, penjadwalan, input/output dan file, sistem tertanam, keamanan komputer dan sistem terdistribusi. tujuan kursus setelah menyelesaikan kursus ini, mahasiswa harus mampu (cid 136) memahami konsep, struktur, dan mekanisme sistem operasi. (cid 136) menyajikan, sejelas mungkin, sifat dan karakteristik sistem operasi modern. (cid 136) memiliki pengetahuan tentang proses. (cid 136) memiliki pengetahuan tentang memori. (cid 136) memiliki pengetahuan tentang penjadwalan. (cid 136) memiliki pengetahuan tentang input/output dan file. (cid 136) memiliki pengetahuan tentang sistem tertanam. (cid 136) memiliki pengetahuan tentang keamanan komputer. (cid 136) memiliki pengetahuan tentang sistem terdistribusi. metode pengajaran pengajaran di kelas terdiri dari ceramah dan pemecahan masalah praktis, dilengkapi dengan alat bantu visual yang dirancang untuk membantu siswa agar berhasil mencapai tujuan pembelajaran kursus. sangat penting bahwa siswa mengambil minat aktif dalam kursus. untuk berhasil dalam mata kuliah ini, siswa harus membaca, berpikir, dan menulis secara kritis dan analitis dan ini membutuhkan waktu dan latihan. latihan seperti itu hanya dapat dicapai dengan latihan kerja. ketika masalah muncul, dan masalah itu akan terjadi, siswa harus mengajukan pertanyaan yang mungkin ditujukan kepada instruktur atau siswa lain dalam berbagai cara. siswa juga didorong untuk bekerja sama dalam kumpulan masalah sebagai bagian dari latihan mereka. namun, individu pada akhirnya harus menunjukkan pemahaman materi dengan menuliskan solusinya sendiri tanpa bantuan siswa lain atau karya tertulis mereka. rata-rata siswa perlu menghabiskan setidaknya 6 jam belajar dan persiapan per minggu untuk kursus ini. f silabus ppkr1 tif206 (rencana pembelajaran semester)",uraian mata kuliah kuliah membahas konsep struktur mekanisme sistem operasi menyajikan sejelas selengkap sifat karakteristik sistem operasi modern topiknya mencakup gambaran komputer sistem operasi prose memori penjadwalan inputoutput file sistem tertanam keamanan komputer sistem terdistribusi tujuan kursus menyelesaikan kursus mahasiswa cid memahami konsep struktur mekanisme sistem operasi cid menyajikan sejelas sifat karakteristik sistem operasi modern cid memiliki pengetahuan prose cid memiliki pengetahuan memori cid memiliki pengetahuan penjadwalan cid memiliki pengetahuan inputoutput file cid memiliki pengetahuan sistem tertanam cid memiliki pengetahuan keamanan komputer cid memiliki pengetahuan sistem terdistribusi metode pengajaran pengajaran kelas ceramah pemecahan praktis dilengkapi alat bantu visual dirancang membantu siswa berhasil mencapai tujuan pembelajaran kursus siswa mengambil minat aktif kursus berhasil mata kuliah siswa membaca berpikir menulis kriti analitis membutuhkan latihan latihan dicapai latihan kerja muncul siswa mengajukan instruktur siswa siswa didorong kumpulan latihan individu pemahaman materi menuliskan solusinya bantuan siswa karya tertulis ratarata siswa menghabiskan jam belajar persiapan minggu kursus f silabus ppkr tif rencana pembelajaran semester,"[-1.09143272e-01  4.75952290e-02 -1.72618646e-02 -2.17766896e-01
 -4.71594296e-02 -1.66746914e-01 -6.36294782e-02  1.96225643e-01
  1.30141437e-01  1.13595419e-01  5.33764064e-02  1.18110485e-01
  1.77896202e-01 -1.72820792e-01 -7.88664445e-02 -2.43267968e-01
  1.74111366e-01 -8.08513239e-02  6.44159541e-02 -2.60154647e-03
  5.71132526e-02 -3.74836773e-02 -8.46937299e-02  7.02525377e-02
 -2.70430356e-01  1.28947943e-01  5.05545363e-02 -8.10930878e-02
  4.48376238e-02 -2.89903283e-01 -1.58248097e-01  1.78220525e-01
  2.71227479e-01  1.33076608e-01 -1.77079320e-01  1.08266726e-01
  1.17845111e-01 -2.40348101e-01 -1.46943644e-01  6.48501590e-02
 -1.29839540e-01 -1.50469154e-01  1.95438445e-01  1.60583615e-01
  7.46622682e-05 -4.49964628e-02 -5.54143861e-02 -1.79623589e-01
 -1.55336529e-01 -1.87038749e-01 -8.26018453e-02  6.62958249e-02
  1.01460785e-01 -5.63022569e-02  3.13241892e-02  1.72657147e-01
  3.36685091e-01  3.01956665e-02 -1.30553231e-01 -1.53368160e-01
  2.79839396e-01 -1.27752438e-01 -1.01552904e-02  1.35541871e-01
  1.38427943e-01 -2.99265869e-02  1.31897196e-01  2.78372318e-01
  4.32683975e-02 -8.04930627e-02 -2.93476611e-01  1.53332129e-01
 -3.57195735e-02 -1.25466213e-02 -6.55182600e-02  1.58892497e-01
  3.95588689e-02 -1.32147789e-01  7.09237605e-02 -4.89726737e-02
  6.90367743e-02 -6.87171295e-02  5.76628856e-02  7.70896971e-02
 -1.68513823e-02  1.65772915e-01 -3.85053046e-02 -1.56741232e-01
 -2.04841286e-01 -1.33501187e-01 -1.05764106e-01 -1.17681034e-01
 -1.38940196e-02 -8.98123253e-05  9.32765156e-02  1.29968181e-01
  4.80385423e-02 -2.43770301e-01 -5.02982456e-03  3.45229030e-01
 -9.29938555e-02  8.91342610e-02  2.08386064e-01 -1.46421671e-01
  4.12858836e-02  3.13949995e-02  1.33942002e-02 -1.25540242e-01
 -1.03789389e-01 -1.57914072e-01 -2.80806534e-02 -1.54534116e-01
 -1.41586095e-01 -1.55739635e-01  4.23040381e-03 -8.04468840e-02
  8.73371512e-02  2.72731110e-02  4.86806482e-02  1.69667602e-02
  2.33134553e-02 -4.50124368e-02  6.30943254e-02 -9.09519643e-02
  1.16511956e-01 -1.96607217e-01 -2.55389581e-03 -2.62383744e-02
 -3.04949433e-01 -3.21770221e-01  7.38171022e-03  7.08303228e-02
 -2.72914432e-02  3.37439664e-02  1.55952558e-01  2.12426230e-01
 -6.74670981e-03 -1.36556663e-03 -8.28719735e-02  2.40191400e-01
 -2.11512130e-02  1.99538067e-01  2.32082173e-01  4.56185751e-02
 -1.05774269e-01  1.88859209e-01 -6.02654628e-02 -1.55498520e-01
  1.77253008e-01  2.34836519e-01  2.75870979e-01 -1.26824761e-03
  3.36921155e-01  3.60076316e-02 -1.25975847e-01  1.02764471e-02
 -1.06378369e-01 -1.48674712e-01  5.44060655e-02 -1.58870339e-01
 -1.41679406e-01  1.74739331e-01  3.27562988e-02  4.83178608e-02
 -1.24192476e-01 -3.47479060e-02  1.18927814e-01 -1.08654089e-01
  1.41920835e-01  8.29244256e-02  2.22637832e-01 -4.98013683e-02
 -5.01077157e-03 -6.35355711e-02  1.52901649e-01 -5.59882373e-02
  1.47171572e-01 -1.09000757e-01 -3.44184926e-03 -5.27926609e-02
  3.25319171e-01 -2.20689774e-01  2.48028263e-01  9.00786445e-02
  8.15663785e-02  6.68353960e-03 -7.56977722e-02  1.37216434e-01
 -3.24446380e-01  2.08565578e-01  5.94771877e-02  4.77866642e-02
  1.08602583e-01 -1.25809655e-01 -2.90226221e-01 -2.55753070e-01
  2.23305389e-01 -9.85779539e-02 -3.10301125e-01 -1.57787427e-01
 -2.66915768e-01  1.98625192e-01 -2.83255786e-01 -1.41274091e-02
 -1.06533602e-01 -2.14057788e-01 -9.13096815e-02  1.27041131e-01
  1.08474670e-02 -1.45359889e-01 -4.73053521e-03  3.75767983e-02
 -2.65046209e-01  8.90209302e-02  1.09729931e-01  1.78360581e-01
 -2.08884254e-02 -6.62524849e-02 -1.86932862e-01 -1.46043450e-01
  1.13392889e-01  2.51412272e-01  1.25141129e-01 -2.05830961e-01
 -1.72042847e-01  3.55479456e-02 -5.36197901e-01  8.90767574e-03
  2.54930317e-01  5.89635558e-02 -8.72482508e-02  5.03165983e-02
 -1.01452060e-01  9.04744118e-02 -4.25974727e-02  7.75663368e-03
 -7.71291107e-02  1.21278018e-02 -8.42944533e-02  2.85240207e-02
  4.97963987e-02 -2.89832979e-01 -2.14239821e-01  3.29405181e-02
  1.32519245e-01  1.63811222e-01 -2.14968368e-01 -7.91905746e-02
  2.43332803e-01 -4.56591100e-02  3.94965038e-02 -6.28522187e-02
 -1.34207666e-01  1.32324055e-01  4.76208888e-03  5.96731715e-03
  4.34287041e-02  3.58026713e-01  9.79589596e-02 -1.21584134e-02
  1.34079695e-01 -1.01463310e-01  2.38584522e-02 -5.07622492e-03
  1.96653545e-01 -7.58820623e-02  4.18414548e-02  1.87228575e-01
 -3.21286321e-02  7.83306509e-02 -4.94533330e-02 -6.85865879e-02
  8.46180469e-02 -1.32649958e-01  1.35190144e-01 -1.39971852e-01
  1.53677121e-01 -1.97414845e-01  1.56268179e-01  1.60079852e-01
 -4.25819866e-02 -2.43708059e-01  9.72014964e-02 -9.82399285e-03
  2.04391435e-01 -1.81273431e-01  1.15858421e-01  2.99520027e-02
 -1.95087373e-01 -1.80111006e-02 -9.97887477e-02  2.76125260e-02
 -2.49724269e-01 -2.26592153e-01  6.37978688e-02 -3.05339880e-02
 -2.54623103e-03 -1.69854481e-02 -1.15293130e-01 -4.09147218e-02
 -4.67610955e-02 -7.88585842e-02 -2.56957889e-01  8.35218467e-03
  1.09813593e-01 -1.33531153e-01  6.69890046e-02 -4.95099649e-02
 -6.91465810e-02  1.20780252e-01  1.55806663e-02 -2.24896823e-03
  1.19315997e-01 -1.82372183e-01 -9.22450051e-02 -1.05676547e-01
 -1.83448300e-01 -6.17123693e-02 -3.88447605e-02 -2.46641278e-01
 -1.27920419e-01 -1.16389163e-01  7.69465566e-02 -4.08377014e-02
 -2.54147220e-02  7.32820705e-02 -1.58889830e-01  4.01986092e-02
  1.51724175e-01  4.79503758e-02  7.01956004e-02 -7.10055679e-02
 -1.52604267e-01  5.00796027e-02  9.11012068e-02  3.94710332e-01
 -1.81846786e-04  3.12968254e-01  6.53331028e-03  1.22928530e-01
  4.74361390e-01 -5.70216775e-03 -1.40713602e-01  7.70598799e-02
  5.75635880e-02  2.30202839e-01  1.06855765e-01  1.60266265e-01
  1.23863354e-01  1.35461390e-01 -1.71844304e-01 -3.68059054e-02
 -1.25871912e-01 -1.26534536e-01  1.52444094e-01  7.33908042e-02
 -2.20435057e-02  1.48637686e-03  2.19087154e-01  6.78832382e-02
 -1.34863302e-01 -2.28198562e-02  8.60093907e-02  1.23736508e-01
 -2.64629945e-02  3.85535657e-02 -1.47842169e-01  4.65358272e-02
  6.28131032e-02  1.03860125e-01 -4.08889875e-02 -6.29750863e-02
  7.21765459e-02  5.19611202e-02  2.08293676e-01  2.63372838e-01
  1.07213169e-01 -2.04283819e-01 -2.38007735e-02  9.07683074e-02
 -1.68483049e-01  2.16941565e-01 -8.06173831e-02  6.33980185e-02]",uraian mata kuliah pada kuliah ini akan membahas tentang konsep  struktur dan mekanisme sistem operasi  ia juga menyajikan  sejelas dan selengkap mungkin  sifat dan karakteristik sistem operasi modern  topiknya akan mencakup gambaran umum komputer dan sistem operasi  proses  memori  penjadwalan  input output dan file  sistem tertanam  keamanan komputer dan sistem terdistribusi  tujuan kursus setelah menyelesaikan kursus ini  mahasiswa harus mampu  cid 136  memahami konsep  struktur  dan mekanisme sistem operasi   cid 136  menyajikan  sejelas mungkin  sifat dan karakteristik sistem operasi modern   cid 136  memiliki pengetahuan tentang proses   cid 136  memiliki pengetahuan tentang memori   cid 136  memiliki pengetahuan tentang penjadwalan   cid 136  memiliki pengetahuan tentang input output dan file   cid 136  memiliki pengetahuan tentang sistem tertanam   cid 136  memiliki pengetahuan tentang keamanan komputer   cid 136  memiliki pengetahuan tentang sistem terdistribusi  metode pengajaran pengajaran di kelas terdiri dari ceramah dan pemecahan masalah praktis  dilengkapi dengan alat bantu visual yang dirancang untuk membantu siswa agar berhasil mencapai tujuan pembelajaran kursus  sangat penting bahwa siswa mengambil minat aktif dalam kursus  untuk berhasil dalam mata kuliah ini  siswa harus membaca  berpikir  dan menulis secara kritis dan analitis dan ini membutuhkan waktu dan latihan  latihan seperti itu hanya dapat dicapai dengan latihan kerja  ketika masalah muncul  dan masalah itu akan terjadi  siswa harus mengajukan pertanyaan yang mungkin ditujukan kepada instruktur atau siswa lain dalam berbagai cara  siswa juga didorong untuk bekerja sama dalam kumpulan masalah sebagai bagian dari latihan mereka  namun  individu pada akhirnya harus menunjukkan pemahaman materi dengan menuliskan solusinya sendiri tanpa bantuan siswa lain atau karya tertulis mereka  rata rata siswa perlu menghabiskan setidaknya 6 jam belajar dan persiapan per minggu untuk kursus ini  f silabus ppkr1 tif206  rencana pembelajaran semester,"['menulis', 'menunjukkan', 'membaca', 'memahami', 'menuliskan']","{'C2', 'C4', 'C1', 'C3'}",Hard,0.9123309682946288,0.08766903170537126
TIF207,Data Communication,"deskripsi kursus kursus ini menyajikan gambaran komprehensif tentang komunikasi data. ini didasarkan pada pendekatan bottom-up dalam komunikasi data. mata kuliah ini menekankan pada konsep komunikasi data yang dituangkan dalam interkoneksi sistem terbuka (osi) 7 lapis. Mata kuliah ini memperkenalkan arsitektur, struktur, fungsi, komponen, dan model jaringan komunikasi data termasuk jaringan komputer, internet, dan mobile. prinsip-prinsip dan struktur pengalamatan ip dan dasar-dasar konsep ethernet, media, dan operasi diperkenalkan untuk memberikan landasan bagi kurikulum. Tujuan kursus Setelah menyelesaikan kursus ini, siswa harus dapat memahami dasar-dasar komunikasi data. mengevaluasi dan menerapkan rumus untuk masalah komunikasi praktis mengenai bandwidth, kebisingan dan simbol. memahami berbagai media yang tersedia untuk mendukung komunikasi data. memahami peran berbagai protokol dalam memfasilitasi transfer data melalui jaringan komunikasi. menghargai peran model tujuh lapisan iso yang berupaya untuk membakukan komunikasi. Tujuan yang disebutkan di atas harus diselaraskan ke dalam kompetensi berikut a. pengetahuan (informasi plus pemahaman) a.pengetahuan historis dan umum tentang komunikasi data a.dasar-dasar model referensi komunikasi data, standardisasi, topologi jaringan, teknologi dan metode jaringan a.memahami aspek lapisan fisik komunikasi data a.memahami aspek lapisan data link dalam komunikasi data a.memahami aspek lapisan jaringan dalam komunikasi data a.memahami aspek lapisan transport dalam komunikasi data a.memahami aspek lapisan aplikasi komunikasi data a.masalah kinerja jaringan data f ppkr1 rps tif207 (rencana pembelajaran semester) a.masalah keamanan jaringan komputer/data b. keterampilan (penerapan pengetahuan) b.mengenali dan menerapkan berbagai teknologi jaringan untuk tujuan yang berbeda b.mengidentifikasi media yang berbeda untuk jaringan komputer b.mendeteksi dan memperbaiki kesalahan bit dalam komunikasi data b.mengidentifikasi metode pengalamatan yang berbeda dalam komunikasi data dan menggunakannya untuk berbagai tujuan termasuk routing b.mengidentifikasi aspek kualitas layanan dan masalah kinerja b.mengidentifikasi dan menggunakan layanan aplikasi yang berbeda melalui komunikasi data b.mengidentifikasi dan menggunakan metode protokol keamanan yang berbeda dalam komunikasi data c. nilai dan sikap c.menghargai nilai dasar komunikasi data dan pemanfaatannya c.mengembangkan pemahaman tentang berbagai metode dan teknik yang digunakan dalam komunikasi dan jaringan data c.mengembangkan keterampilan dasar analisis dan pemecahan masalah melalui penerapan komunikasi data metode pengajaran kursus disampaikan sebagai kursus berbasis kelas. pengajaran di kelas terdiri dari ceramah dan pemecahan masalah praktis, dilengkapi dengan alat bantu visual yang dirancang untuk membantu siswa agar berhasil mencapai tujuan pembelajaran kursus. sangat penting bahwa siswa mengambil minat aktif dalam kursus. untuk berhasil dalam mata kuliah ini, siswa harus membaca, berpikir, dan menulis secara kritis dan analitis dan ini membutuhkan waktu dan latihan. praktik seperti itu hanya dapat dicapai dengan melakukan latihan teori dan praktik. ketika masalah muncul, dan masalah itu akan terjadi, siswa harus mengajukan pertanyaan yang mungkin ditujukan kepada instruktur atau siswa lain dalam berbagai cara. siswa juga didorong untuk bekerja sama dalam kumpulan masalah sebagai bagian dari latihan mereka. namun, individu pada akhirnya harus menunjukkan pemahaman materi dengan menuliskan solusinya sendiri tanpa bantuan siswa lain atau karya tertulis mereka. rata-rata siswa perlu menghabiskan setidaknya 6 jam belajar dan persiapan per minggu untuk kursus ini.",deskripsi kursus kursus menyajikan gambaran komprehensif komunikasi data didasarkan pendekatan bottomup komunikasi data mata kuliah menekankan konsep komunikasi data dituangkan interkoneksi sistem terbuka osi lapis mata kuliah memperkenalkan arsitektur struktur fungsi komponen model jaringan komunikasi data jaringan komputer internet mobile prinsipprinsip struktur pengalamatan ip dasardasar konsep ethernet medium operasi diperkenalkan landasan kurikulum tujuan kursus menyelesaikan kursus siswa memahami dasardasar komunikasi data mengevaluasi menerapkan rumus komunikasi praktis bandwidth kebisingan simbol memahami medium tersedia mendukung komunikasi data memahami peran protokol memfasilitasi transfer data jaringan komunikasi menghargai peran model tujuh lapisan iso berupaya membakukan komunikasi tujuan diselaraskan kompetensi pengetahuan informasi plus pemahaman apengetahuan historis komunikasi data adasardasar model referensi komunikasi data standardisasi topologi jaringan teknologi metode jaringan amemahami aspek lapisan fisik komunikasi data amemahami aspek lapisan data link komunikasi data amemahami aspek lapisan jaringan komunikasi data amemahami aspek lapisan transport komunikasi data amemahami aspek lapisan aplikasi komunikasi data amasalah kinerja jaringan data f ppkr rps tif rencana pembelajaran semester amasalah keamanan jaringan komputerdata b keterampilan penerapan pengetahuan bmengenali menerapkan teknologi jaringan tujuan berbeda bmengidentifikasi medium berbeda jaringan komputer bmendeteksi memperbaiki kesalahan bit komunikasi data bmengidentifikasi metode pengalamatan berbeda komunikasi data menggunakannya tujuan routing bmengidentifikasi aspek kualitas layanan kinerja bmengidentifikasi layanan aplikasi berbeda komunikasi data bmengidentifikasi metode protokol keamanan berbeda komunikasi data c nilai sikap cmenghargai nilai dasar komunikasi data pemanfaatannya cmengembangkan pemahaman metode teknik komunikasi jaringan data cmengembangkan keterampilan dasar analisis pemecahan penerapan komunikasi data metode pengajaran kursus kursus berbasis kelas pengajaran kelas ceramah pemecahan praktis dilengkapi alat bantu visual dirancang membantu siswa berhasil mencapai tujuan pembelajaran kursus siswa mengambil minat aktif kursus berhasil mata kuliah siswa membaca berpikir menulis kriti analitis membutuhkan latihan praktik dicapai latihan teori praktik muncul siswa mengajukan instruktur siswa siswa didorong kumpulan latihan individu pemahaman materi menuliskan solusinya bantuan siswa karya tertulis ratarata siswa menghabiskan jam belajar persiapan minggu kursus,"[ 9.15061980e-02  1.79676920e-01 -4.68577147e-02 -2.31346428e-01
  1.08624650e-02 -1.25084668e-01 -1.20363742e-01  1.09549776e-01
 -9.53467749e-03  1.85605839e-01  1.28635406e-01  1.19696692e-01
  2.74070829e-01  2.47840397e-02 -2.03805026e-02  2.67722514e-02
  7.20383823e-02  9.57259629e-03  5.53927384e-02 -2.05965862e-01
  3.99866477e-02  6.42539561e-03  5.31593189e-02 -1.43096179e-01
 -1.68762580e-01  9.81253292e-03  9.98831242e-02 -1.76596582e-01
  1.74151495e-01 -2.29228616e-01  2.92473240e-03  1.14656456e-01
  1.63124755e-01  2.45815858e-01 -2.53930867e-01  1.82792947e-01
  1.74937323e-01 -4.11069691e-02 -3.65895778e-01  5.97747564e-02
  1.39764041e-01  2.39677839e-02  7.60405064e-02 -2.59320084e-02
  8.71075392e-02 -2.50995934e-01 -1.61238566e-01 -3.78351003e-01
 -1.12133197e-01 -3.09233546e-01 -1.40643120e-01  6.01808168e-03
 -1.37659639e-01  1.38788372e-01 -1.40570700e-01  2.54789114e-01
  1.61073998e-01  8.40521306e-02 -3.24817747e-01 -4.67922427e-02
  7.64205083e-02 -6.53440356e-02  7.85596520e-02  2.59272158e-01
  6.25300705e-02  1.53000370e-01  6.83497265e-03  3.90158981e-01
 -1.49597153e-02 -2.57109225e-01 -5.21694243e-01  3.28773968e-02
 -1.00090206e-01 -3.61900553e-02 -1.82087570e-01  2.56978065e-01
 -5.59642203e-02  6.95323199e-02  3.82400572e-01 -1.33400768e-01
  1.98371589e-01 -8.41110870e-02  7.12165385e-02  2.37252235e-01
 -4.99972254e-02 -9.83170643e-02  2.19876952e-02 -1.26925632e-01
 -1.85063422e-01 -2.38571510e-01  5.67075238e-02 -5.09654395e-02
 -1.29378915e-01  1.21659487e-01 -9.80678126e-02 -6.57291636e-02
  1.29508615e-01 -2.32014522e-01  1.10524699e-01  3.83870363e-01
 -6.77342638e-02 -1.69705614e-01  5.03015295e-02  4.65242080e-02
  8.82872194e-02 -6.60392940e-02  1.75506845e-01 -2.67312914e-01
  2.55216062e-02 -3.89265344e-02  1.04094958e-02 -1.22663796e-01
 -1.55256867e-01 -1.23146705e-01 -1.09497704e-01  3.32216471e-02
  9.73777324e-02  4.88424748e-02  4.62623313e-02  1.69438906e-02
 -8.92378688e-02 -1.19969934e-01  6.63790330e-02  5.20999506e-02
  2.42061049e-01 -2.69081563e-01  2.36063404e-03  4.11322992e-03
 -1.43247679e-01 -2.88166702e-01 -7.43690357e-02 -6.00725762e-05
  6.88812137e-02  5.46004288e-02  1.09185524e-01 -9.07178670e-02
  8.69753305e-04 -1.76865570e-02 -1.79826662e-01  1.84136540e-01
  1.00807950e-01  1.65668607e-01  2.46759087e-01  5.62915206e-02
 -1.80862784e-01  2.76988208e-01  5.78787290e-02 -1.80121407e-01
  4.94600795e-02  1.46750495e-01  3.58417690e-01 -9.72241685e-02
  2.84937561e-01 -5.51913306e-02  6.10363670e-03 -6.46299794e-02
  1.08615547e-01 -1.16683379e-01  2.12414730e-02 -1.37957871e-01
 -7.79681206e-02  2.30021745e-01  6.54737651e-02  8.98120925e-02
 -8.78107622e-02 -7.19186142e-02 -6.63114712e-02 -9.20324251e-02
  9.74153578e-02  6.54525608e-02  1.75389379e-01 -1.52449489e-01
  3.14670242e-02 -5.73723316e-02  1.52135149e-01 -9.89155471e-02
  1.14519686e-01  4.49738503e-02 -1.13833927e-01 -2.89536417e-01
  1.44233942e-01 -1.75038710e-01  2.78710693e-01 -4.69738152e-03
 -2.05787808e-01 -1.35878310e-01 -1.31048173e-01  1.13808468e-01
 -8.92685503e-02  6.44586459e-02 -8.39372724e-02  1.50537249e-02
  1.43180504e-01 -3.16104472e-01 -3.31587136e-01 -2.94609517e-01
  2.95169741e-01 -2.95632571e-01 -3.17666471e-01 -1.22450724e-01
 -1.04905114e-01  4.06484269e-02 -1.77434966e-01  1.72565907e-01
 -2.75761902e-01 -1.78538382e-01  1.33495227e-01  4.70214710e-02
  1.99546069e-02  2.15896238e-02 -1.28821395e-02 -3.94061841e-02
 -2.33529791e-01  1.69571757e-01  2.55107880e-05 -1.42267868e-01
  1.13585973e-02  9.19650197e-02 -1.15190834e-01 -2.30555013e-02
 -4.89312485e-02 -2.15601511e-02  2.60716200e-01 -2.45635718e-01
 -1.58334881e-01  2.52789408e-01 -4.61753815e-01  7.29748141e-03
  3.50083023e-01 -9.79727954e-02  1.32049114e-01  2.71214973e-02
  1.01429105e-01  2.25770682e-01 -1.84960425e-01 -8.86970200e-03
  8.40834975e-02  2.01539118e-02  6.69693947e-03 -1.60457283e-01
  1.05837189e-01 -1.18208773e-01 -1.21185713e-01  1.86786056e-02
 -1.64198712e-01  1.85964499e-02 -2.85242856e-01 -1.52660027e-01
  3.44962686e-01 -6.60864860e-02  5.45549542e-02 -2.64909398e-02
 -9.73098576e-02  2.88312510e-02 -2.25782879e-02 -1.55263290e-01
  6.98041618e-02  6.23621047e-02 -4.97567430e-02  1.33450180e-01
  3.44335467e-01 -1.17700092e-01  3.50622013e-02  1.04428522e-01
  9.14856270e-02 -1.24643743e-01 -8.98181796e-02  4.84908149e-02
  4.48987149e-02 -6.58188984e-02 -2.52314299e-01  1.61315128e-01
 -7.03872927e-03 -5.66096753e-02 -1.35030150e-02  6.57661855e-02
  1.60869464e-01 -2.97559798e-01  2.55995721e-01  1.48217335e-01
 -4.47800271e-02  5.00294715e-02  2.15436239e-03 -2.30318960e-02
  8.27151090e-02 -1.80595502e-01  6.96576014e-02 -1.10069193e-01
 -3.65505926e-02  3.08880359e-01 -1.07582338e-01 -2.20805705e-02
 -3.58677655e-01 -7.71850124e-02  5.60950115e-02 -1.04874447e-02
  9.41435248e-02 -1.26516059e-01  1.38651073e-01  2.82365624e-02
 -1.57574847e-01  2.19519049e-01 -2.53663570e-01 -9.09810513e-02
 -5.06639704e-02 -3.17390949e-01  1.83314420e-02 -7.31274411e-02
  1.35999406e-03 -3.25045548e-02  7.33037889e-02 -1.32915467e-01
 -1.27847586e-02 -5.79473898e-02 -3.49715017e-02 -1.01438090e-01
 -2.02633321e-01  8.62062424e-02  3.18545513e-02 -3.21347088e-01
 -8.94783959e-02 -5.71751110e-02 -2.32126489e-02 -2.26860911e-01
  1.61129519e-01  3.45648199e-01  8.22146311e-02  1.15440115e-01
  7.34430775e-02 -1.62766855e-02 -7.27629736e-02 -1.08503271e-03
 -1.98477179e-01  2.86096990e-01  6.08515441e-02  3.19971263e-01
  8.19527879e-02  1.66370437e-01  5.39123453e-02  1.40395030e-01
  4.28307146e-01 -7.12502226e-02 -2.61379540e-01  1.27384856e-01
  8.99607092e-02  6.69150501e-02  1.26801938e-01  3.45050544e-01
 -2.53324676e-03  3.54762487e-02  3.27122435e-02  1.13462731e-02
  5.10011278e-02  6.38103187e-02 -6.49484918e-02  4.65791970e-02
  1.69848546e-01 -9.92558524e-02  1.34054691e-01  2.62042552e-01
 -1.01595119e-01  2.96406895e-02  2.76068717e-01  6.11878037e-02
  2.45328635e-01  2.50557847e-02 -1.58881396e-01  7.50333164e-03
  1.48305461e-01  2.62515247e-01 -7.92509094e-02 -1.32081792e-01
  1.65457204e-01  7.99574889e-04  2.62353629e-01 -2.72225123e-02
  2.59670198e-01 -1.92111820e-01 -1.66510522e-01  2.64664888e-01
 -2.76953340e-01  2.24628776e-01 -4.26098481e-02  5.96530065e-02]",deskripsi kursus kursus ini menyajikan gambaran komprehensif tentang komunikasi data  ini didasarkan pada pendekatan bottom up dalam komunikasi data  mata kuliah ini menekankan pada konsep komunikasi data yang dituangkan dalam interkoneksi sistem terbuka  osi  7 lapis  mata kuliah ini memperkenalkan arsitektur  struktur  fungsi  komponen  dan model jaringan komunikasi data termasuk jaringan komputer  internet  dan mobile  prinsip prinsip dan struktur pengalamatan ip dan dasar dasar konsep ethernet  media  dan operasi diperkenalkan untuk memberikan landasan bagi kurikulum  tujuan kursus setelah menyelesaikan kursus ini  siswa harus dapat memahami dasar dasar komunikasi data  mengevaluasi dan menerapkan rumus untuk masalah komunikasi praktis mengenai bandwidth  kebisingan dan simbol  memahami berbagai media yang tersedia untuk mendukung komunikasi data  memahami peran berbagai protokol dalam memfasilitasi transfer data melalui jaringan komunikasi  menghargai peran model tujuh lapisan iso yang berupaya untuk membakukan komunikasi  tujuan yang disebutkan di atas harus diselaraskan ke dalam kompetensi berikut a  pengetahuan  informasi plus pemahaman  a pengetahuan historis dan umum tentang komunikasi data a dasar dasar model referensi komunikasi data  standardisasi  topologi jaringan  teknologi dan metode jaringan a memahami aspek lapisan fisik komunikasi data a memahami aspek lapisan data link dalam komunikasi data a memahami aspek lapisan jaringan dalam komunikasi data a memahami aspek lapisan transport dalam komunikasi data a memahami aspek lapisan aplikasi komunikasi data a masalah kinerja jaringan data f ppkr1 rps tif207  rencana pembelajaran semester  a masalah keamanan jaringan komputer data b  keterampilan  penerapan pengetahuan  b mengenali dan menerapkan berbagai teknologi jaringan untuk tujuan yang berbeda b mengidentifikasi media yang berbeda untuk jaringan komputer b mendeteksi dan memperbaiki kesalahan bit dalam komunikasi data b mengidentifikasi metode pengalamatan yang berbeda dalam komunikasi data dan menggunakannya untuk berbagai tujuan termasuk routing b mengidentifikasi aspek kualitas layanan dan masalah kinerja b mengidentifikasi dan menggunakan layanan aplikasi yang berbeda melalui komunikasi data b mengidentifikasi dan menggunakan metode protokol keamanan yang berbeda dalam komunikasi data c  nilai dan sikap c menghargai nilai dasar komunikasi data dan pemanfaatannya c mengembangkan pemahaman tentang berbagai metode dan teknik yang digunakan dalam komunikasi dan jaringan data c mengembangkan keterampilan dasar analisis dan pemecahan masalah melalui penerapan komunikasi data metode pengajaran kursus disampaikan sebagai kursus berbasis kelas  pengajaran di kelas terdiri dari ceramah dan pemecahan masalah praktis  dilengkapi dengan alat bantu visual yang dirancang untuk membantu siswa agar berhasil mencapai tujuan pembelajaran kursus  sangat penting bahwa siswa mengambil minat aktif dalam kursus  untuk berhasil dalam mata kuliah ini  siswa harus membaca  berpikir  dan menulis secara kritis dan analitis dan ini membutuhkan waktu dan latihan  praktik seperti itu hanya dapat dicapai dengan melakukan latihan teori dan praktik  ketika masalah muncul  dan masalah itu akan terjadi  siswa harus mengajukan pertanyaan yang mungkin ditujukan kepada instruktur atau siswa lain dalam berbagai cara  siswa juga didorong untuk bekerja sama dalam kumpulan masalah sebagai bagian dari latihan mereka  namun  individu pada akhirnya harus menunjukkan pemahaman materi dengan menuliskan solusinya sendiri tanpa bantuan siswa lain atau karya tertulis mereka  rata rata siswa perlu menghabiskan setidaknya 6 jam belajar dan persiapan per minggu untuk kursus ini,"['mengembangkan', 'menulis', 'mengevaluasi', 'menghargai', 'melakukan', 'menerapkan', 'menunjukkan', 'mendeteksi', 'mendukung', 'membaca', 'mengidentifikasi', 'memahami', 'menuliskan', 'memperbaiki', 'memfasilitasi', 'menggunakan']","{'C6', 'C1', 'C5', 'C4', 'C2', 'C3'}",Hard,0.9162421534383002,0.08375784656169978
TIF208,Proses Sinyal Dijital,"Error 500 (Server Error)!!1500.That’s an error.There was an error. Please try again later.That’s all we know. Error 500 (Server Error)!!1500.That’s an error.There was an error. Please try again later.That’s all we know. metode pengajaran pengajaran di kelas terdiri dari ceramah dan pemecahan masalah praktis, dilengkapi dengan alat bantu visual yang dirancang untuk membantu siswa agar berhasil mencapai tujuan pembelajaran kursus. sangat penting bahwa siswa mengambil minat aktif dalam kursus. untuk berhasil dalam mata kuliah ini, siswa harus membaca, berpikir, dan menulis secara kritis dan analitis dan ini membutuhkan waktu dan latihan. latihan seperti itu hanya dapat dicapai dengan latihan kerja. ketika masalah muncul, dan masalah itu akan terjadi, siswa harus mengajukan pertanyaan yang mungkin ditujukan kepada instruktur atau siswa lain dalam berbagai cara. siswa juga didorong untuk bekerja sama dalam kumpulan masalah sebagai bagian dari latihan mereka. namun, individu pada akhirnya harus menunjukkan pemahaman materi dengan menuliskan solusinya sendiri tanpa bantuan siswa lain atau karya tertulis mereka. rata-rata siswa perlu menghabiskan sekitar, setidaknya, 9 jam belajar dan persiapan per minggu untuk kursus ini.",error server errorthats errorthere error please try laterthats know error server errorthats errorthere error please try laterthats know metode pengajaran pengajaran kelas ceramah pemecahan praktis dilengkapi alat bantu visual dirancang membantu siswa berhasil mencapai tujuan pembelajaran kursus siswa mengambil minat aktif kursus berhasil mata kuliah siswa membaca berpikir menulis kriti analitis membutuhkan latihan latihan dicapai latihan kerja muncul siswa mengajukan instruktur siswa siswa didorong kumpulan latihan individu pemahaman materi menuliskan solusinya bantuan siswa karya tertulis ratarata siswa menghabiskan jam belajar persiapan minggu kursus,"[-0.0131602  -0.10710068  0.03835153  0.12748398 -0.19296727 -0.15839395
 -0.20833278  0.15747306  0.15289626  0.28421223 -0.01113162  0.10475709
  0.2894325   0.12376973 -0.06982055  0.06387894  0.02223552 -0.03835846
  0.16790585  0.17794345 -0.0852611  -0.16403584  0.2510618   0.09057847
 -0.01612121  0.17301251 -0.03820492 -0.03973531  0.01860247 -0.2749992
 -0.089357   -0.13322197  0.19414076 -0.01953416  0.08200125  0.04825512
  0.044112    0.00779149 -0.12446449 -0.01303588 -0.07594869  0.06519934
 -0.03176476  0.11229085  0.06909766 -0.10759658 -0.1892071  -0.05111731
 -0.02229353 -0.02622869 -0.4255701   0.17216296 -0.06755873 -0.27236977
 -0.19272137 -0.19443998  0.08404347  0.20300306 -0.11057485  0.05988141
  0.08962306 -0.1291362  -0.00767813  0.02981781  0.01644403 -0.08811213
  0.16453469 -0.01351567  0.10558387  0.03165536 -0.13696836 -0.03548178
  0.11060506  0.171994    0.18937697 -0.05049942 -0.13193384  0.14102899
  0.19785346 -0.25252426  0.09741294  0.01245256  0.04571745  0.1882164
  0.18612984 -0.03987871  0.12467301  0.09091029 -0.00585299 -0.09567052
  0.12081703 -0.30151874 -0.01923477 -0.07291096  0.05575584 -0.08511717
  0.04364424 -0.1266952  -0.08089387  0.11576372  0.08624891 -0.101238
  0.08612731 -0.14607221 -0.09377728 -0.10188805  0.31317413 -0.05803641
 -0.02948351 -0.0897025   0.08462685 -0.05604231 -0.15147431  0.10961894
  0.07997303  0.1039794   0.1638005  -0.1541952   0.0145157   0.3866127
  0.01608815 -0.04764069  0.05657729 -0.0774928   0.07521617 -0.11515189
  0.0947194  -0.01904177  0.0198903  -0.09619462 -0.02916473 -0.05249356
 -0.02866453 -0.00731365  0.17703639 -0.1025572   0.05862737 -0.21120691
 -0.03669385 -0.10394083  0.12341582  0.33608556  0.03952971  0.06871856
 -0.02052653  0.18742561 -0.16404903  0.10365381  0.18550873  0.08728079
  0.40453544  0.00294268 -0.08836956  0.17071366 -0.11408123  0.12216766
  0.10314545 -0.10504995  0.26628286 -0.2940332  -0.10475063  0.14975327
  0.05835981 -0.15125675  0.2934441   0.00317706  0.05231581 -0.17784427
 -0.19315197  0.11978234  0.26510912  0.02174454 -0.11143366  0.08714212
  0.09554418  0.04559345  0.13438652  0.0506485  -0.27716509 -0.0366234
  0.1706979  -0.09977876  0.08643232 -0.07889291  0.01687359  0.01064257
 -0.01193592  0.09184198 -0.02214062  0.2602003  -0.07405993 -0.2263635
  0.22897458  0.0009876  -0.3669623  -0.02415886  0.28102595 -0.48222545
 -0.14776248 -0.13570596 -0.04983022  0.18026438 -0.14897628 -0.0448883
 -0.03402546 -0.30018193  0.00975019 -0.09404045  0.18926524 -0.03653146
 -0.05041866 -0.23901136 -0.06405415 -0.02137543  0.09971639  0.11609568
 -0.02729342  0.26274335  0.10891417  0.1496685  -0.00967176  0.01623682
  0.09332854 -0.22147043 -0.14631076  0.21790849 -0.4343561   0.03104842
  0.02630948  0.02101276 -0.02945724 -0.03554899  0.1773211  -0.04796858
 -0.026277   -0.0120725  -0.01752259 -0.04772474 -0.19622283  0.03831143
 -0.16912496 -0.02847002 -0.14150394 -0.07890932 -0.18644921  0.07661298
 -0.21168955  0.14419359  0.2025336   0.06530754  0.05663756  0.00201166
 -0.37547597 -0.14374438  0.13552055  0.07462732  0.10766851 -0.04220779
  0.02032567  0.07524392  0.25272065 -0.13445483 -0.08353534  0.07679198
  0.18062523 -0.16674158 -0.15796643 -0.1461343  -0.21867959 -0.00544353
 -0.18981165 -0.15339775  0.04781285  0.2223127   0.1359179  -0.18404604
  0.18038039 -0.18577924  0.05876584  0.01060292  0.07656177  0.07709065
  0.15356469 -0.12778811  0.06431139 -0.13142388 -0.17887792 -0.17591546
  0.15096675  0.19696642  0.03418473  0.20623699 -0.14128037 -0.2011223
 -0.08297297  0.04953833 -0.07547912 -0.13769937  0.04178248  0.16761324
 -0.11240704  0.06077235 -0.02914617 -0.08229449  0.0697352   0.09588599
  0.13152058 -0.1858473   0.0511586  -0.06372993  0.17308411 -0.07608752
 -0.09338532  0.0554961  -0.00101349 -0.23420453  0.03512553  0.09092979
  0.0246169  -0.25414824 -0.04579176 -0.1743262  -0.1190147   0.163806
  0.20722626 -0.16702297 -0.12829821  0.08311952 -0.09115267  0.02050472
 -0.05323377 -0.12923159 -0.25220615  0.14875782 -0.00426721 -0.30070502
  0.16340075  0.23038357  0.1414594  -0.20137498  0.27531797  0.02779312
 -0.01901615 -0.04353838 -0.13274573  0.11764842  0.12253114  0.38175198
 -0.36029986 -0.03532593 -0.06163884 -0.00082644  0.04442004 -0.1279029
 -0.01689153  0.19870876 -0.09802689  0.07703005  0.15110956  0.19605167
 -0.07071746 -0.21934229  0.13593933 -0.03257259  0.00810253  0.20038924
 -0.4042591   0.17081532  0.07603613  0.19114387 -0.11360746  0.00273638
 -0.06677213 -0.06894822  0.13655901  0.02711279  0.23931994 -0.21118136
 -0.14843862  0.23794442  0.00755959  0.43094888 -0.22037473 -0.01697325]",error 500  server error   1500 that s an error there was an error  please try again later that s all we know  error 500  server error   1500 that s an error there was an error  please try again later that s all we know  metode pengajaran pengajaran di kelas terdiri dari ceramah dan pemecahan masalah praktis  dilengkapi dengan alat bantu visual yang dirancang untuk membantu siswa agar berhasil mencapai tujuan pembelajaran kursus  sangat penting bahwa siswa mengambil minat aktif dalam kursus  untuk berhasil dalam mata kuliah ini  siswa harus membaca  berpikir  dan menulis secara kritis dan analitis dan ini membutuhkan waktu dan latihan  latihan seperti itu hanya dapat dicapai dengan latihan kerja  ketika masalah muncul  dan masalah itu akan terjadi  siswa harus mengajukan pertanyaan yang mungkin ditujukan kepada instruktur atau siswa lain dalam berbagai cara  siswa juga didorong untuk bekerja sama dalam kumpulan masalah sebagai bagian dari latihan mereka  namun  individu pada akhirnya harus menunjukkan pemahaman materi dengan menuliskan solusinya sendiri tanpa bantuan siswa lain atau karya tertulis mereka  rata rata siswa perlu menghabiskan sekitar  setidaknya  9 jam belajar dan persiapan per minggu untuk kursus ini,"['menulis', 'menunjukkan', 'membaca', 'menuliskan']","{'C2', 'C4', 'C1', 'C3'}",Hard,0.7962881193995466,0.20371188060045348
TIF209,Arsitektur dan Organisasi Komputer,"Error 500 (Server Error)!!1500.That’s an error.There was an error. Please try again later.That’s all we know. Tujuan kursus Setelah menyelesaikan kursus ini, siswa diharapkan dapat menjelaskan organisasi umum dan arsitektur komputer. mengidentifikasi komponen utama komputer dan mempelajari fungsinya. memperkenalkan masalah desain perangkat keras arsitektur komputer modern. belajar pemrograman bahasa assembly. membangun keterampilan yang diperlukan untuk membaca dan meneliti literatur terkini dalam arsitektur komputer. Error 500 (Server Error)!!1500.That’s an error.There was an error. Please try again later.That’s all we know.",error server errorthats errorthere error please try laterthats know tujuan kursus menyelesaikan kursus siswa diharapkan organisasi arsitektur komputer mengidentifikasi komponen utama komputer mempelajari fungsinya memperkenalkan desain perangkat kera arsitektur komputer modern belajar pemrograman bahasa assembly membangun keterampilan membaca meneliti literatur terkini arsitektur komputer error server errorthats errorthere error please try laterthats know,"[-0.0554175   0.10417128  0.11632477 -0.0201395  -0.1441966  -0.2698635
 -0.2043793   0.26070088  0.07495951  0.18565649 -0.05295801 -0.041963
  0.30748102 -0.18334047 -0.01562703 -0.06675055 -0.16374052 -0.13761029
  0.18120387  0.0948468  -0.06019616 -0.29971793  0.19213876  0.09346224
 -0.06930871  0.25109372  0.13255714  0.15341997  0.0590864  -0.34008297
 -0.06249597  0.05827817  0.23614626  0.02652904  0.15427443  0.1568563
 -0.0286879  -0.19803968 -0.21786404  0.00620579 -0.10444246  0.00162249
  0.13408771  0.06878556  0.03228892 -0.0609693   0.07640207 -0.09304735
 -0.13782492 -0.13333613 -0.2500131   0.243416    0.02777838 -0.37959176
 -0.1256131  -0.03001201  0.33735076  0.12941834 -0.05903319 -0.04406063
  0.25335246 -0.18990609 -0.0567035   0.02490808  0.10742449 -0.0914881
  0.27517548  0.04620455  0.09235499  0.03495777 -0.16689166  0.08427685
  0.07995784  0.13999581  0.14941727 -0.03640689 -0.11722534  0.06575973
  0.07953984 -0.12030385  0.09872538  0.03896582 -0.06360485  0.15710895
  0.17053644 -0.00435717  0.07243279  0.03040648 -0.03548941 -0.18455394
  0.06449597 -0.35016018 -0.12102139  0.02131058  0.06782278 -0.03140883
  0.00228183 -0.16204023 -0.04489516  0.20129909 -0.01051328 -0.02624679
 -0.02679784 -0.08547425 -0.14032675 -0.02294612  0.20799503 -0.01976612
  0.08998591 -0.21086411 -0.01024318 -0.06326971 -0.11080706  0.07413475
  0.19601446  0.05189157 -0.04178191 -0.22924119 -0.02776177  0.270047
 -0.03770756 -0.131331   -0.00497381  0.00742845  0.01165002 -0.15645254
 -0.02851206 -0.00345373 -0.04666207 -0.2047605  -0.04004546 -0.03512759
  0.07458455 -0.04065042  0.21143253  0.02589236 -0.01893768 -0.23234333
 -0.02218938 -0.1714143   0.02743465  0.25010192  0.14405869  0.0722397
 -0.0347392   0.16361122 -0.10530321 -0.01879166  0.20253277  0.13489878
  0.4832908  -0.14314398  0.02600082  0.17862394 -0.07507363  0.15497509
 -0.01368193 -0.10363888  0.22331788 -0.29600868 -0.01758822  0.22150467
  0.00558141 -0.03396473  0.22423048 -0.0554237   0.05267886 -0.14557026
 -0.09885506  0.1480925   0.19610587 -0.01224846  0.05746856 -0.07831252
  0.1697388  -0.04884479  0.28298745  0.03414004 -0.27111816  0.1241038
  0.32779926 -0.0733311   0.10787055 -0.05678045  0.03429728 -0.06763222
  0.00706088  0.13700308 -0.15193006  0.32603788 -0.18442631 -0.01958167
  0.19163415  0.08722267 -0.23194434 -0.07562146  0.31895334 -0.23579581
 -0.1792902  -0.3384861  -0.08081676  0.20692702 -0.24439842  0.0086754
 -0.1709086  -0.3075486  -0.05850073 -0.10268371  0.07947674 -0.06055552
 -0.10397655 -0.2603132  -0.17970228  0.02691427  0.16657639  0.05776082
  0.08036842  0.21255375 -0.01132033 -0.06952266  0.09160212  0.14890583
  0.05840628 -0.13587973 -0.08089446  0.05814087 -0.41106343 -0.11724447
  0.08006175  0.0096864  -0.0185597  -0.11473352 -0.02629085 -0.07569936
 -0.08495377  0.06389406  0.03999875 -0.15142187 -0.10020522 -0.01653768
 -0.02451734 -0.13312683 -0.1242334  -0.04084292 -0.05209013  0.09136312
 -0.2758041   0.06111825  0.28177118  0.03817526  0.04287515  0.08961046
 -0.33319914 -0.03814233  0.05479964  0.0659963   0.08991709  0.10910928
  0.2668769   0.08533375  0.12653624 -0.03098821  0.02928933 -0.07941861
  0.10655066 -0.0178561  -0.07096536 -0.09869051 -0.15005577  0.02713482
 -0.15198898 -0.15270114  0.09418383  0.10682759  0.2235787  -0.20386927
  0.37512276 -0.15669516  0.20258775  0.13814068 -0.02341331  0.19654416
  0.2221979  -0.06216572  0.04658239 -0.00085999  0.05251966 -0.08710133
 -0.05263553  0.03552017 -0.06854343  0.25819376 -0.206852   -0.18429758
 -0.0023978   0.11468194 -0.21200526 -0.04654894 -0.12091459 -0.05871147
 -0.15778726  0.09988003 -0.10735418 -0.06578287  0.11145636  0.2346094
  0.10675099 -0.09716345  0.05044598 -0.04814694  0.26357841 -0.0408131
 -0.07073069 -0.02080934 -0.17418604 -0.18031988  0.12796602  0.07741914
  0.0012901  -0.19324124 -0.12554204 -0.15189868 -0.10402355  0.04025832
  0.18450806 -0.11057943 -0.18001181  0.12236947  0.00922124 -0.10492118
  0.0393346  -0.10321616 -0.26922444  0.24140312 -0.09183119 -0.17229801
  0.1346104   0.27721888  0.06478649 -0.21066937  0.24127996 -0.06975197
 -0.07619915 -0.07908079 -0.00880674  0.14971653  0.0448994   0.21750075
 -0.18553421 -0.01430412 -0.25592834 -0.10591831  0.04926088 -0.12315977
  0.21977979  0.24992222 -0.05053356  0.12334546  0.18212627  0.12821168
  0.04754285 -0.10966482 -0.03232784 -0.0226275   0.04624638  0.23277618
 -0.37538165  0.19499831  0.11746506  0.11298002 -0.1277717   0.01329698
 -0.03351905  0.01024025  0.18886197  0.07604255 -0.08815837 -0.2691629
 -0.01296743  0.12329919 -0.01199973  0.33593    -0.19304988  0.03164821]",error 500  server error   1500 that s an error there was an error  please try again later that s all we know  tujuan kursus setelah menyelesaikan kursus ini  siswa diharapkan dapat menjelaskan organisasi umum dan arsitektur komputer  mengidentifikasi komponen utama komputer dan mempelajari fungsinya  memperkenalkan masalah desain perangkat keras arsitektur komputer modern  belajar pemrograman bahasa assembly  membangun keterampilan yang diperlukan untuk membaca dan meneliti literatur terkini dalam arsitektur komputer  error 500  server error   1500 that s an error there was an error  please try again later that s all we know,"['menjelaskan', 'membaca', 'mengidentifikasi', 'membangun']","{'C2', 'C6', 'C1', 'C3'}",Hard,0.8998624953679958,0.10013750463200419
TIF210,Informatika Sosial,"deskripsi kursus kursus ini memberikan pengenalan perspektif penelitian sosial utama dan literatur tentang penggunaan teknologi informasi dan komunikasi. membahas topik terkini seperti etika informasi, kerangka hukum yang relevan, penggunaan teknologi yang populer dan kontroversial, misalnya. berbagi file peer to peer, pembagian digital, dll. Tujuan mata kuliah Setelah menyelesaikan mata kuliah ini, mahasiswa diharapkan memahami konsep informatika sosial dan jaringan sosial memahami nilai inti permasalahan etika dan hukum dalam informatika sosial menjelaskan peran kunci informatika sosial dan teknologi informasi menganalisis dampak jaringan sosial terhadap identitas individu dan sosial menjelaskan beberapa isu sosial dan komputasi dalam informatika sosial Error 500 (Server Error)!!1500.That’s an error.There was an error. Please try again later.That’s all we know.",deskripsi kursus kursus pengenalan perspektif penelitian sosial utama literatur penggunaan teknologi informasi komunikasi membahas topik terkini etika informasi kerangka hukum relevan penggunaan teknologi populer kontroversial berbagi file peer peer pembagian digital dll tujuan mata kuliah menyelesaikan mata kuliah mahasiswa diharapkan memahami konsep informatika sosial jaringan sosial memahami nilai inti permasalahan etika hukum informatika sosial peran kunci informatika sosial teknologi informasi menganalisis dampak jaringan sosial identitas individu sosial isu sosial komputasi informatika sosial error server errorthats errorthere error please try laterthats know,"[ 0.03104614  0.08516467 -0.130312   -0.1855083   0.02070674  0.00291783
 -0.04146246  0.20923486  0.01151381  0.18179142  0.11479536  0.2222457
  0.18902507  0.1025997  -0.03887977  0.06089388 -0.02495405 -0.06193879
 -0.04403824  0.09656894  0.01477424 -0.15483859  0.06668482 -0.001338
 -0.2121884  -0.10559042  0.0126853  -0.27869847  0.09054089 -0.11128861
  0.02204771  0.0220791   0.17423713  0.257992   -0.18395253  0.0480675
  0.09538986 -0.06419621  0.01021082  0.17612976 -0.09389319 -0.1904414
  0.05481447  0.01954502  0.00450209 -0.11539969 -0.03878409 -0.27689406
 -0.05784178 -0.37117913 -0.07697664  0.02488716 -0.11882467  0.06381568
 -0.12072037  0.10078647  0.17691867  0.0994856  -0.18844885 -0.06186878
  0.20263325 -0.08879484 -0.03669162  0.2289956   0.17316356  0.06262339
 -0.05943876  0.41008678 -0.02506308 -0.16752025 -0.31205082  0.07940862
  0.06295901  0.11423873  0.0168868   0.01888273 -0.10520384  0.09671277
  0.09245374 -0.19772264  0.2578863   0.05985721  0.08439422  0.14447522
  0.02875071 -0.07247169 -0.00497981 -0.21834294 -0.07326008 -0.1170776
  0.08893141 -0.03928982  0.03861573 -0.04424261  0.09568825 -0.00474696
 -0.07662724 -0.35665098  0.075805    0.27229697 -0.15888652  0.05829385
 -0.00642235  0.02018181  0.06551805 -0.01033028  0.10208169 -0.2404248
  0.09602576  0.03504832 -0.02853298 -0.17422722 -0.2611997  -0.14505433
  0.12161941  0.07160948  0.34053627  0.04955413  0.17181106  0.00956388
 -0.03749157 -0.12713018  0.11084088  0.00338553  0.17113225 -0.13454404
  0.09412356  0.03930519 -0.25459093 -0.1830854  -0.18656692 -0.00157521
 -0.1356177   0.03802202  0.13700572  0.03034087  0.03823986 -0.1939206
 -0.00473738  0.09065525  0.04439939  0.16382384  0.22448657  0.20365529
 -0.24697879  0.0954482   0.13334042 -0.14402144  0.2547126   0.05080286
  0.41813976 -0.0870659   0.1411709  -0.09371071  0.00348561 -0.02844468
  0.1500362  -0.0606179   0.03391072 -0.1316865  -0.03258998  0.15241998
  0.18734802  0.05689589  0.14488223 -0.01645847  0.03838554 -0.18797584
  0.09198141  0.03219989  0.23637113 -0.08278823 -0.11348114  0.13463736
  0.09012796 -0.13989002  0.06832938  0.01746336 -0.20986833 -0.12538363
  0.21172245 -0.28111717  0.01202972  0.1869739  -0.1676991  -0.10971238
 -0.14978418 -0.08101477 -0.11788136  0.14623585 -0.02206453 -0.01063032
  0.14163342 -0.21816319 -0.1746979  -0.03008776  0.2152414  -0.22328675
 -0.3068279  -0.06965214 -0.36250782 -0.15885538 -0.27926823  0.02749114
 -0.21335489 -0.22823142  0.11005586  0.00568332  0.10382716 -0.08904006
  0.01129658 -0.0873889  -0.10525285  0.01726941  0.18854348 -0.10439244
 -0.01851348  0.04337141  0.1258569  -0.01114577 -0.0343183   0.17518231
  0.09745536 -0.09774412 -0.17347564  0.09210943 -0.51226354  0.08773881
  0.34195298 -0.01101255 -0.22014067  0.07032487 -0.00107839  0.1938155
 -0.09646992 -0.09160362 -0.02287936  0.16032174 -0.1265093  -0.19604717
 -0.06978318  0.04107056 -0.24400614 -0.06972758 -0.1014064   0.19127902
 -0.24016769 -0.10914379  0.19152626  0.02535849  0.07973149 -0.0519352
  0.02276963  0.05216521  0.1310677   0.0695351  -0.02341461 -0.03873257
 -0.10933892  0.18168809  0.18813567 -0.17168628 -0.08808777  0.032749
  0.25708553  0.09527104 -0.10797524  0.02395511  0.1070153   0.04459229
 -0.10539887  0.11985405  0.18251789  0.02576179  0.21678258  0.00106917
  0.16811836 -0.17204167  0.08250889  0.02661745 -0.21728262  0.06014109
 -0.0999281   0.01987113  0.04978501 -0.02580431 -0.06707953  0.00959797
 -0.13776647  0.05547037 -0.08741412 -0.01451988 -0.10533473 -0.06829215
  0.19424649  0.15590483 -0.15627086 -0.24893907 -0.02122462 -0.01465537
  0.02251278  0.31702787 -0.25037673  0.04811483  0.21505547 -0.18821448
  0.04906796 -0.11286096 -0.17787504 -0.01696779  0.1149189  -0.13410972
  0.04890412 -0.21150783 -0.06408469 -0.11207819 -0.08373393  0.04245651
  0.10591869 -0.18978204  0.00949236 -0.00292888  0.05894483  0.0190587
 -0.06341007  0.21162012 -0.13645509  0.11195984 -0.11753822  0.04251009
 -0.12195779  0.14334178 -0.20637715  0.13075128 -0.01158861  0.06399071
 -0.03863146  0.07237737  0.16242285  0.21865721  0.31637028 -0.11810826
 -0.22564864  0.20387022 -0.0078997   0.0960784   0.0371641   0.12304419
 -0.00105036 -0.0340473  -0.05018952  0.05534087 -0.09915636  0.07846932
 -0.04950952  0.00308252 -0.04554044 -0.07573839  0.23001492  0.20990404
 -0.25795937 -0.14341216  0.26444203  0.11580321  0.11958599  0.10064135
 -0.21399592  0.09330204  0.00715014  0.01775128 -0.12064977 -0.14584225
  0.19359718 -0.19397615  0.2242067   0.05621866  0.20472813  0.11178532
 -0.2531338   0.01271275  0.04506524  0.1678546  -0.13716532  0.14148593]",deskripsi kursus kursus ini memberikan pengenalan perspektif penelitian sosial utama dan literatur tentang penggunaan teknologi informasi dan komunikasi  membahas topik terkini seperti etika informasi  kerangka hukum yang relevan  penggunaan teknologi yang populer dan kontroversial  misalnya  berbagi file peer to peer  pembagian digital  dll  tujuan mata kuliah setelah menyelesaikan mata kuliah ini  mahasiswa diharapkan memahami konsep informatika sosial dan jaringan sosial memahami nilai inti permasalahan etika dan hukum dalam informatika sosial menjelaskan peran kunci informatika sosial dan teknologi informasi menganalisis dampak jaringan sosial terhadap identitas individu dan sosial menjelaskan beberapa isu sosial dan komputasi dalam informatika sosial error 500  server error   1500 that s an error there was an error  please try again later that s all we know,"['menjelaskan', 'memahami', 'menganalisis']","{'C2', 'C4', 'C1'}",Hard,0.854804585833655,0.1451954141663448
TIF211,Leadership and Management for IT Engineer,"deskripsi kursus deskripsi matakuliah tantangan kepemimpinan dan manajemen adalah merancang konteks (pekerjaan, budaya organisasi, struktur, proses) yang memungkinkan individu dan kelompok untuk berkembang. tantangan pribadinya adalah bagaimana menemukan dan/atau menciptakan konteks di mana siswa dapat berkembang dan memimpin yang terbaik di masa depan. kursus ini mempertahankan fokus ganda (1) pada peran siswa (berikutnya) sebagai pemimpin dan manajer, merancang dan memungkinkan konteks di mana orang lain dapat berkembang; tetapi pada saat yang sama (2) dalam pencarian pribadi siswa untuk menemukan dan menciptakan konteks di mana Anda berkembang dan melakukan yang terbaik. sebagian besar kursus diambil dari paradigma praktik manajerial yang disebut beasiswa organisasi positif (pos), domain baru dalam studi organisasi, serta keterampilan manajemen dasar yang diperlukan untuk menjadi pemimpin manajer yang baik. premis inti dari paradigma ini adalah bahwa kepemimpinan dan keunggulan pribadi pada dasarnya terkait dengan penciptaan/pemungkinan konteks organisasi yang membangun kekuatan manusia serta membuka dinamika positif dan generatif dari komunitas manusia yang dinamis serta mencapai tujuan bisnis. tujuan kursus sasaran kompetensi lulusan yang dibebankan pada matakuliah Setelah berhasil menyelesaikan kursus ini, siswa harus memiliki pemahaman menyeluruh tentang kepemimpinan dan manajemen dasar baik dari perspektif teoritis dan kenyataan praktis. khususnya bagi teori manajemen klasik hingga modern yang paling dikenal dengan penekanan pada kepemimpinan perspektif baru yang muncul yang disebut kepemimpinan positif. mampu menilai potensi kepemimpinan dan gaya manajemennya sendiri sehingga dapat meningkatkan kemampuan memimpin dan mampu berinteraksi dengan dinamika lingkungan. memberikan semangat kepada masyarakat sekitar melalui prinsip kepemimpinan positif dalam posisi dan peran apa pun dalam karir masa depan mereka. f silabus ppkr1 (rencana pembelajaran semester) [sif 106] hal. 2/9 untuk dapat memperbaiki keputusan-keputusan manajerialnya di tempat kerjanya agar keputusan tersebut membawa dampak yang baik bagi mereka, orang-orang yang melaksanakan keputusan tersebut dan juga demi kebaikan yang lebih besar. Error 500 (Server Error)!!1500.That’s an error.There was an error. Please try again later.That’s all we know.",deskripsi kursus deskripsi matakuliah tantangan kepemimpinan manajemen merancang konteks pekerjaan budaya organisasi struktur prose individu kelompok berkembang tantangan pribadinya menemukan danatau menciptakan konteks siswa berkembang memimpin terbaik kursus mempertahankan fokus ganda peran siswa pemimpin manajer merancang konteks orang berkembang pencarian pribadi siswa menemukan menciptakan konteks berkembang terbaik kursus diambil paradigma praktik manajerial beasiswa organisasi positif po domain studi organisasi keterampilan manajemen dasar pemimpin manajer premis inti paradigma kepemimpinan keunggulan pribadi dasarnya terkait penciptaanpemungkinan konteks organisasi membangun kekuatan manusia membuka dinamika positif generatif komunitas manusia dinamis mencapai tujuan bisnis tujuan kursus sasaran kompetensi lulusan dibebankan matakuliah berhasil menyelesaikan kursus siswa memiliki pemahaman kepemimpinan manajemen dasar perspektif teoritis kenyataan praktis teori manajemen klasik modern dikenal penekanan kepemimpinan perspektif muncul kepemimpinan positif menilai potensi kepemimpinan gaya manajemennya meningkatkan kemampuan memimpin berinteraksi dinamika lingkungan semangat masyarakat prinsip kepemimpinan positif posisi peran karir f silabus ppkr rencana pembelajaran semester sif memperbaiki keputusankeputusan manajerialnya kerjanya keputusan membawa dampak orangorang melaksanakan keputusan kebaikan error server errorthats errorthere error please try laterthats know,"[ 6.56398460e-02  1.88829929e-01 -9.21023637e-02  1.15788415e-01
  9.76644754e-02 -1.53042212e-01  8.32346007e-02  4.15142328e-02
 -3.83267887e-02  1.51485950e-02 -9.02174264e-02  7.77651556e-03
  1.60457358e-01 -1.69921607e-01  9.24270079e-02  1.23061135e-01
 -1.38736963e-02  1.14055328e-01 -9.52915400e-02 -6.45779371e-02
 -5.68503747e-03 -2.04688951e-01  1.59748659e-01 -6.73170611e-02
 -2.72123814e-01 -8.28346238e-02  1.88295901e-01 -1.92614794e-01
  3.93197000e-01 -1.91389695e-01 -4.80431644e-03  1.54949806e-03
  2.56539971e-01 -1.47128245e-02  7.17778131e-02  4.33001518e-01
 -3.93279828e-02  7.14653498e-03 -5.22156656e-02 -4.84923273e-03
  7.24084601e-02 -8.87998119e-02 -2.91744415e-02  7.27523565e-02
 -7.31345862e-02 -1.21958978e-01 -1.25807017e-01 -1.36091247e-01
 -2.87803352e-01 -1.95670694e-01 -3.88583928e-01 -3.08727980e-01
  1.31862059e-01 -2.38831893e-01 -1.36836469e-01  3.20106000e-01
  2.46823326e-01  4.56333868e-02  5.86195998e-02  8.82515907e-02
 -8.16433430e-02  4.92656343e-02 -3.14884223e-02  1.49361014e-01
  1.12456284e-01  1.67748958e-01 -2.07292438e-01  4.91667479e-01
 -5.91910351e-03  7.22599700e-02 -1.50570601e-01 -2.16638565e-01
 -7.53972158e-02  1.58051439e-02  2.79773306e-02  3.22854370e-02
 -7.37394672e-03  8.68606716e-02  1.32850528e-01  9.94265266e-03
  2.64834702e-01  3.56058665e-02 -1.56558678e-02  1.32711247e-01
  6.19474724e-02 -7.57031366e-02  2.27330774e-02 -1.59405261e-01
  1.52211756e-01  3.50219905e-02 -6.56321994e-04 -1.38421476e-01
 -4.00519557e-02  3.90406474e-02 -2.22108364e-01 -5.16486578e-02
 -1.17844921e-02 -3.21378231e-01  6.49534017e-02  4.31901395e-01
 -1.53663695e-01  4.61299084e-02  2.94016302e-01  1.41618595e-01
 -2.50896644e-02  1.67000920e-01 -1.61525793e-04 -2.11364165e-01
  4.53666076e-02  5.36952447e-03  6.89691259e-03  6.64797127e-02
 -2.93446451e-01 -3.14308614e-01  3.72410491e-02  1.12503454e-01
  5.07104769e-02 -2.29067821e-02 -1.85023844e-02 -1.25686564e-02
 -6.88076690e-02 -1.13504283e-01  2.19313391e-02 -1.04489848e-01
  4.88960296e-02  7.55970106e-02 -3.36297780e-01 -8.97955000e-02
 -6.69487417e-02 -3.42394829e-01 -9.95259434e-02  3.42656642e-01
  3.81218866e-02  8.43809992e-02  8.00476745e-02  3.55594642e-02
  8.96452069e-02 -5.37471585e-02  1.04335450e-01  1.10206664e-01
  9.47949961e-02  8.85106027e-02  6.59438148e-02  5.65035529e-02
 -2.16192722e-01  1.64045796e-01 -2.82624245e-01 -6.10106811e-02
  1.71666890e-02  1.11237533e-01  1.49710447e-01 -2.39851847e-02
  3.18887055e-01  1.07613541e-01  3.02976370e-03  8.45964104e-02
 -1.00039050e-01 -2.04668850e-01  1.21199489e-01 -2.40247771e-02
 -3.53680432e-01  2.41191462e-01  6.19372502e-02  5.79129532e-02
 -1.60863221e-01 -3.42707820e-02  6.26864061e-02 -2.00554073e-01
 -8.31745267e-02  4.41838391e-02  1.72461212e-01 -5.59925195e-03
  2.69894814e-03 -3.09339225e-01  1.53635249e-01 -1.80938929e-01
 -1.05567291e-01  2.81737119e-01 -7.38308579e-02  4.19063643e-02
  4.04241472e-01 -1.92878209e-02  1.40453964e-01 -1.63588539e-01
 -7.70997182e-02  3.94044705e-02 -4.66625243e-02 -1.25701725e-01
 -1.36989638e-01  8.17029551e-02 -1.31624803e-01  2.01724410e-01
  2.29377627e-01 -2.16036104e-02 -1.52857214e-01 -6.10563308e-02
  3.18272352e-01 -1.34921819e-01 -2.22457528e-01 -2.84186564e-03
 -2.08951622e-01  1.52694285e-01 -9.26254503e-03 -5.69037572e-02
  2.32674908e-02  4.09434643e-03 -2.42922138e-02  9.89062488e-02
  1.83773130e-01  8.71118233e-02 -1.48384795e-01 -2.66911313e-02
 -1.38444006e-01 -9.43226218e-02  1.39828920e-01 -1.54949009e-01
  1.20930433e-01  2.64359653e-01 -1.97890997e-01  1.75831513e-03
  2.37155426e-03  3.35226059e-01  1.85706411e-02 -2.08030850e-01
  1.53118089e-01  8.38388950e-02 -2.86630452e-01 -2.14315236e-01
  2.67909735e-01  2.87102722e-02 -9.52419713e-02 -2.34828815e-01
 -2.44047523e-01  1.26224041e-01 -3.99763227e-01 -1.44470796e-01
  1.58139527e-01  8.01971033e-02 -2.07839400e-01 -1.34732842e-01
  4.44484502e-02 -1.37786776e-01 -5.69187850e-02  1.28451914e-01
 -1.11831062e-01  2.55603045e-01 -3.39840740e-01 -2.20472887e-01
  5.64009883e-02 -5.93937114e-02  3.39573056e-01 -7.51014426e-02
 -8.36384147e-02 -8.34016874e-02 -2.32154593e-01  6.65611103e-02
 -6.51483610e-02  7.54570514e-02 -9.08771306e-02  5.91356121e-02
 -9.81057137e-02 -3.87678482e-02  1.26988173e-01  3.84769052e-01
  2.05744892e-01 -9.07448828e-02 -5.58314398e-02  1.23852193e-01
 -3.33572142e-02  1.32041022e-01  1.16940796e-01 -2.77213335e-01
 -5.15356194e-03 -3.90596613e-02 -2.38045946e-01 -3.49299088e-02
 -9.71882269e-02 -2.51725972e-01  1.81792170e-01 -1.24156818e-01
  2.59314682e-02 -1.21270090e-01 -5.59784248e-02 -5.75827882e-02
  4.07826714e-02 -1.04989082e-01 -5.34669645e-02  6.13373816e-02
 -1.60366833e-01  2.08892673e-01 -9.55489203e-02  9.02974829e-02
 -2.20314205e-01 -1.54671133e-01  2.50984505e-02 -3.03264987e-02
 -4.24805731e-02 -2.75671165e-02 -1.34747297e-01 -4.25211266e-02
  3.78658324e-02  1.43068895e-01 -8.04056823e-02 -2.30153456e-01
 -4.01201472e-02 -2.63844937e-01  7.21035898e-02 -8.13758895e-02
 -2.44944915e-02  4.09447551e-02  8.16770792e-02  5.61722629e-02
  9.21849385e-02 -1.35295719e-01 -3.78331132e-02 -1.61965981e-01
 -2.04561889e-01  5.74477352e-02  1.12508520e-01 -1.31043643e-01
 -6.80761319e-03  1.93976283e-01 -2.88262013e-02 -6.77036792e-02
 -3.26048806e-02  2.08585680e-01 -1.40770614e-01 -6.21174052e-02
 -6.35186117e-03  2.89114386e-01 -9.76691023e-02  1.53329015e-01
 -3.89235318e-02  1.23941973e-01 -2.77633637e-01  1.02949619e-01
 -1.89861238e-01  2.81585574e-01  1.60810590e-01  2.01065373e-03
  4.43805903e-01 -1.31526235e-02 -3.26193184e-01  2.49034882e-01
 -1.55954555e-01 -1.49382383e-01 -1.95216343e-01  1.15711786e-01
 -2.73687512e-01 -4.54728007e-02  9.74175930e-02  1.79976776e-01
 -1.15732756e-03 -1.39017090e-01  1.49827242e-01  1.04601860e-01
 -5.41151986e-02 -8.35001618e-02  2.09740043e-01  1.75223470e-01
 -1.07024938e-01  2.34001294e-01  3.24873447e-01  1.53704658e-02
 -1.48338407e-01  3.55010033e-01 -2.69761048e-02  1.10096663e-01
  8.23044106e-02  1.41703278e-01 -5.88371307e-02 -4.57355455e-02
  2.90358603e-01 -8.99275690e-02  1.98046312e-01  3.01564932e-01
  7.75447488e-02  9.95240957e-02 -1.45534351e-01  1.22947752e-01
 -4.99266163e-02  1.09527506e-01 -2.61665434e-01  1.78458914e-01]",deskripsi kursus deskripsi matakuliah tantangan kepemimpinan dan manajemen adalah merancang konteks  pekerjaan  budaya organisasi  struktur  proses  yang memungkinkan individu dan kelompok untuk berkembang  tantangan pribadinya adalah bagaimana menemukan dan atau menciptakan konteks di mana siswa dapat berkembang dan memimpin yang terbaik di masa depan  kursus ini mempertahankan fokus ganda  1  pada peran siswa  berikutnya  sebagai pemimpin dan manajer  merancang dan memungkinkan konteks di mana orang lain dapat berkembang  tetapi pada saat yang sama  2  dalam pencarian pribadi siswa untuk menemukan dan menciptakan konteks di mana anda berkembang dan melakukan yang terbaik  sebagian besar kursus diambil dari paradigma praktik manajerial yang disebut beasiswa organisasi positif  pos   domain baru dalam studi organisasi  serta keterampilan manajemen dasar yang diperlukan untuk menjadi pemimpin manajer yang baik  premis inti dari paradigma ini adalah bahwa kepemimpinan dan keunggulan pribadi pada dasarnya terkait dengan penciptaan pemungkinan konteks organisasi yang membangun kekuatan manusia serta membuka dinamika positif dan generatif dari komunitas manusia yang dinamis serta mencapai tujuan bisnis  tujuan kursus sasaran kompetensi lulusan yang dibebankan pada matakuliah setelah berhasil menyelesaikan kursus ini  siswa harus memiliki pemahaman menyeluruh tentang kepemimpinan dan manajemen dasar baik dari perspektif teoritis dan kenyataan praktis  khususnya bagi teori manajemen klasik hingga modern yang paling dikenal dengan penekanan pada kepemimpinan perspektif baru yang muncul yang disebut kepemimpinan positif  mampu menilai potensi kepemimpinan dan gaya manajemennya sendiri sehingga dapat meningkatkan kemampuan memimpin dan mampu berinteraksi dengan dinamika lingkungan  memberikan semangat kepada masyarakat sekitar melalui prinsip kepemimpinan positif dalam posisi dan peran apa pun dalam karir masa depan mereka  f silabus ppkr1  rencana pembelajaran semester   sif 106  hal  2 9 untuk dapat memperbaiki keputusan keputusan manajerialnya di tempat kerjanya agar keputusan tersebut membawa dampak yang baik bagi mereka  orang orang yang melaksanakan keputusan tersebut dan juga demi kebaikan yang lebih besar  error 500  server error   1500 that s an error there was an error  please try again later that s all we know,"['meningkatkan', 'melakukan', 'menemukan', 'menilai', 'melaksanakan', 'mempertahankan', 'menciptakan', 'memperbaiki', 'merancang', 'membangun']","{'C6', 'C5', 'C4', 'C2', 'C3'}",Hard,0.6916848366294707,0.3083151633705295
TIF301,Routing Protocols and Concepts,"deskripsi kursus kursus ini menjelaskan arsitektur, komponen, dan operasi router dan switch dalam jaringan yang lebih besar dan kompleks. switching, routing, dan wireless essentials (srwe) meningkatkan pengetahuan siswa tentang pengoperasian router dan switch dalam jaringan kecil. srwe akan memperkenalkan siswa pada jaringan area lokal nirkabel (wlans) dan konsep keamanan jaringan. setiap bab memandu siswa melalui konfigurasi dasar, implementasi, dan prinsip pemecahan masalah. Selain itu, aktivitas packet tracer (pt) memperkuat konsep baru, dan memungkinkan siswa untuk memodelkan dan menganalisis proses routing yang mungkin sulit untuk divisualisasikan atau dipahami. metode pengajaran / metode pembelajaran pengajaran di kelas terdiri dari ceramah dan pemecahan masalah praktis, dilengkapi dengan alat bantu visual yang dirancang untuk membantu siswa agar berhasil mencapai tujuan pembelajaran kursus. kursus disampaikan dalam kombinasi berbasis aktivitas kelas dan berbasis praktik. praktikum akan dilakukan dalam beberapa mode yang berbeda antara lain simulator jaringan packet tracer dan praktik langsung menggunakan router dan switch di lingkungan laboratorium. sangat penting bahwa siswa mengambil minat aktif dalam kursus. untuk berhasil dalam mata kuliah ini, siswa harus membaca, berpikir, dan menulis secara kritis dan analitis dan ini membutuhkan waktu dan latihan. latihan seperti itu hanya dapat dicapai dengan latihan kerja. ketika masalah muncul, dan masalah itu akan terjadi, siswa harus mengajukan pertanyaan yang mungkin ditujukan kepada instruktur atau siswa lain dalam berbagai cara. siswa juga didorong untuk bekerja sama dalam kumpulan masalah sebagai bagian dari latihan mereka. namun, individu pada akhirnya harus menunjukkan pemahaman materi dengan menuliskan solusinya sendiri tanpa bantuan siswa lain atau karya tertulis mereka. rata-rata siswa perlu menghabiskan setidaknya 6 jam belajar dan persiapan per minggu untuk kursus ini.",deskripsi kursus kursus arsitektur komponen operasi router switch jaringan kompleks switching routing wireless essential srwe meningkatkan pengetahuan siswa pengoperasian router switch jaringan srwe memperkenalkan siswa jaringan area lokal nirkabel wlan konsep keamanan jaringan bab memandu siswa konfigurasi dasar implementasi prinsip pemecahan aktivitas packet tracer pt memperkuat konsep siswa memodelkan menganalisis prose routing sulit divisualisasikan dipahami metode pengajaran metode pembelajaran pengajaran kelas ceramah pemecahan praktis dilengkapi alat bantu visual dirancang membantu siswa berhasil mencapai tujuan pembelajaran kursus kursus kombinasi berbasis aktivitas kelas berbasis praktik praktikum mode berbeda simulator jaringan packet tracer praktik langsung router switch lingkungan laboratorium siswa mengambil minat aktif kursus berhasil mata kuliah siswa membaca berpikir menulis kriti analitis membutuhkan latihan latihan dicapai latihan kerja muncul siswa mengajukan instruktur siswa siswa didorong kumpulan latihan individu pemahaman materi menuliskan solusinya bantuan siswa karya tertulis ratarata siswa menghabiskan jam belajar persiapan minggu kursus,"[ 2.71627884e-02  1.64679233e-02 -7.55760744e-02 -5.29557690e-02
 -1.53976306e-01 -5.07470183e-02 -1.33434474e-01  4.81278934e-02
 -1.81158274e-01  1.46244705e-01  1.23874992e-01  3.44924957e-01
  1.57914177e-01  3.41155417e-02  2.12988723e-02  7.13736191e-02
 -2.07493007e-02  1.13243982e-01  5.39674908e-02 -1.43370032e-01
 -8.88630003e-02 -1.03222676e-01  6.99260458e-02 -5.08918893e-05
 -1.87744439e-01 -6.41777366e-02  2.82401294e-01 -1.83770925e-01
  1.91415817e-01 -2.64491796e-01 -1.95534769e-02  1.98269323e-01
  3.58748436e-02  1.45851046e-01 -1.91348106e-01  2.16004968e-01
  4.48515564e-02  9.23842043e-02 -1.39794886e-01  3.79377343e-02
 -6.28062198e-03 -9.48401466e-02  1.23063087e-01  2.58849949e-01
 -3.14266384e-02 -2.86444515e-01 -1.18954353e-01 -1.81895182e-01
 -1.65379554e-01 -3.13770592e-01 -1.56831041e-01 -1.38811007e-01
 -3.39860395e-02  2.84817554e-02  1.35924323e-02  1.78300783e-01
  2.03557596e-01  1.53652534e-01 -2.13027000e-01  2.75463611e-02
  1.99385732e-01 -1.13865890e-01  1.48563161e-01  1.64231271e-01
 -1.30510032e-02  7.37791415e-03  1.06783181e-01  2.29654819e-01
 -6.45935256e-03  2.91566048e-02 -4.69332188e-01 -8.62741992e-02
  2.88265850e-03  5.28696999e-02  5.29684760e-02  3.60581018e-02
 -7.37395734e-02  1.48200616e-01  1.95871115e-01 -7.78455511e-02
  9.40473154e-02 -1.33135095e-01 -3.76587128e-03  8.73783007e-02
  1.07230470e-01 -6.16212673e-02 -1.73111543e-01 -1.93714440e-01
 -4.26251031e-02 -1.79241240e-01 -6.66620769e-03 -8.32711011e-02
 -1.60775390e-02  6.37892336e-02 -4.41491008e-02 -3.28696966e-02
  1.80050880e-02 -2.41275251e-01  1.66882217e-01  2.52678394e-01
 -4.11111191e-02 -6.46197125e-02  4.83095162e-02  5.59737496e-02
  8.06282684e-02 -4.13940921e-02  2.02536374e-01 -1.61506832e-01
  4.62931320e-02  1.95686258e-02  1.76849179e-02  3.07596959e-02
 -7.18541294e-02 -1.24253586e-01  7.31178140e-03  1.96999535e-02
  1.14033379e-01  6.91235363e-02  1.33292630e-01  1.84584141e-01
 -2.80181259e-01 -2.07413033e-01 -3.23980600e-02 -9.24450830e-02
  3.35981101e-02 -3.11053872e-01  2.51049129e-03  1.07786126e-01
 -7.01905489e-02 -9.74410921e-02 -8.46910626e-02  1.27199247e-01
  5.38118258e-02  8.80263597e-02  6.04544394e-02 -9.41870064e-02
 -1.51510566e-01 -9.53773558e-02 -2.60769397e-01  6.32825121e-03
 -6.20563105e-02  2.75346667e-01  3.84229511e-01 -2.07872223e-02
 -3.91506292e-02  7.55107254e-02 -4.31071734e-03 -9.35656950e-02
  1.27716318e-01 -1.85817536e-02  2.30159417e-01 -1.76908940e-01
  3.00519884e-01 -1.26806825e-01  1.15083039e-01  8.26176777e-02
  9.83459204e-02 -8.48349184e-02  2.38912344e-01 -1.10879809e-01
 -2.11257696e-01  2.82094628e-01  1.72631130e-01  7.90166035e-02
 -1.36117255e-02 -6.71995878e-02 -5.95270954e-02 -1.68693870e-01
 -5.80074750e-02 -9.06978101e-02  5.37610054e-02 -1.90084472e-01
  3.13906893e-02 -5.07137552e-02  1.44911423e-01  5.04377149e-02
  5.69729460e-03  2.19162740e-02 -1.90495551e-01 -1.30779177e-01
  9.69766378e-02 -1.42952234e-01  2.37520874e-01 -2.07913481e-02
 -3.98373753e-02 -1.76114812e-02 -1.18546121e-01  1.54655529e-02
 -1.64265305e-01  1.33488327e-01 -7.10430443e-02  8.89856219e-02
  1.95741326e-01 -3.24038863e-01 -1.10829860e-01 -2.74378300e-01
  2.47357652e-01 -2.06612945e-01 -2.42700174e-01 -2.28109695e-02
 -2.33303323e-01  8.18379149e-02 -1.30055219e-01 -2.48292126e-02
 -3.12080920e-01 -2.31108993e-01  1.36082679e-01 -2.04771876e-01
 -2.09166724e-02  7.65280351e-02 -6.14877641e-02 -2.78610177e-03
 -9.76133645e-02  5.70749380e-02  1.02236181e-01 -8.50193389e-03
  4.06298079e-02  6.89171925e-02 -1.35538340e-01 -2.11081635e-02
 -3.77909467e-02  6.43242374e-02  2.82725632e-01 -2.12452561e-01
 -2.34312549e-01  5.82724884e-02 -2.22908303e-01  1.23487510e-01
  1.48313656e-01 -6.42570332e-02  6.28101006e-02 -1.55428573e-01
  1.05050933e-02  1.67519227e-01 -2.77236819e-01 -5.78050828e-03
  1.71337366e-01  9.27559212e-02  4.41437326e-02 -1.98058799e-01
 -2.58395392e-02  2.91618379e-03 -6.23800568e-02 -1.20325014e-01
  7.56668374e-02  7.08332583e-02 -2.51171768e-01 -8.78945142e-02
  5.33637963e-02 -1.22868745e-02 -5.27780801e-02  4.01166752e-02
 -1.93153724e-01  1.58943236e-01  7.34676644e-02  5.97033743e-03
  2.69595403e-02  9.79320779e-02 -1.01973705e-01  2.31671110e-01
  1.32540360e-01 -2.98948586e-02 -6.63891658e-02  9.50437486e-02
  1.09969333e-01 -1.92224756e-01 -6.58731461e-02  5.18559813e-02
 -7.37039819e-02  5.87053597e-02 -6.81047067e-02  4.33540344e-02
 -8.65603909e-02 -5.66122681e-02  1.97360888e-01  1.20445415e-01
  9.08275917e-02 -1.39256299e-01  1.01538569e-01  3.76761734e-01
 -2.20123470e-01  1.38123464e-02  3.62862498e-02 -9.91794318e-02
  2.01877743e-01 -1.57937989e-01 -1.02589153e-01  2.11772248e-01
  8.88389628e-03 -2.70399712e-02 -1.51677012e-01 -2.19066367e-01
 -1.45762324e-01 -3.54382731e-02 -1.39937392e-02  1.26051337e-01
  2.44367346e-02 -7.88547695e-02  5.91212399e-02 -2.46136650e-01
  1.97613388e-02  2.06358925e-01 -3.77977133e-01 -5.37042506e-02
 -6.21153880e-03 -1.70710370e-01  5.30266613e-02 -1.04310587e-01
  1.23893702e-02  3.71517837e-02 -6.10193312e-02 -1.31765962e-01
  7.40009695e-02 -1.68665946e-01 -1.20087350e-02  5.53807467e-02
 -2.18778968e-01 -2.45844573e-01  1.02465883e-01 -3.01499486e-01
 -5.51458299e-02 -1.98621042e-02 -1.26167729e-01 -4.47770767e-02
  2.47147847e-02  1.44464269e-01  8.02862868e-02  2.43514121e-01
 -6.45618886e-02  1.48358226e-01 -1.02474242e-01  2.36564055e-01
 -2.00737908e-01  2.43649602e-01  1.65353477e-01  3.10835272e-01
  1.22435711e-01  2.97199368e-01  5.75177670e-02  2.37271622e-01
  3.16896945e-01  2.58594640e-02 -1.96410358e-01  2.02706844e-01
 -1.86617952e-02  5.78733869e-02  1.42345160e-01  2.84482390e-01
  1.43571198e-01 -3.73967551e-02 -2.17135534e-01  7.68998340e-02
  2.52299998e-02  7.64679983e-02 -7.59722143e-02  1.98181286e-01
  3.09112258e-02 -6.29685000e-02  2.30694205e-01  1.37955040e-01
 -1.27803341e-01 -1.13955647e-01  2.13246703e-01  1.00279979e-01
  9.98377949e-02  3.36470529e-02 -1.67500734e-01 -4.37528230e-02
 -2.20601279e-02  3.57192397e-01 -1.07410461e-01 -5.52866682e-02
  2.02993497e-01 -1.57430723e-01  2.19906583e-01 -8.94972831e-02
  4.86529656e-02 -2.68419325e-01 -1.77920491e-01  2.02516139e-01
 -1.46783501e-01  3.62351149e-01 -1.05414629e-01  7.81315938e-02]",deskripsi kursus kursus ini menjelaskan arsitektur  komponen  dan operasi router dan switch dalam jaringan yang lebih besar dan kompleks  switching  routing  dan wireless essentials  srwe  meningkatkan pengetahuan siswa tentang pengoperasian router dan switch dalam jaringan kecil  srwe akan memperkenalkan siswa pada jaringan area lokal nirkabel  wlans  dan konsep keamanan jaringan  setiap bab memandu siswa melalui konfigurasi dasar  implementasi  dan prinsip pemecahan masalah  selain itu  aktivitas packet tracer  pt  memperkuat konsep baru  dan memungkinkan siswa untuk memodelkan dan menganalisis proses routing yang mungkin sulit untuk divisualisasikan atau dipahami  metode pengajaran   metode pembelajaran pengajaran di kelas terdiri dari ceramah dan pemecahan masalah praktis  dilengkapi dengan alat bantu visual yang dirancang untuk membantu siswa agar berhasil mencapai tujuan pembelajaran kursus  kursus disampaikan dalam kombinasi berbasis aktivitas kelas dan berbasis praktik  praktikum akan dilakukan dalam beberapa mode yang berbeda antara lain simulator jaringan packet tracer dan praktik langsung menggunakan router dan switch di lingkungan laboratorium  sangat penting bahwa siswa mengambil minat aktif dalam kursus  untuk berhasil dalam mata kuliah ini  siswa harus membaca  berpikir  dan menulis secara kritis dan analitis dan ini membutuhkan waktu dan latihan  latihan seperti itu hanya dapat dicapai dengan latihan kerja  ketika masalah muncul  dan masalah itu akan terjadi  siswa harus mengajukan pertanyaan yang mungkin ditujukan kepada instruktur atau siswa lain dalam berbagai cara  siswa juga didorong untuk bekerja sama dalam kumpulan masalah sebagai bagian dari latihan mereka  namun  individu pada akhirnya harus menunjukkan pemahaman materi dengan menuliskan solusinya sendiri tanpa bantuan siswa lain atau karya tertulis mereka  rata rata siswa perlu menghabiskan setidaknya 6 jam belajar dan persiapan per minggu untuk kursus ini,"['menulis', 'meningkatkan', 'menjelaskan', 'menunjukkan', 'membaca', 'menganalisis', 'menuliskan', 'menggunakan']","{'C6', 'C1', 'C4', 'C2', 'C3'}",Hard,0.8830880903485709,0.1169119096514288
TIF302,Pengantar Intelejensi Artifisial,"Error 500 (Server Error)!!1500.That’s an error.There was an error. Please try again later.That’s all we know. Tujuan mata kuliah Setelah menyelesaikan mata kuliah ini, mahasiswa diharapkan memiliki pengetahuan tentang konsep dasar kecerdasan buatan, pengembangan aplikasi sistem cerdas, komponen sistem cerdas, dan aplikasi sistem cerdas. memiliki pengetahuan tentang konsep dasar pengetahuan dan berbagai metode representasi pengetahuan mampu mewakili pengetahuan yang berkaitan dengan dunia nyata memiliki pengetahuan dan kemampuan memecahkan masalah dengan menerapkan berbagai metode pencarian. memiliki pengetahuan tentang penerapan bidang kecerdasan buatan. Error 500 (Server Error)!!1500.That’s an error.There was an error. Please try again later.That’s all we know.",error server errorthats errorthere error please try laterthats know tujuan mata kuliah menyelesaikan mata kuliah mahasiswa diharapkan memiliki pengetahuan konsep dasar kecerdasan buatan pengembangan aplikasi sistem cerdas komponen sistem cerdas aplikasi sistem cerdas memiliki pengetahuan konsep dasar pengetahuan metode representasi pengetahuan mewakili pengetahuan berkaitan dunia nyata memiliki pengetahuan kemampuan memecahkan menerapkan metode pencarian memiliki pengetahuan penerapan bidang kecerdasan buatan error server errorthats errorthere error please try laterthats know,"[-1.38648883e-01 -6.68774769e-02 -4.26114276e-02 -1.52745880e-02
 -2.10334778e-01 -1.30087093e-01 -3.84951159e-02  2.11197421e-01
  2.17165463e-02  2.40027696e-01  1.00728758e-02  2.04864759e-02
  2.50791848e-01 -9.88246575e-02 -5.91659546e-02 -2.28359550e-03
 -1.23818420e-01 -1.13710694e-01 -8.51073265e-02  6.30933866e-02
 -1.02204122e-01 -1.42045438e-01  6.68966919e-02  1.28738195e-01
 -1.03540450e-01  1.88513488e-01  2.42879875e-02  1.12592010e-02
  4.47855443e-02 -2.01293558e-01  1.20861650e-01  4.74399962e-02
  3.50663722e-01  2.10377172e-01 -1.57739222e-01  1.28010318e-01
 -1.05748579e-01  2.27110200e-02  2.27956548e-02 -2.86779590e-02
  2.91007012e-02 -8.54879320e-02  1.69252142e-01  1.43067002e-01
  1.45402834e-01  7.37569481e-02 -1.68932199e-01  2.86718011e-02
 -1.15780696e-01 -2.69371301e-01 -1.85016975e-01  8.16045254e-02
 -3.43690515e-02 -2.61308521e-01 -1.44950569e-01  2.69376114e-03
  1.13803029e-01 -6.30132109e-02 -2.74652004e-01 -7.17350394e-02
  1.02261558e-01 -1.18317261e-01  6.10318631e-02  8.05962756e-02
  6.64436072e-02  5.38200103e-02  1.86131120e-01 -3.81111242e-02
  8.24972540e-02 -1.11135118e-01 -4.88764793e-03  1.42061323e-01
  4.62390110e-02  1.35275826e-01  1.67483836e-01  7.13225827e-02
 -2.26952732e-02 -5.60806021e-02  1.79517329e-01  5.79354092e-02
  1.74768880e-01  2.22756676e-02  5.78674041e-02  1.80316314e-01
 -8.45363177e-03 -9.25763696e-02  1.02081761e-01 -8.36976916e-02
 -9.28900093e-02 -1.98550895e-01  8.30525309e-02 -1.04962297e-01
 -2.61048879e-02 -8.97688046e-02  2.23846167e-01 -3.00988499e-02
  5.81004880e-02 -2.10180044e-01 -1.84814498e-01  2.50247449e-01
 -1.64639011e-01 -8.56731459e-03 -5.44589162e-02 -3.80189836e-01
  1.82594538e-01  1.73571169e-01  2.44521946e-01 -3.38645160e-01
  1.15004957e-01 -1.63577691e-01  8.99423510e-02 -2.53870413e-02
  2.33453959e-02  1.28340676e-01  2.12578237e-01  1.15253786e-02
  1.07931361e-01 -6.34543970e-03  3.73614617e-02  1.60777271e-01
 -5.71601167e-02 -4.40041199e-02  8.68341103e-02 -6.53428305e-03
  1.70843527e-01 -1.08291678e-01 -1.17847361e-02 -4.49573658e-02
 -2.57639229e-01 -1.13200322e-01  3.57676670e-02 -4.66977879e-02
 -6.36557490e-02  5.50607815e-02  1.81944802e-01 -8.89040083e-02
  3.54217067e-02 -1.49227694e-01 -6.87751174e-02 -2.75024027e-02
  3.96995656e-02  2.43091345e-01  1.36625528e-01  1.81554690e-01
 -1.26431972e-01  1.43965766e-01  1.80747956e-02 -4.99815494e-02
  3.55296284e-01 -5.07516228e-02  2.71113992e-01 -1.10856891e-01
  8.34588110e-02  4.22849655e-02  7.44139478e-02  6.07851297e-02
  1.86653465e-01 -1.51859999e-01 -1.98832490e-02 -9.98509973e-02
 -9.25841779e-02  1.20172158e-01  1.49550647e-01  1.08155701e-02
  1.54458499e-02 -2.36153826e-02  6.63547590e-02 -1.93970159e-01
  1.98299773e-02  2.19903409e-01  1.78050593e-01 -1.09829754e-01
 -5.17111309e-02  2.60447524e-02  7.27015883e-02 -1.27654653e-02
  7.61512853e-03 -5.37623093e-02 -1.12220675e-01 -1.30029485e-01
  5.88546656e-02 -2.12270647e-01  1.68969318e-01  5.86716086e-03
  5.33575565e-02  6.97934926e-02 -1.22746766e-01 -2.62493826e-03
 -1.71377674e-01  1.79133847e-01 -7.23425969e-02  5.72563708e-02
  2.72413313e-01 -3.96658527e-03 -1.09664060e-01 -1.09951101e-01
  3.12511712e-01 -2.07102105e-01 -7.39637315e-02 -1.59994885e-01
 -3.53225350e-01  1.03355356e-01 -3.95544648e-01 -2.18970373e-01
 -1.55230269e-01 -3.79205376e-01  5.59633002e-02  4.57314327e-02
  8.76923278e-02 -1.98415481e-04 -1.11921266e-01 -1.96286589e-02
 -1.94038928e-01 -1.25929654e-01 -2.49295235e-02  1.40657842e-01
  4.85651456e-02  7.58670643e-02  1.73367977e-01 -6.38202112e-03
 -6.64912611e-02 -3.29979928e-03 -3.66422981e-02 -6.62067011e-02
 -3.39812487e-01 -4.62613069e-02 -3.06154460e-01  1.35783643e-01
  1.94705382e-01  4.91871722e-02 -1.40016824e-01 -3.92104797e-02
  1.67333081e-01  1.00603029e-01 -4.16894928e-02  1.30746558e-01
 -5.82223050e-02 -3.93587798e-02 -5.21400832e-02  6.45228624e-02
 -5.17087281e-02 -1.19829595e-01  7.66011849e-02 -3.27804983e-02
 -5.63921295e-02  6.25524297e-03 -3.81671369e-01 -9.62153748e-02
  1.21363319e-01  1.62765801e-01 -1.27327740e-01 -7.25409538e-02
 -2.22723037e-01 -7.91252628e-02  1.22656964e-01  6.45283889e-03
  1.39416993e-01  5.33556454e-02  2.40821354e-02  8.50804616e-03
  1.38479665e-01 -2.28082493e-01 -1.43966854e-01  2.12168247e-02
  8.93163979e-02 -1.34884156e-02 -1.65050954e-01 -7.05533326e-02
 -1.23012319e-01  2.46605836e-02 -1.27914801e-01  1.11052031e-02
  2.75257915e-01  1.15394592e-01  2.67811209e-01 -1.51326463e-01
  1.70508519e-01 -1.39152110e-01  1.34606399e-02  5.76886311e-02
  4.05843370e-02  8.61485898e-02  8.44838172e-02 -2.88674217e-02
  1.13119110e-01 -4.88030463e-02 -4.53035627e-03  4.49647494e-02
 -1.08502857e-01  6.90911934e-02 -2.69363523e-02  2.05681473e-01
 -2.35327527e-01 -1.96518719e-01  1.99497491e-01  3.31392437e-02
 -1.01818070e-01 -1.32571310e-01 -9.67240483e-02  1.70805782e-01
 -1.66395903e-01  1.31076589e-01 -2.77983844e-02 -4.89933454e-02
  3.02789230e-02  1.95699520e-02  1.33735240e-01 -1.08681973e-02
 -1.46573380e-01  1.09951004e-01  1.02618799e-01 -2.31989980e-01
 -3.56490090e-02  3.27182524e-02 -9.88942534e-02 -1.31794393e-01
 -7.88111985e-02  8.35017934e-02 -4.08870243e-02 -2.00145483e-01
 -9.37173516e-02 -1.36769051e-02  7.30238855e-03  1.60418987e-01
  2.84396894e-02 -1.16116084e-01 -1.54041395e-01  1.62530050e-01
 -3.24271545e-02 -1.10306861e-02 -1.27834175e-02 -1.40174896e-01
 -3.27767670e-01  2.61733711e-01  8.43092799e-02 -5.82193658e-02
  6.32845536e-02  2.36643359e-01  1.30712837e-01 -1.24276273e-01
  3.61721396e-01 -5.63693978e-02 -1.95966199e-01 -7.07424507e-02
  3.00377738e-02  6.54552728e-02  2.06310004e-01  3.58496100e-01
 -9.42976922e-02  1.12142436e-01 -6.24877512e-02  2.45342404e-03
  4.48817238e-02  4.75235283e-02  2.45775089e-01  4.50160056e-02
 -2.34092057e-01 -3.83122750e-02  1.43130660e-01  7.65441060e-02
 -1.75991267e-01  5.66558875e-02  3.04197036e-02 -4.26551029e-02
  7.24005178e-02  1.81775957e-01 -1.50601685e-01 -5.18853515e-02
  3.67608964e-02  9.90544558e-02 -9.69796330e-02 -8.23213235e-02
  7.01140566e-03 -6.64851665e-02  1.74016833e-01  1.52272582e-01
  9.19312909e-02 -8.03735778e-02 -1.83480293e-01  6.00978285e-02
  1.49902962e-02  2.93434769e-01 -1.12194225e-01  8.27148277e-03]",error 500  server error   1500 that s an error there was an error  please try again later that s all we know  tujuan mata kuliah setelah menyelesaikan mata kuliah ini  mahasiswa diharapkan memiliki pengetahuan tentang konsep dasar kecerdasan buatan  pengembangan aplikasi sistem cerdas  komponen sistem cerdas  dan aplikasi sistem cerdas  memiliki pengetahuan tentang konsep dasar pengetahuan dan berbagai metode representasi pengetahuan mampu mewakili pengetahuan yang berkaitan dengan dunia nyata memiliki pengetahuan dan kemampuan memecahkan masalah dengan menerapkan berbagai metode pencarian  memiliki pengetahuan tentang penerapan bidang kecerdasan buatan  error 500  server error   1500 that s an error there was an error  please try again later that s all we know,"['menerapkan', 'memecahkan']","{'C4', 'C3'}",Hard,0.8510764289256096,0.14892357107438994
TIF305,Pemodelan dan Simulasi Jaringan,"uraian mata kuliah pada kuliah ini akan membahas tentang konsep, struktur dan mekanisme pemodelan jaringan dan simulasi komputer. ia juga menyajikan, sejelas dan selengkap mungkin, sifat dan karakteristik simulasi komputer dan pemodelan jaringan. topik yang dibahas meliputi gambaran umum simulasi komputer dan jaringan, membangun model konseptual dan pemodelan jaringan, simulasi probabilitas, simulasi variabel acak, dan proses stokastik, simulasi kejadian diskrit, grafik kejadian, membangun program simulasi dari simulasi hingga penerapan, teori antrian, simulasi proses antrian, hingga model layering jaringan. Tujuan kursus Setelah menyelesaikan kursus ini, siswa harus dapat memahami konsep, struktur, dan mekanisme simulasi komputer dan pemodelan jaringan. menyajikan, sejelas mungkin, sifat dan karakteristik model konseptual dan pemodelan jaringan. memiliki pengetahuan tentang simulasi probabilitas. memiliki pengetahuan tentang simulasi variabel acak. memiliki pengetahuan tentang proses stokastik. memiliki pengetahuan tentang simulasi kejadian diskrit dan grafik kejadian. memiliki pengetahuan tentang membangun program simulasi mulai dari simulasi hingga penerapan. memiliki pengetahuan tentang teori antrian. memiliki pengetahuan tentang pemodelan masukan dan analisis keluaran. memiliki pengetahuan tentang alat dan pendekatan pemodelan untuk simulasi perangkat keras dan sistem. memiliki pengetahuan tentang pembangkitan variasi acak dan pembangkitan bilangan acak. memiliki pengetahuan tentang model layering jaringan. f silabus ppkr1 tif305 (rencana pembelajaran semester) metode pengajaran pengajaran di kelas terdiri dari ceramah dan pemecahan masalah praktis, dilengkapi dengan alat bantu visual yang dirancang untuk membantu siswa agar berhasil memenuhi tujuan pembelajaran kursus. sangat penting bahwa siswa mengambil minat aktif dalam kursus. untuk berhasil dalam mata kuliah ini, siswa harus membaca, berpikir, dan menulis secara kritis dan analitis dan ini membutuhkan waktu dan latihan. latihan seperti itu hanya dapat dicapai dengan latihan kerja. ketika masalah muncul, dan masalah itu akan terjadi, siswa harus mengajukan pertanyaan yang mungkin ditujukan kepada instruktur atau siswa lain dalam berbagai cara. siswa juga didorong untuk bekerja sama dalam kumpulan masalah sebagai bagian dari latihan mereka. namun, individu pada akhirnya harus menunjukkan pemahaman materi dengan menuliskan solusinya sendiri tanpa bantuan siswa lain atau karya tertulis mereka. rata-rata siswa perlu menghabiskan setidaknya 6 jam belajar dan persiapan per minggu untuk kursus ini.",uraian mata kuliah kuliah membahas konsep struktur mekanisme pemodelan jaringan simulasi komputer menyajikan sejelas selengkap sifat karakteristik simulasi komputer pemodelan jaringan topik dibahas meliputi gambaran simulasi komputer jaringan membangun model konseptual pemodelan jaringan simulasi probabilitas simulasi variabel acak prose stokastik simulasi kejadian diskrit grafik kejadian membangun program simulasi simulasi penerapan teori antrian simulasi prose antrian model layering jaringan tujuan kursus menyelesaikan kursus siswa memahami konsep struktur mekanisme simulasi komputer pemodelan jaringan menyajikan sejelas sifat karakteristik model konseptual pemodelan jaringan memiliki pengetahuan simulasi probabilitas memiliki pengetahuan simulasi variabel acak memiliki pengetahuan prose stokastik memiliki pengetahuan simulasi kejadian diskrit grafik kejadian memiliki pengetahuan membangun program simulasi simulasi penerapan memiliki pengetahuan teori antrian memiliki pengetahuan pemodelan masukan analisis keluaran memiliki pengetahuan alat pendekatan pemodelan simulasi perangkat kera sistem memiliki pengetahuan pembangkitan variasi acak pembangkitan bilangan acak memiliki pengetahuan model layering jaringan f silabus ppkr tif rencana pembelajaran semester metode pengajaran pengajaran kelas ceramah pemecahan praktis dilengkapi alat bantu visual dirancang membantu siswa berhasil memenuhi tujuan pembelajaran kursus siswa mengambil minat aktif kursus berhasil mata kuliah siswa membaca berpikir menulis kriti analitis membutuhkan latihan latihan dicapai latihan kerja muncul siswa mengajukan instruktur siswa siswa didorong kumpulan latihan individu pemahaman materi menuliskan solusinya bantuan siswa karya tertulis ratarata siswa menghabiskan jam belajar persiapan minggu kursus,"[-0.019674   -0.00916897  0.11153921 -0.14520389 -0.05843911 -0.15970479
 -0.17455557  0.09599403  0.01230941  0.11875511  0.08944973  0.12246095
  0.03181021 -0.10776197 -0.00870796 -0.04695721  0.02803396 -0.05093663
 -0.10123385  0.09880453 -0.03334979 -0.11873946 -0.10809261 -0.02251423
 -0.14128214 -0.00569823  0.18126859 -0.10270311  0.03530773 -0.15029126
 -0.04417406  0.26292172 -0.02354852  0.08000577 -0.07824117  0.09583212
  0.0395579   0.0288117  -0.2137973  -0.10009531  0.13847062  0.07206515
  0.3229747   0.11244787  0.08937152 -0.22954534  0.0696632  -0.29766098
 -0.04813926 -0.3230614  -0.1730531  -0.14328748  0.11225431 -0.18231563
 -0.03567258  0.04434456  0.364799   -0.0150823  -0.08439232 -0.13738307
  0.21449265 -0.08828962  0.14187844  0.1631299   0.1963128   0.00393679
  0.0036006   0.31605843  0.09626526  0.03037822 -0.37182063  0.04351845
 -0.05809514 -0.01422269  0.08188675  0.15534207  0.06160635 -0.12210126
  0.22044414 -0.10427871  0.14348523 -0.20603889  0.00957881 -0.01248279
 -0.08875521  0.08342879 -0.00357764 -0.11630056 -0.15966278 -0.20509134
 -0.02821774  0.01798598 -0.04238379 -0.04629056  0.03193019  0.0643157
  0.03235333 -0.2856227   0.20194384  0.28206858  0.07707944  0.01864062
  0.08427045  0.02666444  0.1539409  -0.13846189  0.05894044 -0.14277284
 -0.10845987 -0.04798346 -0.02227696 -0.0807666  -0.02548927 -0.14810994
  0.09825528 -0.05588936  0.2075198   0.00090136  0.0562791   0.13550588
 -0.09205579 -0.0564756   0.16036841 -0.09145321  0.08986429 -0.24900046
 -0.14902297 -0.02678245 -0.1298834  -0.20839867 -0.0148613   0.1051124
  0.26127553  0.03670223  0.13733502 -0.05393009  0.16057861 -0.14613177
 -0.14828284  0.19821195  0.02486223  0.24364983  0.14785387  0.021843
 -0.12401875  0.13315661  0.01590619 -0.14264624  0.12426129 -0.03661726
  0.2766288  -0.07429036  0.18796867 -0.01990849  0.13876912  0.13894084
 -0.08435322 -0.06297386 -0.03330915 -0.08240546 -0.01933955  0.21820442
  0.0215346  -0.03365996  0.09714961 -0.00380225  0.1862275  -0.0005584
 -0.00139734  0.13786077  0.08258136 -0.13180888 -0.10551163 -0.07532735
  0.04061694  0.00510025  0.07279524 -0.08470382 -0.07197299 -0.1909355
  0.18967123 -0.2054803   0.21402995  0.0222819  -0.05776188 -0.29322225
 -0.03263543  0.12567827 -0.1964342   0.09329233 -0.1380319   0.06787668
  0.06169504 -0.11551275 -0.1458484  -0.22148731  0.20848937 -0.15526006
 -0.23479798 -0.04227296 -0.16396013  0.06181617 -0.27670297  0.11868331
 -0.36523232 -0.20094834 -0.06839563  0.16217057  0.02948974 -0.00245062
 -0.0921785  -0.01884468 -0.1970363  -0.09215895  0.061718    0.14064378
 -0.09884632 -0.06951653 -0.11249448 -0.15553454  0.17649816  0.16528457
  0.06694718 -0.05485661 -0.3909027   0.04544187 -0.2904902   0.02643865
  0.20131375  0.04285067 -0.026616    0.08176875  0.09371463  0.00657611
 -0.10053445 -0.03543163  0.0404634   0.10322269 -0.1359499  -0.1699037
  0.11414449 -0.10048665 -0.22232291 -0.0426687   0.03527698  0.02895937
 -0.30801547 -0.08376379  0.15048483 -0.01964072  0.11668831 -0.18832709
  0.03617848  0.06714046 -0.16366749  0.09510901 -0.01770435  0.15634617
  0.15728125  0.2351823   0.20488675 -0.03289183  0.20880339 -0.10888472
  0.15334085 -0.07980363 -0.20658322  0.17496759  0.02525054  0.05050284
 -0.0446508   0.03879178 -0.02299299 -0.03780705  0.06081785 -0.03100709
  0.11535676 -0.14747459  0.11911008  0.19813956 -0.1400864  -0.03851341
  0.09649149  0.16826652 -0.08753023 -0.20971976  0.05958371  0.05875888
 -0.2589362   0.00141713 -0.2594694  -0.13131097 -0.0715251  -0.15206717
  0.06297079  0.1923668   0.10572726  0.04603055  0.00763022 -0.11996843
  0.00695691  0.06056739 -0.1650734   0.08820816  0.0619894  -0.10674935
  0.11617912 -0.06010177 -0.01120061 -0.04682628  0.03515226  0.02877567
  0.14256008 -0.17327775 -0.00489538 -0.14706655 -0.17028177 -0.00106122
  0.01741283 -0.15296845  0.09072851 -0.07973031  0.0230846  -0.02198699
 -0.14405102  0.22635613 -0.02266294 -0.03155464  0.06396874  0.10190675
  0.02031556  0.07650286 -0.16260749  0.18518549  0.1132821   0.32390162
  0.1397999   0.27735955  0.06529567  0.13644594  0.2365334   0.02445167
 -0.26827163  0.20188677  0.06292088  0.12603766  0.00149613  0.21312058
  0.06941741  0.01882483 -0.24763191 -0.04855313 -0.25023988 -0.05790573
  0.01024113  0.16922826 -0.06577203 -0.03895966  0.04282943  0.00755975
 -0.11386563 -0.01213358 -0.00189954  0.00082121  0.2644912   0.0979261
 -0.13494772 -0.13888548  0.11166515  0.07655574 -0.15957297  0.01852816
  0.14347064 -0.18359461  0.2773215   0.28716898  0.03837913 -0.08074751
  0.01630557  0.10068168 -0.08434685  0.1955245  -0.02148291 -0.12313499]",uraian mata kuliah pada kuliah ini akan membahas tentang konsep  struktur dan mekanisme pemodelan jaringan dan simulasi komputer  ia juga menyajikan  sejelas dan selengkap mungkin  sifat dan karakteristik simulasi komputer dan pemodelan jaringan  topik yang dibahas meliputi gambaran umum simulasi komputer dan jaringan  membangun model konseptual dan pemodelan jaringan  simulasi probabilitas  simulasi variabel acak  dan proses stokastik  simulasi kejadian diskrit  grafik kejadian  membangun program simulasi dari simulasi hingga penerapan  teori antrian  simulasi proses antrian  hingga model layering jaringan  tujuan kursus setelah menyelesaikan kursus ini  siswa harus dapat memahami konsep  struktur  dan mekanisme simulasi komputer dan pemodelan jaringan  menyajikan  sejelas mungkin  sifat dan karakteristik model konseptual dan pemodelan jaringan  memiliki pengetahuan tentang simulasi probabilitas  memiliki pengetahuan tentang simulasi variabel acak  memiliki pengetahuan tentang proses stokastik  memiliki pengetahuan tentang simulasi kejadian diskrit dan grafik kejadian  memiliki pengetahuan tentang membangun program simulasi mulai dari simulasi hingga penerapan  memiliki pengetahuan tentang teori antrian  memiliki pengetahuan tentang pemodelan masukan dan analisis keluaran  memiliki pengetahuan tentang alat dan pendekatan pemodelan untuk simulasi perangkat keras dan sistem  memiliki pengetahuan tentang pembangkitan variasi acak dan pembangkitan bilangan acak  memiliki pengetahuan tentang model layering jaringan  f silabus ppkr1 tif305  rencana pembelajaran semester  metode pengajaran pengajaran di kelas terdiri dari ceramah dan pemecahan masalah praktis  dilengkapi dengan alat bantu visual yang dirancang untuk membantu siswa agar berhasil memenuhi tujuan pembelajaran kursus  sangat penting bahwa siswa mengambil minat aktif dalam kursus  untuk berhasil dalam mata kuliah ini  siswa harus membaca  berpikir  dan menulis secara kritis dan analitis dan ini membutuhkan waktu dan latihan  latihan seperti itu hanya dapat dicapai dengan latihan kerja  ketika masalah muncul  dan masalah itu akan terjadi  siswa harus mengajukan pertanyaan yang mungkin ditujukan kepada instruktur atau siswa lain dalam berbagai cara  siswa juga didorong untuk bekerja sama dalam kumpulan masalah sebagai bagian dari latihan mereka  namun  individu pada akhirnya harus menunjukkan pemahaman materi dengan menuliskan solusinya sendiri tanpa bantuan siswa lain atau karya tertulis mereka  rata rata siswa perlu menghabiskan setidaknya 6 jam belajar dan persiapan per minggu untuk kursus ini,"['menulis', 'menunjukkan', 'membaca', 'memahami', 'menuliskan', 'membangun']","{'C6', 'C1', 'C4', 'C2', 'C3'}",Hard,0.893877726921445,0.10612227307855499
TIF307,Komunikasi Nirkabel,"deskripsi kursus deskripsi matakuliah ini memandu siswa mempelajari komunikasi nirkabel dan seluler mulai dari pengenalan, tantangan atau permasalahan yang dihadapi serta metode yang digunakan untuk mengatasi interferensi. topik yang dibahas meliputi kehilangan jalur dan multipath, kapasitas saluran, modulasi digital dan tinjauan deteksi, fading, keragaman, pengkodean, pemerataan, multicarrier, multi pengguna, spektrum penyebaran, dan sistem seluler. tujuan mata kuliah kompetensi kompetensi yang dibebankan pada mata kuliahliah Pada akhir mata kuliah ini, mahasiswa harus mampu memahami topik komunikasi nirkabel dan komunikasi bergerak, mulai dari prinsip dasar, metode mengatasi gangguan komunikasi dan perkembangan teknologi nirkabel. metode pengajaran metode pembelajaran dosen dapat menggunakan ceramah, soal dan latihan praktikum komputer dari buku teks dalam presentasi power point dan diskusi interaktif baik melalui cara tatap muka konvensional atau melalui sistem pengelolaan kursus online. f silabus ppkr1 (rencana pembelajaran semester) tif307 hal. 2/3",deskripsi kursus deskripsi matakuliah memandu siswa mempelajari komunikasi nirkabel seluler pengenalan tantangan permasalahan dihadapi metode mengatasi interferensi topik dibahas meliputi kehilangan jalur multipath kapasitas saluran modulasi digital tinjauan deteksi fading keragaman pengkodean pemerataan multicarrier multi pengguna spektrum penyebaran sistem seluler tujuan mata kuliah kompetensi kompetensi dibebankan mata kuliahliah mata kuliah mahasiswa memahami topik komunikasi nirkabel komunikasi bergerak prinsip dasar metode mengatasi gangguan komunikasi perkembangan teknologi nirkabel metode pengajaran metode pembelajaran dosen ceramah latihan praktikum komputer buku teks presentasi power point diskusi interaktif tatap muka konvensional sistem pengelolaan kursus online f silabus ppkr rencana pembelajaran semester tif,"[ 0.11141958  0.18117824  0.01039429 -0.07665581  0.00488318 -0.01255755
  0.02193477  0.14923689 -0.07329466  0.04486231  0.05221252  0.11177278
  0.17969057  0.06644288  0.02235779  0.15502407  0.14013366  0.10662316
  0.04555497 -0.15592831  0.10388347 -0.07795415  0.13816407 -0.00265407
 -0.15923749  0.0234536   0.14644513 -0.28414655  0.13164736 -0.19063754
 -0.05728135  0.2645427   0.10215354  0.11403247 -0.18990847  0.17348109
  0.07383759  0.07221553 -0.197177   -0.03932514  0.16845348 -0.02749561
  0.12024231  0.08643141  0.04364898 -0.40045616 -0.22864807 -0.2069957
 -0.09254559 -0.29210013 -0.06106006  0.02985103 -0.0300358   0.01107015
  0.05462328  0.09015211  0.11116096  0.21091704 -0.16174155  0.10741852
  0.05612051 -0.11230908  0.08473408  0.19022863 -0.00075283  0.09776729
  0.10802361  0.44923297  0.04940471  0.05511613 -0.49696928 -0.08983553
  0.01458068  0.11021727 -0.0701092   0.28342277 -0.02097138  0.0835665
  0.22859457 -0.04897008  0.19820824 -0.13292009 -0.0500494  -0.00284806
  0.0164131  -0.03502049 -0.11746087 -0.13350219 -0.17251569 -0.25193363
 -0.15526435 -0.08706    -0.05480108  0.12115641 -0.20743385 -0.08737649
  0.05800693 -0.31592098  0.16653216  0.39836973 -0.02985696 -0.03766152
  0.20649244  0.10861526 -0.03114425 -0.02438584  0.19055572 -0.22778834
  0.0591374  -0.01932359 -0.06431688 -0.09220684 -0.12030945 -0.12416895
  0.10803705  0.10534254  0.3182282   0.09155394  0.22193952  0.16708115
 -0.2428711  -0.07974386  0.0941691   0.0569498   0.12321953 -0.2346018
  0.00107278  0.07659892 -0.13122825 -0.16941538 -0.10253812  0.17353943
  0.01035721  0.20559667  0.11173147 -0.01440709  0.03525386 -0.08859783
 -0.12980469  0.17257759  0.04957195  0.26289785  0.4502415   0.00423325
 -0.16301233  0.13460751 -0.03458148 -0.08074814  0.09901424 -0.03110947
  0.23986268 -0.20866151  0.323243   -0.13289124  0.0377411  -0.01820625
  0.25351724 -0.06620488  0.05355332 -0.20638117 -0.13226637  0.20776702
  0.19460624  0.1482391  -0.08525885  0.02467752  0.02786085 -0.14796989
 -0.09736688 -0.06306829  0.0554897  -0.14596775  0.09524781 -0.10602105
  0.13423046 -0.09873047 -0.06620958  0.08600971 -0.1679556  -0.19537264
 -0.01886263 -0.15679623  0.20608425 -0.06373442 -0.06345685 -0.10857203
 -0.0740896  -0.02155566 -0.06381255  0.07540578 -0.13529433 -0.08136031
  0.29574057 -0.2420247  -0.2027614  -0.17203626  0.1690811  -0.40961736
 -0.3745514  -0.04811141 -0.17190617 -0.02580451 -0.16954765  0.1441195
 -0.23332107 -0.06914216  0.11581469 -0.04137728  0.10578442 -0.00887016
  0.01148408 -0.12672281 -0.17530534 -0.04020249  0.17291449 -0.1881371
 -0.10979624  0.17205471  0.0011451   0.10924915  0.01012958  0.06891416
  0.29275125 -0.19868703 -0.18171674  0.2598245  -0.39452124  0.11197235
  0.17106616  0.01089259  0.01330237 -0.02492589  0.03644273  0.11423717
 -0.2772716  -0.04575963 -0.04375741  0.04324461 -0.08889434 -0.20228295
 -0.00294273  0.03180356 -0.08673344 -0.17111774 -0.06226604  0.02411754
 -0.213634   -0.27628493  0.11605958  0.05306886  0.09918143 -0.13419643
 -0.10609239  0.07921383  0.11915065  0.00476787  0.11008784  0.04298462
 -0.03310317  0.04149702  0.15203497  0.04225675 -0.0805402   0.05960549
  0.18406421 -0.0078992  -0.07583759  0.03564274  0.05423616 -0.0075657
 -0.26910716  0.03001658 -0.02813803 -0.11631094  0.0827411  -0.05167842
  0.07244372 -0.18698397  0.01403541  0.07260384 -0.15181397  0.0728584
  0.00337717 -0.0128376   0.21037745 -0.12079335 -0.18664515  0.01188448
 -0.00749994  0.13427256 -0.0744749  -0.20429058 -0.11279168 -0.0270149
 -0.00177512  0.18104845 -0.0693907  -0.19299014 -0.05883871  0.0395285
 -0.15148714  0.11975831 -0.42439166  0.108289   -0.02660525 -0.21021658
  0.02247957 -0.16604921 -0.00484664  0.00309862  0.06365915 -0.01473185
  0.13791676 -0.2025362   0.04646714  0.03404629 -0.40193045 -0.10372198
  0.01823226 -0.25053015 -0.04044566 -0.02131416 -0.20396857 -0.09161639
  0.0293362   0.18843691  0.01970798 -0.03874129 -0.02283741  0.13926716
 -0.10983054  0.09247994 -0.3282207   0.17424011  0.077837    0.25681993
  0.04312199  0.07923579  0.14747973  0.22440398  0.30579096 -0.03663188
 -0.33806455  0.33380008 -0.08121496  0.11838694  0.22188428  0.127402
  0.04097883 -0.03797197  0.00054085  0.09772924 -0.049185    0.12197219
 -0.12462982  0.09744933  0.10287137 -0.06863277  0.15809971  0.31002218
 -0.09972678 -0.08971953  0.20831186  0.10422908  0.23512487 -0.05535296
 -0.00276022 -0.10949888 -0.03819858  0.23178267 -0.00906277 -0.14124376
  0.07492522 -0.21629877  0.21272206 -0.12241467  0.1896875  -0.07144459
 -0.21078417  0.09615634 -0.1512992   0.28030092 -0.03296179  0.11409887]",deskripsi kursus deskripsi matakuliah ini memandu siswa mempelajari komunikasi nirkabel dan seluler mulai dari pengenalan  tantangan atau permasalahan yang dihadapi serta metode yang digunakan untuk mengatasi interferensi  topik yang dibahas meliputi kehilangan jalur dan multipath  kapasitas saluran  modulasi digital dan tinjauan deteksi  fading  keragaman  pengkodean  pemerataan  multicarrier  multi pengguna  spektrum penyebaran  dan sistem seluler  tujuan mata kuliah kompetensi kompetensi yang dibebankan pada mata kuliahliah pada akhir mata kuliah ini  mahasiswa harus mampu memahami topik komunikasi nirkabel dan komunikasi bergerak  mulai dari prinsip dasar  metode mengatasi gangguan komunikasi dan perkembangan teknologi nirkabel  metode pengajaran metode pembelajaran dosen dapat menggunakan ceramah  soal dan latihan praktikum komputer dari buku teks dalam presentasi power point dan diskusi interaktif baik melalui cara tatap muka konvensional atau melalui sistem pengelolaan kursus online  f silabus ppkr1  rencana pembelajaran semester  tif307 hal  2 3,"['memahami', 'menggunakan']","{'C2', 'C3'}",Hard,0.8244685585180896,0.17553144148191036
TIF309,Sistem Terdistribusi,"Error 500 (Server Error)!!1500.That’s an error.There was an error. Please try again later.That’s all we know. tujuan kursus Tujuan kursus ini adalah sebagai berikut menyajikan prinsip-prinsip yang mendasari fungsi sistem terdistribusi dan perluasannya pada komputasi grid, komputasi awan, dan teknik virtualisasi. menciptakan kesadaran akan tantangan teknis mendasar dalam desain dan implementasi sistem terdistribusi. memaparkan siswa pada teknologi terkini yang digunakan untuk membangun arsitektur guna meningkatkan infrastruktur komputasi terdistribusi dengan berbagai prinsip dan paradigma komputasi, termasuk komputasi grid dan cloud. meningkatkan pemahaman siswa tentang isu-isu utama yang terkait dengan interoperabilitas multi level di seluruh infrastruktur terdistribusi dan di berbagai sumber daya yang heterogen dan terdistribusi dalam lingkungan komputasi yang berubah secara dinamis. memaparkan siswa pada masalah penelitian masa lalu dan terkini di bidang sistem terdistribusi dan tantangan baru dalam komputasi awan. memberikan pengalaman dalam menganalisis model komputasi terdistribusi dan mengimplementasikan ritme algo khas yang digunakan dalam sistem terdistribusi dan aplikasi terdistribusi di infrastruktur cloud. menjelaskan apa itu sistem terdistribusi, mengapa siswa merancang suatu sistem sebagai sistem terdistribusi, dan apa sifat-sifat yang diinginkan dari sistem tersebut. membuat daftar prinsip-prinsip yang mendasari berfungsinya sistem terdistribusi, menjelaskan masalah dan tantangan yang terkait dengan prinsip-prinsip ini dan mengevaluasi efektivitas dan kekurangan solusinya. mengenali bagaimana prinsip-prinsip tersebut diterapkan dalam sistem terdistribusi kontemporer, menjelaskan bagaimana prinsip-prinsip tersebut mempengaruhi desain perangkat lunak, dan mampu mengidentifikasi fitur dan keputusan desain yang mungkin menyebabkan masalah. f silabus ppkr1 tif309 (rencana pembelajaran semester) merancang sistem terdistribusi yang memenuhi persyaratan sehubungan dengan sifat-sifat utama sistem terdistribusi (seperti skalabilitas, transparansi, dll), mampu mengenali ketika hal ini tidak memungkinkan dan menjelaskan alasannya. membangun perangkat lunak sistem terdistribusi menggunakan mekanisme os dasar serta perangkat lunak dan bahasa tingkat menengah yang lebih tinggi. metode pengajaran pengajaran di kelas terdiri dari ceramah dan pemecahan masalah praktis, dilengkapi dengan alat bantu visual yang dirancang untuk membantu siswa agar berhasil mencapai tujuan pembelajaran kursus. sangat penting bahwa siswa mengambil minat aktif dalam kursus. untuk berhasil dalam mata kuliah ini, siswa harus membaca, berpikir, dan menulis secara kritis dan analitis dan ini membutuhkan waktu dan latihan. latihan seperti itu hanya dapat dicapai dengan latihan kerja. ketika masalah muncul, dan masalah itu akan terjadi, siswa harus mengajukan pertanyaan yang mungkin ditujukan kepada instruktur atau siswa lain dalam berbagai cara. siswa juga didorong untuk bekerja sama dalam kumpulan masalah sebagai bagian dari latihan mereka. namun, individu pada akhirnya harus menunjukkan pemahaman materi dengan menuliskan solusinya sendiri tanpa bantuan siswa lain atau karya tertulis mereka. rata-rata siswa perlu menghabiskan setidaknya 9 jam belajar dan persiapan per minggu untuk kursus ini.",error server errorthats errorthere error please try laterthats know tujuan kursus tujuan kursus menyajikan prinsipprinsip mendasari fungsi sistem terdistribusi perluasannya komputasi grid komputasi awan teknik virtualisasi menciptakan kesadaran tantangan teknis mendasar desain implementasi sistem terdistribusi memaparkan siswa teknologi terkini membangun arsitektur meningkatkan infrastruktur komputasi terdistribusi prinsip paradigma komputasi komputasi grid cloud meningkatkan pemahaman siswa isuisu utama terkait interoperabilitas multi level infrastruktur terdistribusi sumber daya heterogen terdistribusi lingkungan komputasi berubah dinamis memaparkan siswa penelitian terkini bidang sistem terdistribusi tantangan komputasi awan pengalaman menganalisis model komputasi terdistribusi mengimplementasikan ritme algo khas sistem terdistribusi aplikasi terdistribusi infrastruktur cloud sistem terdistribusi siswa merancang sistem sistem terdistribusi sifatsifat sistem daftar prinsipprinsip mendasari berfungsinya sistem terdistribusi tantangan terkait prinsipprinsip mengevaluasi efektivitas kekurangan solusinya mengenali prinsipprinsip diterapkan sistem terdistribusi kontemporer prinsipprinsip mempengaruhi desain perangkat lunak mengidentifikasi fitur keputusan desain menyebabkan f silabus ppkr tif rencana pembelajaran semester merancang sistem terdistribusi memenuhi persyaratan sehubungan sifatsifat utama sistem terdistribusi skalabilitas transparansi dll mengenali alasannya membangun perangkat lunak sistem terdistribusi mekanisme o dasar perangkat lunak bahasa tingkat menengah metode pengajaran pengajaran kelas ceramah pemecahan praktis dilengkapi alat bantu visual dirancang membantu siswa berhasil mencapai tujuan pembelajaran kursus siswa mengambil minat aktif kursus berhasil mata kuliah siswa membaca berpikir menulis kriti analitis membutuhkan latihan latihan dicapai latihan kerja muncul siswa mengajukan instruktur siswa siswa didorong kumpulan latihan individu pemahaman materi menuliskan solusinya bantuan siswa karya tertulis ratarata siswa menghabiskan jam belajar persiapan minggu kursus,"[ 3.81583050e-02  7.54986629e-02 -6.16419651e-02 -1.86440930e-01
 -7.22539797e-02 -1.16114676e-01 -2.81531155e-01 -3.71067598e-02
 -1.33662015e-01  2.45384231e-01  5.23492694e-02  5.59953451e-02
  2.63370872e-01  9.32102874e-02 -3.46575379e-02  1.17878675e-01
 -7.38729239e-02 -1.33226991e-01  1.39567107e-01  1.08296424e-01
  9.11677778e-02 -2.26996571e-01  7.38402978e-02  1.15222163e-01
 -1.47842601e-01  1.77848432e-02  7.07874000e-02 -3.72161195e-02
  2.67729998e-01 -3.25023323e-01  1.15248106e-01  1.68761641e-01
  4.88454178e-02  5.78940883e-02 -1.88328829e-02  2.24089265e-01
  1.04425400e-01 -1.10555127e-01 -3.30013573e-01 -4.31648456e-02
  1.01801485e-01 -6.10362068e-02  5.86964004e-02  1.04920231e-01
  2.10345350e-02 -2.39613563e-01  6.85550272e-02 -1.22453675e-01
 -1.17743134e-01 -2.55982310e-01 -3.10126841e-01 -9.76512581e-02
 -1.34296296e-02 -1.55141622e-01 -1.55469835e-01  2.39289657e-04
  4.60447907e-01  1.73440218e-01 -2.05117807e-01 -1.05965920e-01
  8.03229734e-02 -1.78544372e-01 -6.99959695e-03  1.68101624e-01
  7.63558969e-02 -2.34081000e-02 -2.37562470e-02  1.03660867e-01
  9.64242518e-02 -3.25875618e-02 -4.31973100e-01  3.02758552e-02
 -1.25496760e-01  3.79773378e-02  1.91623896e-01  1.07889272e-01
 -2.76510771e-02  5.68693411e-03  3.66645634e-01 -1.57591015e-01
  2.01016292e-01  1.25497691e-02 -1.45753315e-02  1.49621174e-01
 -6.47657216e-02  4.04533446e-02  1.07785612e-01 -7.31697306e-02
  1.18374422e-01 -1.74704581e-01 -2.74472013e-02 -9.24892426e-02
 -1.24729589e-01 -5.13120890e-02 -6.19880948e-03 -1.38498664e-01
 -6.29683211e-02 -2.75466859e-01  6.07665256e-02  4.19005126e-01
 -1.17833711e-01 -1.14454046e-01 -3.32036689e-02 -1.54458076e-01
  9.56492946e-02 -2.60105580e-02  1.52378485e-01 -2.04943866e-01
  1.71278238e-01  8.07015002e-02  8.16732571e-02  1.41425189e-02
 -1.48500755e-01 -1.46466315e-01 -5.06547764e-02  1.79869145e-01
  5.26315067e-04 -4.72892821e-02 -3.15995924e-02  3.61325070e-02
 -2.25055963e-01 -1.89570755e-01  2.34380662e-01 -4.43464890e-02
  2.04418868e-01 -2.16609418e-01  2.14903243e-02 -6.90917745e-02
 -1.91168845e-01 -1.98329672e-01  3.44372801e-02 -1.55446932e-01
  1.15456551e-01 -6.73513860e-05  2.57956713e-01 -4.47219126e-02
  8.96683857e-02 -1.85760260e-01 -5.15349656e-02  2.23170489e-01
  2.89209224e-02  3.40913147e-01  2.32877463e-01  8.89237300e-02
 -1.77053306e-02  1.58916309e-01  1.10319220e-01 -1.46775901e-01
  1.56064823e-01  4.00948618e-03  3.17405432e-01 -1.60939962e-01
  1.29720166e-01 -1.78252347e-02  9.75292642e-03  2.60929555e-01
  2.18424007e-01 -1.81184947e-01  2.63267040e-01 -1.39658779e-01
 -1.85291931e-01  1.36766568e-01  1.06075861e-01  5.23874462e-02
  1.29416669e-02 -1.67640641e-01  4.11015525e-02 -2.43747845e-01
 -1.09496310e-01  1.15992226e-01  2.16652036e-01 -1.70550585e-01
 -7.01630786e-02 -1.55216798e-01  1.23188160e-01  9.17222649e-02
  2.02152640e-01  6.87078685e-02 -8.20835233e-02 -6.11439394e-03
  1.95985973e-01 -2.49853432e-01  2.41119683e-01 -7.31496662e-02
  6.55257851e-02 -1.73404351e-01 -7.10939243e-03  1.04020789e-01
 -3.00353825e-01 -9.08978004e-03 -2.01944634e-01 -5.82268126e-02
  1.89649582e-01 -1.45032734e-01 -1.87430665e-01 -5.59312031e-02
  3.04523438e-01 -3.01846087e-01 -5.42004369e-02 -6.61533698e-02
 -1.92412645e-01  1.07736245e-01 -1.16289273e-01 -3.48816998e-02
 -2.36728117e-01 -3.05086076e-01  1.84482578e-02 -4.36288901e-02
 -6.18803203e-02 -1.19230151e-02  5.04817534e-03 -8.30347613e-02
 -2.00680375e-01  5.51147163e-02  1.42711729e-01  2.38439128e-01
  8.71010944e-02 -4.60087433e-02 -1.58167735e-01 -1.64680760e-02
  8.94698203e-02  1.85747042e-01  8.75569060e-02 -1.69621304e-01
 -3.28049570e-01  1.08072400e-01 -4.94646549e-01  7.63446540e-02
  1.72824368e-01  4.33722734e-02  3.78616676e-02 -1.42557263e-01
  1.78189203e-01  2.25258768e-01 -1.91043854e-01 -1.66107211e-02
  8.62336010e-02  1.56941921e-01 -2.89339274e-01 -7.87684172e-02
 -1.02083227e-02 -2.06922486e-01 -9.88361165e-02 -4.45160642e-02
 -1.48362905e-01  2.26465613e-01 -3.09748679e-01  6.13697767e-02
  1.89381599e-01  1.27405837e-01  8.83586146e-03 -1.35455178e-02
 -2.78316349e-01  1.09917924e-01  1.92514416e-02  8.19054060e-03
 -4.77571338e-02  7.71192275e-03  1.46533430e-01  4.34053689e-02
  1.52960196e-01 -1.48951381e-01 -1.49827480e-01  1.58759639e-01
  7.56226182e-02 -1.46904260e-01 -1.71373516e-01  2.37582251e-02
 -1.40313223e-01  1.43206539e-03 -5.17889857e-05 -1.10037029e-02
  2.15781882e-01  7.09603950e-02 -2.83456128e-02 -3.89316902e-02
  1.96756870e-01 -6.89957067e-02  1.84549302e-01  1.96517974e-01
 -4.14537042e-02  2.38217190e-01  1.70588478e-01 -1.29848674e-01
 -7.36776069e-02 -6.41676039e-02 -1.06108151e-01 -1.12562865e-01
 -8.77001956e-02  2.25663856e-01 -1.04887612e-01  1.83589950e-01
 -3.28118861e-01 -6.01247251e-02 -8.12923461e-02 -2.16318015e-02
  1.73912853e-01 -2.03073651e-01  5.51674627e-02 -3.61133441e-02
  4.32469882e-04  2.82986224e-01 -8.83916989e-02 -8.59118775e-02
  1.81449279e-02 -8.64996985e-02  8.12671930e-02 -1.09764859e-01
 -4.56616282e-02 -9.08131972e-02  2.55452096e-01 -2.62601793e-01
  4.43915799e-02 -4.72939685e-02  2.13704128e-02 -1.63714290e-01
 -1.48815483e-01  1.23404935e-01  1.50656164e-01 -2.19970733e-01
 -2.43995134e-02 -5.48000932e-02 -1.91122591e-01 -5.24487235e-02
  1.84134737e-01  6.46273717e-02  7.36061530e-03  1.50996119e-01
  5.51055279e-03 -5.83119914e-02  5.15468419e-03 -5.69489524e-02
 -7.05069304e-02  7.30387121e-02  1.11047305e-01 -5.19502759e-02
  1.56336010e-01  3.63413095e-01  1.21174995e-02 -8.38975161e-02
  3.51397634e-01 -4.08456214e-02 -5.04738465e-02 -4.51887622e-02
 -5.58830202e-02  1.00637287e-01  1.26968890e-01  2.52428025e-01
  6.10138327e-02 -4.78460640e-02 -2.34260410e-02  2.12287214e-02
 -1.34590745e-01 -7.84770101e-02  5.35727814e-02  2.52650261e-01
 -7.50175565e-02  3.94731313e-02  1.33253515e-01  2.63178915e-01
 -2.36869767e-01  8.41919854e-02  1.07437536e-01  6.53757080e-02
  1.64887402e-02  2.45550334e-01 -3.21496964e-01  1.55847132e-01
  1.79387316e-01  1.94601715e-01 -1.58809721e-01 -1.72740985e-02
  7.90443197e-02 -2.21800581e-02  2.54064947e-01  9.69599262e-02
  1.24972835e-02 -2.63915628e-01 -4.30123694e-02  1.25064448e-01
 -1.26838446e-01  1.70331597e-01 -2.10864916e-01  3.98537219e-02]",error 500  server error   1500 that s an error there was an error  please try again later that s all we know  tujuan kursus tujuan kursus ini adalah sebagai berikut menyajikan prinsip prinsip yang mendasari fungsi sistem terdistribusi dan perluasannya pada komputasi grid  komputasi awan  dan teknik virtualisasi  menciptakan kesadaran akan tantangan teknis mendasar dalam desain dan implementasi sistem terdistribusi  memaparkan siswa pada teknologi terkini yang digunakan untuk membangun arsitektur guna meningkatkan infrastruktur komputasi terdistribusi dengan berbagai prinsip dan paradigma komputasi  termasuk komputasi grid dan cloud  meningkatkan pemahaman siswa tentang isu isu utama yang terkait dengan interoperabilitas multi level di seluruh infrastruktur terdistribusi dan di berbagai sumber daya yang heterogen dan terdistribusi dalam lingkungan komputasi yang berubah secara dinamis  memaparkan siswa pada masalah penelitian masa lalu dan terkini di bidang sistem terdistribusi dan tantangan baru dalam komputasi awan  memberikan pengalaman dalam menganalisis model komputasi terdistribusi dan mengimplementasikan ritme algo khas yang digunakan dalam sistem terdistribusi dan aplikasi terdistribusi di infrastruktur cloud  menjelaskan apa itu sistem terdistribusi  mengapa siswa merancang suatu sistem sebagai sistem terdistribusi  dan apa sifat sifat yang diinginkan dari sistem tersebut  membuat daftar prinsip prinsip yang mendasari berfungsinya sistem terdistribusi  menjelaskan masalah dan tantangan yang terkait dengan prinsip prinsip ini dan mengevaluasi efektivitas dan kekurangan solusinya  mengenali bagaimana prinsip prinsip tersebut diterapkan dalam sistem terdistribusi kontemporer  menjelaskan bagaimana prinsip prinsip tersebut mempengaruhi desain perangkat lunak  dan mampu mengidentifikasi fitur dan keputusan desain yang mungkin menyebabkan masalah  f silabus ppkr1 tif309  rencana pembelajaran semester  merancang sistem terdistribusi yang memenuhi persyaratan sehubungan dengan sifat sifat utama sistem terdistribusi  seperti skalabilitas  transparansi  dll   mampu mengenali ketika hal ini tidak memungkinkan dan menjelaskan alasannya  membangun perangkat lunak sistem terdistribusi menggunakan mekanisme os dasar serta perangkat lunak dan bahasa tingkat menengah yang lebih tinggi  metode pengajaran pengajaran di kelas terdiri dari ceramah dan pemecahan masalah praktis  dilengkapi dengan alat bantu visual yang dirancang untuk membantu siswa agar berhasil mencapai tujuan pembelajaran kursus  sangat penting bahwa siswa mengambil minat aktif dalam kursus  untuk berhasil dalam mata kuliah ini  siswa harus membaca  berpikir  dan menulis secara kritis dan analitis dan ini membutuhkan waktu dan latihan  latihan seperti itu hanya dapat dicapai dengan latihan kerja  ketika masalah muncul  dan masalah itu akan terjadi  siswa harus mengajukan pertanyaan yang mungkin ditujukan kepada instruktur atau siswa lain dalam berbagai cara  siswa juga didorong untuk bekerja sama dalam kumpulan masalah sebagai bagian dari latihan mereka  namun  individu pada akhirnya harus menunjukkan pemahaman materi dengan menuliskan solusinya sendiri tanpa bantuan siswa lain atau karya tertulis mereka  rata rata siswa perlu menghabiskan setidaknya 9 jam belajar dan persiapan per minggu untuk kursus ini,"['menulis', 'membuat', 'meningkatkan', 'mengevaluasi', 'membuat daftar', 'mengimplementasikan', 'menjelaskan', 'menunjukkan', 'membaca', 'menganalisis', 'mengidentifikasi', 'menuliskan', 'membangun', 'menciptakan', 'merancang', 'menggunakan']","{'C6', 'C1', 'C5', 'C4', 'C2', 'C3'}",Hard,0.9378225838594448,0.0621774161405553
TIF310,Interpersonal Skill,"course description deskripsi matakuliah interpersonal skill merupakan bagian dari soft skills dalam pengembangan karakter yang merupakan tuntutan dari perkembangan zaman seperti media sosial, pasar bebas, teknologi, informasi dan tantangan kebutuhan global. tuntutan dari perkembangan paham inklusi sosial, budaya, ekonomi dan perkembangan politik agar bijak dan cakap dalam membangun relasi sosial antar sesama manusia didalam pekerjaaan, komunitas dan hidup sehari hari, di masyarakat, di kantor, di media sosial, di jalan, di dalam organisasi, di dunia bisnis dan lain lain. course objectives sasaran kompetensi lulusan yang dibebankan pada matakuliah mengaktualisasi diri secara baik, berani dan benar ( citra diri yang baik ). menjaga keharmonisan dalam hubungan pergaulan hidup sehari hari dimana saja dan kapan saja. mengkomunikasikan informasi yang benar, cepat dan tepat. membangun komunitas atau team yang solid, harmonis dan bersinergi secara baik dan optimal. menempatkan diri secara benar dan tepat pada bidangnya menjadi pemecah masalah bukan sumber masalah. menjadi pribadi yang menyenangkan dan yang bermanfaat bagi dunia dan kemuliaan tuhan menjadi negosiator, persuasitor dan pemimpin yang bijak, cakap dan berhasil metode pengajaran metode pembelajaran pengajaran kelas meliputi pengenalan, konsep, diskusi kelompok, contoh dunia nyata, studi kasus, pembelajaran berbasis masalah dan menulis serta menyajikan makalah. mahasiswa diharapkan sudah membaca materi mata kuliah di power point atau text book sebelum di kelas",course description deskripsi matakuliah interpersonal skill soft skill pengembangan karakter tuntutan perkembangan zaman medium sosial pasar bebas teknologi informasi tantangan kebutuhan global tuntutan perkembangan paham inklusi sosial budaya ekonomi perkembangan politik bijak cakap membangun relasi sosial manusia didalam pekerjaaan komunitas hidup sehari masyarakat kantor medium sosial jalan organisasi dunia bisnis course objective sasaran kompetensi lulusan dibebankan matakuliah mengaktualisasi berani citra menjaga keharmonisan hubungan pergaulan hidup sehari dimana mengkomunikasikan informasi cepat membangun komunitas team solid harmonis bersinergi optimal menempatkan bidangnya pemecah sumber pribadi menyenangkan bermanfaat dunia kemuliaan tuhan negosiator persuasitor pemimpin bijak cakap berhasil metode pengajaran metode pembelajaran pengajaran kelas meliputi pengenalan konsep diskusi kelompok contoh dunia nyata studi pembelajaran berbasis menulis menyajikan makalah mahasiswa diharapkan membaca materi mata kuliah power point text book kelas,"[ 9.34672803e-02  2.22852826e-02  1.02695093e-01 -1.31981939e-01
 -1.39755160e-01 -1.10218301e-01  2.00430676e-01 -3.86858638e-03
 -5.06973267e-02  9.66534764e-02  1.85048193e-01 -4.90529351e-02
  1.49643376e-01 -3.25445645e-02  9.54643488e-02  1.93617389e-01
 -8.51194561e-02  1.85921744e-01 -2.55844504e-01 -1.37409836e-01
 -3.69888619e-02 -2.27112859e-01  4.54288423e-02 -9.13989171e-02
  3.19454968e-02 -2.13887338e-02  6.45519421e-02 -1.55375630e-01
  2.47030526e-01 -1.08639404e-01  7.06761032e-02 -3.01307514e-02
  4.18944091e-01  2.93678939e-01 -4.60861087e-01  4.44823623e-01
 -2.01982290e-01 -4.55236295e-04  5.35610169e-02 -8.16914737e-02
  5.87478280e-02 -1.86356485e-01  3.43845747e-02  3.95223387e-02
  1.22847937e-01 -1.34729877e-01 -6.54182807e-02 -1.04725614e-01
 -2.29946792e-01 -1.69415236e-01 -3.18805248e-01 -6.90557510e-02
 -1.20502003e-02  7.59535134e-02  1.13762520e-01  1.85687721e-01
  1.12138189e-01  2.16773927e-01  1.23841017e-02  1.30984619e-01
  4.80928719e-02 -3.95937040e-02  1.62994154e-02  1.93117023e-01
  1.03129700e-01  8.94536963e-04 -1.30357400e-01  4.32104051e-01
 -3.51630509e-01 -1.32629335e-01 -6.52068928e-02 -3.19545306e-02
 -1.79304048e-01  1.20831929e-01  7.46547505e-02  2.82814413e-01
  4.34176298e-03 -4.92100045e-02  1.26042096e-02  1.72232948e-02
  3.28021407e-01  9.70882364e-03  3.27922478e-02  1.84804648e-01
 -1.12013020e-01 -9.75792110e-02  4.93772477e-02 -1.99041918e-01
  6.53777644e-03 -4.83255833e-02 -1.18854046e-01 -7.08130896e-02
 -1.34534210e-01  4.68733832e-02  2.72364356e-02 -7.79848099e-02
  8.42892453e-02 -2.72807479e-01 -7.46017247e-02  3.83795410e-01
 -3.66337508e-01  1.37059420e-01 -3.50034013e-02  1.56607702e-01
  7.13596344e-02  9.09999162e-02  1.65536880e-01 -3.60744119e-01
 -1.30622849e-01  7.32384622e-02  4.71970737e-02 -1.96128175e-01
 -2.92884797e-01 -1.34384304e-01  1.54643998e-01  7.88838789e-02
  9.72538069e-02  1.69125825e-01  1.48972273e-01  1.14302337e-01
 -1.69064924e-01  6.93212897e-02 -3.16933058e-02  2.47623008e-02
  1.94648147e-01 -8.13083500e-02  5.97068481e-03  1.64178371e-01
 -9.27445441e-02 -1.06149420e-01 -1.23949297e-01  2.73166418e-01
 -9.77447927e-02  1.79079641e-02  1.79613709e-01 -2.70254277e-02
 -5.19845672e-02 -6.78009689e-02  3.32948677e-02  1.57963604e-01
  3.64209749e-02  4.94879961e-01  3.57950449e-01  1.93739891e-01
 -1.35081932e-01  5.75103946e-02 -2.13316325e-02 -5.74001260e-02
  3.95837784e-01  5.66688552e-02  7.36452788e-02 -3.31046879e-01
  3.69142324e-01 -1.21593364e-01  4.52416390e-02 -2.24551052e-01
  9.25444514e-02 -1.32009491e-01 -5.19450754e-02  7.13977069e-02
 -1.91602185e-01  1.92553967e-01  3.52851510e-01 -1.09798945e-01
 -1.02568399e-02 -5.39950542e-02  1.10016219e-01  1.59970820e-02
 -3.52945589e-02  2.47832984e-02  5.27303526e-03  2.00380757e-03
  3.18697020e-02 -1.22307241e-03  1.95530742e-01 -1.57468632e-01
 -1.57271832e-01  2.70889044e-01 -6.14346303e-02 -1.00530878e-01
  2.88330346e-01 -2.01413959e-01 -1.44310758e-01 -8.81127082e-03
 -4.83136103e-02  5.48401102e-02 -2.27880895e-01 -2.25420907e-01
 -2.34406590e-02  9.60215554e-02 -3.83977294e-02  2.66520053e-01
  2.62924075e-01 -4.06950638e-02 -1.32617742e-01 -1.23820484e-01
  4.31943983e-01 -3.83847237e-01 -1.98116183e-01  9.24117416e-02
 -4.77331072e-01 -1.40554026e-01 -2.03276083e-01  3.37774791e-02
 -3.83962058e-02 -2.74842888e-01  4.83003370e-02  1.81893647e-01
  6.77951500e-02  1.84641019e-01 -1.37011632e-01 -5.38511313e-02
 -1.41307011e-01 -1.68225065e-01  1.39372259e-01 -2.26365924e-01
 -8.87033865e-02  1.44763589e-01  9.28532779e-02 -2.64531057e-02
 -2.04460233e-01  1.31223112e-01 -1.36379898e-01 -2.87323713e-01
 -6.14126995e-02  9.29436311e-02 -2.44943753e-01  1.80329889e-01
  2.31144875e-01 -4.36656363e-02 -1.64570838e-01  2.80869585e-02
  6.49014786e-02  3.62712234e-01 -3.32412511e-01 -1.42538115e-01
 -1.33933714e-02  8.92947912e-02 -1.04821309e-01 -1.47215992e-01
 -9.25264284e-02  1.61882117e-01 -5.36337942e-02 -1.16419427e-01
  1.10632017e-01  2.44373918e-01 -1.21536762e-01 -2.18791828e-01
 -1.21616032e-02  1.19567169e-02 -6.04627952e-02 -2.40220636e-01
 -2.52429277e-01 -3.35890576e-02  1.44571170e-01 -9.08121988e-02
 -1.04364842e-01 -1.27923533e-01 -5.83436452e-02  1.33048981e-01
 -4.69144434e-02 -1.77652985e-01 -1.20459283e-02  1.60372317e-01
  7.91811496e-02  6.03103563e-02 -1.33759364e-01  2.53011957e-02
 -8.09646845e-02  2.25587681e-01 -1.45174012e-01 -6.27266020e-02
  1.37307495e-01 -3.72349769e-02  7.16319829e-02  1.08088203e-01
 -1.43027782e-01 -1.83597386e-01 -1.03505500e-01 -9.69221368e-02
 -1.50906429e-01 -4.33489121e-02 -1.57534003e-01  5.20188063e-02
 -4.31615561e-02  4.27724719e-02 -4.44292128e-02  2.58357197e-01
  5.09802550e-02  1.34069562e-01 -1.62678525e-01  1.20491832e-01
 -2.85122097e-01 -1.21433727e-01  1.69914350e-01  1.93138346e-01
  2.55967565e-02 -1.13031298e-01 -2.67556340e-01 -1.13922998e-01
 -3.47159505e-02  2.23454595e-01 -1.34055361e-01 -5.20301647e-02
 -2.03583717e-01 -3.41666043e-01 -7.24957958e-02 -7.87234493e-03
 -2.10356593e-01  1.43462002e-01 -4.86755371e-03  4.58853133e-02
  1.25932112e-01 -6.81577902e-03 -1.20680615e-01 -2.17795782e-02
 -2.43571982e-01  2.89741643e-02 -2.03520134e-01 -2.26098254e-01
 -1.38073610e-02  2.55099218e-02 -1.93823799e-01  1.86865911e-01
 -9.97584984e-02  6.32632077e-02 -2.51335263e-01 -6.03480637e-03
 -1.87340066e-01  3.95351619e-01 -1.52001739e-01  7.57725760e-02
 -1.20999902e-01 -5.71541721e-04  1.74795002e-01 -1.34736090e-03
  2.65859485e-01  2.68818229e-01  1.06287807e-01 -2.67344452e-02
  6.54392838e-01 -2.12068465e-02 -1.75580770e-01  1.94429621e-01
 -2.41177469e-01 -1.30681142e-01  7.34694209e-03 -1.54212624e-01
 -2.22853005e-01  2.17955142e-01  1.29039600e-01  2.38677934e-01
  1.08367004e-01 -4.90639135e-02  2.27237433e-01  1.13380425e-01
 -4.56367843e-02  3.45992390e-04  8.47021490e-02  2.33769357e-01
 -1.81795448e-01  8.77611935e-02  3.49841475e-01 -1.39227994e-02
  1.12214208e-01  2.98748970e-01 -1.83951706e-01 -1.88443631e-01
  4.06641364e-02 -5.53312153e-02 -1.01498496e-02 -4.68086787e-02
 -1.00623973e-01 -1.94164366e-01  6.57542646e-02  9.63925347e-02
  2.32021168e-01  3.43309492e-01 -1.86478600e-01  9.14121419e-02
 -5.05467225e-03  2.73075938e-01 -1.90183312e-01  3.28232422e-02]",course description deskripsi matakuliah interpersonal skill merupakan bagian dari soft skills dalam pengembangan karakter yang merupakan tuntutan dari perkembangan zaman seperti media sosial  pasar bebas  teknologi  informasi dan tantangan kebutuhan global  tuntutan dari perkembangan paham inklusi sosial  budaya  ekonomi dan perkembangan politik agar bijak dan cakap dalam membangun relasi sosial antar sesama manusia didalam pekerjaaan  komunitas dan hidup sehari hari  di masyarakat  di kantor  di media sosial  di jalan  di dalam organisasi  di dunia bisnis dan lain lain  course objectives sasaran kompetensi lulusan yang dibebankan pada matakuliah mengaktualisasi diri secara baik  berani dan benar   citra diri yang baik    menjaga keharmonisan dalam hubungan pergaulan hidup sehari hari dimana saja dan kapan saja  mengkomunikasikan informasi yang benar  cepat dan tepat  membangun komunitas atau team yang solid  harmonis dan bersinergi secara baik dan optimal  menempatkan diri secara benar dan tepat pada bidangnya menjadi pemecah masalah bukan sumber masalah  menjadi pribadi yang menyenangkan dan yang bermanfaat bagi dunia dan kemuliaan tuhan menjadi negosiator  persuasitor dan pemimpin yang bijak  cakap dan berhasil metode pengajaran metode pembelajaran pengajaran kelas meliputi pengenalan  konsep  diskusi kelompok  contoh dunia nyata  studi kasus  pembelajaran berbasis masalah dan menulis serta menyajikan makalah  mahasiswa diharapkan sudah membaca materi mata kuliah di power point atau text book sebelum di kelas,"['menulis', 'membangun', 'membaca']","{'C6', 'C1', 'C3'}",Soft,0.4970234750877664,0.5029765249122334
TIF311,Multimedia Systems,"Error 500 (Server Error)!!1500.That’s an error.There was an error. Please try again later.That’s all we know. tujuan kursus setelah menyelesaikan kursus ini, siswa harus dapat memahami relevansi dan infrastruktur yang mendasari sistem multimedia. memahami teknologi dan standar multimedia inti (audio digital, grafik, video, vr, transmisi/kompresi data) menyadari faktor-faktor yang terlibat dalam kinerja sistem multimedia, topik integrasi dan evaluasi dalam modul mencakup pengenalan aplikasi dan persyaratan multimedia berikut (misalnya, ikhtisar sistem multimedia, video sesuai permintaan, televisi interaktif, konferensi video, hypermedia courseware, groupware, world wide web, dan perpustakaan digital). dasar-dasar audio/video termasuk representasi analog dan digital, persepsi manusia, dan peralatan audio/video, aplikasi. kompresi audio dan video f ppkr1 rps tif311 (rencana pembelajaran semester) – pengkode transformasi persepsi untuk gambar/video (misalnya, jpeg, mpeg, h.263, dll.), – pengkode yang dapat diskalakan (misalnya, pengkode piramida), – pengkode audio perseptual. – aplikasi dan algoritma pemrosesan gambar dan video. perangkat keras dan perangkat lunak multimedia termasuk arsitektur dan perangkat komputer, dukungan sistem operasi, protokol kerja jaringan, jaringan multicast (mbone), layanan dan toolkit sistem media berkelanjutan, serta server dan sistem penyimpanan media digital. realitas virtual multimedia tingkat lanjut, realitas tertambah, basis data multimedia/perpustakaan digital studi kasus sistem multimedia (misalnya, makalah, penelitian, lingkungan simulasi, dokumen, dll.). tujuan yang disebutkan di atas harus diselaraskan ke dalam kompetensi berikut a. pengetahuan (informasi plus pemahaman) a.pengetahuan sejarah dan umum tentang sistem multimedia a.dasar-dasar representasi multimedia, persepsi manusia, peralatan, aplikasi a.memahami cara manusia mempersepsikan suara a.memahami pemrosesan dan kompresi audio a.memahami cara manusia mempersepsikan rangsangan visual a.memahami metode dan teknik kompresi data a.memahami representasi dan kompresi gambar/video digital a.masalah kinerja sistem multimedia a.masalah multimedia tingkat lanjut b. keterampilan (penerapan pengetahuan) b.mengenali dan menerapkan berbagai sistem dan teknologi multimedia untuk tujuan yang berbeda b.mengidentifikasi media yang berbeda untuk data multimedia b.menghitung pengukuran kualitas data multimedia b.mengidentifikasi dan menggunakan format data multimedia yang berbeda b.mengidentifikasi redundansi data multimedia dan menerapkan metode kompresi data b.mengidentifikasi teknik-teknik lanjutan dalam pengkodean multimedia b.mengidentifikasi dan menggunakan metode jaringan multimedia yang berbeda c. nilai dan sikap c.menghargai nilai dasar sistem multimedia dan penggunaannya c.mengembangkan pemahaman tentang berbagai metode dan teknik yang digunakan dalam sistem multimedia c.mengembangkan keterampilan dasar analisis dan pemecahan masalah melalui penerapan sistem multimedia metode pengajaran pengajaran di kelas terdiri dari ceramah dan pemecahan masalah praktis, dilengkapi dengan alat bantu visual yang dirancang untuk membantu siswa agar berhasil mencapai tujuan pembelajaran kursus. sangat penting bahwa siswa mengambil minat aktif dalam kursus. untuk berhasil dalam mata kuliah ini, siswa harus membaca, berpikir, dan menulis secara kritis dan analitis dan ini membutuhkan waktu dan latihan. praktik seperti itu hanya dapat dicapai dengan melakukan latihan teori dan praktik. ketika masalah muncul, dan masalah itu akan terjadi, siswa harus mengajukan pertanyaan yang mungkin ditujukan kepada instruktur atau siswa lain dalam berbagai cara. siswa juga didorong untuk bekerja sama dalam kumpulan masalah sebagai bagian dari latihan mereka. namun, individu pada akhirnya harus menunjukkan pemahaman materi dengan menuliskan solusinya sendiri tanpa bantuan siswa lain atau karya tertulis mereka. rata-rata siswa perlu menghabiskan setidaknya 6 jam belajar dan persiapan per minggu untuk kursus ini.",error server errorthats errorthere error please try laterthats know tujuan kursus menyelesaikan kursus siswa memahami relevansi infrastruktur mendasari sistem multimedia memahami teknologi standar multimedia inti audio digital grafik video vr transmisikompresi data menyadari faktorfaktor terlibat kinerja sistem multimedia topik integrasi evaluasi modul mencakup pengenalan aplikasi persyaratan multimedia ikhtisar sistem multimedia video sesuai permintaan televisi interaktif konferensi video hypermedia courseware groupware world wide web perpustakaan digital dasardasar audiovideo representasi analog digital persepsi manusia peralatan audiovideo aplikasi kompresi audio video f ppkr rps tif rencana pembelajaran semester pengkode transformasi persepsi gambarvideo jpeg mpeg h dll pengkode diskalakan pengkode piramida pengkode audio perseptual aplikasi algoritma pemrosesan gambar video perangkat kera perangkat lunak multimedia arsitektur perangkat komputer dukungan sistem operasi protokol kerja jaringan jaringan multicast mbone layanan toolkit sistem medium berkelanjutan server sistem penyimpanan medium digital realitas virtual multimedia tingkat realitas tertambah basis data multimediaperpustakaan digital studi sistem multimedia makalah penelitian lingkungan simulasi dokumen dll tujuan diselaraskan kompetensi pengetahuan informasi plus pemahaman apengetahuan sejarah sistem multimedia adasardasar representasi multimedia persepsi manusia peralatan aplikasi amemahami manusia mempersepsikan suara amemahami pemrosesan kompresi audio amemahami manusia mempersepsikan rangsangan visual amemahami metode teknik kompresi data amemahami representasi kompresi gambarvideo digital amasalah kinerja sistem multimedia amasalah multimedia tingkat b keterampilan penerapan pengetahuan bmengenali menerapkan sistem teknologi multimedia tujuan berbeda bmengidentifikasi medium berbeda data multimedia bmenghitung pengukuran kualitas data multimedia bmengidentifikasi format data multimedia berbeda bmengidentifikasi redundansi data multimedia menerapkan metode kompresi data bmengidentifikasi teknikteknik lanjutan pengkodean multimedia bmengidentifikasi metode jaringan multimedia berbeda c nilai sikap cmenghargai nilai dasar sistem multimedia penggunaannya cmengembangkan pemahaman metode teknik sistem multimedia cmengembangkan keterampilan dasar analisis pemecahan penerapan sistem multimedia metode pengajaran pengajaran kelas ceramah pemecahan praktis dilengkapi alat bantu visual dirancang membantu siswa berhasil mencapai tujuan pembelajaran kursus siswa mengambil minat aktif kursus berhasil mata kuliah siswa membaca berpikir menulis kriti analitis membutuhkan latihan praktik dicapai latihan teori praktik muncul siswa mengajukan instruktur siswa siswa didorong kumpulan latihan individu pemahaman materi menuliskan solusinya bantuan siswa karya tertulis ratarata siswa menghabiskan jam belajar persiapan minggu kursus,"[ 0.22529627 -0.04378216  0.169688   -0.03086654  0.0370106  -0.03070214
 -0.12885484  0.18348867  0.01095226  0.32118556 -0.00590772 -0.03562336
  0.15788239  0.011531    0.03260464 -0.00902709  0.09442534 -0.1381944
 -0.00827456  0.02987202  0.01937365 -0.2943684   0.17845537 -0.05896989
 -0.06155498  0.03050857 -0.01131088 -0.1026418   0.14015457 -0.21295242
 -0.14677957 -0.00796054  0.23889019  0.02157233 -0.14726247  0.07788993
  0.05772541 -0.16696353 -0.38838062 -0.07690239  0.05240174 -0.1369559
  0.07081867  0.15410215 -0.01927288 -0.18637078 -0.11795305 -0.07939693
 -0.1325856  -0.01829122 -0.27872422 -0.01427533  0.0745855  -0.05949631
 -0.15287925  0.12942041  0.25766328  0.26647142 -0.22933014  0.01137305
  0.07732227 -0.19292505 -0.08498868  0.177378    0.0374778  -0.03820231
  0.03324788  0.15436119 -0.02484241 -0.09169473 -0.25664243 -0.00372093
  0.01877765  0.08627566  0.0595943  -0.02535504  0.00347453  0.03131796
  0.23552793 -0.09502326  0.31283462 -0.00829663  0.04828794  0.05964113
  0.17300954  0.03028196 -0.0841251   0.03854186 -0.2013998  -0.1447656
 -0.12259822 -0.14282174  0.03356439  0.06775015 -0.01894173 -0.19104281
 -0.02798158 -0.21480778  0.09592403  0.24993831 -0.12498424 -0.14290689
  0.00730641 -0.02086349 -0.04226547 -0.00172619  0.19450895  0.05107218
  0.13922444  0.03198784  0.01172992 -0.03804027 -0.22945721  0.06942683
  0.14438929  0.19061399 -0.00997407  0.11495464  0.15726581  0.01202934
 -0.06684674 -0.13474807  0.10867916 -0.00141379  0.04733784 -0.24343885
  0.19428231  0.03200182 -0.23877825 -0.26149154 -0.05977467 -0.18136664
 -0.01479414  0.14091183  0.21723877 -0.00192926  0.01951358 -0.2853576
 -0.00287349  0.11265612  0.03939457  0.3534407   0.26851153  0.04261392
 -0.08549789  0.22066317 -0.00076163 -0.04144124  0.16978095  0.05464543
  0.35670915 -0.11634529  0.03609503  0.03388179 -0.10004806  0.11393769
  0.22406492 -0.09718317  0.17396973 -0.2243104  -0.1334018   0.04668959
  0.1798341  -0.02446435 -0.03582    -0.02562543  0.02401235 -0.21749389
 -0.15346852  0.17267875  0.04974521 -0.05480222 -0.00111798 -0.10209219
  0.17823923  0.01611541  0.07060244  0.2747053  -0.22928306  0.00706467
  0.20705579 -0.19367567  0.10625655 -0.08604944  0.09483413 -0.0697552
 -0.04069344 -0.02662291 -0.05873631  0.06141597 -0.06378587 -0.09560244
  0.271255   -0.03240266 -0.08644021 -0.04401074  0.278844   -0.20967436
 -0.15112573 -0.16795367 -0.14553066  0.04127974 -0.15551321  0.01021176
 -0.17215493 -0.19165285 -0.00412976  0.07983923  0.08915831 -0.02311336
 -0.13667506 -0.22841589 -0.28082317  0.02729438  0.10391223 -0.00266835
 -0.03261404  0.06931813  0.04003496  0.15243468 -0.08954561  0.23164932
  0.13553324 -0.19789882 -0.07401972  0.1725587  -0.37599453  0.08668739
  0.14008535  0.02390977  0.02380697 -0.0806067   0.10990903  0.06127202
 -0.0893827  -0.0722928  -0.05123829  0.0550032  -0.306688   -0.01813008
  0.04234295 -0.01062169 -0.10834365 -0.12217854  0.03512616 -0.06129473
 -0.16661981 -0.0188568   0.15178508  0.1338125  -0.03521702 -0.11961771
 -0.27369645  0.05674418  0.26487544 -0.16315228  0.04848723 -0.0728412
  0.08537415  0.03361667  0.25924838 -0.12277231 -0.19582953  0.15685557
  0.16049762 -0.01107866 -0.084892    0.00962796 -0.07187253  0.00175309
 -0.15041812 -0.10036185  0.07301877  0.05168749  0.07670215 -0.21414131
  0.31029278 -0.24651936  0.09593394  0.19331776  0.09514692  0.14567095
  0.05300744 -0.0098717   0.05155908 -0.03383885 -0.01072145 -0.08060092
  0.06165905  0.12887856  0.04109125  0.10590039 -0.2465477  -0.03821068
  0.11119937  0.13068186  0.01606582 -0.15914664 -0.1155732   0.08844443
 -0.10201763  0.31941545 -0.1973329  -0.08044632  0.02778046 -0.03529582
  0.1574454  -0.15289687 -0.06905257  0.02622301  0.1950852  -0.24468066
  0.0033268   0.04442631 -0.03300626 -0.02075985 -0.03576607  0.05573482
  0.06479092 -0.26106384 -0.21576972 -0.1087444  -0.31005946 -0.13620684
 -0.01284359  0.02212992 -0.143047    0.1176133  -0.01814437  0.02410312
 -0.00440825 -0.05668308 -0.21879539  0.18930861  0.06251001 -0.04744026
  0.14698844  0.25041196  0.12362486 -0.11114343  0.41915303 -0.02950863
 -0.14426973  0.03182795 -0.08500332  0.08205856  0.1055826   0.3801328
 -0.03235449 -0.10249384 -0.09173059  0.04360931 -0.02536739 -0.13560227
 -0.00714927  0.10388586  0.0482237   0.01586432  0.07584078  0.15867911
 -0.1593017  -0.03778296  0.17945662  0.06084843  0.17789188  0.19778195
 -0.26832917  0.06715136  0.00075269  0.04680133 -0.08946314 -0.01364474
 -0.07903043 -0.09989685  0.1473406  -0.04238587  0.20190446 -0.01458663
 -0.15747744  0.13889961 -0.01760721  0.20756069 -0.09762949 -0.00407705]",error 500  server error   1500 that s an error there was an error  please try again later that s all we know  tujuan kursus setelah menyelesaikan kursus ini  siswa harus dapat memahami relevansi dan infrastruktur yang mendasari sistem multimedia  memahami teknologi dan standar multimedia inti  audio digital  grafik  video  vr  transmisi kompresi data  menyadari faktor faktor yang terlibat dalam kinerja sistem multimedia  topik integrasi dan evaluasi dalam modul mencakup pengenalan aplikasi dan persyaratan multimedia berikut  misalnya  ikhtisar sistem multimedia  video sesuai permintaan  televisi interaktif  konferensi video  hypermedia courseware  groupware  world wide web  dan perpustakaan digital   dasar dasar audio video termasuk representasi analog dan digital  persepsi manusia  dan peralatan audio video  aplikasi  kompresi audio dan video f ppkr1 rps tif311  rencana pembelajaran semester    pengkode transformasi persepsi untuk gambar video  misalnya  jpeg  mpeg  h 263  dll      pengkode yang dapat diskalakan  misalnya  pengkode piramida     pengkode audio perseptual    aplikasi dan algoritma pemrosesan gambar dan video  perangkat keras dan perangkat lunak multimedia termasuk arsitektur dan perangkat komputer  dukungan sistem operasi  protokol kerja jaringan  jaringan multicast  mbone   layanan dan toolkit sistem media berkelanjutan  serta server dan sistem penyimpanan media digital  realitas virtual multimedia tingkat lanjut  realitas tertambah  basis data multimedia perpustakaan digital studi kasus sistem multimedia  misalnya  makalah  penelitian  lingkungan simulasi  dokumen  dll    tujuan yang disebutkan di atas harus diselaraskan ke dalam kompetensi berikut a  pengetahuan  informasi plus pemahaman  a pengetahuan sejarah dan umum tentang sistem multimedia a dasar dasar representasi multimedia  persepsi manusia  peralatan  aplikasi a memahami cara manusia mempersepsikan suara a memahami pemrosesan dan kompresi audio a memahami cara manusia mempersepsikan rangsangan visual a memahami metode dan teknik kompresi data a memahami representasi dan kompresi gambar video digital a masalah kinerja sistem multimedia a masalah multimedia tingkat lanjut b  keterampilan  penerapan pengetahuan  b mengenali dan menerapkan berbagai sistem dan teknologi multimedia untuk tujuan yang berbeda b mengidentifikasi media yang berbeda untuk data multimedia b menghitung pengukuran kualitas data multimedia b mengidentifikasi dan menggunakan format data multimedia yang berbeda b mengidentifikasi redundansi data multimedia dan menerapkan metode kompresi data b mengidentifikasi teknik teknik lanjutan dalam pengkodean multimedia b mengidentifikasi dan menggunakan metode jaringan multimedia yang berbeda c  nilai dan sikap c menghargai nilai dasar sistem multimedia dan penggunaannya c mengembangkan pemahaman tentang berbagai metode dan teknik yang digunakan dalam sistem multimedia c mengembangkan keterampilan dasar analisis dan pemecahan masalah melalui penerapan sistem multimedia metode pengajaran pengajaran di kelas terdiri dari ceramah dan pemecahan masalah praktis  dilengkapi dengan alat bantu visual yang dirancang untuk membantu siswa agar berhasil mencapai tujuan pembelajaran kursus  sangat penting bahwa siswa mengambil minat aktif dalam kursus  untuk berhasil dalam mata kuliah ini  siswa harus membaca  berpikir  dan menulis secara kritis dan analitis dan ini membutuhkan waktu dan latihan  praktik seperti itu hanya dapat dicapai dengan melakukan latihan teori dan praktik  ketika masalah muncul  dan masalah itu akan terjadi  siswa harus mengajukan pertanyaan yang mungkin ditujukan kepada instruktur atau siswa lain dalam berbagai cara  siswa juga didorong untuk bekerja sama dalam kumpulan masalah sebagai bagian dari latihan mereka  namun  individu pada akhirnya harus menunjukkan pemahaman materi dengan menuliskan solusinya sendiri tanpa bantuan siswa lain atau karya tertulis mereka  rata rata siswa perlu menghabiskan setidaknya 6 jam belajar dan persiapan per minggu untuk kursus ini,"['menulis', 'menghargai', 'melakukan', 'menerapkan', 'menunjukkan', 'membaca', 'menghitung', 'mengidentifikasi', 'memahami', 'menuliskan', 'mengembangkan', 'menggunakan']","{'C6', 'C1', 'C5', 'C4', 'C2', 'C3'}",Hard,0.8592939556474488,0.14070604435255135
TIF312,IT Project Management,"deskripsi mata kuliah deskripsi matakuliah mata kuliah ini berfokus pada manajemen proyek teknologi informasi. ini memperkenalkan dasar-dasar manajemen proyek menggunakan konsep dan aplikasi. metodologi proyek teknologi informasi umum (itpm) digunakan. sembilan bidang badan pengetahuan manajemen proyek (pmbok) lembaga manajemen proyek digabungkan. kursus ini bertujuan untuk memperkenalkan teori dan praktik manajemen proyek melalui pandangan terpadu tentang konsep, keterampilan, alat, dan teknik yang terlibat dalam pengelolaan proyek yang menekankan pada teknologi informasi. tujuan kursus sasaran kompetensi kompetensi yang dibebankan pada matakuliah tujuan kursus dibagi menjadi kemampuan kerja dan keterampilan kewirausahaan tentang manajemen proyek dan hasil khusus program studi tentang manajemen proyek, yang harus ditunjukkan oleh siswa pada saat mereka menyelesaikan kursus mereka. kemampuan kerja dan keterampilan kewirausahaan terdiri dari perencanaan dan pengorganisasian, pemecahan masalah dan pengambilan keputusan, manajemen diri, kerja tim, komunikasi, dan inisiatif serta usaha di dalamnya manajemen proyek. Namun, kursus ini secara khusus berfokus pada pencapaian kemampuan kerja dan keterampilan kewirausahaan berikut serta hasil khusus program studi dalam manajemen proyeknya. f silabus ppkr1 (rencana pembelajaran semester) tif312 hal. 2/3 metode pengajaran metode pembelajaran pengajaran di kelas terdiri dari ceramah dan pemecahan masalah praktis, diskusi, dan kunjungan lapangan untuk membantu siswa agar berhasil mencapai tujuan pembelajaran mata kuliah tersebut.",deskripsi mata kuliah deskripsi matakuliah mata kuliah berfokus manajemen proyek teknologi informasi memperkenalkan dasardasar manajemen proyek konsep aplikasi metodologi proyek teknologi informasi itpm sembilan bidang badan pengetahuan manajemen proyek pmbok lembaga manajemen proyek digabungkan kursus bertujuan memperkenalkan teori praktik manajemen proyek pandangan terpadu konsep keterampilan alat teknik terlibat pengelolaan proyek menekankan teknologi informasi tujuan kursus sasaran kompetensi kompetensi dibebankan matakuliah tujuan kursus dibagi kemampuan kerja keterampilan kewirausahaan manajemen proyek hasil khusus program studi manajemen proyek siswa menyelesaikan kursus kemampuan kerja keterampilan kewirausahaan perencanaan pengorganisasian pemecahan pengambilan keputusan manajemen kerja tim komunikasi inisiatif usaha dalamnya manajemen proyek kursus khusus berfokus pencapaian kemampuan kerja keterampilan kewirausahaan hasil khusus program studi manajemen proyeknya f silabus ppkr rencana pembelajaran semester tif metode pengajaran metode pembelajaran pengajaran kelas ceramah pemecahan praktis diskusi kunjungan lapangan membantu siswa berhasil mencapai tujuan pembelajaran mata kuliah,"[ 9.47463810e-02  1.79508209e-01  3.83534096e-03 -8.37714598e-02
  9.26384032e-02 -8.91273916e-02  1.48283960e-02  1.24539427e-01
 -3.24913450e-02  5.12765013e-02 -2.56022900e-01  1.30014047e-01
  1.99173450e-01 -8.46569464e-02 -8.38698260e-03  8.26321840e-02
  6.18077107e-02  3.60361524e-02  1.07240766e-01 -3.76485959e-02
  2.05781132e-01 -8.07144865e-02  2.23778794e-03 -8.98840949e-02
 -2.04892665e-01  7.73606300e-02 -7.69422278e-02 -3.32324594e-01
  1.62848577e-01 -1.54869944e-01  1.07880741e-01  9.61053669e-02
  3.18261683e-01  1.93924427e-01 -1.47955492e-01  3.01645517e-01
  8.69076513e-03 -6.56041354e-02 -4.36372161e-02  2.90266275e-02
 -4.92440611e-02 -5.37946522e-02  2.49508619e-01  1.14537574e-01
 -3.55101041e-02 -1.38789847e-01 -1.98961973e-01 -3.31627369e-01
 -2.69296438e-01 -1.63732335e-01 -2.02768937e-01 -2.39234582e-01
 -4.52885143e-02 -1.07864015e-01  3.06762680e-02  1.48649782e-01
  3.33648324e-01  1.20683260e-01 -1.17846705e-01 -1.25089988e-01
 -1.96248628e-02 -3.47017720e-02 -1.93893909e-03  2.80377008e-02
  5.85030913e-02  1.42975107e-01 -9.86284837e-02  3.49115580e-01
 -2.46317461e-02 -2.68655419e-01 -1.71326354e-01 -2.44286321e-02
 -1.20616317e-01  1.33890152e-01 -6.32053539e-02  1.95776835e-01
  2.89728213e-02  1.90740958e-01  5.41662425e-02 -1.01817220e-01
  1.03090309e-01 -1.33018240e-01  6.72458112e-02  7.75851831e-02
 -1.47184124e-02  3.11642215e-02 -6.61336305e-03 -3.06414813e-02
  5.71620427e-02 -6.95752352e-02  5.57931103e-02 -2.59401768e-01
 -5.89185916e-02 -1.78916920e-02 -4.64525484e-02 -5.34358285e-02
  6.38325363e-02 -2.99011230e-01  1.49965668e-02  3.83586407e-01
 -1.27559647e-01 -1.13844305e-01 -1.04830964e-02 -4.93911766e-02
  3.90836895e-02 -3.25615369e-02  1.16736874e-01 -2.57210523e-01
  4.98648025e-02  4.76069264e-02 -3.83570567e-02  3.95891257e-05
 -1.70027018e-01 -2.86178440e-01  3.32157575e-02  3.35693359e-02
 -1.55423637e-02  1.18462071e-01  3.71470936e-02  1.99244991e-02
 -1.03484124e-01 -3.51982601e-02  1.40268400e-01 -2.52172016e-02
 -1.90524712e-01  2.15884969e-02 -8.40726942e-02 -6.40366301e-02
 -1.96316496e-01 -3.27130169e-01  4.33474034e-03  1.13573745e-01
 -4.43321541e-02  2.73431074e-02  1.40594974e-01  8.71605501e-02
  5.22781238e-02 -1.61809087e-01  1.28395289e-01  1.80850565e-01
  4.99555133e-02  1.98117346e-01  1.83812141e-01  9.96212382e-03
 -1.96016967e-01  3.22444201e-01  2.12536380e-02 -3.84830944e-02
  1.35757223e-01  8.81274641e-02  1.14590995e-01  6.64860606e-02
  2.31398046e-01  5.82835935e-02  4.40202327e-03  7.90964961e-02
 -6.50302768e-02 -1.11589633e-01  1.48303196e-01 -1.92047432e-02
 -6.71082884e-02  1.38607174e-01  6.70042038e-02  3.61545533e-02
 -2.27802619e-01 -4.52164300e-02 -5.80669381e-02 -2.17551887e-01
 -2.01942995e-02 -2.09040754e-02  4.71067727e-02 -2.05045789e-02
  9.17080343e-02 -1.13331035e-01  1.41876534e-01 -3.04567307e-01
  1.59121543e-01 -1.27142757e-01  1.94118526e-02 -1.16083890e-01
  2.61250943e-01  3.22246104e-02  2.16007397e-01 -1.68513563e-02
 -9.16257650e-02 -1.93338692e-01  3.69399926e-03 -4.45103943e-02
 -2.24834997e-02  1.02128766e-01 -2.29069740e-01  1.32020995e-01
  2.50395328e-01 -1.05790332e-01 -4.79627065e-02 -1.99143469e-01
  4.07136351e-01 -1.75306767e-01 -1.05269931e-01  1.71895437e-02
 -1.75392970e-01  1.76383317e-01 -5.09593248e-01  1.58093393e-01
 -8.79823416e-02  5.08938581e-02  6.54259091e-03  1.54264390e-01
  7.65046999e-02  3.70155908e-02  4.33510505e-02 -1.38165012e-01
 -2.78014034e-01  7.30574355e-02  1.44024014e-01 -6.41091019e-02
 -1.36198774e-01  1.05824053e-01 -1.58478767e-01 -2.28924043e-02
  2.57600415e-02  3.13430786e-01  4.04289775e-02 -1.39633700e-01
 -5.24749532e-02  8.50918293e-02 -4.03499007e-01  1.55270752e-02
  2.04478741e-01  3.47540788e-02 -2.14733988e-01 -1.49798736e-01
  4.73995646e-03  1.04903653e-01 -1.60277948e-01 -9.95446742e-02
 -7.07559288e-02  2.82868184e-02 -5.20300306e-02 -4.52325195e-02
  1.11479908e-01 -2.27077812e-01 -2.43155062e-01  1.33472607e-01
 -1.58223271e-01  2.13161781e-01 -3.98202360e-01 -3.51019353e-01
 -3.63859162e-03  3.23312096e-02  8.75348374e-02 -1.42115176e-01
  7.50898421e-02 -6.91359583e-03  4.46239114e-02 -1.13894865e-01
 -1.08065009e-02 -6.70486763e-02 -1.39189810e-01  2.26607341e-02
  1.71177104e-01 -2.61288494e-01  1.81051698e-02  5.49344569e-02
  1.24111570e-01  1.63660478e-02 -1.11280605e-02  1.34388149e-01
  3.66990790e-02 -6.54754862e-02 -1.74204960e-01 -5.23312651e-02
  1.35158360e-01 -1.62275419e-01 -8.59833136e-02 -7.49442130e-02
  1.53007045e-01 -2.91532964e-01  1.77399397e-01  1.77116692e-03
 -1.04778744e-01  5.66675626e-02 -5.93370870e-02  1.11204177e-01
  1.69739991e-01  3.93864661e-02  1.67252302e-01  7.63074830e-02
 -3.29069734e-01  2.36176163e-01 -1.75674364e-03  3.54598314e-02
 -2.21943483e-01 -1.23681843e-01  7.11263269e-02  2.13893041e-01
 -8.52563307e-02 -4.00302149e-02 -1.59551725e-01 -1.05718903e-01
  1.68657526e-02  1.16381302e-01 -1.91989630e-01 -2.85517294e-02
 -8.62102583e-02 -2.86469102e-01 -1.99665781e-02 -9.63669270e-02
  1.64193083e-02 -1.11826718e-01  9.32931006e-02 -7.50739798e-02
  8.55241790e-02 -1.14513427e-01 -7.18594193e-02 -1.34408891e-01
 -6.71135038e-02 -2.51947138e-02  6.56713769e-02 -1.89417586e-01
 -1.15053914e-01  5.75169176e-02 -5.26088029e-02 -1.01190254e-01
 -2.24234685e-02  1.87037051e-01 -1.35264188e-01  1.41329408e-01
  2.99685188e-02  1.97381258e-01 -9.04641673e-02 -3.19728721e-03
 -3.74243706e-01  8.85709226e-02 -8.77746791e-02  1.72790453e-01
  3.95655073e-02  2.58564681e-01  1.93587452e-01  3.95488366e-02
  4.55225229e-01 -4.10668068e-02 -2.67006040e-01  4.95591685e-02
 -3.65328155e-02 -7.83160981e-03  1.69594646e-01  2.98954576e-01
 -2.97606364e-02 -2.37867162e-02 -1.26765698e-01  1.12286955e-01
  8.50609019e-02 -2.62489710e-02  2.23147467e-01  1.76587582e-01
  2.10905552e-01  2.30285265e-02  3.36902171e-01  3.38130265e-01
 -1.28319368e-01  7.66419470e-02  2.35336274e-01  5.12907188e-03
  8.94377977e-02  1.65427402e-01 -8.34110975e-02  4.26358804e-02
  5.20668700e-02  1.29960418e-01 -7.74530023e-02 -4.29585651e-02
  1.53603390e-01  6.14119098e-02  1.87572703e-01  4.10344064e-01
  2.06240505e-01 -9.88106206e-02 -1.07333690e-01  1.34355277e-01
 -1.78380564e-01 -5.40834330e-02 -3.79125308e-03  5.44725731e-02]",deskripsi mata kuliah deskripsi matakuliah mata kuliah ini berfokus pada manajemen proyek teknologi informasi  ini memperkenalkan dasar dasar manajemen proyek menggunakan konsep dan aplikasi  metodologi proyek teknologi informasi umum  itpm  digunakan  sembilan bidang badan pengetahuan manajemen proyek  pmbok  lembaga manajemen proyek digabungkan  kursus ini bertujuan untuk memperkenalkan teori dan praktik manajemen proyek melalui pandangan terpadu tentang konsep  keterampilan  alat  dan teknik yang terlibat dalam pengelolaan proyek yang menekankan pada teknologi informasi  tujuan kursus sasaran kompetensi kompetensi yang dibebankan pada matakuliah tujuan kursus dibagi menjadi kemampuan kerja dan keterampilan kewirausahaan tentang manajemen proyek dan hasil khusus program studi tentang manajemen proyek  yang harus ditunjukkan oleh siswa pada saat mereka menyelesaikan kursus mereka  kemampuan kerja dan keterampilan kewirausahaan terdiri dari perencanaan dan pengorganisasian  pemecahan masalah dan pengambilan keputusan  manajemen diri  kerja tim  komunikasi  dan inisiatif serta usaha di dalamnya manajemen proyek  namun  kursus ini secara khusus berfokus pada pencapaian kemampuan kerja dan keterampilan kewirausahaan berikut serta hasil khusus program studi dalam manajemen proyeknya  f silabus ppkr1  rencana pembelajaran semester  tif312 hal  2 3 metode pengajaran metode pembelajaran pengajaran di kelas terdiri dari ceramah dan pemecahan masalah praktis  diskusi  dan kunjungan lapangan untuk membantu siswa agar berhasil mencapai tujuan pembelajaran mata kuliah tersebut,['menggunakan'],{'C3'},Hard,0.8839509105767277,0.11604908942327244
TIF313,Wide Area Network (WAN),"Deskripsi Kursus Kursus ini berfokus pada teknologi lemah dan layanan jaringan yang dibutuhkan oleh aplikasi terkonvergensi dalam jaringan yang kompleks. menjelaskan berbagai teknologi wan dan manfaatnya, pengoperasian dan manfaat jaringan pribadi virtual (vpn) dan terowongan serta arsitektur jaringan. siswa belajar mengkonfigurasi, memecahkan masalah koneksi serial dan broadband, operasi acls yang diperluas. akhirnya, siswa belajar bagaimana mendeteksi, memecahkan masalah dan memperbaiki masalah umum implementasi jaringan perusahaan. setiap bab memandu siswa melalui konfigurasi dasar, implementasi, dan prinsip pemecahan masalah. Selain itu, aktivitas packet tracer (pt) memperkuat konsep baru, dan memungkinkan siswa untuk memodelkan dan menganalisis proses routing yang mungkin sulit untuk divisualisasikan atau dipahami. tujuan kursus Kurikulum ini membekali siswa dengan keterampilan yang dibutuhkan untuk berhasil dalam program gelar terkait jaringan dan membantu mereka mempersiapkan diri untuk sertifikasi ccna. ini juga membantu siswa mengembangkan keterampilan yang diperlukan untuk memenuhi tanggung jawab pekerjaan teknisi jaringan, administrator jaringan, dan insinyur jaringan. ini memberikan pengenalan langsung tentang jaringan dan internet yang kaya secara teoritis. tujuan kursus ini adalah untuk memperkenalkan konsep dan teknologi jaringan dasar kepada siswa. kursus ini akan membantu siswa dalam mengembangkan keterampilan yang diperlukan untuk merencanakan dan mengimplementasikan jaringan kecil di berbagai aplikasi. setelah menyelesaikan kursus ini, siswa harus dapat mempelajari dasar-dasar perusahaan, teknologi yang tersedia untuk mengimplementasikannya, dan terminologi teknis. menggambarkan peningkatan ancaman keamanan jaringan saat ini dan menjelaskan perlunya menerapkan kebijakan keamanan yang komprehensif untuk memitigasi ancaman tersebut. mempelajari komunikasi serial point to point dan protokol point to point (ppp). mempelajari pentingnya keamanan untuk menemukan keseimbangan antara kebutuhan untuk membuka jaringan dan kebutuhan untuk melindungi informasi bisnis, serta mempelajari ancaman keamanan dan teknik mitigasi. pelajari cara mengamankan konektivitas situs ke situs. pelajari teknologi broadband dari sudut pandang telecommuter, seperti kabel, DSLR, broadband nirkabel, dan vpns. belajar mengidentifikasi persyaratan pekerja jarak jauh dan arsitekturnya, serta pengenalan IPv6. belajar memantau jaringan menggunakan alat pemantauan jaringan. pelajari cara menetapkan dasar jaringan dan belajar mengembangkan dokumentasi jaringan untuk membantu pemecahan masalah jaringan. metode pengajaran pengajaran di kelas terdiri dari ceramah dan pemecahan masalah praktis, dilengkapi dengan alat bantu visual yang dirancang untuk membantu siswa agar berhasil mencapai tujuan pembelajaran kursus. kursus disampaikan dalam kombinasi berbasis kelas dan berbasis praktis. praktik akan dilakukan dalam beberapa mode berbeda termasuk simulator jaringan pelacak paket dan praktik langsung menggunakan router dan sakelar di lingkungan laboratorium. Sangat penting bagi siswa untuk mengambil minat aktif dalam kursus. untuk berhasil dalam kursus ini, siswa harus membaca, berpikir, dan menulis dengan cara yang kritis dan analitis dan ini membutuhkan waktu dan silabus tif306 – praktik jaringan area luas. latihan seperti itu hanya dapat dicapai dengan latihan kerja. ketika masalah muncul, dan masalah itu akan terjadi, siswa harus mengajukan pertanyaan yang mungkin ditujukan kepada instruktur atau siswa lain dalam berbagai cara. siswa juga didorong untuk bekerja sama dalam kumpulan masalah sebagai bagian dari latihan mereka. namun, individu pada akhirnya harus menunjukkan pemahaman materi dengan menuliskan solusinya sendiri tanpa bantuan siswa lain atau karya tertulis mereka. rata-rata siswa perlu menghabiskan setidaknya 6 jam belajar dan persiapan per minggu untuk kursus ini.",deskripsi kursus kursus berfokus teknologi lemah layanan jaringan dibutuhkan aplikasi terkonvergensi jaringan kompleks teknologi wan manfaatnya pengoperasian manfaat jaringan pribadi virtual vpn terowongan arsitektur jaringan siswa belajar mengkonfigurasi memecahkan koneksi serial broadband operasi acls diperluas siswa belajar mendeteksi memecahkan memperbaiki implementasi jaringan perusahaan bab memandu siswa konfigurasi dasar implementasi prinsip pemecahan aktivitas packet tracer pt memperkuat konsep siswa memodelkan menganalisis prose routing sulit divisualisasikan dipahami tujuan kursus kurikulum membekali siswa keterampilan dibutuhkan berhasil program gelar terkait jaringan membantu sertifikasi ccna membantu siswa mengembangkan keterampilan memenuhi tanggung pekerjaan teknisi jaringan administrator jaringan insinyur jaringan pengenalan langsung jaringan internet kaya teoritis tujuan kursus memperkenalkan konsep teknologi jaringan dasar siswa kursus membantu siswa mengembangkan keterampilan merencanakan mengimplementasikan jaringan aplikasi menyelesaikan kursus siswa mempelajari dasardasar perusahaan teknologi tersedia mengimplementasikannya terminologi teknis menggambarkan peningkatan ancaman keamanan jaringan menerapkan kebijakan keamanan komprehensif memitigasi ancaman mempelajari komunikasi serial point point protokol point point ppp mempelajari keamanan menemukan keseimbangan kebutuhan membuka jaringan kebutuhan melindungi informasi bisnis mempelajari ancaman keamanan teknik mitigasi pelajari mengamankan konektivitas situs situs pelajari teknologi broadband sudut pandang telecommuter kabel dslr broadband nirkabel vpns belajar mengidentifikasi persyaratan pekerja jarak arsitekturnya pengenalan ipv belajar memantau jaringan alat pemantauan jaringan pelajari menetapkan dasar jaringan belajar mengembangkan dokumentasi jaringan membantu pemecahan jaringan metode pengajaran pengajaran kelas ceramah pemecahan praktis dilengkapi alat bantu visual dirancang membantu siswa berhasil mencapai tujuan pembelajaran kursus kursus kombinasi berbasis kelas berbasis praktis praktik mode berbeda simulator jaringan pelacak paket praktik langsung router sakelar lingkungan laboratorium siswa mengambil minat aktif kursus berhasil kursus siswa membaca berpikir menulis kriti analitis membutuhkan silabus tif praktik jaringan area luas latihan dicapai latihan kerja muncul siswa mengajukan instruktur siswa siswa didorong kumpulan latihan individu pemahaman materi menuliskan solusinya bantuan siswa karya tertulis ratarata siswa menghabiskan jam belajar persiapan minggu kursus,"[-1.60224885e-02  5.65312505e-02  8.10938329e-02 -1.68835044e-01
 -1.61276102e-01 -1.26901954e-01 -1.23071030e-01  1.38885587e-01
 -6.05648533e-02  1.90685540e-01  9.09251422e-02  3.19615692e-01
  2.55169749e-01 -9.09212511e-03 -2.02488359e-02  8.00637677e-02
 -7.39857033e-02  1.06949575e-01  8.37340057e-02 -1.78397726e-03
 -6.31361455e-02 -2.84973532e-01  2.69998983e-02 -1.58135995e-01
 -3.27720866e-02  2.36274563e-02  1.81396902e-01 -1.79776892e-01
  2.63948858e-01 -2.11252406e-01 -2.34408230e-02  2.71696836e-01
  8.57434422e-02  6.79343939e-02 -1.36108354e-01  2.17705652e-01
  2.58493740e-02  3.22247632e-02 -2.53453761e-01 -5.86122274e-02
  1.10647924e-01 -1.44523848e-03  8.39554816e-02  1.36515975e-01
  5.15578985e-02 -3.47807437e-01 -1.39971733e-01 -3.77511203e-01
 -1.43104464e-01 -4.07306284e-01 -1.14290327e-01 -4.67612147e-02
  3.49087231e-02 -9.99813527e-02 -3.39807719e-02  7.44749755e-02
  3.45851630e-01  2.01616064e-01 -2.62174040e-01 -4.74089757e-04
  1.92925870e-01 -1.62470192e-01  1.46665037e-01  1.83014214e-01
  1.71103686e-01 -3.67014227e-03  5.11265807e-02  3.66791338e-01
  3.86292376e-02 -1.35304123e-01 -4.26783383e-01 -8.20969716e-02
 -1.49020791e-01  1.48519631e-02  2.15964206e-02  2.16526210e-01
  2.62706243e-02  5.64677175e-04  2.33394772e-01 -2.33485121e-02
  2.50232071e-01  2.56347321e-02  9.43431035e-02 -5.67964790e-03
 -9.12417099e-02  3.28933168e-03 -9.66803133e-02 -1.98901802e-01
 -1.43146692e-02 -2.58612394e-01 -2.30416581e-01  1.05437659e-01
 -3.64124104e-02 -7.12439045e-02  8.67470205e-02 -9.56932306e-02
  9.61744599e-03 -3.52174908e-01 -3.65044102e-02  4.66377854e-01
 -6.20508417e-02 -2.56335028e-02  5.88788465e-02  8.58021230e-02
  1.22459143e-01  1.30602866e-01  2.71333784e-01 -2.55351037e-01
  1.40204355e-02 -4.49800910e-03  3.19957584e-02 -2.11149603e-02
 -1.41956717e-01 -7.04958439e-02  3.75354737e-02 -7.16442019e-02
  1.38778165e-01  1.28678262e-01 -3.68083417e-02  2.68682033e-01
 -2.66937792e-01 -1.45444274e-01  1.26460791e-01 -1.50720179e-01
  1.51943848e-01 -2.26045951e-01  1.30625283e-02 -1.02082249e-02
 -1.74720824e-01 -1.58850744e-01 -4.73387688e-02  2.77134683e-02
  1.88858986e-01  9.14647505e-02  1.92463532e-01 -3.59521247e-02
 -1.19329924e-02 -1.64587587e-01 -2.65545160e-01  1.81091532e-01
 -2.30836775e-02  2.74659216e-01  3.89977098e-01 -6.50362018e-03
 -1.00234203e-01  1.31404996e-01  8.09668154e-02 -5.62230796e-02
  2.05478117e-01  9.24550276e-03  2.78570205e-01 -2.09037080e-01
  3.56980920e-01 -1.77224725e-01 -4.70270328e-02  1.65309951e-01
  4.82498743e-02 -1.32310420e-01  1.34061038e-01 -8.54650289e-02
 -1.25976235e-01  1.24391854e-01  8.60253125e-02  1.97003074e-02
 -8.10434371e-02  2.51417272e-02  5.21903001e-02 -2.04767182e-01
 -1.48040652e-01 -5.35379946e-02  4.67085093e-02 -3.69273275e-02
  8.70950818e-02 -5.60558029e-02  1.99794725e-01 -5.79073280e-02
 -1.43854683e-02  1.87718384e-02 -2.01757744e-01 -1.76729694e-01
 -2.61750966e-02 -1.95187926e-01  1.47930980e-01 -9.05946642e-02
  3.40742879e-02 -9.15632322e-02 -3.27567756e-02  8.38389471e-02
 -1.70048192e-01  1.95726994e-02 -1.95102036e-01  1.78429391e-02
  2.67469734e-01 -1.94872916e-01 -1.06174476e-01 -2.35156238e-01
  1.98622763e-01 -3.79703760e-01 -2.54969001e-01 -2.55140811e-02
 -2.23180830e-01  7.07439035e-02 -1.45047083e-01  5.99009879e-02
 -2.59715259e-01 -2.53477037e-01 -3.51967476e-02 -6.12806492e-02
  3.88597697e-02 -5.19374758e-02 -1.15061067e-01  4.30924371e-02
 -2.17326432e-01  4.00250331e-02  9.05260593e-02 -1.88819673e-02
 -1.17238727e-04  2.26687361e-02  8.04352388e-03 -3.33591029e-02
  4.04683650e-02  1.62146851e-01  1.73384652e-01 -1.67350262e-01
 -2.83753037e-01  8.82134289e-02 -3.54564726e-01  1.04706585e-01
  2.46956944e-01 -3.07854097e-02 -3.00330436e-03 -1.72237217e-01
 -2.07255650e-02  2.22051382e-01 -8.29896778e-02 -5.34600019e-02
  4.72575650e-02  5.05043492e-02 -9.55732688e-02 -1.05355203e-01
 -6.38321191e-02  1.41117694e-02 -1.50470585e-01 -4.94139036e-03
  5.79032078e-02  1.34587601e-01 -3.60093504e-01 -2.10786611e-01
  2.22805172e-01  4.97653335e-03 -8.43946934e-02 -1.31906196e-01
 -1.76010355e-01  1.17216237e-01  1.17332324e-01 -1.14082739e-01
  8.80760700e-02  7.94132799e-02  7.75822997e-02  2.41136104e-01
  1.61506549e-01 -8.93506259e-02  6.74975440e-02 -5.02346195e-02
  2.40763322e-01 -1.47164956e-01 -3.02777171e-01  1.78886965e-01
 -1.16555825e-01  1.71441346e-01 -4.25206423e-02 -9.93667170e-03
  3.72658744e-02 -5.78922033e-02  1.78710178e-01  7.08009154e-02
  1.09899208e-01 -1.45621300e-01  1.95258379e-01  2.56245226e-01
 -1.12959221e-01  1.21562660e-01  3.31224054e-02 -1.64562538e-02
  5.51925600e-02 -8.89587998e-02 -1.43296987e-01  1.24796025e-01
 -1.60281390e-01  1.15034431e-01 -5.99983148e-02  3.70540172e-02
 -2.12267742e-01 -1.04772955e-01  1.77773852e-02  1.76464036e-01
  1.05270371e-01 -1.92847073e-01  1.91994291e-03 -5.43894470e-02
  3.38579491e-02  1.94450870e-01 -3.44169408e-01 -8.75030309e-02
 -5.05636893e-02 -3.17177176e-01  1.47352051e-02 -1.90709800e-01
 -1.46730542e-01 -5.54110184e-02  1.95883036e-01 -1.05176494e-01
  3.94819379e-02 -3.22578102e-02 -6.93563148e-02 -6.79580942e-02
 -2.44920120e-01 -9.73303542e-02  9.69015434e-02 -2.52007306e-01
  7.69644678e-02 -6.06059730e-02 -2.16853201e-01 -1.28972903e-01
  9.74746794e-02  1.48819253e-01 -7.22307153e-03  1.94162607e-01
 -5.00938520e-02  2.86400110e-01 -1.03283696e-01 -1.75723340e-02
 -2.87849069e-01  1.99682102e-01  2.06249833e-01  2.90550828e-01
  1.35097086e-01  3.30191076e-01  1.43631160e-01  8.17908123e-02
  2.57800996e-01  2.82741897e-02 -2.77952492e-01  2.39233553e-01
 -7.22733885e-02  2.63346615e-03  1.86412483e-01  1.98109895e-01
  4.49115261e-02 -2.46900544e-02 -1.91748291e-02  9.41988677e-02
 -1.07023478e-01  7.92733356e-02 -7.26284310e-02  2.42526516e-01
  5.06365970e-02  8.28044489e-03  1.11096241e-01  1.80366099e-01
 -1.59166604e-01  3.80143858e-02  1.72681481e-01  1.81162618e-02
  4.83782068e-02  1.70607671e-01 -2.19467387e-01 -7.82794058e-02
  5.19096926e-02  2.00618222e-01 -7.31631368e-02 -2.92192362e-02
  2.34545782e-01 -1.29493028e-01  3.21955264e-01  3.66290510e-02
  3.79713066e-03 -1.60789832e-01  5.64840576e-03  1.75077900e-01
 -2.50253737e-01  2.21445948e-01  3.02596763e-02 -2.69327126e-02]",deskripsi kursus kursus ini berfokus pada teknologi lemah dan layanan jaringan yang dibutuhkan oleh aplikasi terkonvergensi dalam jaringan yang kompleks  menjelaskan berbagai teknologi wan dan manfaatnya  pengoperasian dan manfaat jaringan pribadi virtual  vpn  dan terowongan serta arsitektur jaringan  siswa belajar mengkonfigurasi  memecahkan masalah koneksi serial dan broadband  operasi acls yang diperluas  akhirnya  siswa belajar bagaimana mendeteksi  memecahkan masalah dan memperbaiki masalah umum implementasi jaringan perusahaan  setiap bab memandu siswa melalui konfigurasi dasar  implementasi  dan prinsip pemecahan masalah  selain itu  aktivitas packet tracer  pt  memperkuat konsep baru  dan memungkinkan siswa untuk memodelkan dan menganalisis proses routing yang mungkin sulit untuk divisualisasikan atau dipahami  tujuan kursus kurikulum ini membekali siswa dengan keterampilan yang dibutuhkan untuk berhasil dalam program gelar terkait jaringan dan membantu mereka mempersiapkan diri untuk sertifikasi ccna  ini juga membantu siswa mengembangkan keterampilan yang diperlukan untuk memenuhi tanggung jawab pekerjaan teknisi jaringan  administrator jaringan  dan insinyur jaringan  ini memberikan pengenalan langsung tentang jaringan dan internet yang kaya secara teoritis  tujuan kursus ini adalah untuk memperkenalkan konsep dan teknologi jaringan dasar kepada siswa  kursus ini akan membantu siswa dalam mengembangkan keterampilan yang diperlukan untuk merencanakan dan mengimplementasikan jaringan kecil di berbagai aplikasi  setelah menyelesaikan kursus ini  siswa harus dapat mempelajari dasar dasar perusahaan  teknologi yang tersedia untuk mengimplementasikannya  dan terminologi teknis  menggambarkan peningkatan ancaman keamanan jaringan saat ini dan menjelaskan perlunya menerapkan kebijakan keamanan yang komprehensif untuk memitigasi ancaman tersebut  mempelajari komunikasi serial point to point dan protokol point to point  ppp   mempelajari pentingnya keamanan untuk menemukan keseimbangan antara kebutuhan untuk membuka jaringan dan kebutuhan untuk melindungi informasi bisnis  serta mempelajari ancaman keamanan dan teknik mitigasi  pelajari cara mengamankan konektivitas situs ke situs  pelajari teknologi broadband dari sudut pandang telecommuter  seperti kabel  dslr  broadband nirkabel  dan vpns  belajar mengidentifikasi persyaratan pekerja jarak jauh dan arsitekturnya  serta pengenalan ipv6  belajar memantau jaringan menggunakan alat pemantauan jaringan  pelajari cara menetapkan dasar jaringan dan belajar mengembangkan dokumentasi jaringan untuk membantu pemecahan masalah jaringan  metode pengajaran pengajaran di kelas terdiri dari ceramah dan pemecahan masalah praktis  dilengkapi dengan alat bantu visual yang dirancang untuk membantu siswa agar berhasil mencapai tujuan pembelajaran kursus  kursus disampaikan dalam kombinasi berbasis kelas dan berbasis praktis  praktik akan dilakukan dalam beberapa mode berbeda termasuk simulator jaringan pelacak paket dan praktik langsung menggunakan router dan sakelar di lingkungan laboratorium  sangat penting bagi siswa untuk mengambil minat aktif dalam kursus  untuk berhasil dalam kursus ini  siswa harus membaca  berpikir  dan menulis dengan cara yang kritis dan analitis dan ini membutuhkan waktu dan silabus tif306   praktik jaringan area luas  latihan seperti itu hanya dapat dicapai dengan latihan kerja  ketika masalah muncul  dan masalah itu akan terjadi  siswa harus mengajukan pertanyaan yang mungkin ditujukan kepada instruktur atau siswa lain dalam berbagai cara  siswa juga didorong untuk bekerja sama dalam kumpulan masalah sebagai bagian dari latihan mereka  namun  individu pada akhirnya harus menunjukkan pemahaman materi dengan menuliskan solusinya sendiri tanpa bantuan siswa lain atau karya tertulis mereka  rata rata siswa perlu menghabiskan setidaknya 6 jam belajar dan persiapan per minggu untuk kursus ini,"['mengembangkan', 'menulis', 'mengimplementasikan', 'memecahkan', 'menerapkan', 'menjelaskan', 'menunjukkan', 'mendeteksi', 'membaca', 'menggambarkan', 'menganalisis', 'menemukan', 'mengidentifikasi', 'menuliskan', 'memperbaiki', 'merencanakan', 'menggunakan']","{'C6', 'C1', 'C4', 'C2', 'C3'}",Hard,0.9136926345934916,0.08630736540650844
TIF351,Sistem Informasi Manajemen,"Deskripsi Mata Kuliah Mata kuliah ini membahas sistem informasi sebagai salah satu alat utama yang tersedia bagi manajer bisnis untuk mencapai keunggulan operasional, mengembangkan produk dan layanan baru, meningkatkan pengambilan keputusan, dan mencapai keunggulan kompetitif. hal ini juga membahas bagaimana perusahaan bisnis saat ini menggunakan teknologi dan sistem informasi untuk mencapai tujuan perusahaan. Tujuan kursus Setelah menyelesaikan kursus ini, siswa harus mampu memahami dasar-dasar pengelolaan perusahaan digital termasuk konsep organisasi, manajemen, dan jaringan perusahaan, infrastruktur teknologi informasi, aplikasi sistem utama untuk era digital, dan membangun dan mengelola sistem. (c1) harus mampu memahami sistem informasi dalam bisnis global, bisnis elektronik global dan kolaborasi, sistem informasi, organisasi dan strategi, masalah etika dan sosial dalam sistem informasi. (c1) akan dapat mengetahui infrastruktur dan teknologi baru, landasan basis data intelijen bisnis dan manajemen informasi, telekomunikasi, internet, dan teknologi nirkabel, serta pengamanan sistem informasi. (c2) akan mampu menjelaskan pencapaian keunggulan operasional dan keintiman pelanggan aplikasi perusahaan, pasar digital e commerce, barang digital, pengelolaan pengetahuan dan peningkatan pengambilan keputusan. (c3) akan mampu menganalisis membangun sistem informasi, dan mengelola proyek. (c3) metode pengajaran pengajaran di kelas terdiri dari ceramah dan pemecahan masalah praktis, dilengkapi dengan alat bantu visual yang dirancang untuk membantu siswa agar berhasil mencapai tujuan pembelajaran kursus. sangat penting bahwa siswa mengambil minat aktif dalam kursus. untuk berhasil dalam mata kuliah ini, siswa harus membaca, berpikir, dan menulis secara kritis dan analitis dan ini membutuhkan waktu dan latihan. latihan seperti itu hanya dapat dicapai dengan latihan kerja. ketika masalah muncul, dan masalah itu akan terjadi, siswa harus mengajukan pertanyaan yang mungkin ditujukan kepada instruktur atau siswa lain dalam berbagai cara. f silabus ppkr1 tif351 (rencana pembelajaran semester) siswa juga didorong untuk bekerja sama dalam kumpulan masalah sebagai bagian dari latihan mereka. namun, individu pada akhirnya harus menunjukkan pemahaman materi dengan menuliskan solusinya sendiri tanpa bantuan siswa lain atau karya tertulis mereka. rata-rata siswa perlu menghabiskan sekitar, setidaknya, 9 jam belajar dan persiapan per minggu untuk kursus ini.",deskripsi mata kuliah mata kuliah membahas sistem informasi salah alat utama tersedia manajer bisnis mencapai keunggulan operasional mengembangkan produk layanan meningkatkan pengambilan keputusan mencapai keunggulan kompetitif membahas perusahaan bisnis teknologi sistem informasi mencapai tujuan perusahaan tujuan kursus menyelesaikan kursus siswa memahami dasardasar pengelolaan perusahaan digital konsep organisasi manajemen jaringan perusahaan infrastruktur teknologi informasi aplikasi sistem utama era digital membangun mengelola sistem c memahami sistem informasi bisnis global bisnis elektronik global kolaborasi sistem informasi organisasi strategi etika sosial sistem informasi c infrastruktur teknologi landasan basis data intelijen bisnis manajemen informasi telekomunikasi internet teknologi nirkabel pengamanan sistem informasi c pencapaian keunggulan operasional keintiman pelanggan aplikasi perusahaan pasar digital e commerce barang digital pengelolaan pengetahuan peningkatan pengambilan keputusan c menganalisis membangun sistem informasi mengelola proyek c metode pengajaran pengajaran kelas ceramah pemecahan praktis dilengkapi alat bantu visual dirancang membantu siswa berhasil mencapai tujuan pembelajaran kursus siswa mengambil minat aktif kursus berhasil mata kuliah siswa membaca berpikir menulis kriti analitis membutuhkan latihan latihan dicapai latihan kerja muncul siswa mengajukan instruktur siswa f silabus ppkr tif rencana pembelajaran semester siswa didorong kumpulan latihan individu pemahaman materi menuliskan solusinya bantuan siswa karya tertulis ratarata siswa menghabiskan jam belajar persiapan minggu kursus,"[ 0.01403858  0.06436358 -0.10898534 -0.06668803 -0.06378147 -0.16945992
  0.08751623  0.15670596  0.14605433  0.23502125  0.05278127  0.09218043
  0.2036738  -0.14340192  0.12527648  0.0282587  -0.02314489 -0.04540905
 -0.06409858 -0.19658391  0.10278197 -0.19831933 -0.10583688 -0.02127767
 -0.17009383  0.01341618  0.06117963 -0.09368286  0.08738241 -0.10856219
 -0.06843538 -0.0639868   0.30952305  0.16740921 -0.16448192  0.19384257
  0.03115399  0.08403607 -0.00743909  0.02936715 -0.01425521 -0.18107606
  0.1938015   0.07774391  0.03342712 -0.00953061 -0.21798067 -0.02302184
 -0.22601938 -0.11239728 -0.18441515 -0.10659353  0.00466338 -0.14116606
  0.01940653  0.25361547  0.17876436  0.21339637 -0.086099   -0.13589966
  0.06843306 -0.02925212 -0.0394277   0.11952994  0.02094256  0.11951499
 -0.11745427  0.2806865  -0.12828861  0.00446277 -0.08488403 -0.08040079
 -0.18869938  0.06601181 -0.08167865 -0.02321724 -0.08507345  0.02325211
  0.13215789  0.17875996  0.2744301   0.09677229 -0.07826108  0.03209206
 -0.08207788  0.21579343 -0.0156305  -0.1437087   0.05488668 -0.01353717
  0.03624049 -0.07134397  0.14227596 -0.04140901  0.04719009 -0.14372884
  0.07743766 -0.17769933  0.02806321  0.352825   -0.081908    0.16011716
  0.15596208 -0.31444225  0.05887848  0.03861031 -0.00505213 -0.13029364
 -0.01134337  0.08442701 -0.02627082 -0.015212   -0.36160198 -0.12048931
  0.09381722 -0.00416024 -0.03480488  0.23185255 -0.02005912  0.10490502
 -0.00854978 -0.03458628  0.0825526  -0.03479486 -0.05700041 -0.01121403
 -0.01793461  0.080879   -0.2659324  -0.15648615  0.0482734  -0.01887921
 -0.10913227  0.07131822  0.10417377 -0.01435474  0.075169    0.01985482
 -0.0757991   0.27766484 -0.04141505  0.19207701  0.23773767  0.0411824
 -0.16275634  0.12466847  0.10058853 -0.2044402   0.16590576  0.04724184
  0.0074454   0.01559454  0.27707332 -0.02016372  0.02761972 -0.04866575
  0.02877345 -0.16953267  0.13058501 -0.00848386 -0.14998558 -0.00402106
  0.06228662  0.09614439 -0.14072603 -0.01838248 -0.04171499 -0.18039893
  0.05383161  0.08382121  0.11105342  0.0507275   0.01402025 -0.02978999
  0.20055462 -0.01704104  0.12892254 -0.05738265 -0.04930598 -0.2068769
  0.24628855 -0.03736049  0.22367659 -0.1262286   0.02881575 -0.13382843
 -0.0772278   0.04614624 -0.05381511 -0.02393623  0.00610108  0.1825554
  0.14650083 -0.21876784 -0.08382042 -0.14448631  0.25615016 -0.09069502
 -0.04218672 -0.0837179  -0.32931784  0.15225926 -0.34106955 -0.10446237
 -0.01480431  0.03461707  0.05980351  0.29224074 -0.02924028 -0.01294417
  0.11605716  0.10018852 -0.26588088  0.1206248   0.08727132  0.05097353
 -0.08818378  0.04074479 -0.14291252  0.09983584  0.00803264  0.17219533
 -0.06327919 -0.16128772 -0.21358176 -0.0241716  -0.19945954 -0.03872724
  0.25468168 -0.02001336 -0.11494192 -0.03032975 -0.01516676  0.0500791
 -0.17522347 -0.03355384  0.10211167 -0.04885053 -0.06604107 -0.07884447
  0.18059403 -0.11442448 -0.17120694  0.1613425   0.02194588 -0.00812373
 -0.31624815 -0.03805225  0.10700319  0.06098988 -0.03216454 -0.22758675
 -0.04952813  0.07841871 -0.04258583 -0.0267692   0.04280069  0.19714478
 -0.09818429 -0.09626821  0.1080394  -0.09348743 -0.03246372  0.17860684
  0.20875785 -0.04536469 -0.05648732  0.13791221 -0.05310419 -0.00069269
 -0.09836201  0.00346599  0.10161297 -0.17064586  0.09093609 -0.13655415
  0.06079113 -0.2598635  -0.06207652  0.09021439 -0.01362115 -0.05119481
 -0.03822567 -0.03170821 -0.01161636 -0.03772914  0.19011146  0.15887588
 -0.20446023  0.1332448   0.17578097  0.08929563 -0.11987019 -0.30365878
  0.23453094 -0.05374913 -0.09782138 -0.04597481 -0.20414463  0.05177526
 -0.1359559   0.11345547 -0.12937951 -0.16894174 -0.00858874 -0.09241196
 -0.0603493  -0.07580466 -0.04899297  0.06815009  0.06050575 -0.21896888
  0.07838127  0.00368118 -0.08115841 -0.09474517 -0.19462608  0.09799819
 -0.05871247 -0.20709543 -0.14273821 -0.12873156  0.025714   -0.04210848
  0.00920302  0.10014331 -0.06785461  0.03803699  0.02860745 -0.07099842
 -0.17908908 -0.04292202 -0.19777496  0.07651938  0.08438433  0.17812915
 -0.06749411  0.20723376  0.18764088  0.08158302  0.461777   -0.03498242
 -0.2460924   0.13300511 -0.06344476  0.05733099  0.01894545  0.22659993
 -0.01307269  0.06312952  0.06500426  0.04197595  0.01489376 -0.09630214
 -0.04229868 -0.006732   -0.04680595 -0.11687556  0.00061633  0.12373739
 -0.07350407  0.03170885  0.2122572   0.13514248 -0.0052295   0.03941226
 -0.06747402  0.0324737   0.06301376  0.07646881 -0.1547858  -0.06558752
  0.14339311  0.0204164   0.11696147  0.15442787  0.1467503  -0.10088536
 -0.09415314  0.14706147 -0.07846487  0.00188668  0.0238511   0.09978638]",deskripsi mata kuliah mata kuliah ini membahas sistem informasi sebagai salah satu alat utama yang tersedia bagi manajer bisnis untuk mencapai keunggulan operasional  mengembangkan produk dan layanan baru  meningkatkan pengambilan keputusan  dan mencapai keunggulan kompetitif  hal ini juga membahas bagaimana perusahaan bisnis saat ini menggunakan teknologi dan sistem informasi untuk mencapai tujuan perusahaan  tujuan kursus setelah menyelesaikan kursus ini  siswa harus mampu memahami dasar dasar pengelolaan perusahaan digital termasuk konsep organisasi  manajemen  dan jaringan perusahaan  infrastruktur teknologi informasi  aplikasi sistem utama untuk era digital  dan membangun dan mengelola sistem   c1  harus mampu memahami sistem informasi dalam bisnis global  bisnis elektronik global dan kolaborasi  sistem informasi  organisasi dan strategi  masalah etika dan sosial dalam sistem informasi   c1  akan dapat mengetahui infrastruktur dan teknologi baru  landasan basis data intelijen bisnis dan manajemen informasi  telekomunikasi  internet  dan teknologi nirkabel  serta pengamanan sistem informasi   c2  akan mampu menjelaskan pencapaian keunggulan operasional dan keintiman pelanggan aplikasi perusahaan  pasar digital e commerce  barang digital  pengelolaan pengetahuan dan peningkatan pengambilan keputusan   c3  akan mampu menganalisis membangun sistem informasi  dan mengelola proyek   c3  metode pengajaran pengajaran di kelas terdiri dari ceramah dan pemecahan masalah praktis  dilengkapi dengan alat bantu visual yang dirancang untuk membantu siswa agar berhasil mencapai tujuan pembelajaran kursus  sangat penting bahwa siswa mengambil minat aktif dalam kursus  untuk berhasil dalam mata kuliah ini  siswa harus membaca  berpikir  dan menulis secara kritis dan analitis dan ini membutuhkan waktu dan latihan  latihan seperti itu hanya dapat dicapai dengan latihan kerja  ketika masalah muncul  dan masalah itu akan terjadi  siswa harus mengajukan pertanyaan yang mungkin ditujukan kepada instruktur atau siswa lain dalam berbagai cara  f silabus ppkr1 tif351  rencana pembelajaran semester  siswa juga didorong untuk bekerja sama dalam kumpulan masalah sebagai bagian dari latihan mereka  namun  individu pada akhirnya harus menunjukkan pemahaman materi dengan menuliskan solusinya sendiri tanpa bantuan siswa lain atau karya tertulis mereka  rata rata siswa perlu menghabiskan sekitar  setidaknya  9 jam belajar dan persiapan per minggu untuk kursus ini,"['menulis', 'meningkatkan', 'menjelaskan', 'menunjukkan', 'membaca', 'menganalisis', 'memahami', 'menuliskan', 'mengembangkan', 'membangun', 'menggunakan']","{'C6', 'C1', 'C4', 'C2', 'C3'}",Hard,0.8435705682100754,0.15642943178992513
TIF352,Tata Kelola Sistem Informasi,"deskripsi mata kuliah sistem informasi dan strategi pengelolaannya berubah dengan cepat, namun konsep yang memandu keduanya sering kali tidak lekang oleh waktu. prinsip-prinsip ini menjadi tulang punggung survei lapangan yang komprehensif ini, yang dirancang untuk kursus pertama siswa dalam sistem informasi. dengan menyajikan rincian dan gambaran besarnya, kursus ini menempatkan pembelajaran dalam mengelola sistem informasi ke dalam konteks yang dapat dimengerti. prinsip keseluruhannya adalah bahwa informasi yang benar, jika disampaikan kepada orang yang tepat, dengan cara yang benar, dan pada waktu yang tepat, dapat meningkatkan dan menjamin efektivitas dan efisiensi organisasi. tujuan kursus kursus ini bertujuan untuk memberikan siswa konsep dasar sistem informasi. pengenalan dimulai dari esensi sistem informasi, infrastruktur, globalisasi, investasi dan strategi, e-commerce, web 0, intelijen bisnis, perusahaan, pengembangan dan akuisisi, keamanan dan kontrol, serta etika & kejahatan. pada akhir kursus ini, siswa harus mampu  menunjukkan pemahaman tentang konsep-konsep penting sistem informasi.  menunjukkan pemahaman manfaat sistem informasi.  menunjukkan kompetensi dalam penerapan sistem informasi dalam organisasi.  menunjukkan kompetensi dalam penerapan sistem informasi dalam bisnis.  menunjukkan pemahaman tentang isu-isu, perolehan pengembangan sistem informasi.  menunjukkan pemahaman tentang keamanan dan kontrol dalam sistem informasi. metode pengajaran pengajaran di kelas terdiri dari ceramah dan pemecahan masalah, dilengkapi dengan alat bantu visual yang dirancang untuk membantu siswa agar berhasil mencapai tujuan pembelajaran kursus. silabus [tif 106] hal. 2/5",deskripsi mata kuliah sistem informasi strategi pengelolaannya berubah cepat konsep memandu kali lekang prinsipprinsip tulang punggung survei lapangan komprehensif dirancang kursus siswa sistem informasi menyajikan rincian gambaran besarnya kursus menempatkan pembelajaran mengelola sistem informasi konteks dimengerti prinsip informasi orang meningkatkan menjamin efektivitas efisiensi organisasi tujuan kursus kursus bertujuan siswa konsep dasar sistem informasi pengenalan esensi sistem informasi infrastruktur globalisasi investasi strategi ecommerce web intelijen bisnis perusahaan pengembangan akuisisi keamanan kontrol etika kejahatan kursus siswa pemahaman konsepkonsep sistem informasi pemahaman manfaat sistem informasi kompetensi penerapan sistem informasi organisasi kompetensi penerapan sistem informasi bisnis pemahaman isuisu perolehan pengembangan sistem informasi pemahaman keamanan kontrol sistem informasi metode pengajaran pengajaran kelas ceramah pemecahan dilengkapi alat bantu visual dirancang membantu siswa berhasil mencapai tujuan pembelajaran kursus silabus tif,"[ 6.38617650e-02  7.42183253e-02 -2.54534155e-01 -8.76135454e-02
 -5.48316874e-02 -6.12553507e-02 -1.13160007e-01  8.39446187e-02
  7.23382533e-02  2.30533078e-01 -5.58468550e-02  3.43616426e-01
  1.69816405e-01 -5.77800572e-02  9.21708904e-03 -6.78571463e-02
  1.22744739e-01 -9.21472386e-02 -2.63278708e-02 -1.20780572e-01
  3.53596434e-02 -1.26098543e-01 -4.63506505e-02  8.04990530e-02
 -2.35980332e-01  9.89513472e-02  3.86917815e-02 -9.16749388e-02
  7.35316500e-02 -2.59758234e-01 -1.90553367e-02 -4.79301438e-04
  3.76999617e-01  1.17095284e-01 -2.56076783e-01  1.86958611e-01
  1.39238983e-01  1.06882211e-02 -3.06923520e-02  1.01801613e-02
 -9.42291543e-02 -6.89547211e-02  6.28773123e-02  1.98946387e-01
 -1.65405311e-02  3.69371288e-02 -1.71079814e-01 -8.34294409e-02
 -3.35383326e-01 -1.73994303e-01 -1.84183985e-01 -1.02932230e-01
  6.79247379e-02 -9.72153768e-02  1.15830889e-02  4.09004003e-01
  2.59745508e-01  2.59254664e-01 -1.66107357e-01 -1.33732006e-01
  9.51247439e-02 -5.85054094e-03  7.34340400e-04  7.47417212e-02
  1.40419811e-01  7.11168349e-02 -4.91742939e-02  2.69125402e-01
  4.87647485e-03  2.29517892e-02 -1.30745560e-01  3.05562001e-03
 -7.65827298e-03 -2.69088671e-02 -9.11595970e-02  1.44507483e-01
 -5.01271300e-02  2.65396275e-02  2.52511948e-01 -1.15878889e-02
  2.24382415e-01 -8.01033229e-02 -3.84011716e-02  6.76350622e-03
 -5.28543815e-02 -2.85657914e-03  3.09735872e-02 -2.71663755e-01
  4.56622243e-02 -1.62670195e-01  2.13514462e-01 -7.12364987e-02
  6.82314783e-02  6.03730604e-02  2.75955964e-02 -1.90881826e-03
  1.53929545e-02 -8.18243846e-02  6.23879880e-02  2.72491485e-01
 -1.83751941e-01 -3.19678187e-02 -4.90049049e-02 -2.04097405e-01
  1.54680759e-01 -1.58397436e-01  8.93181264e-02 -2.63819575e-01
 -7.26760849e-02  9.49048549e-02  8.25021788e-02  1.31733939e-02
 -9.87103507e-02 -9.97679606e-02 -3.63341048e-02  6.98389411e-02
 -1.37783930e-01  1.88048080e-01  2.20104568e-02  8.57874230e-02
 -5.13865650e-02 -1.17509447e-01  7.46808648e-02 -7.16732368e-02
 -9.29222908e-04 -1.18045419e-01 -1.02633491e-01 -5.60718030e-02
 -3.35775703e-01 -2.63635248e-01  2.25528013e-02  1.61844958e-02
 -1.80823445e-01 -7.31409565e-02  1.16868757e-01 -1.86714064e-03
  1.97639056e-02  5.74346110e-02  3.07157226e-02  1.86927959e-01
 -8.30457173e-03  2.16882929e-01  3.13076854e-01  1.11683615e-01
 -2.28946269e-01  2.91151702e-01  1.49859786e-02 -1.98499873e-01
  1.60475045e-01  1.06266178e-01 -1.10512115e-01 -1.24380052e-01
  2.80058354e-01 -9.96808037e-02  3.45310792e-02  2.68360376e-02
 -8.81861895e-02 -1.14715241e-01  4.88006547e-02 -6.92667514e-02
 -2.98407018e-01  1.22404568e-01  1.05440125e-01 -5.28629124e-02
 -1.02424128e-02 -1.20921105e-01  1.54735759e-01 -2.81429261e-01
  3.93419527e-02  7.51231238e-02  1.98920205e-01 -1.05116934e-01
 -2.32193731e-02 -9.91664380e-02  2.57813688e-02 -1.21467613e-01
 -2.68610306e-02 -1.92210153e-01  1.15361109e-01 -9.55527276e-02
  4.09846574e-01 -5.54040559e-02  1.65445209e-01 -4.44392562e-02
  6.42710030e-02 -6.85406551e-02 -1.48883462e-01 -1.37579992e-01
 -1.61784776e-02  1.13529578e-01 -2.15923861e-02  5.87370619e-02
  1.66092575e-01 -1.32965147e-01 -2.23629653e-01 -1.02831326e-01
  3.55317771e-01 -2.41988879e-02 -1.66509598e-01  2.86880881e-03
 -4.38691854e-01  8.27172026e-02 -2.25836188e-01 -1.28163353e-01
  1.66289452e-02 -8.12152028e-02  5.83161116e-02  1.22449592e-01
  3.99581455e-02  2.20856201e-02  2.45722011e-02  1.41666234e-01
 -2.53660142e-01  4.49074171e-02  3.74419428e-02  1.02928542e-01
 -5.16279191e-02  9.85379815e-02 -1.08967394e-01  4.48011756e-02
  3.31651047e-02  1.47963300e-01  2.33394563e-01 -1.38851270e-01
 -2.66304165e-01  6.59329221e-02 -3.47860843e-01  1.67323515e-01
  1.36044979e-01  4.93466072e-02 -7.51301646e-02 -3.33429985e-02
 -5.18051274e-02  1.47909194e-01 -1.56975344e-01 -2.05921650e-01
  4.35600467e-02  4.84242514e-02  3.59083228e-02 -3.87237556e-02
  1.24747589e-01 -9.13950354e-02  2.65409313e-02  8.75817314e-02
  1.07126109e-01  2.62320153e-02 -4.28182065e-01 -1.72537327e-01
  2.17365846e-01 -1.23951562e-01 -3.23029123e-02 -7.47332126e-02
 -3.51065099e-02 -2.15404704e-02 -8.34705681e-03 -2.15042815e-01
 -1.19562313e-01  2.53838360e-01 -2.34023020e-01  1.19694181e-01
  1.59034625e-01 -2.20716298e-01 -1.18941240e-01  3.48113388e-01
  1.27713699e-02  6.47440478e-02 -8.39415342e-02 -7.56905973e-02
 -2.05765478e-02  1.51525244e-01 -3.67149338e-02  8.97377208e-02
  9.38103199e-02 -1.40622810e-01  6.63568303e-02 -2.47685593e-02
  7.41967484e-02 -1.64845079e-01 -3.42846550e-02  2.13479958e-02
 -3.03463135e-02 -3.93166877e-02 -5.26383668e-02  4.44945060e-02
  1.99250370e-01 -4.40948457e-02  1.85231119e-02  1.52959883e-01
 -6.69893622e-02  9.17406008e-02 -1.19867176e-01  3.24342586e-03
 -1.98362082e-01 -1.73051327e-01  1.18484803e-01 -6.18686639e-02
 -9.45803598e-02 -9.41969529e-02 -1.62020221e-01  3.78039330e-02
 -2.07668450e-02  2.15117484e-01 -2.59252518e-01 -6.23698011e-02
 -6.57821912e-03 -1.92586660e-01 -8.19795765e-03 -5.41455485e-02
 -9.51846540e-02  1.78742319e-01  1.25030689e-02 -2.82581329e-01
  8.21330845e-02  4.51218374e-02 -1.47619927e-02 -2.57872343e-01
 -1.87463105e-01 -2.61068996e-02 -4.92228866e-02 -1.42720461e-01
 -6.99938983e-02  2.37731300e-02  1.81752667e-01  1.17752299e-01
  1.39568090e-01  1.56436682e-01 -4.39895615e-02  7.74270147e-02
  3.94865572e-02 -7.54916817e-02 -1.85283452e-01  2.35299338e-02
 -1.16224833e-01  3.00617944e-02  9.10181105e-02  2.14441776e-01
 -1.44502908e-01  1.29035369e-01  1.04507096e-01  1.53529406e-01
  6.35417640e-01  3.95513624e-02 -2.00466484e-01  1.39425620e-01
 -9.02548581e-02  1.39845848e-01  1.41204596e-01  3.58816117e-01
 -1.15494907e-01  6.39385208e-02 -1.39343321e-01  8.97466987e-02
  1.11515075e-01 -3.55029292e-02  8.79853889e-02  4.01899479e-02
 -1.07416458e-01 -6.14549071e-02  1.34565428e-01  9.37015563e-02
 -1.81967705e-01  4.54361811e-02  8.47355276e-02  1.02603257e-01
 -4.79559079e-02  7.90826231e-02 -7.79914334e-02 -3.94718349e-02
  6.37308210e-02  8.62308312e-03 -1.03411600e-01  1.01318937e-02
  1.40397042e-01  3.18053141e-02  2.30077177e-01  1.18622869e-01
  1.77510470e-01 -9.79122594e-02 -1.46862924e-01  1.33866325e-01
 -9.83512700e-02  2.03619301e-01 -8.54092389e-02  9.93491262e-02]",deskripsi mata kuliah sistem informasi dan strategi pengelolaannya berubah dengan cepat  namun konsep yang memandu keduanya sering kali tidak lekang oleh waktu  prinsip prinsip ini menjadi tulang punggung survei lapangan yang komprehensif ini  yang dirancang untuk kursus pertama siswa dalam sistem informasi  dengan menyajikan rincian dan gambaran besarnya  kursus ini menempatkan pembelajaran dalam mengelola sistem informasi ke dalam konteks yang dapat dimengerti  prinsip keseluruhannya adalah bahwa informasi yang benar  jika disampaikan kepada orang yang tepat  dengan cara yang benar  dan pada waktu yang tepat  dapat meningkatkan dan menjamin efektivitas dan efisiensi organisasi  tujuan kursus kursus ini bertujuan untuk memberikan siswa konsep dasar sistem informasi  pengenalan dimulai dari esensi sistem informasi  infrastruktur  globalisasi  investasi dan strategi  e commerce  web 0  intelijen bisnis  perusahaan  pengembangan dan akuisisi  keamanan dan kontrol  serta etika   kejahatan  pada akhir kursus ini  siswa harus mampu   menunjukkan pemahaman tentang konsep konsep penting sistem informasi    menunjukkan pemahaman manfaat sistem informasi    menunjukkan kompetensi dalam penerapan sistem informasi dalam organisasi    menunjukkan kompetensi dalam penerapan sistem informasi dalam bisnis    menunjukkan pemahaman tentang isu isu  perolehan pengembangan sistem informasi    menunjukkan pemahaman tentang keamanan dan kontrol dalam sistem informasi  metode pengajaran pengajaran di kelas terdiri dari ceramah dan pemecahan masalah  dilengkapi dengan alat bantu visual yang dirancang untuk membantu siswa agar berhasil mencapai tujuan pembelajaran kursus  silabus  tif 106  hal  2 5,"['menunjukkan', 'meningkatkan']","{'C6', 'C1', 'C4', 'C2', 'C3'}",Hard,0.8290667413783368,0.1709332586216634
TIF354,Data Warehouse dan Mining,"Deskripsi Kursus Kursus ini akan membahas terutama tentang pengenalan key data warehouse dan data mining. Selain itu, mahasiswa diharapkan memperoleh pengetahuan dan keterampilan terkini untuk menjelaskan peran data warehouse dan data mining dalam lingkungan bisnis; membuat penyimpanan data yang bersih dan konsisten dalam gudang data menggunakan alat sumber terbuka yang tersedia; memanfaatkan berbagai teknik yang dikembangkan untuk penambangan data untuk menemukan pola menarik dalam database besar; menggunakan alat sumber terbuka yang ada untuk melakukan tugas penambangan data guna memecahkan masalah nyata dalam bisnis dan perdagangan; memaparkan siswa pada teknik dan ide baru yang dapat digunakan untuk meningkatkan efektivitas alat penambangan data saat ini. Error 500 (Server Error)!!1500.That’s an error.There was an error. Please try again later.That’s all we know. Error 500 (Server Error)!!1500.That’s an error.There was an error. Please try again later.That’s all we know.",deskripsi kursus kursus membahas pengenalan key data warehouse data mining mahasiswa diharapkan memperoleh pengetahuan keterampilan terkini peran data warehouse data mining lingkungan bisnis penyimpanan data bersih konsisten gudang data alat sumber terbuka tersedia memanfaatkan teknik dikembangkan penambangan data menemukan pola menarik database alat sumber terbuka tugas penambangan data memecahkan nyata bisnis perdagangan memaparkan siswa teknik ide meningkatkan efektivitas alat penambangan data error server errorthats errorthere error please try laterthats know error server errorthats errorthere error please try laterthats know,"[ 0.00364     0.18097195 -0.14549263 -0.08998805 -0.00461913 -0.04874884
 -0.0404969   0.07729221 -0.09130211  0.2205504   0.01369139  0.03682487
  0.36362982 -0.05172873 -0.09015195  0.10994381  0.01222026  0.03577916
 -0.02884678 -0.1948226  -0.20183213 -0.14137     0.0249422  -0.11078746
 -0.19634637 -0.00782414  0.05770947 -0.20378073  0.0856877  -0.26161847
 -0.01709194  0.06321529  0.2406775   0.26907235 -0.05079072  0.2513343
  0.02402499  0.06337477 -0.0492392   0.04426653  0.00054218 -0.15083566
  0.1226507   0.09810947 -0.04782721 -0.21765158 -0.10657156 -0.18759464
 -0.1844167  -0.11734522 -0.25116295 -0.08834023 -0.05118835 -0.1228172
 -0.15908472  0.15181996  0.23044962  0.00554514 -0.25208855  0.04162296
  0.22358334 -0.07156084  0.02769402  0.09365437  0.13473175  0.10194024
  0.11734934  0.21383484  0.07380302 -0.14510165 -0.12535325  0.08417901
 -0.28020838 -0.03673111 -0.02192675  0.20489202 -0.12545846 -0.04042028
  0.24311481 -0.10074981  0.01923442  0.03947662  0.11740991 -0.04053511
 -0.1060441  -0.03399841  0.00288482 -0.07343964  0.0111758  -0.24429451
  0.04337846  0.07185978 -0.20790912 -0.00210445 -0.12949294 -0.05439568
 -0.01321499 -0.0287302   0.19408506  0.23749268 -0.11803064  0.09441937
  0.04080135 -0.26175773  0.11495607 -0.00176061  0.07932324 -0.21695499
  0.14481393  0.10830215  0.15919536  0.07838839 -0.10094307 -0.0436351
  0.09243888  0.15721793  0.10794569  0.01149838 -0.1390523   0.24458925
  0.00162178 -0.03252212  0.05219611 -0.05084471  0.12445385 -0.21897347
 -0.1620761   0.07379854 -0.06895483 -0.1890534  -0.04587369  0.00190306
  0.09304818  0.2147688   0.09312043 -0.10691993 -0.05407509  0.07261451
 -0.1494361   0.332315   -0.02131772  0.20214772  0.13985237  0.11046704
 -0.25409397  0.16774298  0.01348821 -0.21346681  0.20006733 -0.10157092
  0.24206576 -0.07272456  0.29326075 -0.04915689  0.09399515  0.07552527
  0.21827266 -0.12986772  0.22594734 -0.13825472 -0.24902311  0.22611569
  0.02473856  0.15361165 -0.07410663  0.00386852 -0.00981783 -0.16046019
  0.03834027 -0.07115699  0.16209477 -0.06457852 -0.14704236 -0.08936292
  0.24158181  0.06604791 -0.0261395  -0.08280539  0.00883538 -0.21750137
  0.04000645 -0.08586532  0.09737057 -0.01052899 -0.0774767  -0.05875253
  0.01857057 -0.01260278 -0.0856447   0.1925869  -0.06233537  0.26393017
  0.17196374 -0.22947691 -0.10278148 -0.19609398  0.38722056 -0.33239764
 -0.1348652  -0.11031885 -0.19052517  0.00335017 -0.35064912 -0.03134488
 -0.04401956 -0.15234973  0.14699292  0.11560719  0.05416548  0.05223258
 -0.06741387  0.09325323 -0.29234743 -0.05300577  0.07593588 -0.03820858
 -0.03670409  0.0572198  -0.03131042 -0.00940067 -0.14494751 -0.17192169
  0.05626713 -0.17144515 -0.24013756  0.08186597 -0.18882653  0.14198259
  0.34237933 -0.03497442 -0.01157402 -0.14583784 -0.04015204  0.09404939
 -0.23316479 -0.02058774 -0.02179422 -0.01018035  0.11474683 -0.10595399
  0.03010194  0.01542133 -0.08444264  0.05786252 -0.174317    0.11225308
 -0.42069095 -0.05895964  0.09413344  0.01757841 -0.11297092 -0.2947489
 -0.14351626 -0.03689591 -0.01649715  0.05824908 -0.00308846  0.07487385
 -0.18793774 -0.0871403   0.38768262 -0.22115827  0.03912519  0.19173016
  0.10822291 -0.05837927 -0.07639544 -0.04953737 -0.09116598 -0.05031597
 -0.05096453  0.05051383  0.0990576   0.03196873  0.10210736 -0.00340189
 -0.00361489 -0.32443014  0.10840783  0.25429088 -0.05023751  0.1052103
  0.00762459  0.04475152  0.01733864 -0.09530602  0.04656042  0.02456773
 -0.2017911   0.18550493 -0.0957711  -0.00925323 -0.44070125 -0.01776397
  0.1121358  -0.07305564  0.10936146 -0.11873788  0.03768683  0.01199108
 -0.1473054   0.20157874 -0.12377368 -0.16784213  0.08020966 -0.23999555
  0.14853986  0.08604795  0.14102586  0.11060701  0.00683956 -0.14825352
  0.07438149 -0.12866648 -0.13165033 -0.2327291  -0.20943211 -0.01041822
  0.06890151 -0.16574614 -0.06590038  0.03550934  0.12653331  0.04479648
  0.03002307  0.11931196  0.0014274   0.3786006   0.03859477  0.09591379
 -0.1828841  -0.14984414 -0.33059624  0.00726939  0.06292096  0.29057485
  0.20085178  0.26594594  0.08797854  0.04069354  0.3356932   0.00983323
 -0.07766125  0.1932367  -0.0482376   0.04396417  0.11885434  0.387361
  0.01521452 -0.04520722  0.00414758  0.07569742  0.06661496 -0.08644388
  0.23541749  0.03614186  0.04053461 -0.04891226  0.02136015  0.07548981
 -0.16283712 -0.07476703  0.17582455  0.07637454 -0.00821573  0.1070943
 -0.20547402  0.10467659  0.11279462  0.18240006 -0.15877748 -0.20158368
  0.2295525  -0.01186527  0.23659544  0.24610981  0.1932975  -0.17461273
  0.00471705  0.22587077 -0.06068769  0.06036844 -0.09574512 -0.03584037]",deskripsi kursus kursus ini akan membahas terutama tentang pengenalan key data warehouse dan data mining  selain itu  mahasiswa diharapkan memperoleh pengetahuan dan keterampilan terkini untuk menjelaskan peran data warehouse dan data mining dalam lingkungan bisnis  membuat penyimpanan data yang bersih dan konsisten dalam gudang data menggunakan alat sumber terbuka yang tersedia  memanfaatkan berbagai teknik yang dikembangkan untuk penambangan data untuk menemukan pola menarik dalam database besar  menggunakan alat sumber terbuka yang ada untuk melakukan tugas penambangan data guna memecahkan masalah nyata dalam bisnis dan perdagangan  memaparkan siswa pada teknik dan ide baru yang dapat digunakan untuk meningkatkan efektivitas alat penambangan data saat ini  error 500  server error   1500 that s an error there was an error  please try again later that s all we know  error 500  server error   1500 that s an error there was an error  please try again later that s all we know,"['membuat', 'meningkatkan', 'memecahkan', 'melakukan', 'menjelaskan', 'menemukan', 'memanfaatkan', 'menggunakan']","{'C6', 'C1', 'C4', 'C2', 'C3'}",Hard,0.9418059079575377,0.05819409204246217
TIF356,Pengolahan Citra,"deskripsi kursus kursus ini memperkenalkan kepada siswa landasan luas berikut dalam isu seputar pemrosesan gambar – peran sistem pemrosesan gambar – desain sistem pemrosesan gambar – operasi dasar yang mendasari konsep dan representasi gambar, konvolusi pemrosesan gambar spasial dan pemrosesan domain frekuensi kompresi dan transmisi gambar, segmentasi gambar, steganografi. kesetiaan tujuan kursus setelah menyelesaikan kursus ini, siswa harus dapat memahami relevansi dan infrastruktur yang mendasari sistem pemrosesan gambar. memahami teknologi pemrosesan gambar inti menyadari faktor-faktor yang terlibat dalam kinerja sistem pemrosesan gambar, integrasi dan evaluasi topik dalam modul mencakup pengenalan berikut aplikasi pemrosesan gambar dan persyaratan representasi dasar gambar, persepsi manusia, peralatan, dan aplikasi. kompresi gambar – pengkode transformasi persepsi untuk gambar/video (misalnya, jpeg, mpeg, h.263, dll.), – pengkode yang dapat diskalakan (misalnya, pengkode piramida), f ppkr1 silabus tif356 (rencana pembelajaran semester) – aplikasi dan algoritma pemrosesan gambar dan video. tepi segmentasi gambar, warna, objek. data menyembunyikan domain piksel vs mengubah kriteria fidelitas domain subyektif, objektif Tujuan yang disebutkan di atas harus diselaraskan ke dalam kompetensi berikut a. pengetahuan (informasi plus pemahaman) a.pengetahuan umum tentang sistem pengolahan citra a.dasar-dasar representasi citra, persepsi, peralatan, aplikasi a.operasi dasar pada citra a.pemrosesan histogram pada citra a.konvolusi citra dan pemrosesan domain transformasi a.memahami dasar-dasar penyempurnaan citra a.segmentasi citra berdasarkan tepi, warna, dan objek a.kompresi citra a.aplikasi pengolahan citra termasuk penyembunyian data dan fidelitas b. keterampilan (penerapan pengetahuan) b.mengenali dan menerapkan berbagai algoritme dan teknologi pemrosesan gambar untuk tujuan yang berbeda b.mengidentifikasi format yang berbeda untuk data gambar b.menghitung pengukuran kualitas data multimedia b.mengidentifikasi dan menggunakan operasi yang berbeda pada data gambar b.mengidentifikasi redundansi data multimedia dan menerapkan metode kompresi data b.mengidentifikasi teknik lanjutan yang diubah domain b.mengidentifikasi dan menggunakan metode penilaian kualitas yang berbeda c. nilai dan sikap c.menghargai nilai dasar sistem pengolahan citra dan penggunaannya c.mengembangkan pemahaman tentang berbagai metode dan teknik yang digunakan dalam sistem pengolahan citra c.mengembangkan keterampilan dasar analisis dan pemecahan masalah melalui penerapan sistem pengolahan citra metode pengajaran pengajaran di kelas terdiri dari ceramah dan pemecahan masalah praktis, dilengkapi dengan alat bantu visual yang dirancang untuk membantu siswa agar berhasil mencapai tujuan pembelajaran kursus. sangat penting bahwa siswa mengambil minat aktif dalam kursus. untuk berhasil dalam mata kuliah ini, siswa harus membaca, berpikir, dan menulis secara kritis dan analitis dan ini membutuhkan waktu dan latihan. praktik seperti itu hanya dapat dicapai dengan melakukan latihan teori dan praktik. ketika masalah muncul, dan masalah itu akan terjadi, siswa harus mengajukan pertanyaan yang mungkin ditujukan kepada instruktur atau siswa lain dalam berbagai cara. siswa juga didorong untuk bekerja sama dalam kumpulan masalah sebagai bagian dari latihan mereka. namun, individu pada akhirnya harus menunjukkan pemahaman materi dengan menuliskan solusinya sendiri tanpa bantuan siswa lain atau karya tertulis mereka. rata-rata siswa perlu menghabiskan setidaknya 6 jam belajar dan persiapan per minggu untuk kursus ini.",deskripsi kursus kursus memperkenalkan siswa landasan luas isu seputar pemrosesan gambar peran sistem pemrosesan gambar desain sistem pemrosesan gambar operasi dasar mendasari konsep representasi gambar konvolusi pemrosesan gambar spasial pemrosesan domain frekuensi kompresi transmisi gambar segmentasi gambar steganografi kesetiaan tujuan kursus menyelesaikan kursus siswa memahami relevansi infrastruktur mendasari sistem pemrosesan gambar memahami teknologi pemrosesan gambar inti menyadari faktorfaktor terlibat kinerja sistem pemrosesan gambar integrasi evaluasi topik modul mencakup pengenalan aplikasi pemrosesan gambar persyaratan representasi dasar gambar persepsi manusia peralatan aplikasi kompresi gambar pengkode transformasi persepsi gambarvideo jpeg mpeg h dll pengkode diskalakan pengkode piramida f ppkr silabus tif rencana pembelajaran semester aplikasi algoritma pemrosesan gambar video tepi segmentasi gambar warna objek data menyembunyikan domain piksel v mengubah kriteria fidelitas domain subyektif objektif tujuan diselaraskan kompetensi pengetahuan informasi plus pemahaman apengetahuan sistem pengolahan citra adasardasar representasi citra persepsi peralatan aplikasi aoperasi dasar citra apemrosesan histogram citra akonvolusi citra pemrosesan domain transformasi amemahami dasardasar penyempurnaan citra asegmentasi citra berdasarkan tepi warna objek akompresi citra aaplikasi pengolahan citra penyembunyian data fidelitas b keterampilan penerapan pengetahuan bmengenali menerapkan algoritme teknologi pemrosesan gambar tujuan berbeda bmengidentifikasi format berbeda data gambar bmenghitung pengukuran kualitas data multimedia bmengidentifikasi operasi berbeda data gambar bmengidentifikasi redundansi data multimedia menerapkan metode kompresi data bmengidentifikasi teknik lanjutan diubah domain bmengidentifikasi metode penilaian kualitas berbeda c nilai sikap cmenghargai nilai dasar sistem pengolahan citra penggunaannya cmengembangkan pemahaman metode teknik sistem pengolahan citra cmengembangkan keterampilan dasar analisis pemecahan penerapan sistem pengolahan citra metode pengajaran pengajaran kelas ceramah pemecahan praktis dilengkapi alat bantu visual dirancang membantu siswa berhasil mencapai tujuan pembelajaran kursus siswa mengambil minat aktif kursus berhasil mata kuliah siswa membaca berpikir menulis kriti analitis membutuhkan latihan praktik dicapai latihan teori praktik muncul siswa mengajukan instruktur siswa siswa didorong kumpulan latihan individu pemahaman materi menuliskan solusinya bantuan siswa karya tertulis ratarata siswa menghabiskan jam belajar persiapan minggu kursus,"[ 1.25016093e-01  8.82109776e-02  2.94166505e-02 -5.04324660e-02
  7.16134114e-03 -4.59216982e-02 -2.92343907e-02 -6.95172623e-02
 -1.37316763e-01  2.08659485e-01  9.53785181e-02  1.31334797e-01
  1.45609379e-01  1.34116754e-01 -1.46540448e-01 -8.39062259e-02
  8.76044035e-02 -4.26803157e-02  8.34307671e-02 -3.02552767e-02
  6.46857098e-02 -6.45142049e-02  1.59763724e-01 -4.71817069e-02
 -1.34959042e-01 -7.70963058e-02  6.45263791e-02 -2.24262863e-01
  2.22565874e-01 -3.50566924e-01 -1.86333835e-01  2.27965385e-01
  2.40687579e-01  1.02242194e-01 -1.68154955e-01  1.51091471e-01
  3.11350469e-02 -4.15679393e-03 -1.40228689e-01  7.05311168e-03
 -1.49285913e-01 -1.33610696e-01 -2.37954035e-03 -1.53075140e-02
  1.90127924e-01 -7.94492513e-02 -7.01741427e-02 -1.55979544e-01
 -1.25692710e-01 -2.60667682e-01 -2.37240016e-01 -3.64337593e-01
  6.62613660e-04 -6.73872605e-02 -6.94392901e-03  1.77402556e-01
  3.43539536e-01 -4.70431596e-02 -7.47742578e-02 -1.00863785e-01
 -1.67835644e-03  5.44647872e-02 -1.03843287e-02  1.80386677e-01
  5.41844591e-02  3.47183552e-04  5.02046458e-02  2.17154101e-01
  1.83569938e-02 -6.95645949e-03 -2.73120284e-01  3.35100740e-02
 -1.39923573e-01 -5.37208766e-02 -4.05998826e-02  3.88682745e-02
  2.44287495e-02  1.09783597e-01  1.65163308e-01 -2.66077459e-01
  2.85925120e-01 -1.58212736e-01  1.07290171e-01  1.44289225e-01
  1.44841701e-01  1.76753208e-01 -1.22694023e-01 -8.21636245e-02
 -1.66078895e-01 -4.40124944e-02 -8.21452402e-03 -1.27183065e-01
 -1.36816919e-01  1.15066193e-01 -4.69322242e-02 -1.79338530e-01
 -1.05999159e-02 -2.95694351e-01  2.27714062e-01  4.30011570e-01
 -1.89148545e-01 -1.43135950e-01  1.56693414e-01 -5.36588356e-02
  9.92176458e-02  9.01349820e-03  1.48907885e-01 -1.76114425e-01
  3.83505709e-02  8.72684270e-02 -2.01626513e-02 -7.36044794e-02
 -5.67283593e-02 -1.02077328e-01 -3.93316932e-02  3.99114676e-02
  7.01967329e-02  5.14216460e-02  1.05901614e-01 -7.41942823e-02
  3.06932861e-03 -1.64724603e-01 -1.77175477e-02 -6.45251572e-02
  1.27096832e-01 -4.23879683e-01 -5.61223179e-03 -7.25305155e-02
 -5.89417815e-02 -2.30546281e-01 -6.06669812e-03  6.07649386e-02
  3.98737751e-02  3.73935886e-02  2.03632846e-01  1.02484182e-01
 -1.52312657e-02 -1.04323789e-01 -2.30232745e-01  4.58460450e-02
 -1.33186886e-02  3.84360671e-01  2.33370632e-01  1.57663733e-01
 -5.21777160e-02  1.18974246e-01 -1.74338549e-01  5.81312412e-03
  3.40042599e-02  1.50448650e-01  8.20012987e-02 -1.17688015e-01
  1.19276375e-01  1.21018291e-01  1.22828320e-01  1.00996546e-01
 -1.57633964e-02 -1.76679254e-01  1.34783313e-02 -2.44528316e-02
 -2.66343445e-01  2.33618885e-01  1.13427997e-01  3.60598415e-02
 -1.07232779e-01  5.76656051e-02 -2.77254395e-02 -1.38771147e-01
  8.59277844e-02  1.87775075e-01  8.84390026e-02 -1.57604933e-01
  2.07651220e-02 -5.83298057e-02  1.02126166e-01  1.80585921e-01
 -9.99109894e-02  3.27880867e-02 -2.28153309e-04 -5.40495515e-02
  2.71497875e-01 -1.10842168e-01  2.27588654e-01  5.40192015e-02
  3.52302343e-02 -1.41107827e-01 -5.01173586e-02 -6.25118911e-02
 -7.15897158e-02  1.91989437e-01  2.85486411e-03  6.91041537e-03
  1.21592909e-01 -1.53203756e-01 -2.48860836e-01 -4.33156546e-03
  3.42288405e-01 -8.90007541e-02 -3.02579373e-01 -8.31840467e-03
 -2.08390743e-01 -7.67675564e-02 -1.47100389e-01 -8.15049261e-02
 -1.91328228e-01 -5.99596128e-02  8.34644735e-02  1.70470104e-01
 -7.50186592e-02  1.66206121e-01 -6.02001697e-02 -1.79940760e-01
 -3.14186454e-01  3.84418629e-02  1.68848112e-01  5.25751337e-02
  1.83220208e-02 -1.31063104e-01 -1.49745718e-01  4.72745001e-02
  4.40579839e-02  6.52265847e-02  1.38687998e-01 -2.25161582e-01
 -9.90729704e-02  2.43514434e-01 -3.87193978e-01  6.92470074e-02
  4.93884049e-02 -4.07451279e-02 -2.85270084e-02 -8.33578333e-02
 -4.86019850e-02  1.41606346e-01 -2.17261583e-01 -6.70429692e-02
 -1.80863619e-01  1.15474328e-01 -1.63513407e-01 -1.46501064e-01
  9.77292210e-02 -2.26816520e-01 -1.95364162e-01 -1.00928903e-01
  5.69983907e-02  5.03661111e-03 -4.09473367e-02 -1.04639694e-01
  1.24403834e-01  7.30715394e-02  1.62707567e-01 -1.24498243e-02
 -3.94894332e-02  1.28645450e-01  7.69064352e-02 -2.33213067e-01
  4.11886442e-03  8.62599164e-02 -1.41954556e-01  7.75413439e-02
  2.47955948e-01 -6.61895573e-02 -8.55537131e-04  1.78297564e-01
 -3.97815034e-02 -1.37319341e-01 -4.06597890e-02 -2.83450391e-02
 -9.41240340e-02 -2.70959027e-02 -9.19901300e-03  3.91323306e-02
  1.22572901e-02  2.43889969e-02 -1.06915340e-01 -1.14854015e-01
  8.90107080e-03 -1.41712174e-01  1.03816345e-01  1.64527930e-02
 -1.20837227e-01 -2.92316470e-02  3.47165950e-02  5.25499955e-02
  5.16948029e-02 -1.05839908e-01 -8.09890404e-02 -9.98315960e-02
 -2.80802790e-02  2.15706844e-02 -1.25289589e-01  8.10058117e-02
 -2.09586114e-01 -1.27444297e-01  7.24488720e-02  9.75434035e-02
  1.23222098e-01  4.86125834e-02 -6.70466423e-02  6.79138228e-02
  1.23971753e-01  3.00544560e-01 -2.62401253e-01 -5.90574220e-02
 -1.14170827e-01 -4.17462826e-01  1.46100312e-01  1.22180469e-01
 -2.96019446e-02  1.03413731e-01 -4.90568690e-02 -3.83587927e-01
 -1.59802549e-02 -7.36005828e-02 -5.07223699e-03 -4.60044593e-02
 -2.06317827e-02 -9.95168537e-02  2.25323766e-01 -1.89476311e-01
 -1.92866072e-01 -2.94245966e-02  7.74730137e-03 -1.51060730e-01
 -3.88215780e-02  1.50260463e-01 -3.79561000e-02  2.92964399e-01
 -2.08160654e-02 -9.82356146e-02 -1.33127227e-01 -1.39046218e-02
 -4.46707644e-02  1.21384159e-01  1.35628849e-01  2.35128328e-01
  1.49965107e-01  3.32958639e-01  6.18251488e-02  1.41066769e-02
  3.69922131e-01 -1.00875176e-01 -1.68853387e-01 -2.05379631e-02
 -8.60109702e-02  1.64741576e-02  4.05022353e-02  1.94033936e-01
  2.35414170e-02 -1.10763624e-01 -4.61824192e-03  1.90435454e-01
  2.50338297e-02 -4.07731682e-02  8.78499746e-02  1.71551248e-04
  3.18570212e-02 -1.14079818e-01  1.33757621e-01  2.07255080e-01
 -2.19141036e-01 -9.77378152e-03  3.12703371e-01  3.66114229e-02
  1.20959252e-01  1.20409302e-01  3.87400724e-02  4.57317382e-02
  3.97101138e-03  3.67254704e-01 -5.07918149e-02  2.07154453e-02
  9.51046646e-02  4.70053367e-02  2.36046478e-01  2.19634436e-02
  2.75970727e-01 -2.25097418e-01  9.69060883e-02  1.68381989e-01
 -1.84673384e-01  2.40475178e-01 -1.72634199e-01  1.41613498e-01]",deskripsi kursus kursus ini memperkenalkan kepada siswa landasan luas berikut dalam isu seputar pemrosesan gambar   peran sistem pemrosesan gambar   desain sistem pemrosesan gambar   operasi dasar yang mendasari konsep dan representasi gambar  konvolusi pemrosesan gambar spasial dan pemrosesan domain frekuensi kompresi dan transmisi gambar  segmentasi gambar  steganografi  kesetiaan tujuan kursus setelah menyelesaikan kursus ini  siswa harus dapat memahami relevansi dan infrastruktur yang mendasari sistem pemrosesan gambar  memahami teknologi pemrosesan gambar inti menyadari faktor faktor yang terlibat dalam kinerja sistem pemrosesan gambar  integrasi dan evaluasi topik dalam modul mencakup pengenalan berikut aplikasi pemrosesan gambar dan persyaratan representasi dasar gambar  persepsi manusia  peralatan  dan aplikasi  kompresi gambar   pengkode transformasi persepsi untuk gambar video  misalnya  jpeg  mpeg  h 263  dll      pengkode yang dapat diskalakan  misalnya  pengkode piramida   f ppkr1 silabus tif356  rencana pembelajaran semester    aplikasi dan algoritma pemrosesan gambar dan video  tepi segmentasi gambar  warna  objek  data menyembunyikan domain piksel vs mengubah kriteria fidelitas domain subyektif  objektif tujuan yang disebutkan di atas harus diselaraskan ke dalam kompetensi berikut a  pengetahuan  informasi plus pemahaman  a pengetahuan umum tentang sistem pengolahan citra a dasar dasar representasi citra  persepsi  peralatan  aplikasi a operasi dasar pada citra a pemrosesan histogram pada citra a konvolusi citra dan pemrosesan domain transformasi a memahami dasar dasar penyempurnaan citra a segmentasi citra berdasarkan tepi  warna  dan objek a kompresi citra a aplikasi pengolahan citra termasuk penyembunyian data dan fidelitas b  keterampilan  penerapan pengetahuan  b mengenali dan menerapkan berbagai algoritme dan teknologi pemrosesan gambar untuk tujuan yang berbeda b mengidentifikasi format yang berbeda untuk data gambar b menghitung pengukuran kualitas data multimedia b mengidentifikasi dan menggunakan operasi yang berbeda pada data gambar b mengidentifikasi redundansi data multimedia dan menerapkan metode kompresi data b mengidentifikasi teknik lanjutan yang diubah domain b mengidentifikasi dan menggunakan metode penilaian kualitas yang berbeda c  nilai dan sikap c menghargai nilai dasar sistem pengolahan citra dan penggunaannya c mengembangkan pemahaman tentang berbagai metode dan teknik yang digunakan dalam sistem pengolahan citra c mengembangkan keterampilan dasar analisis dan pemecahan masalah melalui penerapan sistem pengolahan citra metode pengajaran pengajaran di kelas terdiri dari ceramah dan pemecahan masalah praktis  dilengkapi dengan alat bantu visual yang dirancang untuk membantu siswa agar berhasil mencapai tujuan pembelajaran kursus  sangat penting bahwa siswa mengambil minat aktif dalam kursus  untuk berhasil dalam mata kuliah ini  siswa harus membaca  berpikir  dan menulis secara kritis dan analitis dan ini membutuhkan waktu dan latihan  praktik seperti itu hanya dapat dicapai dengan melakukan latihan teori dan praktik  ketika masalah muncul  dan masalah itu akan terjadi  siswa harus mengajukan pertanyaan yang mungkin ditujukan kepada instruktur atau siswa lain dalam berbagai cara  siswa juga didorong untuk bekerja sama dalam kumpulan masalah sebagai bagian dari latihan mereka  namun  individu pada akhirnya harus menunjukkan pemahaman materi dengan menuliskan solusinya sendiri tanpa bantuan siswa lain atau karya tertulis mereka  rata rata siswa perlu menghabiskan setidaknya 6 jam belajar dan persiapan per minggu untuk kursus ini,"['menulis', 'menghargai', 'melakukan', 'menerapkan', 'menunjukkan', 'membaca', 'menghitung', 'mengidentifikasi', 'memahami', 'menuliskan', 'mengembangkan', 'mengubah', 'menggunakan']","{'C6', 'C1', 'C5', 'C4', 'C2', 'C3'}",Hard,0.8291003537955732,0.17089964620442655
TIF357,Ethical Hacking,"deskripsi mata kuliah deskripsi matakuliah mata kuliah ini dirancang untuk membahas apa itu aktivitas hacking dan apa arti etika dalam judul etika hacking dalam penerapannya. siswa akan dikenalkan dengan berbagai jenis dan tahapan proses hacking yang dilakukan pada berbagai sistem pada situasi saat ini. sesuai dengan judulnya, selain mengenal teknik hacking itu sendiri, namun juga bagaimana memanfaatkan teknik tersebut untuk tujuan yang baik dan sesuai dengan etika dan hukum yang berlaku. dalam hal ini cara mengatasi serangan hacking tersebut dan mencegahnya di kemudian hari dengan melakukan pengujian penetrasi. course objectives sasaran kompetensi lulusan yang dibebankan pada matakuliah by the end of this course, students should be able to  understand what hacking is, and its behavior and examples in the real world  identify differences with ethical hacking, ethics and applicable law in cybersecurity  understand and identify the general stages of the hacking process on the system  understand and identify the types of hacking techniques carried out by hackers  understand and identify strategies and steps that must be taken to handle and prevent hacking attacks  understand and identify system weaknesses and provide input for improvement through penetration testing di akhir perkuliahan ini, mahasiswa mampu f ppkr1 syllabus (rencana pembelajaran semester) [tif 207/tif 31w] pg. 2/5  memahami apa itu hacking, serta perilaku dan contohnya di dunia nyata  mengidentifikasi perbedaan dengan ethical hacking, etika dan hukum yang berlaku dalam keamanan siber  memahami dan mengidentifikasi tahap tahap umum proses hacking pada sistem  memahami dan mengidentifikasi jenis jenis teknik hacking yang dilakukan oleh hacker  memahami dan mengidentifikasi strategi dan langkah langkah yang harus dilakukan untuk melakukan penanganan dan pencegahan terhadap serangan serangan hacking  memahami dan mengidentifikasi kelemahan sistem serta memberikan masukkan untuk perbaikan melalui penetration testing methods instruction metode pembelajaran literature/material study, problem based learning, case study, assignments, and group discussion. pembelajaran materi, pembelajaran berbasis studi kasus atau masalah, tugas, dan diskusi kelompok",deskripsi mata kuliah deskripsi matakuliah mata kuliah dirancang membahas aktivitas hacking arti etika judul etika hacking penerapannya siswa dikenalkan jenis tahapan prose hacking sistem situasi sesuai judulnya mengenal teknik hacking memanfaatkan teknik tujuan sesuai etika hukum berlaku mengatasi serangan hacking mencegahnya pengujian penetrasi course objective sasaran kompetensi lulusan dibebankan matakuliah end course student able understand hacking behavior example real world identify difference ethical hacking ethic applicable law cybersecurity understand identify general stage hacking process system understand identify type hacking technique carried hacker understand identify strategy step must taken handle prevent hacking attack understand identify system weakness provide input improvement penetration testing perkuliahan mahasiswa f ppkr syllabus rencana pembelajaran semester tif tif w pg memahami hacking perilaku contohnya dunia nyata mengidentifikasi perbedaan ethical hacking etika hukum berlaku keamanan siber memahami mengidentifikasi tahap tahap prose hacking sistem memahami mengidentifikasi jenis jenis teknik hacking hacker memahami mengidentifikasi strategi langkah langkah penanganan pencegahan serangan serangan hacking memahami mengidentifikasi kelemahan sistem masukkan perbaikan penetration testing method instruction metode pembelajaran literaturematerial study problem based learning case study assignment group discussion pembelajaran materi pembelajaran berbasis studi tugas diskusi kelompok,"[-3.05885896e-02  1.90730467e-01 -3.07585806e-01 -1.77206010e-01
  7.97130391e-02 -9.48160216e-02  2.86944211e-02  7.29706064e-02
  3.97019759e-02  1.65290192e-01  9.22390819e-03  1.18711516e-01
  3.71288449e-01  1.20633766e-01 -8.15577358e-02  4.04234007e-02
 -1.28861174e-01  2.40428210e-03  8.00037235e-02  7.06067383e-02
  4.54983339e-02  8.11752453e-02  4.22316223e-01 -4.43289727e-02
 -2.68876791e-01  1.42720327e-01 -6.85564131e-02 -3.14381421e-01
  1.09755322e-02 -1.18864454e-01  5.83939552e-02 -6.92923889e-02
  1.45918489e-01  1.40712559e-01 -2.23662108e-01  2.25841627e-01
 -1.43136475e-02  5.61154261e-03  1.17531806e-01  7.99348056e-02
 -1.01327963e-01  1.13534778e-01 -1.27448682e-02 -3.01878415e-02
  1.90110598e-02 -2.10064918e-01  5.51405177e-03 -2.78946310e-01
 -1.80040643e-01 -4.93077487e-01  2.11232796e-01  5.90230455e-04
 -2.74277985e-01 -1.39593035e-01  7.36926645e-02  1.43181253e-02
  1.93688005e-01 -1.86950415e-01 -5.33267595e-02 -1.29485682e-01
  1.79611102e-01 -4.04721722e-02  7.71830976e-02  1.11303821e-01
  2.39789948e-01  6.24597557e-02  1.14687458e-01  3.55712056e-01
 -7.66717419e-02 -1.06802322e-02 -2.54908413e-01 -1.65537018e-02
  9.01216343e-02  1.99638098e-01  3.13275933e-01  2.64154434e-01
  4.26820107e-02 -4.14583795e-02 -6.42477944e-02 -3.13235492e-01
  8.21192339e-02 -1.51098996e-01  7.79951587e-02  1.17610224e-01
  1.19369417e-01  5.72848246e-02  4.21711355e-02 -1.24397613e-01
  2.03362882e-01 -5.24592400e-02  6.81222454e-02 -2.68965662e-01
 -1.37440488e-01 -1.24726757e-01  5.01571074e-02 -7.44419992e-02
  3.59748676e-02 -2.20310748e-01  1.54865354e-01  3.25798869e-01
 -2.27502421e-01 -6.83595240e-02 -3.78674013e-03 -1.58227801e-01
  2.17135102e-01  9.71379876e-02  3.22634429e-01 -3.09663802e-01
  8.43223780e-02 -4.41968068e-02  7.14540854e-02  1.11185439e-01
  1.25465959e-01 -4.21659291e-01  1.72373608e-01  1.54295981e-01
  1.78325698e-01  5.59328087e-02  1.23780966e-01  1.78865314e-01
  1.03590228e-01 -7.55703896e-02  1.02285922e-01  7.68853426e-02
  9.40175951e-02 -1.35693196e-02 -4.07789871e-02 -1.93440951e-02
 -2.34737426e-01 -2.83561885e-01 -1.77112386e-01  1.62331343e-01
  1.51220873e-01  1.63154334e-01  9.10200551e-02  1.18844554e-01
 -2.89460141e-02  1.96487635e-01  1.83816895e-01  8.81883204e-02
 -4.59795818e-02  2.20236853e-01  1.21146388e-01  7.07988441e-02
 -4.49657030e-02  6.49565905e-02 -7.68809766e-02 -1.41283989e-01
 -3.49164233e-02  4.69234027e-02  1.91292614e-01 -1.02318497e-02
  2.58562952e-01 -1.87198639e-01  8.53082240e-02  1.68735776e-02
  1.44947125e-02 -8.00957158e-02  7.80145973e-02 -2.49566108e-01
 -2.43869219e-02  2.48524740e-01  1.31602362e-01  1.56187773e-01
  9.38549489e-02 -7.47583434e-03  1.07194752e-01 -5.17006442e-02
  2.80398298e-02  4.99843322e-02  8.53535533e-02 -2.04586715e-01
 -5.81704229e-02  9.98120476e-03 -3.58004048e-02 -2.35950276e-01
 -2.63524931e-02 -1.62558705e-02 -1.56798720e-01 -1.69175148e-01
  2.39931092e-01 -2.08653629e-01 -1.11755036e-01  6.12155572e-02
 -1.27956629e-01 -1.61182463e-01 -1.01119533e-01 -2.11797934e-02
 -2.49898285e-01  1.54309258e-01 -2.94615537e-01 -2.53168568e-02
 -5.04535586e-02 -9.79177877e-02 -9.89952385e-02 -3.10763940e-02
  2.50597686e-01 -2.03928620e-01 -4.34396029e-01  2.58311071e-02
 -3.48930269e-01 -3.88260931e-02 -3.40961128e-01  1.13484584e-01
 -2.17751890e-01 -1.24950968e-01  1.18655954e-02  6.80927858e-02
  4.32896167e-02  5.26375696e-02 -1.88090876e-02  6.11430630e-02
 -8.65192115e-02 -6.19061738e-02  1.98931023e-01 -2.35379994e-01
 -1.12365149e-01  6.60954714e-02 -8.40957984e-02  2.90965149e-03
  1.37407795e-01 -2.90128728e-03  5.78802489e-02 -1.39319837e-01
 -1.20406970e-01 -6.65130615e-02 -4.10523802e-01  1.19527183e-01
  8.10992122e-02  5.07093705e-02 -3.06747615e-01 -4.06460837e-02
 -2.58569807e-01 -2.49156002e-02 -1.26051441e-01  3.29459682e-02
 -1.45768985e-01 -3.14033702e-02  2.17273429e-01 -1.79742828e-01
 -2.32934192e-01 -1.39688760e-01 -2.18070179e-01 -1.13789318e-02
 -1.55810237e-01  3.12975228e-01 -9.14799571e-02 -2.71383822e-01
  1.90909639e-01  4.77809012e-02  5.51078655e-02  2.23857015e-01
  7.20289946e-02  3.65556628e-02  9.89292488e-02  1.68831751e-01
 -1.46009669e-01  8.86310562e-02 -4.34887260e-02  8.07632729e-02
  1.96696550e-01 -8.15857574e-02 -1.35576814e-01  9.54442285e-03
  2.34354705e-01 -2.57993620e-02 -1.99763700e-01  1.11809202e-01
 -8.61505121e-02 -2.55697258e-02 -1.62320033e-01  1.35187253e-01
  2.22535223e-01 -1.56820476e-01  1.19703479e-01  2.80483649e-03
 -1.16004318e-01 -1.67126089e-01 -7.46644894e-03  1.67400062e-01
 -5.37560731e-02 -4.80651781e-02  9.91834924e-02 -9.19827968e-02
  2.29823831e-02 -1.88976035e-01 -1.26631394e-01  2.73181102e-03
 -1.81911290e-01 -1.35670044e-03 -1.75720498e-01  5.04262298e-02
 -3.41592878e-01 -1.06264152e-01  3.05825491e-02  1.92343548e-01
 -1.34744108e-01 -2.03798145e-01 -5.85369430e-02  1.91545263e-02
  5.15803955e-02  4.63710949e-02 -3.26064944e-01  7.15780854e-02
  9.84364301e-02 -2.39306793e-01 -4.28354442e-02  2.85235763e-01
 -9.01403502e-02 -1.47250727e-01  4.82788160e-02  6.73958100e-03
  4.38487083e-02 -2.36313522e-01 -5.68691604e-02 -1.88270941e-01
 -1.61848366e-01 -1.40349939e-01  1.13205984e-01 -6.73714951e-02
 -7.27035254e-02  7.21145868e-02  2.16421530e-01  1.75493285e-01
  3.78112122e-02  2.14521408e-01 -9.79215503e-02  1.85544621e-02
 -1.39644012e-01  1.29124463e-01  4.67454344e-02 -4.10789624e-03
 -1.69057816e-01 -3.48749571e-03 -4.46742326e-02  1.34181306e-01
  5.95640093e-02  1.52131900e-01  9.53341797e-02  9.17546600e-02
  2.31978893e-01  1.35237817e-04 -2.44465232e-01  1.03557467e-01
  5.07990010e-02  1.48378715e-01  3.89738679e-02  2.18266562e-01
  3.93678620e-02  2.01682076e-02 -7.80990720e-02  1.85814112e-01
  4.33972515e-02 -2.84886882e-02  1.57718852e-01 -1.72884669e-03
  2.61526238e-02 -4.42842320e-02  2.72817761e-01  2.09080592e-01
 -1.31763533e-01 -1.28191531e-01  3.81139398e-01  9.63545777e-03
 -3.12968269e-02  1.61151350e-01 -2.50435527e-02  7.01118037e-02
  9.01625585e-03  1.04449563e-01  1.02346875e-02 -1.46350741e-01
  2.17049479e-01 -5.34974299e-02  1.84015930e-01  1.31619319e-01
  2.44381756e-01 -1.25056624e-01 -9.06938612e-02  8.40035751e-02
 -1.20430008e-01  1.30177364e-01 -5.28783090e-02  4.53079306e-02]",deskripsi mata kuliah deskripsi matakuliah mata kuliah ini dirancang untuk membahas apa itu aktivitas hacking dan apa arti etika dalam judul etika hacking dalam penerapannya  siswa akan dikenalkan dengan berbagai jenis dan tahapan proses hacking yang dilakukan pada berbagai sistem pada situasi saat ini  sesuai dengan judulnya  selain mengenal teknik hacking itu sendiri  namun juga bagaimana memanfaatkan teknik tersebut untuk tujuan yang baik dan sesuai dengan etika dan hukum yang berlaku  dalam hal ini cara mengatasi serangan hacking tersebut dan mencegahnya di kemudian hari dengan melakukan pengujian penetrasi  course objectives sasaran kompetensi lulusan yang dibebankan pada matakuliah by the end of this course  students should be able to   understand what hacking is  and its behavior and examples in the real world   identify differences with ethical hacking  ethics and applicable law in cybersecurity   understand and identify the general stages of the hacking process on the system   understand and identify the types of hacking techniques carried out by hackers   understand and identify strategies and steps that must be taken to handle and prevent hacking attacks   understand and identify system weaknesses and provide input for improvement through penetration testing di akhir perkuliahan ini  mahasiswa mampu f ppkr1 syllabus  rencana pembelajaran semester   tif 207 tif 31w  pg  2 5   memahami apa itu hacking  serta perilaku dan contohnya di dunia nyata   mengidentifikasi perbedaan dengan ethical hacking  etika dan hukum yang berlaku dalam keamanan siber   memahami dan mengidentifikasi tahap tahap umum proses hacking pada sistem   memahami dan mengidentifikasi jenis jenis teknik hacking yang dilakukan oleh hacker   memahami dan mengidentifikasi strategi dan langkah langkah yang harus dilakukan untuk melakukan penanganan dan pencegahan terhadap serangan serangan hacking   memahami dan mengidentifikasi kelemahan sistem serta memberikan masukkan untuk perbaikan melalui penetration testing methods instruction metode pembelajaran literature material study  problem based learning  case study  assignments  and group discussion  pembelajaran materi  pembelajaran berbasis studi kasus atau masalah  tugas  dan diskusi kelompok,"['memahami', 'memanfaatkan', 'mengidentifikasi', 'melakukan']","{'C2', 'C3', 'C1'}",Hard,0.8842589494883276,0.115741050511672
TIF358,Manajemen Jaringan,"Error 500 (Server Error)!!1500.That’s an error.There was an error. Please try again later.That’s all we know. tujuan kursus setelah menyelesaikan kursus ini, siswa harus mampu (cid 136) menjelaskan konsep perilaku sistem jaringan dari sudut pandang pengguna. (cid 136) membahas persyaratan operasional yang timbul dari permintaan pengguna. (cid 136) mengevaluasi dampak berbagai jenis aplikasi pada sistem komunikasi. (cid 136) mengetahui efektivitas berbagai mekanisme dan protokol komunikasi dalam penanganan dampak tersebut. (cid 136) menyadari perlunya manajemen dalam lingkungan jaringan, dan memahami bagaimana kebutuhan tersebut dapat dipenuhi. (cid 136) memilih metodologi pengumpulan informasi yang sesuai untuk memungkinkan perilaku jaringan dikendalikan. (cid 136) menerapkan teknik simulasi untuk memprediksi perilaku jaringan. metode pengajaran pengajaran kelas virtual terdiri dari ceramah dan pemecahan masalah praktis, dilengkapi dengan alat bantu visual yang dirancang untuk membantu siswa agar berhasil mencapai tujuan pembelajaran kursus. sangat penting bahwa siswa mengambil minat aktif dalam kursus. untuk berhasil dalam mata kuliah ini, siswa harus membaca, berpikir, dan menulis secara kritis dan analitis dan ini membutuhkan waktu dan latihan. latihan seperti itu hanya dapat dicapai dengan latihan kerja. ketika masalah muncul, dan masalah itu akan terjadi, siswa harus mengajukan pertanyaan yang mungkin ditujukan kepada instruktur atau siswa lain dalam berbagai cara. siswa juga didorong untuk bekerja sama dalam kumpulan masalah sebagai bagian dari latihan mereka. namun, individu pada akhirnya harus menunjukkan pemahaman materi dengan menuliskan solusinya sendiri tanpa bantuan siswa lain atau karya tertulis mereka. rata-rata siswa perlu menghabiskan setidaknya 6 jam belajar dan persiapan per minggu untuk kursus ini. f silabus ppkr1 tif358 (rencana pembelajaran semester)",error server errorthats errorthere error please try laterthats know tujuan kursus menyelesaikan kursus siswa cid konsep perilaku sistem jaringan sudut pandang pengguna cid membahas persyaratan operasional timbul permintaan pengguna cid mengevaluasi dampak jenis aplikasi sistem komunikasi cid efektivitas mekanisme protokol komunikasi penanganan dampak cid menyadari manajemen lingkungan jaringan memahami kebutuhan dipenuhi cid memilih metodologi pengumpulan informasi sesuai perilaku jaringan dikendalikan cid menerapkan teknik simulasi memprediksi perilaku jaringan metode pengajaran pengajaran kelas virtual ceramah pemecahan praktis dilengkapi alat bantu visual dirancang membantu siswa berhasil mencapai tujuan pembelajaran kursus siswa mengambil minat aktif kursus berhasil mata kuliah siswa membaca berpikir menulis kriti analitis membutuhkan latihan latihan dicapai latihan kerja muncul siswa mengajukan instruktur siswa siswa didorong kumpulan latihan individu pemahaman materi menuliskan solusinya bantuan siswa karya tertulis ratarata siswa menghabiskan jam belajar persiapan minggu kursus f silabus ppkr tif rencana pembelajaran semester,"[-0.01161179 -0.01042391 -0.03161969 -0.1652079  -0.17782138 -0.22164336
 -0.05750569  0.30133218  0.01609095  0.19718662  0.01392644  0.15861322
  0.20962162 -0.14655238  0.05181402 -0.00173753  0.0605646  -0.10994808
 -0.04177515  0.05339145 -0.10647146 -0.21998963  0.15684386  0.09363596
 -0.13957676  0.0566364   0.0582747  -0.0312072   0.11299267 -0.20992863
 -0.06590545  0.20962277  0.18329516 -0.10832899 -0.07055429  0.05967043
 -0.00569629 -0.15946598 -0.30337334 -0.01933036  0.02241193  0.05236965
  0.06936024  0.20154214 -0.10667908 -0.19915478 -0.06297893 -0.16531591
 -0.26849085 -0.16110772  0.01637224  0.10753811 -0.04501074 -0.08248854
 -0.15425995  0.04863168  0.14560698  0.24694905 -0.16948351 -0.02766913
  0.1789582  -0.11479279 -0.12946793  0.08807624  0.04353038  0.00611222
  0.0988311  -0.00825093  0.12175275 -0.05878898 -0.28265542  0.1049431
 -0.012765    0.0634353  -0.00124763  0.16643156 -0.03308216  0.13336773
  0.10200172 -0.2977768   0.22765757 -0.21451834  0.0683625   0.12152301
  0.15251209 -0.07594147  0.01662861 -0.05684802  0.04356812 -0.1348296
 -0.01099661  0.01637898  0.00091099 -0.12710047  0.00266178  0.0445235
 -0.09609931 -0.14284654 -0.03210812  0.20041074 -0.03760453 -0.10271186
 -0.07187955 -0.0024163  -0.02874386 -0.08748692  0.17491128 -0.05953543
  0.13380443  0.11285092 -0.04787003 -0.09926698 -0.09327191 -0.03483631
  0.12262242  0.0736459   0.06875977 -0.02176606  0.04709433  0.22675572
 -0.0583448  -0.21276197  0.09439061 -0.01490007  0.04504339 -0.05675601
  0.19383761 -0.01169127 -0.3374545  -0.18518357  0.0215809  -0.07700283
  0.03811741  0.03367823  0.02962663 -0.06469288  0.04874259 -0.12922278
 -0.11733463  0.10979475  0.10371672  0.17581262  0.28344935  0.09316357
 -0.00045811  0.11073676  0.12160456 -0.02245663  0.11622165 -0.02294495
  0.21288417 -0.06050351  0.12037374 -0.05064886 -0.05142889  0.15340035
  0.0524216  -0.04251469  0.2494751  -0.240278   -0.10281494  0.10519259
  0.09952244 -0.09596534  0.13535456  0.05173171 -0.05259234 -0.19397202
 -0.20892423  0.18613034  0.20349948 -0.04852078 -0.10344558 -0.13103662
 -0.05460863  0.0200884   0.21040902  0.29903078 -0.13544329 -0.0833337
  0.11236125 -0.08109602  0.19426064  0.06204992 -0.13544159 -0.08213314
 -0.03149721  0.16422237 -0.00516203  0.04526472 -0.20386022 -0.0844858
  0.30178478 -0.08967609 -0.1699841  -0.23854105  0.24599978 -0.26114377
 -0.20417337 -0.04756228 -0.10262995  0.13739417 -0.1967348  -0.00330949
 -0.179257   -0.07378213  0.06600189  0.02806344  0.08367611 -0.08846796
 -0.11928661 -0.12258816 -0.28140277  0.06174179  0.14703138 -0.10642871
 -0.04168538  0.24822304  0.11282175  0.06835905 -0.02337874  0.2555506
  0.16079597 -0.25169367 -0.20249781  0.20748106 -0.34057355 -0.0208616
  0.06296457 -0.03319631  0.08457136  0.02635519  0.10374271  0.06894039
 -0.02341696 -0.05976476 -0.06984949  0.07901726 -0.15862015 -0.14658673
 -0.00836435 -0.08840854 -0.13627997 -0.09595419 -0.14594297  0.21107106
 -0.25424677 -0.00488402  0.12807018  0.09830935  0.08954847 -0.08312863
 -0.34973574 -0.02645625  0.06880268  0.00400117 -0.09527696  0.1652811
  0.04047693  0.22013065  0.30700997  0.07152732 -0.04971593  0.05880018
  0.24379659 -0.18719123 -0.17893405 -0.03100136 -0.05937596  0.07789271
  0.02373191 -0.14783047  0.0076872   0.04671032  0.2345489  -0.00500501
  0.07203794  0.01527374  0.21645747  0.2517686   0.1507627  -0.03529371
  0.12191289 -0.0963518   0.14269346 -0.1837463  -0.16898689 -0.14895716
 -0.10043611  0.092709   -0.03247392 -0.0111936  -0.07442675 -0.09948723
 -0.10596868  0.03998747  0.06790607 -0.12252727 -0.04049531 -0.16360512
 -0.16538571  0.15110084 -0.2309168  -0.00443433 -0.08846764 -0.00924858
 -0.0040426  -0.20343597  0.01937134 -0.14155634  0.27618036 -0.18456271
  0.08148184 -0.13553025  0.02722475 -0.0864322  -0.15395045 -0.02326747
  0.06610914 -0.19739366 -0.00487809 -0.12648341 -0.0748487   0.10649446
  0.29984245  0.23080885 -0.07208455  0.14502485 -0.03045269  0.08673662
  0.01824757  0.1881271  -0.22402939  0.19606665 -0.04192528 -0.0023326
  0.08354115  0.19881974  0.06153233 -0.05480843  0.27559638  0.01036357
 -0.22557642 -0.02538319 -0.05050138  0.1534138   0.13517712  0.24993645
 -0.13581493 -0.08947248 -0.09631956 -0.00104988 -0.11000947 -0.08646005
 -0.03330141  0.18533891 -0.03497733  0.09746947  0.23492534  0.09989588
 -0.14282748 -0.04293625  0.07366426  0.19062886  0.08129997  0.09717829
 -0.1684025   0.1438022   0.28626332  0.20052196 -0.19967589  0.00211292
  0.13026397 -0.00573467  0.14571165 -0.08736351  0.1616445  -0.21085364
 -0.14239286  0.14259306 -0.07860421  0.30387145 -0.16458918 -0.08702844]",error 500  server error   1500 that s an error there was an error  please try again later that s all we know  tujuan kursus setelah menyelesaikan kursus ini  siswa harus mampu  cid 136  menjelaskan konsep perilaku sistem jaringan dari sudut pandang pengguna   cid 136  membahas persyaratan operasional yang timbul dari permintaan pengguna   cid 136  mengevaluasi dampak berbagai jenis aplikasi pada sistem komunikasi   cid 136  mengetahui efektivitas berbagai mekanisme dan protokol komunikasi dalam penanganan dampak tersebut   cid 136  menyadari perlunya manajemen dalam lingkungan jaringan  dan memahami bagaimana kebutuhan tersebut dapat dipenuhi   cid 136  memilih metodologi pengumpulan informasi yang sesuai untuk memungkinkan perilaku jaringan dikendalikan   cid 136  menerapkan teknik simulasi untuk memprediksi perilaku jaringan  metode pengajaran pengajaran kelas virtual terdiri dari ceramah dan pemecahan masalah praktis  dilengkapi dengan alat bantu visual yang dirancang untuk membantu siswa agar berhasil mencapai tujuan pembelajaran kursus  sangat penting bahwa siswa mengambil minat aktif dalam kursus  untuk berhasil dalam mata kuliah ini  siswa harus membaca  berpikir  dan menulis secara kritis dan analitis dan ini membutuhkan waktu dan latihan  latihan seperti itu hanya dapat dicapai dengan latihan kerja  ketika masalah muncul  dan masalah itu akan terjadi  siswa harus mengajukan pertanyaan yang mungkin ditujukan kepada instruktur atau siswa lain dalam berbagai cara  siswa juga didorong untuk bekerja sama dalam kumpulan masalah sebagai bagian dari latihan mereka  namun  individu pada akhirnya harus menunjukkan pemahaman materi dengan menuliskan solusinya sendiri tanpa bantuan siswa lain atau karya tertulis mereka  rata rata siswa perlu menghabiskan setidaknya 6 jam belajar dan persiapan per minggu untuk kursus ini  f silabus ppkr1 tif358  rencana pembelajaran semester,"['menulis', 'mengevaluasi', 'memilih', 'menerapkan', 'menjelaskan', 'menunjukkan', 'membaca', 'memprediksi', 'memahami', 'menuliskan']","{'C1', 'C5', 'C4', 'C2', 'C3'}",Hard,0.9107029069232353,0.08929709307676462
TIF401,IT Security,"Deskripsi kursus Kursus ini akan membahas topik dasar-dasar keamanan komputer dan informasi. topik di kelas ini dapat dibagi menjadi enam bagian utama teknologi dan prinsip keamanan komputer (dengan fokus pada otentikasi pengguna, kontrol akses, database, serangan penolakan layanan, deteksi intrusi, pencegahan intrusi dan firewall), keamanan perangkat lunak dan sistem tepercaya (dengan fokus pada buffer overflow, sistem operasi, komputasi tepercaya, dan keamanan bertingkat), manajemen masalah yang terkait dengan keamanan komputer (dengan fokus pada manajemen keamanan, kontrol, infrastruktur, sumber daya manusia, audit dan aspek hukum), keamanan terkait informasi (dengan fokus pada tata kelola keamanan informasi, manajemen risiko informasi dan kepatuhan, pengembangan dan manajemen program keamanan informasi, manajemen insiden keamanan informasi), algoritma kriptografi (dengan fokus pada enkripsi simetris, kunci publik, otentikasi dan kerahasiaan pesan), keamanan jaringan (dengan fokus pada protokol keamanan internet, standar, aplikasi otentikasi dan keamanan nirkabel). Error 500 (Server Error)!!1500.That’s an error.There was an error. Please try again later.That’s all we know.",deskripsi kursus kursus membahas topik dasardasar keamanan komputer informasi topik kelas dibagi enam utama teknologi prinsip keamanan komputer fokus otentikasi pengguna kontrol akses database serangan penolakan layanan deteksi intrusi pencegahan intrusi firewall keamanan perangkat lunak sistem tepercaya fokus buffer overflow sistem operasi komputasi tepercaya keamanan bertingkat manajemen terkait keamanan komputer fokus manajemen keamanan kontrol infrastruktur sumber daya manusia audit aspek hukum keamanan terkait informasi fokus tata kelola keamanan informasi manajemen risiko informasi kepatuhan pengembangan manajemen program keamanan informasi manajemen insiden keamanan informasi algoritma kriptografi fokus enkripsi simetris kunci publik otentikasi kerahasiaan pesan keamanan jaringan fokus protokol keamanan internet standar aplikasi otentikasi keamanan nirkabel error server errorthats errorthere error please try laterthats know,"[ 0.21018603  0.21194734 -0.26683986 -0.19231127  0.17633569  0.14932212
  0.02264452  0.1472391   0.13606489  0.02236888  0.09056225  0.17966442
  0.3657195   0.01821556  0.16946542 -0.05477803  0.17996256 -0.2255198
  0.09015585 -0.04769624  0.02844641 -0.24677846  0.18952508 -0.20436396
 -0.5989288  -0.08475501 -0.0432054  -0.32491103  0.00405802 -0.24399136
 -0.08061057 -0.00602706  0.16384208  0.2072286  -0.0978063   0.14403562
  0.17029136 -0.04109963 -0.11209003  0.07836115 -0.27731735 -0.09723713
  0.13928002  0.08412168  0.08773395 -0.24424955 -0.0391622  -0.45080614
 -0.10602533 -0.3351957  -0.22937402  0.12979239  0.02761289 -0.0118785
 -0.12522295 -0.18386793  0.45040956  0.10717864 -0.12501515 -0.08811557
  0.24997842 -0.15241854  0.22859293  0.03476659  0.02190779  0.15878642
  0.1376143   0.42097124  0.04557685 -0.15085864 -0.49324685  0.18344912
 -0.12727219  0.02190356  0.00715033  0.2746113  -0.01839314 -0.09772786
  0.1682239  -0.24239421  0.06928906 -0.21915232  0.03545424  0.17301275
  0.01782821  0.08657171  0.04306148 -0.36134258 -0.11101247  0.07311226
  0.05197036 -0.27603036  0.16448565 -0.1705505   0.03139358  0.0268924
  0.13007368 -0.5148986  -0.06575677  0.33266938  0.06940085  0.02308869
 -0.09008159 -0.07086374  0.19787738  0.1301676   0.17923534 -0.43512785
 -0.04868312 -0.04080711  0.11846876 -0.14969864 -0.08488485 -0.43285266
  0.0447761  -0.04007171  0.3729114   0.09653214  0.1338583   0.2310266
  0.1118073  -0.17609379  0.1768692  -0.01742483  0.13455582 -0.27771917
  0.03770144  0.05973395 -0.34739962 -0.37003174 -0.07475886  0.08907886
  0.08860857  0.06802915  0.23873846  0.02841958 -0.05893778 -0.05322398
 -0.04693218  0.1063142  -0.08395414  0.14526072  0.321065    0.14872093
 -0.07140412  0.38479406 -0.12514834 -0.22792915  0.13595535  0.05548133
  0.42645407 -0.07938947  0.4990144  -0.07098585  0.06385218  0.33209997
  0.18148203 -0.00568546  0.05040556 -0.18722782 -0.00517293  0.07966248
  0.18245724  0.2895322  -0.04849788 -0.12692553  0.06333351 -0.16730024
 -0.17306465  0.05324398  0.2447407  -0.11077542  0.05228173 -0.16607578
  0.16401592 -0.07624254  0.0291889  -0.15777747 -0.22808449 -0.2112977
  0.22528225 -0.49512392  0.07089821  0.06681964  0.02240292 -0.148509
 -0.12972943  0.18114722 -0.29954898  0.1550663  -0.15899508 -0.17540535
  0.04165554 -0.19031607 -0.24357621 -0.17952092  0.09330818 -0.33878103
 -0.42054453 -0.05150953 -0.16994959 -0.07879817 -0.37171257  0.04413364
 -0.31693742 -0.3378475  -0.00070036  0.08371468  0.06337909 -0.07687414
  0.07771868  0.1724481  -0.28633648 -0.09603149  0.23762964  0.03281442
 -0.00120809  0.0141098   0.02149514  0.0109113   0.19813912  0.11031509
  0.06546026 -0.14512135 -0.26710612  0.00718976 -0.67485857  0.12173446
  0.32342196  0.09992507 -0.24765222  0.0034281  -0.08206694  0.18626535
 -0.09708069  0.13890345 -0.12263492 -0.09878658  0.02505832 -0.06369292
 -0.02200304 -0.0078839  -0.35340297  0.03832133 -0.15639128  0.03689644
 -0.29448885  0.03130509  0.35175484  0.04648471 -0.0443201  -0.12619776
  0.07693584  0.15081033  0.10028312  0.08659257  0.06790952  0.23128957
  0.04199868 -0.24650246  0.16472873 -0.37205526  0.03991261  0.24799149
  0.23306695 -0.06022436  0.02213652  0.23257437 -0.28018102 -0.0165818
  0.01511104  0.15630995  0.15550596 -0.14296833  0.168464   -0.12008891
  0.03815786 -0.22064751  0.15684886  0.3041827  -0.25639385 -0.06543589
  0.09688938 -0.02042162  0.17441931 -0.1914824   0.06756559 -0.03517089
 -0.24594784  0.03547341 -0.1967067   0.23094167 -0.311427   -0.26514685
  0.18992975  0.25077218  0.05764043 -0.23863995 -0.16868594 -0.08000798
  0.10309302  0.10706146 -0.41138023  0.15738797  0.13241516 -0.18189952
 -0.09068546 -0.0007021  -0.11858521  0.12155643  0.2464773  -0.10623907
  0.14161898 -0.4543488  -0.30387563 -0.23762465 -0.15765381 -0.05741217
  0.14694749 -0.142293    0.01721099  0.01300726  0.06204151 -0.03067222
 -0.14639072  0.19557947 -0.26813686 -0.01292885  0.18380329  0.09288876
  0.0597383   0.01409271 -0.2841886   0.11618643  0.04918468  0.3666094
  0.2842226   0.22347017  0.31325385  0.15301794  0.4461226  -0.14249383
 -0.20486718  0.20843086  0.13400912  0.23687191  0.00881763  0.28888476
  0.21049032  0.11431366 -0.16861719 -0.02617904 -0.07103395  0.01596468
  0.13424133  0.3283347  -0.07585365 -0.14387675  0.12443352  0.2483435
 -0.26371276 -0.08911734  0.3167862   0.09820423 -0.17587763  0.14164238
 -0.14611349  0.04409422  0.01131563  0.00370498 -0.24682139 -0.34006518
  0.29358473 -0.02393062  0.22979541  0.5113586   0.27234608 -0.24198452
 -0.02498655  0.2104952  -0.05716498  0.11905043 -0.1575744   0.16743965]",deskripsi kursus kursus ini akan membahas topik dasar dasar keamanan komputer dan informasi  topik di kelas ini dapat dibagi menjadi enam bagian utama teknologi dan prinsip keamanan komputer  dengan fokus pada otentikasi pengguna  kontrol akses  database  serangan penolakan layanan  deteksi intrusi  pencegahan intrusi dan firewall   keamanan perangkat lunak dan sistem tepercaya  dengan fokus pada buffer overflow  sistem operasi  komputasi tepercaya  dan keamanan bertingkat   manajemen masalah yang terkait dengan keamanan komputer  dengan fokus pada manajemen keamanan  kontrol  infrastruktur  sumber daya manusia  audit dan aspek hukum   keamanan terkait informasi  dengan fokus pada tata kelola keamanan informasi  manajemen risiko informasi dan kepatuhan  pengembangan dan manajemen program keamanan informasi  manajemen insiden keamanan informasi   algoritma kriptografi  dengan fokus pada enkripsi simetris  kunci publik  otentikasi dan kerahasiaan pesan   keamanan jaringan  dengan fokus pada protokol keamanan internet  standar  aplikasi otentikasi dan keamanan nirkabel   error 500  server error   1500 that s an error there was an error  please try again later that s all we know,[],set(),Hard,0.9504129071285234,0.049587092871476585
TIF402,Interaksi Manusia dan Komputer,"deskripsi kursus gambaran umum kursus ini bertujuan untuk membekali siswa dengan pengetahuan komputer manusia dalam topik interaksi dan keterampilan merancang pengalaman pengguna antarmuka pengguna dan menyelidiki masalah spesifik hci. Tujuan kursus Setelah menyelesaikan kursus ini, mahasiswa diharapkan memiliki pengetahuan tentang konsep dasar perancangan pengalaman pengguna antarmuka pengguna. memiliki pengetahuan tentang konsep dasar penyelidikan masalah spesifik hci. Error 500 (Server Error)!!1500.That’s an error.There was an error. Please try again later.That’s all we know.",deskripsi kursus gambaran kursus bertujuan membekali siswa pengetahuan komputer manusia topik interaksi keterampilan merancang pengalaman pengguna antarmuka pengguna menyelidiki spesifik hci tujuan kursus menyelesaikan kursus mahasiswa diharapkan memiliki pengetahuan konsep dasar perancangan pengalaman pengguna antarmuka pengguna memiliki pengetahuan konsep dasar penyelidikan spesifik hci error server errorthats errorthere error please try laterthats know,"[ 0.00583911  0.04002233 -0.09337487 -0.05734789 -0.09619634 -0.14736295
 -0.00877105  0.17715742  0.02060611  0.09289461  0.04356644  0.10046126
  0.1881602   0.05399858  0.0221481   0.02907249  0.01116012 -0.1154364
  0.12784444 -0.07323275 -0.05199667 -0.14051987  0.17825015 -0.00993528
 -0.3221599   0.04038976  0.18629989 -0.23515126  0.18090446 -0.24248242
 -0.01442627  0.184077    0.30317605  0.12902007 -0.14759466  0.22971831
 -0.14809544 -0.02767449 -0.18060634 -0.02177823 -0.08341779 -0.01603355
  0.0359371   0.07926529  0.07610474 -0.13362046 -0.10479721 -0.254849
 -0.09569757 -0.18220319 -0.28155646 -0.1147136  -0.03460609 -0.24902925
 -0.0539198   0.16097464  0.23597643  0.00760684 -0.2769682   0.10382897
  0.03105888 -0.17295097 -0.0774997   0.11551134  0.07119786  0.08290737
  0.11826051  0.23947786  0.06937972 -0.19994485 -0.41479382  0.06420808
 -0.01091013  0.14307241  0.05200978  0.06544247 -0.08619584 -0.02981725
  0.21850862 -0.12040807  0.16765131  0.02320681  0.10890336  0.10802922
  0.11002121 -0.0786937   0.06902656 -0.11647423 -0.07958277 -0.14641662
  0.00572803 -0.2061181  -0.07334694  0.01517655  0.02560006 -0.09750682
  0.02915099 -0.29065567  0.0347577   0.35977614 -0.14032212 -0.00795978
  0.15460165  0.06490643  0.03933086  0.04397611  0.3197345  -0.1820771
  0.09500124  0.11651893 -0.04397133 -0.06983209 -0.04089877 -0.11603867
  0.02751766  0.13354911  0.23974505  0.09004514  0.11937999  0.21325721
  0.01901211 -0.14372738  0.1836744  -0.03051424  0.13934459 -0.20251578
  0.0044907   0.05653816 -0.22734453 -0.30504405 -0.05087554  0.00522631
 -0.00447299  0.08747005  0.17535779 -0.03845103 -0.040534   -0.1080769
 -0.10686508  0.04614222  0.1254429   0.21619612  0.13105464  0.10659881
 -0.15030695  0.19509278 -0.05111498 -0.06929864  0.15232575  0.09468976
  0.32847717 -0.0684083   0.01883068  0.02626316  0.0219967   0.1568944
  0.1870253  -0.16410266  0.07315779 -0.2569446  -0.20344801  0.18360627
  0.13872711  0.05077723  0.11772866  0.06990968  0.17325185 -0.24619642
 -0.02646415 -0.00510075  0.22628032 -0.12054589 -0.24704635 -0.04635292
  0.15440695 -0.04940058  0.11446172  0.15932634 -0.21668418 -0.04476933
  0.21316335 -0.12396836  0.05740553  0.10225888 -0.06571976 -0.01815247
 -0.01901831  0.03727325 -0.1821182   0.2282389  -0.15876669 -0.04647117
  0.12360156 -0.14255314 -0.17010106 -0.18265297  0.24627738 -0.34608835
 -0.2510188  -0.01958907 -0.24162905 -0.0264124  -0.28817904 -0.12873912
 -0.07456104 -0.13647513  0.02903008 -0.02898808  0.1852212   0.01454985
 -0.10164078 -0.04870196 -0.30396128 -0.07300809  0.11534753  0.11147019
 -0.01284189  0.13924855  0.05648546  0.05933775  0.01548047  0.1651892
  0.19795889 -0.18834594 -0.1693266   0.13151    -0.48063695 -0.04559208
  0.26508754 -0.00185651 -0.01811583 -0.00426609 -0.08989368  0.05797869
 -0.15527998 -0.04313833 -0.05641068  0.07872958  0.02316975 -0.10729007
 -0.03436632 -0.04063471 -0.13680655 -0.0152899  -0.18339063  0.2216424
 -0.2928036  -0.36025098  0.27914867 -0.00184149  0.22296838  0.02247647
 -0.26578066 -0.0579216   0.13255912  0.01032942  0.01693407  0.05478935
 -0.0108924   0.09068149  0.08208703 -0.05767834 -0.05325187  0.16172968
  0.12325139 -0.02689604 -0.14090104  0.03363409 -0.10851875  0.09054843
 -0.11721713 -0.2040787   0.16566193  0.08405647 -0.05289416 -0.10342468
  0.11389876 -0.2530777   0.12968817  0.10645027 -0.11212032 -0.05523919
 -0.00309204 -0.16311696  0.19147345 -0.19163011 -0.08765808 -0.09759037
 -0.11681844  0.0439031  -0.21760392  0.21801421 -0.28841567 -0.16660352
  0.00525882  0.11595882 -0.03164461 -0.17103852  0.03199375  0.01935676
 -0.05143277  0.12701587 -0.19210313 -0.11824904  0.03691553 -0.19006835
  0.13627376 -0.03410611 -0.05092449 -0.01653269  0.1747799   0.00315415
  0.04328705 -0.06258605 -0.12423526 -0.18736346 -0.04498529  0.01631278
  0.03103832 -0.16074331 -0.09941668 -0.1182829   0.07712741 -0.00736566
  0.15840302  0.18475631 -0.21458785  0.2019597  -0.13825075  0.2109178
 -0.16710703  0.01262367 -0.23167345  0.24264097  0.01869119  0.15236251
  0.1443077   0.39627203  0.17187129  0.01254141  0.27665365 -0.10398595
 -0.1898361   0.05438913 -0.04266077  0.09573114  0.03617289  0.22757177
 -0.07260434 -0.06134257 -0.1112332   0.13373622  0.01817298 -0.05642251
  0.23736756  0.2063096  -0.05517245  0.03538699  0.24646795  0.31488174
 -0.1874055  -0.04720186  0.29996115  0.02040293  0.09039433  0.31792888
 -0.24789421 -0.0767506   0.13136238  0.26836014 -0.1938624  -0.06350237
  0.17613226 -0.06862189  0.3041775   0.12763628  0.1804055  -0.33678287
 -0.07298625  0.24472326 -0.12527987  0.28293228 -0.25573668  0.11726088]",deskripsi kursus gambaran umum kursus ini bertujuan untuk membekali siswa dengan pengetahuan komputer manusia dalam topik interaksi dan keterampilan merancang pengalaman pengguna antarmuka pengguna dan menyelidiki masalah spesifik hci  tujuan kursus setelah menyelesaikan kursus ini  mahasiswa diharapkan memiliki pengetahuan tentang konsep dasar perancangan pengalaman pengguna antarmuka pengguna  memiliki pengetahuan tentang konsep dasar penyelidikan masalah spesifik hci  error 500  server error   1500 that s an error there was an error  please try again later that s all we know,"['merancang', 'menyelidiki']","{'C5', 'C4', 'C6', 'C3'}",Hard,0.8378522799672398,0.16214772003276035
TIF452,Rekayasa Ilmu,"Deskripsi kursus Pengantar Rekayasa Pengetahuan menyajikan eksplorasi sederhana namun terperinci dari pekerjaan saat ini dan yang sudah ada di bidang sistem berbasis pengetahuan dan teknologi terkait. pembahasannya terhadap semakin banyaknya variasi sistem tersebut dirancang untuk memberi pembaca landasan substansial dalam teknologi seperti sistem pakar, jaringan saraf, algoritme genetika, sistem penalaran berbasis kasus, penambangan data, agen cerdas, serta teknik dan metodologi terkait. silabus ini secara eksklusif membahas kemungkinan sinergi antara disiplin ilmu rekayasa pengetahuan dan manajemen pengetahuan. manajemen pengetahuan mengajarkan kita untuk belajar dari orang lain dan untuk berbagi dan membina orang lain dan bukan untuk menemukan kembali roda. sayangnya, komunitas manajemen pengetahuan berada dalam keadaan paradoks karena kita tidak belajar dari disiplin ilmu lain, terutama bidang rekayasa pengetahuan. Metodologi, teknik, dan alat sistem berbasis pakar dan pengetahuan dapat meningkatkan kemajuan terkini dalam manajemen pengetahuan. realisasi ini perlu disebarluaskan dan diserap ke seluruh komunitas manajemen pengetahuan, dan dengan demikian, silabus ini diharapkan dapat memenuhi fungsi tersebut. setiap manajer pengetahuan, kepala petugas pengetahuan, direktur modal intelektual, analis pengetahuan, insinyur pengetahuan, atau pengguna manajemen pengetahuan/sistem cerdas harus belajar dari rekayasa pengetahuan dan manajemen pengetahuan. seorang siswa mengambil manajemen pengetahuan atau bahkan rekayasa pengetahuan / ai / sistem pakar / sistem pendukung keputusan tujuan kursus setelah menyelesaikan kursus siswa harus mampu siswa harus mampu menerapkan rekayasa pengetahuan. siswa harus mampu mendemonstrasikan data, informasi dan pengetahuan, keterampilan seorang insinyur pengetahuan. siswa harus mampu menerapkan pengenalan sistem berbasis pengetahuan. siswa harus mampu jenis sistem berbasis pengetahuan. siswa harus mampu menerapkan sistem pakar, jaringan saraf, penalaran berbasis kasus, algoritma genetika, agen cerdas, dan penambangan data. siswa harus mampu menerapkan perolehan pengetahuan, representasi pengetahuan dan penalaran. siswa harus mampu menerapkan siklus hidup dan metodologi. f silabus ppkr1 ftk452 / tif71 (rencana pembelajaran semester) mahasiswa harus mampu menjelaskan tentang penalaran tak tentu, sistem berbasis pengetahuan hybrid. metode pengajaran pengajaran di kelas terdiri dari ceramah dan pemecahan masalah praktis, dilengkapi dengan alat bantu visual yang dirancang untuk membantu siswa agar berhasil mencapai tujuan pembelajaran kursus.",deskripsi kursus pengantar rekayasa pengetahuan menyajikan eksplorasi sederhana terperinci pekerjaan bidang sistem berbasis pengetahuan teknologi terkait pembahasannya banyaknya variasi sistem dirancang pembaca landasan substansial teknologi sistem pakar jaringan saraf algoritme genetika sistem penalaran berbasis penambangan data agen cerdas teknik metodologi terkait silabus eksklusif membahas sinergi disiplin ilmu rekayasa pengetahuan manajemen pengetahuan manajemen pengetahuan mengajarkan belajar orang berbagi membina orang menemukan roda sayangnya komunitas manajemen pengetahuan paradoks belajar disiplin ilmu bidang rekayasa pengetahuan metodologi teknik alat sistem berbasis pakar pengetahuan meningkatkan kemajuan terkini manajemen pengetahuan realisasi disebarluaskan diserap komunitas manajemen pengetahuan silabus diharapkan memenuhi fungsi manajer pengetahuan kepala petugas pengetahuan direktur modal intelektual analis pengetahuan insinyur pengetahuan pengguna manajemen pengetahuansistem cerdas belajar rekayasa pengetahuan manajemen pengetahuan siswa mengambil manajemen pengetahuan rekayasa pengetahuan ai sistem pakar sistem pendukung keputusan tujuan kursus menyelesaikan kursus siswa siswa menerapkan rekayasa pengetahuan siswa mendemonstrasikan data informasi pengetahuan keterampilan insinyur pengetahuan siswa menerapkan pengenalan sistem berbasis pengetahuan siswa jenis sistem berbasis pengetahuan siswa menerapkan sistem pakar jaringan saraf penalaran berbasis algoritma genetika agen cerdas penambangan data siswa menerapkan perolehan pengetahuan representasi pengetahuan penalaran siswa menerapkan siklus hidup metodologi f silabus ppkr ftk tif rencana pembelajaran semester mahasiswa penalaran sistem berbasis pengetahuan hybrid metode pengajaran pengajaran kelas ceramah pemecahan praktis dilengkapi alat bantu visual dirancang membantu siswa berhasil mencapai tujuan pembelajaran kursus,"[ 3.28951515e-04 -5.18958233e-02 -5.08017242e-02 -3.25988233e-02
 -4.55668084e-02 -2.19693705e-02 -1.20716117e-01  2.26863753e-02
 -1.09399986e-02  6.21673241e-02 -4.96510342e-02  1.19824544e-01
  4.03970852e-02  7.71876425e-02 -8.33625421e-02 -3.57680814e-03
  7.65205994e-02 -2.32721176e-02  1.16819233e-01 -1.52149141e-01
 -1.53362332e-02 -3.26725170e-02 -2.85875890e-03 -5.76195195e-02
 -2.28090107e-01  1.01149209e-01  2.46891752e-02 -1.86991215e-01
  9.65977460e-02 -2.04859346e-01 -5.28177395e-02  9.60745439e-02
  1.73628226e-01  2.04803318e-01 -1.68165624e-01  1.90220907e-01
  4.02303692e-03  2.74630040e-02 -7.30320811e-02  3.94489430e-02
 -6.96496889e-02 -9.07674134e-02  6.73050284e-02  1.10513344e-01
  2.46225391e-03  1.61966830e-02 -8.70929658e-02 -1.45039782e-01
 -1.49558917e-01 -1.98270410e-01 -1.91514224e-01 -1.23598389e-01
 -1.78096220e-02 -9.35098454e-02  5.22789061e-02  1.36311546e-01
  2.07707852e-01  1.00933731e-01 -1.89641610e-01 -8.35107937e-02
  1.26279309e-01 -1.28522068e-01  8.54743868e-02  8.22096318e-02
  8.32351297e-02  6.53496087e-02  8.39265138e-02  3.30879718e-01
  1.29711442e-02 -2.18404353e-01 -1.78993911e-01  4.01185974e-02
 -6.33290261e-02  9.57315415e-02 -2.74275076e-02  1.51702568e-01
  5.09362528e-03 -8.94154683e-02  1.94263011e-01 -8.66007954e-02
  3.99391390e-02  4.25054803e-02 -1.29976068e-02  5.62432222e-02
  3.33073139e-02  2.99004726e-02 -5.48955239e-02 -1.66409865e-01
  9.70359985e-03 -7.94376433e-02  5.54612689e-02 -1.32876128e-01
 -8.09324160e-02  1.06554888e-02  1.51848495e-02  3.21773142e-02
  8.35091993e-02 -2.56221890e-01  1.28382847e-01  4.22200561e-01
 -1.00104608e-01 -3.90369073e-03  2.42727716e-02 -8.60225111e-02
  1.56942531e-01  3.31085287e-02  4.97387648e-02 -2.97940701e-01
  1.04764486e-02 -1.27245728e-02  4.94975075e-02 -1.19903862e-01
 -2.94892583e-02 -1.04463220e-01  1.90441161e-02 -1.33838551e-03
 -1.95849724e-02  6.11714981e-02  7.51391202e-02  1.21964447e-01
 -1.04545116e-01 -5.86002022e-02  1.36612207e-01 -3.96983996e-02
  1.16197407e-01 -1.50138885e-01 -1.52567759e-01  2.45930087e-02
 -1.63852721e-01 -2.51384974e-01 -2.65366286e-02  1.54861063e-01
 -6.68120086e-02  4.06445786e-02  2.11436033e-01  1.07849576e-01
 -4.00476009e-02 -6.87914267e-02 -1.46176726e-01  1.44485593e-01
  1.76132806e-02  2.44665682e-01  1.13563396e-01  7.88517073e-02
 -2.69526184e-01  1.09043889e-01 -1.05109261e-02 -1.29474059e-01
  9.08819437e-02  5.90889193e-02  1.54008836e-01 -1.10109285e-01
  1.74878493e-01  5.70028462e-02  7.80556872e-02  4.08040956e-02
  1.57920271e-01 -1.59040421e-01 -4.48722243e-02 -2.31174696e-02
 -9.94717553e-02  1.69586331e-01  5.89772873e-02  5.86244874e-02
 -1.35836946e-02 -8.93773139e-02  1.53294072e-01 -1.72061414e-01
  1.39288634e-01 -2.30220798e-02  1.45840690e-01 -2.34436125e-01
 -4.02190126e-02 -5.88649958e-02  1.65898278e-01 -1.35131925e-01
 -1.64364073e-02 -1.55629545e-01  2.26873551e-02 -9.67997909e-02
  3.61631095e-01 -1.13250241e-01  2.49239951e-01  4.08960655e-02
 -7.34473392e-02 -6.57127844e-03 -4.19321731e-02 -5.53060044e-03
 -2.55611122e-01  2.50305176e-01  1.25418548e-02  1.48109049e-01
  2.62369066e-01 -1.00885175e-01 -1.81314468e-01 -1.81497321e-01
  2.83304572e-01 -1.36456549e-01 -2.04424292e-01 -4.51653711e-02
 -2.68747836e-01  3.43103372e-02 -2.58620501e-01 -3.38736251e-02
 -1.80145919e-01 -1.60740107e-01  3.32696103e-02  7.04517737e-02
 -4.12176270e-03  7.18909726e-02 -5.89384437e-02  9.74940583e-02
 -7.62080178e-02 -1.62891299e-02  6.15495145e-02 -9.57864337e-03
 -4.60724644e-02  7.25905001e-02 -5.49518019e-02 -1.04118526e-01
 -6.96076080e-04  1.46925449e-01  1.47315636e-01 -1.06267631e-01
 -2.79354453e-01  6.32408112e-02 -3.11960131e-01  3.55542712e-02
  1.64066494e-01 -1.66278146e-03 -1.59999132e-01 -6.85444102e-05
 -9.59375501e-03  1.15239419e-01 -1.93330899e-01  1.04024718e-02
  8.15080777e-02  3.29398923e-02  6.57203496e-02  3.46754268e-02
  3.16788554e-02 -6.46365136e-02 -2.31638011e-02  1.03683226e-01
  8.19067471e-03  1.33472010e-01 -3.86152357e-01 -2.83438712e-01
  2.51639694e-01  5.22008948e-02  7.63795599e-02 -3.45111042e-02
 -1.25750631e-01  3.38534266e-02  9.47629884e-02 -1.21118262e-01
 -6.88912794e-02  8.49279761e-02 -6.90375194e-02  8.66605639e-02
  1.88098669e-01 -2.14175329e-01  1.87954735e-02 -8.21358152e-03
  3.28113958e-02 -3.30730602e-02 -5.05866893e-02  5.97068928e-02
 -2.45545413e-02  9.21188155e-04 -2.90577650e-01  1.15002863e-01
  1.51932836e-01 -1.50006220e-01  7.99692050e-02  2.44645867e-03
  4.98776063e-02 -2.31184721e-01  1.39674127e-01  4.15854622e-03
 -1.75653756e-01 -1.01963103e-01  2.43239868e-02  4.00110446e-02
  1.14988595e-01 -9.59396958e-02 -3.07561606e-02  6.18119687e-02
 -1.98104188e-01  5.92296310e-02 -9.45758894e-02  1.71178728e-01
 -2.42112413e-01 -8.14656243e-02  1.95788682e-01  9.05237049e-02
 -2.24373452e-02 -1.05582215e-01  5.49191050e-02  7.80188069e-02
  6.29266277e-02  2.30378985e-01 -2.21504405e-01 -1.10752501e-01
 -2.02272013e-02 -2.69546539e-01  1.71914995e-01 -4.90636565e-02
 -6.01333790e-02  2.97751017e-02 -5.25373220e-02 -2.44833510e-02
  7.34588504e-02 -6.97038695e-02 -7.63557330e-02 -2.17589706e-01
 -1.15429454e-01  3.98839600e-02  5.30950688e-02 -1.66645288e-01
 -2.35040616e-02  8.68232697e-02  5.38523681e-02 -4.77814563e-02
 -4.91059897e-03  1.59288719e-02 -9.19271484e-02  1.72028586e-01
 -7.94729143e-02  9.09791589e-02 -2.24163055e-01  2.19649281e-02
 -1.63477525e-01  2.06020743e-01  1.41168669e-01  1.59556851e-01
  3.25257368e-02  1.84130162e-01  9.11464766e-02  2.08188966e-02
  4.46181417e-01  2.45515369e-02 -8.14176723e-02  1.00701243e-01
 -5.71635440e-02 -6.11448614e-03  1.10042311e-01  1.18810348e-01
  3.30421999e-02  5.42721227e-02 -8.92786533e-02  5.52603528e-02
  6.90293163e-02  7.13591501e-02  2.91016102e-01  2.55688839e-02
 -9.75682884e-02  3.64217442e-04  5.23916483e-02  1.60165980e-01
 -1.86410829e-01 -3.04645170e-02  2.40153998e-01  1.39373876e-02
  1.15110599e-01  1.25852898e-01 -2.07738176e-01 -1.16853528e-01
  2.48335823e-02  1.03563577e-01 -1.04980841e-01 -6.93051219e-02
  9.84179825e-02 -1.05659619e-01  2.87573934e-01  2.13659346e-01
  7.46172890e-02 -1.03490800e-01 -1.14491150e-01  7.49348998e-02
 -1.03504337e-01  1.70714617e-01 -2.41426788e-02  3.97053733e-02]",deskripsi kursus pengantar rekayasa pengetahuan menyajikan eksplorasi sederhana namun terperinci dari pekerjaan saat ini dan yang sudah ada di bidang sistem berbasis pengetahuan dan teknologi terkait  pembahasannya terhadap semakin banyaknya variasi sistem tersebut dirancang untuk memberi pembaca landasan substansial dalam teknologi seperti sistem pakar  jaringan saraf  algoritme genetika  sistem penalaran berbasis kasus  penambangan data  agen cerdas  serta teknik dan metodologi terkait  silabus ini secara eksklusif membahas kemungkinan sinergi antara disiplin ilmu rekayasa pengetahuan dan manajemen pengetahuan  manajemen pengetahuan mengajarkan kita untuk belajar dari orang lain dan untuk berbagi dan membina orang lain dan bukan untuk menemukan kembali roda  sayangnya  komunitas manajemen pengetahuan berada dalam keadaan paradoks karena kita tidak belajar dari disiplin ilmu lain  terutama bidang rekayasa pengetahuan  metodologi  teknik  dan alat sistem berbasis pakar dan pengetahuan dapat meningkatkan kemajuan terkini dalam manajemen pengetahuan  realisasi ini perlu disebarluaskan dan diserap ke seluruh komunitas manajemen pengetahuan  dan dengan demikian  silabus ini diharapkan dapat memenuhi fungsi tersebut  setiap manajer pengetahuan  kepala petugas pengetahuan  direktur modal intelektual  analis pengetahuan  insinyur pengetahuan  atau pengguna manajemen pengetahuan sistem cerdas harus belajar dari rekayasa pengetahuan dan manajemen pengetahuan  seorang siswa mengambil manajemen pengetahuan atau bahkan rekayasa pengetahuan   ai   sistem pakar   sistem pendukung keputusan tujuan kursus setelah menyelesaikan kursus siswa harus mampu siswa harus mampu menerapkan rekayasa pengetahuan  siswa harus mampu mendemonstrasikan data  informasi dan pengetahuan  keterampilan seorang insinyur pengetahuan  siswa harus mampu menerapkan pengenalan sistem berbasis pengetahuan  siswa harus mampu jenis sistem berbasis pengetahuan  siswa harus mampu menerapkan sistem pakar  jaringan saraf  penalaran berbasis kasus  algoritma genetika  agen cerdas  dan penambangan data  siswa harus mampu menerapkan perolehan pengetahuan  representasi pengetahuan dan penalaran  siswa harus mampu menerapkan siklus hidup dan metodologi  f silabus ppkr1 ftk452   tif71  rencana pembelajaran semester  mahasiswa harus mampu menjelaskan tentang penalaran tak tentu  sistem berbasis pengetahuan hybrid  metode pengajaran pengajaran di kelas terdiri dari ceramah dan pemecahan masalah praktis  dilengkapi dengan alat bantu visual yang dirancang untuk membantu siswa agar berhasil mencapai tujuan pembelajaran kursus,"['meningkatkan', 'mendemonstrasikan', 'menerapkan', 'menjelaskan', 'menemukan']","{'C6', 'C1', 'C4', 'C2', 'C3'}",Hard,0.8440183955446037,0.1559816044553963
TIF454,Mobil Computing,"deskripsi kursus kursus ini dimaksudkan untuk digunakan dalam pengantar pemrograman seluler. Munculnya komputasi mobile memberikan kemampuan untuk mengakses informasi kapan saja dan di mana saja. namun, karena lingkungan komputasi seluler memiliki faktor bawaan seperti daya, penyimpanan, biaya komunikasi asimetris, dan keterbatasan bandwidth, akses informasi seluler yang efisien telah menjadi tantangan penerapan teknologi seluler. Secara umum, perangkat seluler didefinisikan sebagai peralatan elektronik yang beroperasi tanpa kabel untuk keperluan komunikasi, pemrosesan data, dan pertukaran. tujuan kursus setelah menyelesaikan kursus siswa harus dapat memahami pemrosesan data seluler tersedia karena kemajuan teknologi nirkabel, dan deteksi lokasi dan sistem penentuan posisi. memahami komunikasi antara pengguna ponsel dan server diperlukan untuk melakukan transaksi dan pengambilan informasi. memahami setiap pengguna seluler berkomunikasi dengan stasiun pangkalan seluler (mbs) untuk melakukan aktivitas apa pun seperti transaksi dan pengambilan informasi. memahami cara mengirim data ke server dan aplikasi seluler mampu menampilkan data tersebut. Oleh karena itu perangkat jarak jauh dapat dipantau dari jarak jauh/ponsel. memahami komunikasi modbus rtu menggunakan rs485. mengerti mengirim data menggunakan arduino mega 2560 ke internet. memvisualisasikan data dari internet di ponsel cerdas dan situs web di desktop. Error 500 (Server Error)!!1500.That’s an error.There was an error. Please try again later.That’s all we know.",deskripsi kursus kursus pengantar pemrograman seluler munculnya komputasi mobile kemampuan mengakses informasi lingkungan komputasi seluler memiliki faktor bawaan daya penyimpanan biaya komunikasi asimetris keterbatasan bandwidth akses informasi seluler efisien tantangan penerapan teknologi seluler perangkat seluler didefinisikan peralatan elektronik beroperasi kabel keperluan komunikasi pemrosesan data pertukaran tujuan kursus menyelesaikan kursus siswa memahami pemrosesan data seluler tersedia kemajuan teknologi nirkabel deteksi lokasi sistem penentuan posisi memahami komunikasi pengguna ponsel server transaksi pengambilan informasi memahami pengguna seluler berkomunikasi stasiun pangkalan seluler mb aktivitas transaksi pengambilan informasi memahami mengirim data server aplikasi seluler menampilkan data perangkat jarak dipantau jarak jauhponsel memahami komunikasi modbus rtu r mengerti mengirim data arduino mega internet memvisualisasikan data internet ponsel cerdas situs web desktop error server errorthats errorthere error please try laterthats know,"[ 3.70872915e-02  1.42775714e-01 -1.98017091e-01 -1.22050166e-01
  5.78060411e-02 -1.30262181e-01 -8.86944756e-02  7.12353066e-02
  1.95396580e-02  1.47271678e-01  1.51318058e-01  2.10486591e-01
  3.16975653e-01  2.50097122e-02  1.30122840e-01  1.07820921e-01
  1.48222953e-01 -6.21035434e-02  3.25189084e-02 -1.19503953e-01
  6.00857325e-02 -1.68892235e-01  1.67494953e-01 -1.22111551e-01
 -1.49639770e-01  6.61258250e-02  1.17399991e-01 -1.49773926e-01
  1.48503199e-01 -1.65861890e-01  1.07141420e-01  2.54290134e-01
  1.25581115e-01  6.46005049e-02 -1.18007861e-01  1.91693217e-01
  3.08983289e-02 -1.16894737e-01 -2.12811798e-01 -7.46658742e-02
 -4.89435568e-02  1.30833276e-02  5.70961833e-02  1.10780969e-01
  1.50579840e-01 -2.23622352e-01 -2.42296755e-01 -2.49108255e-01
 -4.77920063e-02 -1.32432789e-01 -1.31509066e-01 -1.63564272e-02
  1.99432708e-02 -3.34960520e-02 -9.76123288e-02  1.84250131e-01
  2.24308088e-01 -1.77324452e-02 -2.21638039e-01  1.12966940e-01
 -7.87337031e-03 -1.41827837e-01  8.35586190e-02  1.63352057e-01
 -4.24589179e-02  1.14206985e-01  8.11463669e-02  2.35988811e-01
  8.27980712e-02 -9.48219076e-02 -4.00220633e-01 -9.69266891e-02
 -2.00471774e-01  1.16788335e-01  7.19566792e-02  6.86282441e-02
 -9.66630876e-03 -6.58387542e-02  4.34749097e-01 -4.18544598e-02
  1.29008472e-01  2.09227316e-02  8.43368098e-02 -2.90662013e-02
 -9.92548764e-02 -2.38497499e-02 -1.14758266e-02 -1.70708925e-01
 -6.51542097e-02 -1.79287553e-01 -1.10824704e-01  5.04379757e-02
 -1.72539234e-01  4.21508700e-02 -1.99782461e-01 -1.81429222e-01
  9.17128325e-02 -2.03361347e-01  1.19668312e-01  3.99998248e-01
 -2.11971760e-01 -4.69186753e-02  4.72453870e-02  6.68406039e-02
  9.79147330e-02  5.88457882e-02  2.38852084e-01 -2.78550476e-01
 -6.16553389e-02  3.01984400e-02 -2.32434198e-02 -2.24496052e-02
  4.02021296e-02 -5.07419929e-04 -1.02628328e-01  8.99306834e-02
  3.63483541e-02 -2.78021768e-02  6.82770312e-02  1.73801467e-01
 -2.27757737e-01  5.48400804e-02 -3.34242824e-04 -1.76133104e-02
  2.05905885e-01 -4.28472161e-01  1.76019948e-02  9.16405320e-02
 -2.23452121e-01 -2.73372740e-01 -3.02697178e-02 -7.91562945e-02
 -2.49121692e-02  3.93877588e-02  2.46092707e-01 -7.22708255e-02
 -5.36576957e-02 -1.37509108e-01 -1.75852954e-01  2.03433529e-01
  8.39873776e-02  2.87812293e-01  3.81306052e-01  6.17579669e-02
 -5.62173910e-02  2.72124857e-01  2.32685745e-01 -1.22848958e-01
 -1.79289989e-02 -1.56837851e-01  3.06649923e-01 -1.18482180e-01
  1.93771645e-01 -7.60605261e-02  3.54932249e-02  3.07855308e-02
  3.83212805e-01 -1.01581424e-01 -6.67329431e-02 -1.61328003e-01
 -1.74750641e-01  1.39397562e-01  1.88140839e-01  1.90520495e-01
 -8.70466456e-02  9.45727378e-02  3.36218141e-02 -4.11122181e-02
 -3.01598851e-02 -1.94082968e-02  1.18961290e-01 -2.08983600e-01
 -7.32946098e-02 -1.76828235e-01  1.71848744e-01  7.80951511e-03
 -1.13682255e-01  8.67296234e-02 -1.30230725e-01 -1.26798019e-01
  9.95233506e-02 -2.27658451e-01  1.68638095e-01 -5.61050624e-02
  6.76965117e-02 -1.76454410e-01 -6.95527047e-02  4.67242151e-02
 -2.14168966e-01  6.31450415e-02 -1.77968085e-01 -3.36654484e-02
  2.10975513e-01 -3.26852947e-01 -1.20460488e-01 -1.35423198e-01
  3.23226362e-01 -2.05472022e-01 -1.17530301e-01 -9.50455815e-02
 -1.92979753e-01 -6.40957430e-02 -1.39555573e-01 -2.97245495e-02
 -1.71773732e-01 -1.91513017e-01  7.11071864e-02 -4.52983305e-02
  2.30574012e-02  8.11024383e-02  1.35717899e-01 -1.00079052e-01
 -2.21183941e-01  1.03390440e-01  8.65194388e-03 -7.42719024e-02
 -5.20394295e-02  6.34683743e-02 -1.97173152e-02  1.63244158e-02
 -8.75964686e-02 -3.26447859e-02  1.71415180e-01 -1.46878928e-01
 -2.79260993e-01  1.30586207e-01 -3.57166976e-01  2.15273976e-01
  1.54752031e-01 -1.92769207e-02  2.58118771e-02 -1.23635203e-01
 -1.15556214e-02  1.70900300e-01 -2.63912916e-01 -3.21564488e-02
 -6.02845894e-03  1.30922407e-01 -1.41529003e-02 -3.91413383e-02
 -1.98341310e-02 -7.25019863e-03 -1.10407740e-01 -2.25087218e-02
 -5.88658825e-02  2.00333353e-02 -2.34134510e-01 -2.02455953e-01
  2.40698993e-01  3.36561240e-02 -1.69517219e-01 -1.02159075e-01
 -2.03598306e-01  6.81028366e-02  9.69991460e-02 -1.74091443e-01
  5.10184243e-02  1.36257261e-01  2.65984051e-02  5.65731898e-03
  1.73622131e-01  1.10209897e-01 -3.95174623e-02  1.73622534e-01
  8.86303931e-02 -5.31303585e-02 -9.54954401e-02  5.03867008e-02
 -2.08180249e-02 -4.81263362e-03 -2.83443004e-01  5.01816757e-02
  1.60012290e-01 -7.84841329e-02  2.84531042e-02 -9.24232081e-02
  1.00785449e-01 -1.59915581e-01  1.18569531e-01  1.23359039e-01
 -1.88687444e-01  1.54233538e-02 -2.07567792e-02 -1.24777481e-01
  1.02206409e-01 -1.75153822e-01  7.16032758e-02  1.05682448e-01
 -1.14200018e-01  2.09453076e-01 -4.53590490e-02 -5.82672656e-02
 -2.45213434e-01 -2.99939327e-02 -1.57246292e-02  7.12118000e-02
  7.20126182e-02 -1.19238146e-01 -6.01129159e-02  2.29857266e-01
  3.23201790e-02  2.78929591e-01 -2.98400581e-01  4.62676696e-02
  7.42012709e-02 -1.27910897e-01  6.55942783e-02 -8.52399394e-02
 -1.10543609e-01 -1.17612064e-01  3.32072303e-02 -2.10238740e-01
 -2.18147859e-02 -2.35224545e-01  9.53288227e-02 -1.53455054e-02
 -3.74181569e-01  1.36440501e-01  3.68406475e-02 -2.24543273e-01
 -1.45132154e-01 -5.59402369e-02 -4.73889485e-02 -1.45806655e-01
  4.60707992e-02  2.23275393e-01  1.88348174e-01 -6.64678961e-02
  3.24467644e-02  1.07971877e-01 -3.70392986e-02 -8.16600248e-02
 -1.56505734e-01  1.43645018e-01  8.88820514e-02  3.53266835e-01
  1.32432133e-01  6.96293116e-02  5.07581346e-02  2.09345162e-01
  2.53005922e-01 -5.61252534e-02 -2.86862493e-01  2.49582961e-01
 -1.55276041e-02  2.46393248e-01  1.32989153e-01  2.52506524e-01
  1.54103294e-01 -8.96362513e-02 -2.99506113e-02  1.29942615e-02
 -3.09270173e-02  1.31156176e-01 -1.27464280e-01  1.24027412e-02
  2.03801781e-01 -1.13368198e-01  4.71267104e-02  3.21426213e-01
 -5.90210455e-03 -5.94658405e-02  8.39805007e-02  1.22179277e-01
  2.34630197e-01  4.83975932e-02 -1.42548203e-01 -1.04298145e-01
  8.64785761e-02  2.43414998e-01 -5.23334183e-02 -4.25649025e-02
  1.45010009e-01  5.39077185e-02  2.65606523e-01 -4.58016992e-02
  1.48620680e-01 -2.02614248e-01 -9.45800990e-02  2.96746582e-01
 -2.30275571e-01  8.20606351e-02  2.72163749e-02  3.50125656e-02]",deskripsi kursus kursus ini dimaksudkan untuk digunakan dalam pengantar pemrograman seluler  munculnya komputasi mobile memberikan kemampuan untuk mengakses informasi kapan saja dan di mana saja  namun  karena lingkungan komputasi seluler memiliki faktor bawaan seperti daya  penyimpanan  biaya komunikasi asimetris  dan keterbatasan bandwidth  akses informasi seluler yang efisien telah menjadi tantangan penerapan teknologi seluler  secara umum  perangkat seluler didefinisikan sebagai peralatan elektronik yang beroperasi tanpa kabel untuk keperluan komunikasi  pemrosesan data  dan pertukaran  tujuan kursus setelah menyelesaikan kursus siswa harus dapat memahami pemrosesan data seluler tersedia karena kemajuan teknologi nirkabel  dan deteksi lokasi dan sistem penentuan posisi  memahami komunikasi antara pengguna ponsel dan server diperlukan untuk melakukan transaksi dan pengambilan informasi  memahami setiap pengguna seluler berkomunikasi dengan stasiun pangkalan seluler  mbs  untuk melakukan aktivitas apa pun seperti transaksi dan pengambilan informasi  memahami cara mengirim data ke server dan aplikasi seluler mampu menampilkan data tersebut  oleh karena itu perangkat jarak jauh dapat dipantau dari jarak jauh ponsel  memahami komunikasi modbus rtu menggunakan rs485  mengerti mengirim data menggunakan arduino mega 2560 ke internet  memvisualisasikan data dari internet di ponsel cerdas dan situs web di desktop  error 500  server error   1500 that s an error there was an error  please try again later that s all we know,"['menampilkan', 'memahami', 'melakukan', 'menggunakan']","{'C2', 'C6', 'C3'}",Hard,0.920061718460476,0.07993828153952406
TIF455,Advanced Broadband Networking,"uraian mata kuliah pada kuliah ini akan membahas tentang konsep, struktur dan mekanisme jaringan broadband. ini juga menyajikan, sejelas dan selengkap mungkin, sifat dan karakteristik jaringan pita lebar tingkat lanjut. topik-topiknya akan mencakup gambaran umum tentang jaringan broadband, layanan triple play generasi berikutnya, desain tulang punggung, jaringan aksesnya, protokol akses yang tepat, evolusi dalam akses broadband jarak jauh, kualitas penerapan layanan, kontrol sesi pengguna dinamis, keamanan broadband, jaringan seluler, teknologi broadband nirkabel, broadband seluler, dan dasar-dasar jaringan seluler 5g. Tujuan kursus Setelah menyelesaikan kursus ini, siswa harus dapat memahami konsep, struktur, dan mekanisme jaringan broadband. menyajikan, sejelas mungkin, sifat dan karakteristik layanan triple play generasi berikutnya serta kualitas layanannya. memiliki pengetahuan tentang jaringan seluler. memiliki pengetahuan tentang keamanan broadband. memiliki pengetahuan tentang teknologi broadband nirkabel. memiliki pengetahuan tentang broadband seluler. memiliki pengetahuan tentang dasar-dasar jaringan 5g. metode pengajaran pengajaran di kelas terdiri dari ceramah dan pemecahan masalah praktis, dilengkapi dengan alat bantu visual yang dirancang untuk membantu siswa agar berhasil memenuhi tujuan pembelajaran kursus. sangat penting bahwa siswa mengambil minat aktif dalam kursus. untuk berhasil dalam mata kuliah ini, siswa harus membaca, berpikir, dan menulis secara kritis dan analitis dan ini membutuhkan waktu dan latihan. latihan seperti itu hanya dapat dicapai dengan latihan kerja. ketika masalah muncul, dan masalah itu akan terjadi, siswa harus mengajukan pertanyaan yang mungkin ditujukan kepada instruktur atau siswa lain dalam berbagai cara. siswa juga didorong untuk bekerja sama dalam kumpulan masalah sebagai bagian dari latihan mereka. namun, individu pada akhirnya harus menunjukkan pemahaman materi dengan menuliskan solusinya sendiri tanpa bantuan siswa lain atau karya tertulis mereka. rata-rata siswa perlu menghabiskan setidaknya 4 jam belajar dan persiapan per minggu untuk kursus ini.",uraian mata kuliah kuliah membahas konsep struktur mekanisme jaringan broadband menyajikan sejelas selengkap sifat karakteristik jaringan pita lebar tingkat topiktopiknya mencakup gambaran jaringan broadband layanan triple play generasi desain tulang punggung jaringan aksesnya protokol akses evolusi akses broadband jarak kualitas penerapan layanan kontrol sesi pengguna dinamis keamanan broadband jaringan seluler teknologi broadband nirkabel broadband seluler dasardasar jaringan seluler g tujuan kursus menyelesaikan kursus siswa memahami konsep struktur mekanisme jaringan broadband menyajikan sejelas sifat karakteristik layanan triple play generasi kualitas layanannya memiliki pengetahuan jaringan seluler memiliki pengetahuan keamanan broadband memiliki pengetahuan teknologi broadband nirkabel memiliki pengetahuan broadband seluler memiliki pengetahuan dasardasar jaringan g metode pengajaran pengajaran kelas ceramah pemecahan praktis dilengkapi alat bantu visual dirancang membantu siswa berhasil memenuhi tujuan pembelajaran kursus siswa mengambil minat aktif kursus berhasil mata kuliah siswa membaca berpikir menulis kriti analitis membutuhkan latihan latihan dicapai latihan kerja muncul siswa mengajukan instruktur siswa siswa didorong kumpulan latihan individu pemahaman materi menuliskan solusinya bantuan siswa karya tertulis ratarata siswa menghabiskan jam belajar persiapan minggu kursus,"[ 3.23177390e-02 -4.50314544e-02  7.50159696e-02 -1.27799392e-01
  1.62991565e-02  3.39821242e-02 -2.68437058e-01  1.18670817e-02
  3.56089249e-02  9.32652280e-02 -1.82985365e-02  1.89348638e-01
 -1.60828587e-02 -7.76694715e-02  9.50094312e-02 -4.10105512e-02
  1.26552731e-01  4.23253141e-02 -1.90182105e-02  1.33272205e-02
  9.91496369e-02 -1.03923120e-01 -2.22880840e-02 -5.09899855e-02
 -2.49971703e-01 -6.20933063e-02  9.86012369e-02 -1.72814608e-01
  7.65544921e-02 -2.63884515e-01 -1.87699087e-02  3.60599399e-01
 -4.49039489e-02  4.43896949e-02 -1.95462421e-01 -4.27219607e-02
  1.33020073e-01 -3.77139053e-03 -3.05640161e-01  1.38367236e-01
  2.34315068e-01 -5.40505126e-02  2.91942656e-01  1.15051940e-01
  9.71661229e-03 -2.65847385e-01 -7.16498196e-02 -9.20394808e-02
 -1.33384794e-01 -2.28554845e-01 -1.69659838e-01 -9.14026126e-02
  3.10227349e-02  1.76258728e-01  1.36359120e-02  8.17553103e-02
  1.47334814e-01  1.17912546e-01 -1.29934236e-01 -5.58244400e-02
  2.49420285e-01 -4.22346331e-02  2.66569667e-02  1.70522630e-01
  2.34949868e-03  5.18120751e-02  1.16578154e-02  4.06077266e-01
 -9.81492624e-02  1.17530465e-01 -4.72608715e-01 -3.90851423e-02
 -4.43932042e-02 -1.61800474e-01  1.40496776e-01  1.72992840e-01
  4.99954931e-02 -1.28880188e-01  1.55239746e-01 -1.28027778e-02
  1.17345653e-01 -2.26342827e-01 -2.44235471e-02 -4.82597277e-02
 -7.81010166e-02  3.47136706e-02 -2.51536310e-01 -1.82356283e-01
 -3.58031243e-01 -2.44236261e-01 -2.14123040e-01  2.28211787e-02
  7.38703087e-02  3.03771850e-02  9.04111341e-02  1.34439915e-01
 -1.17949443e-03 -4.75500733e-01  8.41180533e-02  2.89465666e-01
 -8.17185175e-03  1.82250477e-02  1.20590851e-01 -1.11790700e-03
  1.01088829e-01 -1.53789937e-01  1.12563610e-01 -1.60557665e-02
 -3.05813421e-02 -4.07041162e-02  3.42440903e-02 -2.80844159e-02
 -6.48599714e-02 -1.72022860e-02  1.15000494e-01 -1.42262831e-01
  8.16196054e-02  5.41321188e-02  1.55309513e-01 -7.72912130e-02
 -1.58015579e-01 -8.64892174e-03  7.20142201e-02 -1.66590527e-01
  4.85385731e-02 -6.70376197e-02  1.20703317e-03  9.03997794e-02
 -8.56758058e-02 -1.93293646e-01 -1.35572092e-03 -4.93649133e-02
  9.66648683e-02  1.31611496e-01  1.52631015e-01 -6.63326010e-02
  5.03067002e-02 -7.55997524e-02 -9.99732986e-02  1.98400930e-01
 -2.31196266e-02  2.73832202e-01  2.98046470e-01  6.38373941e-02
 -1.14532877e-02  2.28096753e-01  9.22656506e-02 -4.89247814e-02
  1.14212491e-01  9.16354060e-02  3.25844705e-01 -1.34999156e-01
  3.44655484e-01 -1.51766121e-01 -1.21702189e-02  2.02665105e-02
  3.96368466e-02 -4.80188057e-02  9.58151072e-02  5.06806886e-03
 -5.49791455e-02  1.00354806e-01  1.45370051e-01  1.11353263e-01
 -9.50708613e-02 -8.96001458e-02  1.24682195e-01 -1.39637247e-01
 -5.47581203e-02 -1.38265163e-01 -5.17140701e-03 -1.24173813e-01
 -7.17280582e-02  5.01750261e-02  8.11201781e-02 -5.63592836e-03
 -3.18579935e-03 -3.95802930e-02 -9.87844318e-02 -1.37067884e-01
 -7.64488876e-02 -1.72854975e-01  2.36587420e-01 -9.36679915e-02
 -7.83992112e-02 -1.43316403e-01  5.53135425e-02  1.66662768e-01
 -1.73651278e-01  9.66857672e-02 -1.62880927e-01 -1.32938504e-01
  2.83335477e-01 -1.37191623e-01 -7.42954686e-02 -2.38683194e-01
  2.20659778e-01 -2.96748251e-01 -2.95589566e-01 -1.35726139e-01
 -1.59636736e-01  1.30683482e-01 -1.55892044e-01  2.23569006e-01
 -4.04393256e-01 -2.01706216e-01  9.45049375e-02  1.80950001e-01
  1.50342032e-01 -4.60817944e-04 -1.63644776e-02 -1.08456783e-01
 -2.83440471e-01  8.03126488e-03  1.10241979e-01 -1.00184053e-01
  1.01823866e-01  4.49286550e-02 -5.55154085e-02 -8.30815285e-02
  1.10644192e-01  2.23917842e-01  1.67375296e-01 -1.37194067e-01
 -2.52476931e-01  5.04881889e-03 -2.97775269e-01  2.21589714e-01
  1.77082211e-01  2.15666350e-02 -1.79837197e-02  2.94741597e-02
  1.28266498e-01  3.00371647e-02 -3.58248278e-02  1.33915059e-03
  1.35422498e-01  7.50410855e-02 -3.93584557e-02 -1.32133767e-01
 -6.53133020e-02 -2.37816080e-01 -1.20192222e-01 -3.05099264e-02
  1.62890151e-01 -3.92179638e-02 -2.84558147e-01  8.10968354e-02
  1.25017881e-01  4.00924981e-02  4.50064205e-02 -1.61845058e-01
 -1.21631831e-01  1.67983860e-01  4.58460767e-03  4.94202189e-02
 -9.58716646e-02  7.03701749e-02  7.32630044e-02  1.61101818e-01
  2.34689683e-01 -8.11117142e-02  8.33037719e-02  1.36607895e-02
  1.98797137e-01 -1.35546818e-01  4.51406315e-02  5.13812900e-02
  1.25865499e-02  5.83144389e-02 -1.78201839e-01  8.55594203e-02
 -7.77602196e-02 -1.14645034e-01 -1.01618506e-02 -3.56553569e-02
  1.70455948e-01 -1.54159635e-01  1.66962057e-01  2.11884558e-01
  3.55259292e-02  6.13766015e-02  2.42086798e-01  9.65673402e-02
  6.96802884e-02 -6.45582825e-02 -5.59098348e-02  8.73363763e-02
 -8.88981149e-02 -5.38128726e-02 -1.21998012e-01 -2.46949002e-01
 -1.42788246e-01  2.13755835e-02  5.29315285e-02  4.16824222e-02
  1.03545889e-01 -3.10831796e-02  5.22444025e-03 -2.71188524e-02
  6.81691617e-03  8.46542343e-02 -3.45076025e-01  1.09306335e-01
 -3.57976854e-02 -1.59402937e-02  1.24262599e-02 -1.03290461e-01
 -8.26602802e-03  5.26155606e-02  1.44998819e-01 -6.41341358e-02
  1.12874374e-01 -2.36961693e-01 -4.39370051e-02 -1.03884540e-01
 -4.07789409e-01 -1.65334195e-01  4.41365354e-02 -3.22378665e-01
  1.02328196e-01 -7.40592694e-03 -2.27996871e-01 -5.02961501e-02
 -6.96130842e-02  1.02305263e-01  3.47036310e-02  1.10049553e-01
  4.84524146e-02  3.23675312e-02  6.12809919e-02  3.94299179e-02
 -1.03644311e-01  1.25532746e-01  1.97872877e-01  2.08338514e-01
  1.05506368e-01  3.74064483e-02  4.87047359e-02  7.21328110e-02
  2.49205589e-01  4.09326665e-02 -2.71224547e-02  1.59363925e-01
  5.64476885e-02 -9.59514640e-03  1.59059808e-01  1.58865452e-01
  1.29441336e-01  4.36626095e-03 -1.78353146e-01  6.34080172e-02
 -1.77960441e-01 -6.77938387e-02 -2.16970630e-02  1.36940643e-01
 -4.24362458e-02 -5.64043112e-02  3.26907001e-02  1.81529913e-02
 -6.67768717e-02 -5.91509007e-02  1.57114580e-01  1.24956436e-01
  1.70567900e-01 -9.84274670e-02  8.00604820e-02  4.42060232e-02
  6.90625161e-02  1.53598607e-01 -2.20040947e-01 -6.47892505e-02
  8.66854936e-02 -1.80756360e-01  1.76533148e-01  1.57974035e-01
  9.64640304e-02 -1.02640830e-01 -1.28084809e-01  3.91388051e-02
 -1.27681166e-01  1.50400281e-01  8.28287750e-02  2.78176218e-02]",uraian mata kuliah pada kuliah ini akan membahas tentang konsep  struktur dan mekanisme jaringan broadband  ini juga menyajikan  sejelas dan selengkap mungkin  sifat dan karakteristik jaringan pita lebar tingkat lanjut  topik topiknya akan mencakup gambaran umum tentang jaringan broadband  layanan triple play generasi berikutnya  desain tulang punggung  jaringan aksesnya  protokol akses yang tepat  evolusi dalam akses broadband jarak jauh  kualitas penerapan layanan  kontrol sesi pengguna dinamis  keamanan broadband  jaringan seluler  teknologi broadband nirkabel  broadband seluler  dan dasar dasar jaringan seluler 5g  tujuan kursus setelah menyelesaikan kursus ini  siswa harus dapat memahami konsep  struktur  dan mekanisme jaringan broadband  menyajikan  sejelas mungkin  sifat dan karakteristik layanan triple play generasi berikutnya serta kualitas layanannya  memiliki pengetahuan tentang jaringan seluler  memiliki pengetahuan tentang keamanan broadband  memiliki pengetahuan tentang teknologi broadband nirkabel  memiliki pengetahuan tentang broadband seluler  memiliki pengetahuan tentang dasar dasar jaringan 5g  metode pengajaran pengajaran di kelas terdiri dari ceramah dan pemecahan masalah praktis  dilengkapi dengan alat bantu visual yang dirancang untuk membantu siswa agar berhasil memenuhi tujuan pembelajaran kursus  sangat penting bahwa siswa mengambil minat aktif dalam kursus  untuk berhasil dalam mata kuliah ini  siswa harus membaca  berpikir  dan menulis secara kritis dan analitis dan ini membutuhkan waktu dan latihan  latihan seperti itu hanya dapat dicapai dengan latihan kerja  ketika masalah muncul  dan masalah itu akan terjadi  siswa harus mengajukan pertanyaan yang mungkin ditujukan kepada instruktur atau siswa lain dalam berbagai cara  siswa juga didorong untuk bekerja sama dalam kumpulan masalah sebagai bagian dari latihan mereka  namun  individu pada akhirnya harus menunjukkan pemahaman materi dengan menuliskan solusinya sendiri tanpa bantuan siswa lain atau karya tertulis mereka  rata rata siswa perlu menghabiskan setidaknya 4 jam belajar dan persiapan per minggu untuk kursus ini,"['menulis', 'menunjukkan', 'membaca', 'memahami', 'menuliskan']","{'C2', 'C4', 'C1', 'C3'}",Hard,0.8990549060570571,0.10094509394294252
TIF456,Computer Vision,"deskripsi kursus menjelaskan materi pelajaran, pendekatan, luasnya, dan penerapan kursus. [penjelasan ini biasanya Merujuk pada garis garis besar program pengajaran yang terkait dengan kurikulum] kursus ini dirancang untuk membantu siswa mencapai keberhasilan yang mereka inginkan. secara khusus, kursus ini akan membantu siswa meningkatkan efektivitas kerja, pengembangan karir, dan kesejahteraan umum. Kelas ini memberikan siswa kesempatan untuk  meningkatkan kesadaran diri siswa (misalnya, tujuan, gaya, kekuatan, kelemahan, bagaimana siswa dipandang oleh orang lain)  Mengembangkan pemahaman dan apresiasi yang lebih dalam terhadap kompleksitas hubungan manusia dalam organisasi  Memahami pentingnya hubungan berkualitas tinggi di tempat kerja  Mempelajari keterampilan yang akan membantu siswa mengembangkan hubungan kerja yang efektif dan menyenangkan. Kursus dimulai dengan pengenalan visi komputer. topiknya meliputi deteksi tepi, segmentasi gambar, stereopsis, gerakan dan aliran optik, mosaik gambar, rekonstruksi bentuk 3d, dan pengenalan objek. siswa diminta untuk mengimplementasikan beberapa algoritma yang dibahas dalam kursus dan menyelesaikan tugas akhir. tujuan kursus menunjukkan daftar tujuan kursus. daftarnya biasanya terdiri dari lima atau enam pernyataan, umum tetapi komprehensif. daftar tersebut mungkin mencakup keterampilan atau teknik khusus yang diharapkan dikuasai siswa setelah menyelesaikan kursus. pada akhir kursus ini, siswa harus mampu menunjukkan kompetensi dalam kesadaran diri. menunjukkan kompetensi dalam dasar-dasar keterampilan interpersonal dalam hubungan organisasi. menunjukkan kompetensi dalam mengembangkan kepercayaan. menunjukkan kompetensi dalam komunikasi lisan dan interpersonal termasuk komunikasi satu lawan satu, komunikasi kelompok kecil, dan presentasi publik. menunjukkan pemahaman tentang dasar-dasar hubungan antar budaya menunjukkan pemahaman tentang negosiasi. menggunakan konflik pengelolaan bisnis. silabus pk pea 01/r1 [computer vision] hal. 2/4 menunjukkan pemahaman dalam mengambil keputusan dan memecahkan masalah secara kreatif menunjukkan pemahaman jaringan menunjukkan pemahaman mantoring menunjukkan pemahaman manajemen proyek metode pengajaran menjelaskan bagaimana kursus akan dilakukan, misalnya. perkuliahan, perkuliahan/lab, diskusi kelompok, presentasi kelompok, persyaratan membaca, kuis interim, kunjungan lapangan, dll. dosen dapat menggunakan studi kasus, ceramah, pembicara tamu, pertanyaan dan latihan dari buku teks, video, online, perubahan teknologi terkini dalam proses komunikasi, peristiwa terkini, transparansi, presentasi power point, serta pengalaman dan tanggapan mahasiswa",deskripsi kursus materi pelajaran pendekatan luasnya penerapan kursus penjelasan merujuk gari gari program pengajaran terkait kurikulum kursus dirancang membantu siswa mencapai keberhasilan khusus kursus membantu siswa meningkatkan efektivitas kerja pengembangan karir kesejahteraan kelas siswa kesempatan meningkatkan kesadaran siswa tujuan gaya kekuatan kelemahan siswa dipandang orang mengembangkan pemahaman apresiasi kompleksitas hubungan manusia organisasi memahami hubungan berkualitas kerja mempelajari keterampilan membantu siswa mengembangkan hubungan kerja efektif menyenangkan kursus pengenalan visi komputer topiknya meliputi deteksi tepi segmentasi gambar stereopsis gerakan aliran optik mosaik gambar rekonstruksi bentuk pengenalan objek siswa mengimplementasikan algoritma dibahas kursus menyelesaikan tugas tujuan kursus daftar tujuan kursus daftarnya enam pernyataan komprehensif daftar mencakup keterampilan teknik khusus diharapkan dikuasai siswa menyelesaikan kursus kursus siswa kompetensi kesadaran kompetensi dasardasar keterampilan interpersonal hubungan organisasi kompetensi mengembangkan kepercayaan kompetensi komunikasi lisan interpersonal komunikasi lawan komunikasi kelompok presentasi publik pemahaman dasardasar hubungan budaya pemahaman negosiasi konflik pengelolaan bisnis silabus pk pea r computer vision pemahaman mengambil keputusan memecahkan kreatif pemahaman jaringan pemahaman mantoring pemahaman manajemen proyek metode pengajaran kursus perkuliahan perkuliahanlab diskusi kelompok presentasi kelompok persyaratan membaca kui interim kunjungan lapangan dll dosen studi ceramah pembicara tamu latihan buku teks video online perubahan teknologi terkini prose komunikasi peristiwa terkini transparansi presentasi power point pengalaman tanggapan mahasiswa,"[ 1.58768505e-01  5.21516092e-02 -6.38379902e-02  2.89780553e-02
 -5.92241362e-02 -7.60218501e-02  3.23488563e-03 -3.51249278e-02
 -7.13956952e-02  1.00826390e-01  1.17084257e-01  1.91706508e-01
  1.34965390e-01  7.72251487e-02  6.97000474e-02  6.90266192e-02
  1.34719387e-01  1.44378943e-02 -6.61729351e-02 -7.69441649e-02
  5.58414906e-02  5.63445762e-02  1.32695913e-01  4.24383506e-02
 -1.79210246e-01 -3.64824831e-02  1.43086046e-01 -2.89907813e-01
  2.06424594e-01 -1.35949716e-01 -1.51656762e-01  1.21076614e-01
  2.89358318e-01  1.64509386e-01 -2.11519152e-01  3.06207627e-01
  2.21521333e-02  5.60820699e-02  6.33143308e-03  7.92614371e-02
 -8.11422616e-02 -1.33872163e-02  2.64296550e-02  1.44373849e-01
  4.16324064e-02 -2.51147866e-01 -9.26266313e-02 -2.31773645e-01
 -1.07261412e-01 -2.30650887e-01 -2.20995456e-01 -1.69348508e-01
 -6.92794994e-02 -1.67214379e-01 -1.06554769e-01  2.28048325e-01
  2.04642758e-01  3.39709409e-02 -1.79064170e-01  1.27834573e-01
 -6.77383132e-03 -1.14685642e-02  1.12744451e-01  1.73034832e-01
  1.80376656e-02  4.13697921e-02  3.35209593e-02  4.59660500e-01
 -4.97223176e-02  4.56685200e-02 -2.81424522e-01 -1.20497324e-01
  2.96892896e-02  1.39878793e-02 -3.81206609e-02  2.53719036e-02
 -4.68293615e-02 -1.62960403e-03  1.83804378e-01 -1.54510096e-01
  1.08110890e-01 -5.53354695e-02  5.90209067e-02  8.80811810e-02
  2.23542508e-02 -8.33005011e-02 -1.55372312e-02 -1.56021774e-01
  1.34487942e-01 -1.49354681e-01  1.48961158e-03 -7.88901299e-02
 -2.09066525e-01  7.35380352e-02 -7.60914832e-02 -1.25069737e-01
  5.43583930e-03 -3.27858329e-01  2.91825105e-02  3.88504893e-01
 -1.67116150e-01 -4.75178100e-03  1.47140741e-01  4.34130020e-02
  2.84921229e-02 -4.34704032e-03  2.24503875e-01 -1.41618848e-01
  2.48851515e-02  5.81703968e-02 -9.71896388e-03 -5.68548590e-02
 -7.66538084e-02 -9.40109864e-02 -1.76527835e-02  1.67073548e-01
  1.93838745e-01  5.71083315e-02  4.68020253e-02  1.50759369e-01
 -1.50453616e-02 -1.03709176e-01 -9.17104632e-03 -2.81968396e-02
  6.09227754e-02 -2.30325639e-01 -5.30243106e-02 -7.19568282e-02
 -1.34264678e-01 -1.84353724e-01 -8.55671763e-02  1.80456340e-01
 -1.20572910e-01  8.66774917e-02  1.89397708e-01  5.02480604e-02
 -7.22577274e-02  2.53629126e-02 -9.93496627e-02  5.77237122e-02
  8.87724087e-02  3.48869443e-01  1.81228027e-01 -1.76040158e-02
 -2.38187283e-01  1.34137839e-01 -9.19132978e-02  5.52774966e-02
  1.38385728e-01  1.48303553e-01  1.69678316e-01 -7.78730959e-02
  1.72358915e-01 -1.00697717e-02 -3.56298015e-02  8.41624588e-02
  2.90593542e-02 -1.75959632e-01  2.34783813e-01 -5.98155372e-02
 -2.26084307e-01  1.02562696e-01 -3.13353725e-02 -4.46595550e-02
 -7.63875023e-02  5.67176305e-02  1.42554060e-01 -2.04220384e-01
 -5.02874292e-02 -1.12820514e-01  1.98589683e-01 -9.14466083e-02
  3.05467118e-02  3.50391530e-02  1.18311256e-01 -1.81543052e-01
 -3.86010893e-02  5.09929359e-02 -3.61310244e-02 -3.38888615e-02
  3.85066748e-01 -1.11537101e-02  1.06664501e-01 -7.16787726e-02
 -7.23796412e-02  1.19807586e-01 -1.48752823e-01 -1.01562209e-01
  1.52064813e-03  5.93245402e-02 -8.36409330e-02  1.03977770e-01
  5.92166111e-02 -2.78180897e-01 -2.00402677e-01 -1.31394967e-01
  2.22967595e-01 -2.41100207e-01 -2.95928806e-01  1.57610059e-01
 -3.68784547e-01 -3.78360339e-02 -1.86597422e-01 -2.96949465e-02
 -4.06503677e-02 -9.62361842e-02  1.74579561e-01 -1.78464334e-02
  7.86167979e-02  2.55882740e-04 -2.20730193e-02 -7.44394213e-02
 -1.45593435e-01  3.83845381e-02  4.62726243e-02 -3.58750555e-03
  1.17889792e-01  1.81327127e-02 -9.51016769e-02  6.30549807e-03
 -8.62021446e-02  7.80936480e-02  2.05630243e-01 -1.71612918e-01
  2.49139518e-02  1.77631050e-01 -3.95726800e-01  3.46347652e-02
  2.16410443e-01 -9.87190753e-02 -7.27349967e-02 -9.80544388e-02
 -4.05343100e-02  1.41269147e-01 -3.18368524e-01 -8.92508402e-02
  6.41582068e-03  6.38686493e-02 -5.21615073e-02 -1.47265300e-01
  1.86309703e-02 -6.75495937e-02 -5.33089526e-02 -5.27401716e-02
  9.24842805e-03  1.36221737e-01 -1.58984035e-01 -3.74203712e-01
  1.70167133e-01 -1.40797406e-01  8.06798339e-02 -4.33730669e-02
 -3.79129872e-02 -3.14501747e-02  1.12501159e-01 -7.34846592e-02
 -3.80858220e-02  4.27048057e-02 -1.21403486e-01  1.45774141e-01
  6.78095222e-02 -3.94404680e-02 -4.06896211e-02  2.62702018e-01
 -1.85191631e-02 -1.81254372e-01  1.70962438e-02 -3.37138474e-02
 -1.52202137e-03  2.37630546e-01  3.37332860e-02 -5.66273034e-02
  1.07300550e-01 -1.14209220e-01 -8.77907947e-02  7.94496015e-03
 -8.77091661e-03 -1.64401710e-01  1.20512068e-01 -3.25352065e-02
 -1.43392786e-01 -8.11968520e-02 -1.78860873e-01 -7.20670819e-02
  1.87282823e-02 -3.83315906e-02 -7.61847571e-03  2.06194096e-03
 -8.13745186e-02  9.95044932e-02 -1.04986265e-01  1.39176426e-03
 -1.92295328e-01 -1.12504460e-01  5.64441122e-02  8.15539807e-02
 -5.88461757e-02 -9.95828956e-02  3.40340566e-03  9.31469500e-02
  1.37643650e-01  6.35668263e-02 -3.15529495e-01 -2.40246020e-02
  4.94566225e-02 -3.85861754e-01  7.96339381e-03 -8.24754611e-02
 -1.09154403e-01 -1.05618509e-02 -2.84370035e-02  2.61054281e-02
  4.97579109e-03  3.43917459e-02 -5.87384626e-02 -1.59688070e-01
 -1.59990132e-01 -9.86935273e-02  1.00225985e-01 -1.76029921e-01
 -1.03285179e-01  3.69607732e-02 -7.06743300e-02 -8.18696767e-02
  2.48013102e-02  6.56545684e-02 -4.89326417e-02  9.64657441e-02
 -1.45094752e-01  4.99529392e-02 -2.22088501e-01  7.43367821e-02
 -1.10117972e-01  9.23138559e-02  1.15281269e-02  3.40900630e-01
 -4.49146330e-02  1.92077190e-01  1.53546944e-01  1.46704197e-01
  3.07564020e-01 -7.44509920e-02 -2.25766018e-01  1.09210983e-01
 -2.01735273e-01  8.61479044e-02  4.53915410e-02  1.22502185e-01
 -9.33530629e-02 -9.89056751e-03  3.17418538e-02  1.19074970e-01
  4.26387861e-02 -6.83470964e-02  1.16338290e-01  9.40267742e-02
  1.11908130e-02 -2.52309442e-03  3.38114828e-01  3.54566753e-01
 -1.77674428e-01 -2.71877032e-02  2.84184396e-01  9.44951028e-02
  1.79943576e-01  1.47558764e-01 -9.31364447e-02  6.51699007e-02
  1.37622552e-02  2.12958440e-01 -8.93914513e-03  2.41161771e-02
  7.49173984e-02 -8.40186998e-02  1.13088742e-01  4.82838824e-02
  1.07034780e-01 -3.45721096e-02 -6.25224411e-02  1.75851539e-01
 -7.89954066e-02  1.73287362e-01  3.24860625e-02  6.76360950e-02]",deskripsi kursus menjelaskan materi pelajaran  pendekatan  luasnya  dan penerapan kursus   penjelasan ini biasanya merujuk pada garis garis besar program pengajaran yang terkait dengan kurikulum  kursus ini dirancang untuk membantu siswa mencapai keberhasilan yang mereka inginkan  secara khusus  kursus ini akan membantu siswa meningkatkan efektivitas kerja  pengembangan karir  dan kesejahteraan umum  kelas ini memberikan siswa kesempatan untuk   meningkatkan kesadaran diri siswa  misalnya  tujuan  gaya  kekuatan  kelemahan  bagaimana siswa dipandang oleh orang lain    mengembangkan pemahaman dan apresiasi yang lebih dalam terhadap kompleksitas hubungan manusia dalam organisasi   memahami pentingnya hubungan berkualitas tinggi di tempat kerja   mempelajari keterampilan yang akan membantu siswa mengembangkan hubungan kerja yang efektif dan menyenangkan  kursus dimulai dengan pengenalan visi komputer  topiknya meliputi deteksi tepi  segmentasi gambar  stereopsis  gerakan dan aliran optik  mosaik gambar  rekonstruksi bentuk 3d  dan pengenalan objek  siswa diminta untuk mengimplementasikan beberapa algoritma yang dibahas dalam kursus dan menyelesaikan tugas akhir  tujuan kursus menunjukkan daftar tujuan kursus  daftarnya biasanya terdiri dari lima atau enam pernyataan  umum tetapi komprehensif  daftar tersebut mungkin mencakup keterampilan atau teknik khusus yang diharapkan dikuasai siswa setelah menyelesaikan kursus  pada akhir kursus ini  siswa harus mampu menunjukkan kompetensi dalam kesadaran diri  menunjukkan kompetensi dalam dasar dasar keterampilan interpersonal dalam hubungan organisasi  menunjukkan kompetensi dalam mengembangkan kepercayaan  menunjukkan kompetensi dalam komunikasi lisan dan interpersonal termasuk komunikasi satu lawan satu  komunikasi kelompok kecil  dan presentasi publik  menunjukkan pemahaman tentang dasar dasar hubungan antar budaya menunjukkan pemahaman tentang negosiasi  menggunakan konflik pengelolaan bisnis  silabus pk pea 01 r1  computer vision  hal  2 4 menunjukkan pemahaman dalam mengambil keputusan dan memecahkan masalah secara kreatif menunjukkan pemahaman jaringan menunjukkan pemahaman mantoring menunjukkan pemahaman manajemen proyek metode pengajaran menjelaskan bagaimana kursus akan dilakukan  misalnya  perkuliahan  perkuliahan lab  diskusi kelompok  presentasi kelompok  persyaratan membaca  kuis interim  kunjungan lapangan  dll  dosen dapat menggunakan studi kasus  ceramah  pembicara tamu  pertanyaan dan latihan dari buku teks  video  online  perubahan teknologi terkini dalam proses komunikasi  peristiwa terkini  transparansi  presentasi power point  serta pengalaman dan tanggapan mahasiswa,"['meningkatkan', 'memecahkan', 'mengimplementasikan', 'menunjukkan', 'menjelaskan', 'membaca', 'memahami', 'mengembangkan', 'menggunakan']","{'C6', 'C1', 'C4', 'C2', 'C3'}",Hard,0.7121744025052049,0.2878255974947949
UNI101,Bahasa Indonesia,"course description mata kuliah ini berisi materi pengajaran bahasa indonesia secara teori dan praktik untuk penggunaan ragam tulis dan lisan. mata kuliah ini bertujuan agar mahasiswa memiliki potensi memadai dalam menggunakan bahasa indonesia yang baik dan benar secara tertulis dan lisan untuk diterapkan dalam keperluan bidang akademik, khususnya dalam program studi yang ditekuni dan diterapkan pula pada saat mahasiswa memasuki dunia kerja. methods instruction /metode pembelajaran diskusi kelompok, studi kasus, pembelajaran berbasis masalah.",course description mata kuliah berisi materi pengajaran bahasa indonesia teori praktik penggunaan ragam tulis lisan mata kuliah bertujuan mahasiswa memiliki potensi memadai bahasa indonesia tertulis lisan diterapkan keperluan bidang akademik program studi ditekuni diterapkan mahasiswa memasuki dunia kerja method instruction metode pembelajaran diskusi kelompok studi pembelajaran berbasis,"[ 2.02426478e-01 -8.45501497e-02 -8.50474760e-02 -1.74560826e-02
 -4.59208526e-02 -1.58288881e-01 -1.65038005e-01  1.39868572e-01
  4.70588505e-02  6.13856688e-02  1.21405259e-01  1.08321778e-01
 -4.88902070e-02  3.69003505e-01  1.15605779e-01  7.23185465e-02
  2.74834819e-02  1.70373097e-02  1.24068454e-01 -2.35113412e-01
  1.80843547e-01  9.62526351e-02  1.78092226e-01  5.45274839e-02
 -3.22561890e-01  1.38029262e-01  3.91806155e-01 -1.85679913e-01
  3.10209244e-01  3.90455499e-02 -9.53605175e-02  1.33122414e-01
  2.61103064e-01  1.75281957e-01 -3.47783267e-01  3.02999437e-01
 -1.80267274e-01  1.69122085e-01 -7.95092210e-02 -2.03063209e-02
  4.66783792e-02 -9.93474871e-02  8.69551376e-02 -2.08710674e-02
  1.02379121e-01 -1.32800296e-01 -6.43584058e-02 -2.28473529e-01
 -1.85453609e-01 -1.50394812e-01 -1.85966358e-01 -2.57253855e-01
 -2.14004785e-01 -1.16894275e-01 -5.80919981e-02 -5.22672869e-02
  4.29615051e-01  1.67715967e-01 -2.55492717e-01  4.65003811e-02
 -1.54120866e-02 -7.99994450e-03  1.59332417e-02  1.92850709e-01
 -2.56328791e-01 -1.22942127e-01  1.93197563e-01  5.09234965e-01
 -1.59071922e-01  3.42104174e-02 -4.05720949e-01  7.78464694e-03
  2.32304364e-01  2.35872537e-01  6.16281875e-04  2.41672054e-01
 -1.55667990e-01 -2.38871444e-02  2.26992756e-01 -1.58215880e-01
  2.91404158e-01 -5.71777523e-02  9.46445018e-02  1.23338390e-03
  3.07086036e-02 -4.32885103e-02 -4.71016020e-02 -1.60716102e-01
 -6.53575286e-02 -2.78603703e-01  1.10002439e-02 -3.45872164e-01
 -3.83305475e-02  1.32596537e-01  1.35742038e-01 -3.78826782e-02
  8.59745368e-02 -1.43362254e-01 -2.73894984e-02  3.69698942e-01
 -5.46380840e-02  5.75436652e-02  2.25870118e-01 -2.15866461e-01
 -9.82204452e-02  5.50939962e-02  1.92602381e-01 -1.31376132e-01
  6.48865551e-02  1.90838248e-01 -2.07413882e-01 -1.67591274e-01
  8.06490518e-03 -1.48821831e-01 -5.16073667e-02  2.23864093e-02
  2.97550917e-01  1.11947179e-01 -1.30404830e-01  2.51361221e-01
  1.17737327e-04 -4.54523414e-01  8.65453854e-02 -2.90751457e-01
  1.31179869e-01 -2.86010206e-01  3.09317969e-02  1.81040484e-02
  2.54046768e-01 -2.02430621e-01 -1.79306902e-02  2.56646983e-03
 -2.08916944e-02  1.37802297e-02  1.02445483e-01 -1.54200032e-01
  5.84974028e-02 -5.54968938e-02 -8.05297419e-02 -2.95999069e-02
  1.86879307e-01  1.83169916e-01 -3.70901302e-02  4.37025651e-02
 -1.26338273e-01  1.04658075e-01 -7.19939023e-02  2.65617639e-01
  2.36056075e-01  1.06998190e-01  2.59506375e-01  3.10133081e-02
 -1.57428801e-01 -9.32046324e-02  3.66240740e-02 -1.46989718e-01
  7.97742233e-02 -2.29153335e-01  7.72338137e-02 -3.19082469e-01
 -3.87074053e-01  9.06646177e-02 -3.19428355e-01 -3.28360274e-02
 -1.54405311e-01  1.10786809e-02  9.69501138e-02 -2.11077422e-01
  1.94017828e-01 -8.76599550e-02  3.01064253e-01 -7.67130107e-02
  9.05410871e-02  1.75652817e-01  1.74661189e-01  7.65365956e-04
 -2.20846012e-02  1.27327172e-02 -3.21850657e-01 -1.50443241e-01
  1.71181083e-01  1.12098232e-01  2.00300500e-01  1.64002143e-02
  6.06175885e-02  9.39636678e-03  5.50864115e-02  9.80285630e-02
  8.60883817e-02  2.80981600e-01  9.71308537e-03  2.39875037e-02
 -1.52939996e-02 -4.10065264e-01 -3.05602133e-01 -2.68460214e-01
  4.45654988e-01 -4.34007049e-01 -2.69978940e-01 -2.26272661e-02
 -4.21867549e-01  1.85358196e-01 -3.50946635e-01 -1.01350807e-01
  9.67455581e-02 -7.59350434e-02  2.15261415e-01  1.33820057e-01
  4.97328751e-02  5.13160154e-02  1.85782071e-02  3.71543169e-02
 -1.32727236e-01  6.14524111e-02  1.29185051e-01 -1.53595239e-01
  7.11595044e-02  1.10040391e-02 -6.01705611e-02 -1.61335766e-02
 -3.75564806e-02 -1.75057873e-01  2.73069829e-01 -1.82894036e-01
 -3.08932159e-02  2.83387542e-01 -4.82555747e-01  1.93740189e-01
  2.31746197e-01 -1.67755485e-01  2.02456657e-02  3.83271724e-02
  1.24381315e-02 -7.10699111e-02 -2.49972269e-01  3.97515111e-03
  4.43373173e-02 -5.22402190e-02  1.42692000e-01 -1.75967932e-01
  3.34227011e-02  7.64291510e-02  2.35065296e-02 -2.76453514e-02
 -6.85537383e-02  5.59056289e-02 -2.51019567e-01 -1.22594252e-01
  1.25037760e-01 -5.47768511e-02 -6.65550819e-03 -1.20902799e-01
 -3.52554023e-01  1.52325243e-01  2.76777208e-01  3.27257030e-02
 -1.38291329e-01  1.55545726e-01 -2.90032864e-01 -3.06902416e-02
  2.24295080e-01  8.53835046e-02 -3.67514864e-02  4.68814194e-01
  9.21926945e-02 -1.23756811e-01 -8.35428610e-02 -1.10372737e-01
 -2.28386819e-01 -2.19865460e-02 -2.27201104e-01 -9.08204466e-02
  2.63740838e-01 -2.14057654e-01  8.05225074e-02  5.16502187e-03
 -4.92012650e-02 -2.81544358e-01  1.39365777e-01 -6.86255246e-02
 -7.56187961e-02  2.31102970e-03 -6.16089180e-02 -2.29720935e-01
 -7.27968141e-02 -3.03675532e-02  1.77121796e-02 -1.13900371e-01
  3.95278707e-02  1.74539164e-01  1.94118187e-01  1.07021138e-01
  1.42267933e-02 -4.01481271e-01  4.80542555e-02  1.24904700e-01
 -1.10299692e-01  1.14945754e-01  1.82961360e-01 -2.22049300e-02
  5.90558164e-02  9.44198966e-02 -1.23328924e-01  1.16857685e-01
  5.35657778e-02 -3.94962698e-01 -1.03636466e-01 -2.32626066e-01
 -3.84894088e-02 -5.84665611e-02  1.58241671e-02 -7.18768910e-02
  6.99737146e-02 -1.48730010e-01  1.40154570e-01  1.36101201e-01
  1.22977071e-01 -5.41369282e-02  1.79711118e-01 -2.05959961e-01
 -8.92688110e-02 -3.47152621e-01  1.00717641e-01 -4.45804261e-02
 -2.14180604e-01  1.68218184e-02 -3.09236767e-03 -9.11056250e-02
 -2.59399395e-02  2.71902829e-02 -1.89694852e-01 -2.61724484e-03
 -1.88209146e-01  1.45889178e-01  8.09040964e-02  3.98447335e-01
  1.96295440e-01  2.63972610e-01  1.05506502e-01  3.39041352e-02
  3.32698166e-01 -1.64238214e-01 -2.27773428e-01  6.99242502e-02
 -7.29223117e-02  2.11118326e-01  3.43738012e-02  2.07465813e-01
 -1.32299811e-01 -5.62266447e-03 -1.17772035e-01  2.00062826e-01
  1.35784121e-02 -1.79550916e-01  1.08135879e-01 -1.19924821e-01
  1.23687118e-01 -2.28650197e-01  1.44413337e-01  3.77896011e-01
 -2.38529310e-01 -2.38190114e-01  3.94604951e-01 -1.35573968e-01
  3.02394956e-01  3.95410098e-02 -1.97971985e-01  6.33262843e-02
 -6.81110397e-02  1.78299636e-01 -1.62512839e-01 -7.75281433e-03
  1.34248927e-01 -1.96471423e-01  1.46742433e-01  1.74742546e-02
  2.19079554e-01 -8.71801376e-02 -1.12589123e-02  3.38573962e-01
  7.91283771e-02  3.28674316e-01 -1.35457143e-01  1.90868359e-02]",course description mata kuliah ini berisi materi pengajaran bahasa indonesia secara teori dan praktik untuk penggunaan ragam tulis dan lisan  mata kuliah ini bertujuan agar mahasiswa memiliki potensi memadai dalam menggunakan bahasa indonesia yang baik dan benar secara tertulis dan lisan untuk diterapkan dalam keperluan bidang akademik  khususnya dalam program studi yang ditekuni dan diterapkan pula pada saat mahasiswa memasuki dunia kerja  methods instruction  metode pembelajaran diskusi kelompok  studi kasus  pembelajaran berbasis masalah,['menggunakan'],{'C3'},Hard,0.7233313648721801,0.2766686351278198
UNI102,Agama,"Deskripsi Mata Kuliah Mata kuliah Islam yang merupakan bagian dari mata kuliah agama (agama), termasuk dalam mata kuliah pengembangan kepribadian (character building). Sebagai mata kuliah pengembangan kepribadian, kajian Islam tidak hanya berorientasi pada pengayaan ilmu keislaman yang mencakup berbagai aspek, seperti aspek sumber ajaran, sejarah, teologi, filsafat, akhlak, ritual, hukum, ekonomi, dan kontak Islam dengan modernitas, namun juga mendorong peserta didik untuk menghayati dan mengamalkan aspek praktis dari ajaran Islam. Mata kuliah ini akan mengantarkan mahasiswa memiliki sikap beragama yang inklusif, terbuka, dan toleran terhadap perbedaan pendapat yang ada di kalangan umat Islam serta menghargai dan bekerja sama dengan pemeluk agama lain untuk membangun dunia yang lebih damai, harmonis, adil, dan sejahtera. .. course objectives studi islam 1 kompetensi yang diharapkan kontrak belajar penjelasan singkat pokok pokok bahasan studi islam. topic manusia dan agama  ceramah interaktif  robertson, roland. interpretasi  diskusi sosial atas agama. jakarta sub topics rajawali, pengertian agama dan tujuan  nasution, harun. islam ditinjau beragama dari berbagai aspeknya, jakarta mengapa manusia membutuhkan ui press, agama  nottingham, elizabeth k. agama 2 dimensi dimensi agama dan masyarakat, jakarta fungsi agama bagi masyarakat rajawali, modern  puspito, hendro. sosiologi agama. jakarta kanisius,  smart, ninian. the world’s religions. cambridge university press. topic islam sebagai agama dunia  ceramah interaktif  al faruqi, ismail r dan al faruqi, 3  diskusi lois lamya, atlas budaya sub topics  aktif debat menjelajah khazanah dan session targeted competencies topic & sub topics forms of instruction & material references assessment indicators duration (sesi) (kemampuan akhir) (materi pembelajaran) (sumber pembelajaran) (indikator penilaian) (bentuk & waktu pembelajaran) pengertian islam  role play peradaban gemilang. bandung aqidah, syari’ah, dan akhlaq mizan, prinsip prinsip universalisme islam  dahlan, azis, “akidah,” dalam taufik abdullah, ensiklopedi tematis dunia islam, jakarta ichtiar baru van hoeve,  nasution, harun. islam ditinjau dari berbagai aspeknya, jakarta ui press,  rakhmat, jalaluddin, islam dan pluralisme, jakarta serambi,  _____, dahulukan akhlak di atas fiqih, bandung mizan,  syarifuddin, amir, ushul fiqh, jil. i, jakarta logos wacana ilmu, 4 topic sumber ajaran islam al qur’an  ceramah interaktif  taufik adnan amal, “al qur’an,” dan hadits  diskusi dalam ensiklopedi tematis dunia sub topics  role play islam akar dan awal, jilid 1, pengertian, sejarah, fungsi, dan jakarta ichtiar baru van hoeve,  reading assignment kedudukan al qur’an tema tema pokok dan tafsir al  muhammad quraish shihab, qur’an membumikan al qur’an fungsi pengertian, sejarah, fungsi, dan dan peran wahyu dalam kedudukan al hadis kehidupan masyarakat. signifikansi al qur’an dan al hadis  abuddin nata, al qur’an dan dalam kehidupan modern hadits dirasah islamiyah i.  harun nasution, islam ditinjau dari berbagai aspeknya, jilid session targeted competencies topic & sub topics forms of instruction & material references assessment indicators duration (sesi) (kemampuan akhir) (materi pembelajaran) (sumber pembelajaran) (indikator penilaian) (bentuk & waktu pembelajaran)  ismail raji al faruqi, cultural atlas of islam (atlas budaya islam), bandung mizan,  azyumardi azra, historiografi islam kontemporer, jakarta gramedia,  ahmad qodri abdillah azizy, “hadis dan sunah,” dalam ensiklopedi tematis dunia islam akar dan awal, jilid  m.m. abu syuhbah, kutubus sittah, surabaya pustaka progressif, 5 topic aspek hukum dalam islam  ceramah interaktif  abdillah, masykuri, “ pertum sub topics  diskusi buhan ilmu fiqh, ushul fiqh, dan pengertian syari’ah dan fiqh.  role play qawaid fiqhiyyah,” dalam sumber sumber hukum islam al mimbar agama & budaya, vol. qur’an, al sunnah, dan ijtihad. xvii, no. 3, madzhab madzhab hukum dalam  ashshiddieqy, t.m. hasbi, islam. pengantar ilmu fiqh. jakarta cv hukum islam dan masalah mulya, kontemporer.  ahmad, zainal abidin, ushul fiqh. jakarta bulan bintang, 1974  zein, satria effendi muh., “usul fikih,” dalam ensiklopedi tematis dunia islam ajaran. jakarta ikhtiar baru van houve, 2002 session targeted competencies topic & sub topics forms of instruction & material references assessment indicators duration (sesi) (kemampuan akhir) (materi pembelajaran) (sumber pembelajaran) (indikator penilaian) (bentuk & waktu pembelajaran) 6 topic aspek ibadah dalam islam  ceramah interaktif  hasanuddin af, “fikih ibadah,” sub topics  diskusi dalam ensiklopedi tematik dunia pengertian dan fungsi ritual/ibadah. islam ajaran (jakarta ichtiar shalat, zakat, puasa, dan haji. baru van houve, 2002). praktek tilawah dan ibadah.  ahmad azharudin latif dkk., pengantar fiqh (jakarta psw uin jakarta, 2005).  harun nasution, islam ditinjau dari berbagai aspeknya, jilid i (jakarta ui press, 1985).  t.m. hasbi ashshiddieqy, pengantar ilmu fiqh (jakarta cv mulya, 1967) mid semester examination 7 topic sejarah peradaban islam  seminar/diskusi  philip k. hitti, history of the sub topics  aktif debat arabs, london macmillan press, sejarah peradaban islam masa nabi  role play 1970 muhammad dan khulafa al rasyidin  badri yatim, sejarah peradaban masa kejayaan dan kemunduran daulah islam, jakarta rajagrafindo islamiyah masa klasik persada, 2006 peradaban islam masa turki usmani,  mukti ali, islam dan sekularisme mughal dan shafawi di turki usmani, jakarta kolonialisme barat di dunia islam dan djambatan, 1994 munculnya negara islam modern  binnaz toprak, islam and political development in turkey, leiden e.j.brill, 1981  ismail r. al faruqi dan lois lamya al faruqi, atlas budaya menjelajah khazanah dan peradaban gemilang, bandung session targeted competencies topic & sub topics forms of instruction & material references assessment indicators duration (sesi) (kemampuan akhir) (materi pembelajaran) (sumber pembelajaran) (indikator penilaian) (bentuk & waktu pembelajaran) mizan,8 topic aspek teologi/kalam  seminar/diskusi  nasution, harun, islam ditinjau sub topic  aktif debat dari berbagai aspeknya, jilid i pengertian teologi/kalam  role play dan ii, ui press, jakarta, tema tema pokok dalam teologi  nurdin, m. amin dan fauzi, afifi islam (eds.), sejarah pemikiran islam signifikansi teologi islam dalam teologi/i. kalam, jilid i dan ii, masyarakat muslim modern jakarta pustaka antara, isu isu teologi islam kontemporer  faruqi, ismail dan faruki, l. lois, lingkungan atlas budaya islam, bandung  kemiskinan mizan, jakarta, gender, dll  nasr, seyyed hossein, dan oliver leaman, ensiklopedi tematis filsafat islam, bandung mizan,  dahlan, abdul azis, “falsafat”, dalam ensiklopedi dunia islam, jakarta ichtiar baru.  tim penulis iain syarif hidayatullah, ensiklopedi islam indonesia, jakarta djambatan, 9 topic aspek politik  seminar/diskusi  antony black, pemikiran politik sub topic  aktif debat islam, dari masa nabi hingga masa kini, serambi, 2001 “good governance” dalam islam reading assignment  john l esposito, islam and politic dinamika politik islam (revised, second edition), kompabilitas islam atas demokrasi syracuse university press dan isu isu kontemporer  pulungan ,ma dan dr.j.suyuthi.fiqh session targeted competencies topic & sub topics forms of instruction & material references assessment indicators duration (sesi) (kemampuan akhir) (materi pembelajaran) (sumber pembelajaran) (indikator penilaian) (bentuk & waktu pembelajaran) siyasah ajaran sejarah dan pemikiran.jakarta pt.raja grafindo persada.  saiful mujani. muslim demokrat islam, budaya demokrasi, dan partisipasi politik di indonesia pasca orde baru. jakarta pt. gramedia pustaka utama 10 topic akhlak dan tasawuf dalam islam  seminar/diskusi  affandi mukhtar, akhlak, dalam sub topic  aktif debat ensiklopedi tematik dunia islam, pengertian etika, akhlak dan tasawuf jakarta ichtiar baru van houve, aspek akhlak dalam al qur’an dan hadis  asmaraman, pengantar studi ajaran ajaran dalam tasawuf akhlak, jakarta rajagrafindo problem moralitas dan praktek persada, 1994 tasawuf dalam kehidupan modern  harun nasution, falsafat dan mistisisme dalam islam, jakarta bulan bintang, 1978  kautsar azhari noer, tasawuf, dalam ensiklopedi tematik dunia islam, jakarta ichtiar baru van houve, 2002  k. bertens, etika, jakarta gramedia pustaka utama, 1997  yunahar ilyas, kuliah akhlak, yogyakarta pustaka pelajar, 2001 11 topic science dalam islam  seminar/diskusi  al attas, syed muhammad sub topic  aktif debat naquib, islam dan filsafat session targeted competencies topic & sub topics forms of instruction & material references assessment indicators duration (sesi) (kemampuan akhir) (materi pembelajaran) (sumber pembelajaran) (indikator penilaian) (bentuk & waktu pembelajaran) wacana al qur’an tentang sains sains. terjemahan oleh saiful pembagian ilmu pengetahuan dalam muzani dari islam and the islam philosophy of science. kontribusi intelektual muslim dalam bandung mizan, pengembangan sains  baiquni, ahmad, al qur'an, ilmu pengetahuan` dan teknologi. jakarta dana bhaktu wakaf,  bucaille, maurice, bibel, quran, dan sains modern. terjemahan oleh h.m. rasyidi dari la bible la coran et la science (1976). jakarta bulan bintang,  harun yahya, pustaka sains populer islami, tatacipta dirgantara, trjm. bandung dzikra,  zar, sirajuddin, konsep penciptaan alam dalam pemikiran islam, sains, dan al quran. jakarta pt rajagrafindo persada, 12 topic aspek ekonomi dan enterpreneurship  seminar/diskusi  tim pusat pengkajian dan  aktif debat pengembangan ekonomi uii dan sub topic  reading assignment bank indonesia, ekonomi islam, pengertian, sejarah, dan prinsip jakarta rajawali, 2008 ekonomi islam  adiwarman azwar karim, lembaga lembaga ekonomi islam sejarah pemikiran ekonomi etos kerja dan enterpreneurship islam, cet. ketiga, jakarta raja dalam islam grafindo persada, 2004 session targeted competencies topic & sub topics forms of instruction & material references assessment indicators duration (sesi) (kemampuan akhir) (materi pembelajaran) (sumber pembelajaran) (indikator penilaian) (bentuk & waktu pembelajaran) etika bisnis dalam islam  adiwarman karim, ekonomi penerapan ekonomi islam di makro islami, jakarta the indonesia peluang dan tantangan international institute of islamic thught, 2002  irfan abu bakar, bunga bank sama dengan riba? masalah tentang riba dalam al qur’an dan al sunnah, jakarta pusat bahasa dan budaya (pbb) uin dan konrad adenaur sifftung (kas), 2003  ahmad muhammad al assal dan fathi ahmad abdul karim, sistem, prinsip dan tujuan ekonomi islam, terj. imam saefudin, bandung pustaka setia, 13 topic islam di indonesia  seminar/diskusi  nurcholish madjid, islam sub topic  aktif debat doktrin dan peradaban. kedatangan islam di indonesia  role play  fachry ali dan bahtiar effendy, kerajaan islam nusantara merambah jalan baru islam. gerakan gerakan islam abad 19 dan  m. abdul mannan, ekonomi 20 di indonesia islam teori dan praktek. gerakan gerakan islam kontemporer  badri yatim, sejarah peradaban islam.  hasan asari, menyingkap zaman keemasan islam  azyumardi azra, jaringan ulama, timur tengah dan kepulauan nusantara abad xvii dan xviii, session targeted competencies topic & sub topics forms of instruction & material references assessment indicators duration (sesi) (kemampuan akhir) (materi pembelajaran) (sumber pembelajaran) (indikator penilaian) (bentuk & waktu pembelajaran) bandung mizan, 1998  muhammad hasan al aydrus, penyebaran islam di asia tenggara, jakarta lentera basritama,  hasjmi, sejarah masuk dan berkembangnya islam di indonesia, bandung al ma’arif, 1989 musyrifah sunanto, sejarah peradaban islam indonesia. 14 topic realitas masyarakat muslim di  seminar/diskusi  ahmad muhammad al assal indonesia  aktif debat dan fathi ahmad abdul karim, sub topic  role play sistem, prinsip dan tujuan realitas sosial budaya ekonomi islam, terj. imam realitas ekonomi saefudin, bandung pustaka realitas politik setia, solusi bagi problem sosial politik  john l esposito, islam and ekonomi dan budaya umat islam di politic (revised, second indonesia edition), syracuse university press  madjid, nurcholish, . islam doktrin dan peradaban. jakarta paramadina, .  noer, deliar, gerakan modern islam di indonesia 1900 1942, jakarta, lp3es,  samuel p huntington, the clash of the civilization and the remaking of world order, the session targeted competencies topic & sub topics forms of instruction & material references assessment indicators duration (sesi) (kemampuan akhir) (materi pembelajaran) (sumber pembelajaran) (indikator penilaian) (bentuk & waktu pembelajaran) free press,final examination form rancangan tugas mahasiswa (rtm) f ehb 02 universitas bakrie no form f ehb 02 fakultas ftik tgl form 23 feb 2022 program studi information system revform  periode 20211 metode pengajaran/metode pembelajaran  ceramah interaktif  studi kasus  seminar/diskusi  debat aktif  permainan peran  tugas membaca  kritik film  lain-lain",deskripsi mata kuliah mata kuliah islam mata kuliah agama agama mata kuliah pengembangan kepribadian character building mata kuliah pengembangan kepribadian kajian islam berorientasi pengayaan ilmu keislaman mencakup aspek aspek sumber ajaran sejarah teologi filsafat akhlak ritual hukum ekonomi kontak islam modernitas mendorong peserta didik menghayati mengamalkan aspek praktis ajaran islam mata kuliah mengantarkan mahasiswa memiliki sikap beragama inklusif terbuka toleran perbedaan pendapat kalangan umat islam menghargai pemeluk agama membangun dunia damai harmonis adil sejahtera course objective studi islam kompetensi diharapkan kontrak belajar penjelasan singkat pokok pokok bahasan studi islam topic manusia agama ceramah interaktif robertson roland interpretasi diskusi sosial agama jakarta sub topic rajawali pengertian agama tujuan nasution harun islam ditinjau beragama aspeknya jakarta manusia membutuhkan ui press agama nottingham elizabeth k agama dimensi dimensi agama masyarakat jakarta fungsi agama masyarakat rajawali modern puspito hendro sosiologi agama jakarta kanisius smart ninian world religion cambridge university press topic islam agama dunia ceramah interaktif al faruqi ismail r al faruqi diskusi lois lamya atlas budaya sub topic aktif debat menjelajah khazanah session targeted competency topic sub topic form instruction material reference assessment indicator duration sesi kemampuan materi pembelajaran sumber pembelajaran indikator penilaian bentuk pembelajaran pengertian islam role play peradaban gemilang bandung aqidah syariah akhlaq mizan prinsip prinsip universalisme islam dahlan azis akidah taufik abdullah ensiklopedi tematis dunia islam jakarta ichtiar van hoeve nasution harun islam ditinjau aspeknya jakarta ui press rakhmat jalaluddin islam pluralisme jakarta serambi dahulukan akhlak fiqih bandung mizan syarifuddin amir ushul fiqh jil jakarta logo wacana ilmu topic sumber ajaran islam al quran ceramah interaktif taufik adnan amal al quran hadits diskusi ensiklopedi tematis dunia sub topic role play islam akar jilid pengertian sejarah fungsi jakarta ichtiar van hoeve reading assignment kedudukan al quran tema tema pokok tafsir al muhammad quraish shihab quran membumikan al quran fungsi pengertian sejarah fungsi peran wahyu kedudukan al hadis kehidupan masyarakat signifikansi al quran al hadis abuddin nata al quran kehidupan modern hadits dirasah islamiyah harun nasution islam ditinjau aspeknya jilid session targeted competency topic sub topic form instruction material reference assessment indicator duration sesi kemampuan materi pembelajaran sumber pembelajaran indikator penilaian bentuk pembelajaran ismail raji al faruqi cultural atlas islam atlas budaya islam bandung mizan azyumardi azra historiografi islam kontemporer jakarta gramedia ahmad qodri abdillah azizy hadis sunah ensiklopedi tematis dunia islam akar jilid mm abu syuhbah kutubus sittah surabaya pustaka progressif topic aspek hukum islam ceramah interaktif abdillah masykuri pertum sub topic diskusi buhan ilmu fiqh ushul fiqh pengertian syariah fiqh role play qawaid fiqhiyyah sumber sumber hukum islam al mimbar agama budaya vol quran al sunnah ijtihad xvii madzhab madzhab hukum ashshiddieqy tm hasbi islam pengantar ilmu fiqh jakarta cv hukum islam mulya kontemporer ahmad zainal abidin ushul fiqh jakarta bintang zein satria effendi muh usul fikih ensiklopedi tematis dunia islam ajaran jakarta ikhtiar van houve session targeted competency topic sub topic form instruction material reference assessment indicator duration sesi kemampuan materi pembelajaran sumber pembelajaran indikator penilaian bentuk pembelajaran topic aspek ibadah islam ceramah interaktif hasanuddin af fikih ibadah sub topic diskusi ensiklopedi tematik dunia pengertian fungsi ritualibadah islam ajaran jakarta ichtiar shalat zakat puasa haji van houve praktek tilawah ibadah ahmad azharudin latif dkk pengantar fiqh jakarta psw uin jakarta harun nasution islam ditinjau aspeknya jilid jakarta ui press tm hasbi ashshiddieqy pengantar ilmu fiqh jakarta cv mulya mid semester examination topic sejarah peradaban islam seminardiskusi philip k hitti history sub topic aktif debat arab london macmillan press sejarah peradaban islam nabi role play muhammad khulafa al rasyidin badri yatim sejarah peradaban kejayaan kemunduran daulah islam jakarta rajagrafindo islamiyah klasik persada peradaban islam turki usmani mukti ali islam sekularisme mughal shafawi turki usmani jakarta kolonialisme barat dunia islam djambatan munculnya negara islam modern binnaz toprak islam political development turkey leiden ejbrill ismail r al faruqi lois lamya al faruqi atlas budaya menjelajah khazanah peradaban gemilang bandung session targeted competency topic sub topic form instruction material reference assessment indicator duration sesi kemampuan materi pembelajaran sumber pembelajaran indikator penilaian bentuk pembelajaran mizan topic aspek teologikalam seminardiskusi nasution harun islam ditinjau sub topic aktif debat aspeknya jilid pengertian teologikalam role play ii ui press jakarta tema tema pokok teologi nurdin amin fauzi afifi islam ed sejarah pemikiran islam signifikansi teologi islam teologii kalam jilid ii masyarakat muslim modern jakarta pustaka isu isu teologi islam kontemporer faruqi ismail faruki l lois lingkungan atlas budaya islam bandung kemiskinan mizan jakarta gender dll nasr seyyed hossein oliver leaman ensiklopedi tematis filsafat islam bandung mizan dahlan abdul azis falsafat ensiklopedi dunia islam jakarta ichtiar tim penulis iain syarif hidayatullah ensiklopedi islam indonesia jakarta djambatan topic aspek politik seminardiskusi antony black pemikiran politik sub topic aktif debat islam nabi serambi good governance islam reading assignment john l esposito islam politic dinamika politik islam revised second edition kompabilitas islam demokrasi syracuse university press isu isu kontemporer pulungan drjsuyuthifiqh session targeted competency topic sub topic form instruction material reference assessment indicator duration sesi kemampuan materi pembelajaran sumber pembelajaran indikator penilaian bentuk pembelajaran siyasah ajaran sejarah pemikiranjakarta ptraja grafindo persada saiful mujani muslim demokrat islam budaya demokrasi partisipasi politik indonesia pasca orde jakarta pt gramedia pustaka utama topic akhlak tasawuf islam seminardiskusi affandi mukhtar akhlak sub topic aktif debat ensiklopedi tematik dunia islam pengertian etika akhlak tasawuf jakarta ichtiar van houve aspek akhlak al quran hadis asmaraman pengantar studi ajaran ajaran tasawuf akhlak jakarta rajagrafindo problem moralitas praktek persada tasawuf kehidupan modern harun nasution falsafat mistisisme islam jakarta bintang kautsar azhari noer tasawuf ensiklopedi tematik dunia islam jakarta ichtiar van houve k bertens etika jakarta gramedia pustaka utama yunahar ilyas kuliah akhlak yogyakarta pustaka pelajar topic science islam seminardiskusi al attas syed muhammad sub topic aktif debat naquib islam filsafat session targeted competency topic sub topic form instruction material reference assessment indicator duration sesi kemampuan materi pembelajaran sumber pembelajaran indikator penilaian bentuk pembelajaran wacana al quran sains sains terjemahan saiful pembagian ilmu pengetahuan muzani islam islam philosophy science kontribusi intelektual muslim bandung mizan pengembangan sains baiquni ahmad al quran ilmu pengetahuan teknologi jakarta dana bhaktu wakaf bucaille maurice bibel quran sains modern terjemahan hm rasyidi la bible la coran et la science jakarta bintang harun yahya pustaka sains populer islami tatacipta dirgantara trjm bandung dzikra zar sirajuddin konsep penciptaan alam pemikiran islam sains al quran jakarta pt rajagrafindo persada topic aspek ekonomi enterpreneurship seminardiskusi tim pusat pengkajian aktif debat pengembangan ekonomi uii sub topic reading assignment bank indonesia ekonomi islam pengertian sejarah prinsip jakarta rajawali ekonomi islam adiwarman azwar karim lembaga lembaga ekonomi islam sejarah pemikiran ekonomi etos kerja enterpreneurship islam cet ketiga jakarta raja islam grafindo persada session targeted competency topic sub topic form instruction material reference assessment indicator duration sesi kemampuan materi pembelajaran sumber pembelajaran indikator penilaian bentuk pembelajaran etika bisnis islam adiwarman karim ekonomi penerapan ekonomi islam makro islami jakarta indonesia peluang tantangan international institute islamic thught irfan abu bakar bunga bank riba riba al quran al sunnah jakarta pusat bahasa budaya pbb uin konrad adenaur sifftung ka ahmad muhammad al assal fathi ahmad abdul karim sistem prinsip tujuan ekonomi islam terj imam saefudin bandung pustaka setia topic islam indonesia seminardiskusi nurcholish madjid islam sub topic aktif debat doktrin peradaban kedatangan islam indonesia role play fachry ali bahtiar effendy kerajaan islam nusantara merambah jalan islam gerakan gerakan islam abad abdul mannan ekonomi indonesia islam teori praktek gerakan gerakan islam kontemporer badri yatim sejarah peradaban islam hasan asari menyingkap zaman keemasan islam azyumardi azra jaringan ulama timur kepulauan nusantara abad xvii xviii session targeted competency topic sub topic form instruction material reference assessment indicator duration sesi kemampuan materi pembelajaran sumber pembelajaran indikator penilaian bentuk pembelajaran bandung mizan muhammad hasan al aydrus penyebaran islam asia tenggara jakarta lentera basritama hasjmi sejarah masuk berkembangnya islam indonesia bandung al maarif musyrifah sunanto sejarah peradaban islam indonesia topic realitas masyarakat muslim seminardiskusi ahmad muhammad al assal indonesia aktif debat fathi ahmad abdul karim sub topic role play sistem prinsip tujuan realitas sosial budaya ekonomi islam terj imam realitas ekonomi saefudin bandung pustaka realitas politik setia solusi problem sosial politik john l esposito islam ekonomi budaya umat islam politic revised second indonesia edition syracuse university press madjid nurcholish islam doktrin peradaban jakarta paramadina noer deliar gerakan modern islam indonesia jakarta lpes samuel p huntington clash civilization remaking world order session targeted competency topic sub topic form instruction material reference assessment indicator duration sesi kemampuan materi pembelajaran sumber pembelajaran indikator penilaian bentuk pembelajaran free pressfinal examination form rancangan tugas mahasiswa rtm f ehb universitas bakrie form f ehb fakultas ftik tgl form feb program studi information system revform periode metode pengajaranmetode pembelajaran ceramah interaktif studi seminardiskusi debat aktif permainan peran tugas membaca kritik film lainlain,"[ 0.19914952  0.46212366 -0.2857791   0.20313309 -0.13982974  0.04032981
  0.00375827 -0.09090994  0.12413608  0.06586875  0.01588435 -0.16544658
  0.30310303 -0.06427706  0.25588632 -0.01649396 -0.01903011  0.02680059
  0.14576897 -0.0296735  -0.15494622  0.04296794  0.22348922 -0.07978327
  0.02282258 -0.17321874  0.4623486  -0.21314058  0.09247666  0.00229002
 -0.05708761  0.11263679  0.2492423   0.24467435 -0.4562321   0.39893562
 -0.01020855  0.15583271 -0.10984835  0.10823982  0.04335787  0.07656267
  0.15969467  0.00366026  0.14666142 -0.04344946 -0.18640015 -0.00514342
 -0.1414404   0.00502288 -0.18216522 -0.06905585 -0.10770898 -0.13470219
  0.04872529  0.10178938  0.13019744  0.11787054 -0.32411534  0.0276356
 -0.10564049 -0.14391595  0.05297777  0.0431154  -0.08429851 -0.12319745
 -0.0033344   0.10035303  0.03875637 -0.13396494 -0.09310903  0.01297359
  0.07917192 -0.08704809 -0.1043737  -0.05946224 -0.2384798  -0.03726452
 -0.17148474 -0.09548616  0.12452848  0.06493182  0.1821936   0.00817685
  0.00749215  0.01605011 -0.15456657 -0.00430337 -0.22767876  0.2098684
  0.11275908 -0.04574364 -0.04430354  0.0942966   0.10165501 -0.2138578
 -0.03749502 -0.2763077   0.09192209  0.24174224 -0.12851131  0.00117954
  0.19038762  0.04459781 -0.01088643  0.07396947  0.002806   -0.15602408
 -0.22053906  0.12022012 -0.14144301 -0.3573503  -0.07045417 -0.3855693
  0.06540228  0.20300362  0.06679193 -0.05981293 -0.14541684  0.04018174
 -0.10457028 -0.1127509   0.15423727  0.02874153  0.1650517  -0.1867593
 -0.08579183  0.15787503 -0.10110018 -0.04779733 -0.07351077  0.27763382
 -0.07308801  0.04097258  0.13755618  0.04956629  0.04166953 -0.12513176
  0.0355306   0.15434852  0.1793671   0.20122476 -0.06167594 -0.04977928
 -0.21751869  0.13892923 -0.10691696  0.10121763  0.10079329  0.18144995
  0.22107007 -0.13870937  0.08230255  0.02327676  0.29575738  0.18291217
 -0.20087118 -0.06085215  0.31495643 -0.16808751 -0.32162932 -0.09383371
  0.10689068  0.10171989 -0.10496545 -0.01750097  0.00772144 -0.21815816
  0.0370842  -0.02241625  0.19092229  0.04689721  0.05108181  0.34425762
  0.05820292 -0.2702315  -0.22944336  0.10247338 -0.16633719  0.06671889
  0.20724669  0.1466811  -0.23258412 -0.02360755 -0.14188257 -0.04040939
 -0.1925765  -0.06834997  0.05113397  0.24837726 -0.27537483 -0.09658048
 -0.14857037 -0.22522855 -0.06631342 -0.23121396  0.29141748 -0.04369034
 -0.04978575  0.2193567  -0.4770034   0.13849212 -0.24487442 -0.01958006
  0.12637325 -0.05117662  0.17249049  0.24591468  0.1480984   0.23372935
  0.13377205 -0.08466351 -0.29998714  0.21561322  0.26295805 -0.06084548
 -0.11957185 -0.02759785  0.0518865   0.05384407  0.28338942 -0.08621053
  0.03049681 -0.22556995  0.11471485  0.01910773 -0.3057725  -0.13001244
  0.1410072   0.00068854  0.02317646  0.08257616 -0.12496017  0.02167998
 -0.09673522 -0.24259827  0.08690604 -0.02058156  0.14483346 -0.36993587
  0.0309096   0.01207133  0.02562433 -0.01445922  0.09164383  0.04225349
 -0.15987112 -0.2132855   0.14263478 -0.01288184  0.10800908 -0.24505267
 -0.024743    0.06732213  0.21023294  0.11878967 -0.33230734 -0.07489025
  0.0700345  -0.08205435 -0.22367665  0.10679655 -0.11126407  0.15891902
  0.02101858  0.01446098  0.02234948  0.04164839  0.05789663  0.1703875
  0.14372602  0.09596543  0.37942982 -0.30215317 -0.09111809  0.06677478
  0.17432716 -0.2762807   0.10329928  0.00176124 -0.08428878 -0.07070629
  0.01914542 -0.22321281 -0.05629978 -0.16575591  0.08372352  0.04394925
 -0.25121525  0.08739325 -0.00169618  0.07455832 -0.1211493  -0.16108423
  0.16748291  0.05348469 -0.12962769  0.11507591 -0.04767865 -0.03954745
 -0.0306001   0.206742   -0.02719806  0.05257482  0.0192751  -0.17235447
 -0.14097549 -0.17962427  0.08739404 -0.12907884 -0.12944475 -0.2986208
 -0.04209669 -0.1584343  -0.07034019  0.10807391 -0.04805876 -0.12066472
 -0.00777115 -0.22439122 -0.19242659 -0.257631   -0.00932908  0.22940941
 -0.0424484   0.2580641  -0.02447769 -0.25250107 -0.20490701 -0.07719471
 -0.36950248  0.20985614 -0.14556783  0.13764647 -0.05872947  0.16293359
 -0.01301028 -0.14518741  0.22427763  0.14905412  0.33630005 -0.16048838
 -0.2964298   0.00913125 -0.20228241  0.18477306 -0.09307559 -0.01766474
 -0.02789495  0.0781763   0.2833748   0.19378752 -0.02637981 -0.21151489
  0.24891342 -0.15221395 -0.06666569 -0.0289798   0.21247633  0.30655938
  0.08604305 -0.08667766  0.5156842   0.13974412  0.06046126  0.04961599
  0.06287576  0.03202914  0.01852973  0.09276161  0.08300641  0.04056371
  0.23787412 -0.1608216  -0.15318722  0.14318673  0.144275   -0.21111561
 -0.11577851  0.22661006  0.20065449  0.16058868 -0.04485592  0.08367244]",deskripsi mata kuliah mata kuliah islam yang merupakan bagian dari mata kuliah agama  agama   termasuk dalam mata kuliah pengembangan kepribadian  character building   sebagai mata kuliah pengembangan kepribadian  kajian islam tidak hanya berorientasi pada pengayaan ilmu keislaman yang mencakup berbagai aspek  seperti aspek sumber ajaran  sejarah  teologi  filsafat  akhlak  ritual  hukum  ekonomi  dan kontak islam dengan modernitas  namun juga mendorong peserta didik untuk menghayati dan mengamalkan aspek praktis dari ajaran islam  mata kuliah ini akan mengantarkan mahasiswa memiliki sikap beragama yang inklusif  terbuka  dan toleran terhadap perbedaan pendapat yang ada di kalangan umat islam serta menghargai dan bekerja sama dengan pemeluk agama lain untuk membangun dunia yang lebih damai  harmonis  adil  dan sejahtera     course objectives studi islam 1 kompetensi yang diharapkan kontrak belajar penjelasan singkat pokok pokok bahasan studi islam  topic manusia dan agama   ceramah interaktif   robertson  roland  interpretasi   diskusi sosial atas agama  jakarta sub topics rajawali  pengertian agama dan tujuan   nasution  harun  islam ditinjau beragama dari berbagai aspeknya  jakarta mengapa manusia membutuhkan ui press  agama   nottingham  elizabeth k  agama 2 dimensi dimensi agama dan masyarakat  jakarta fungsi agama bagi masyarakat rajawali  modern   puspito  hendro  sosiologi agama  jakarta kanisius    smart  ninian  the world s religions  cambridge university press  topic islam sebagai agama dunia   ceramah interaktif   al faruqi  ismail r dan al faruqi  3   diskusi lois lamya  atlas budaya sub topics   aktif debat menjelajah khazanah dan session targeted competencies topic   sub topics forms of instruction   material references assessment indicators duration  sesi   kemampuan akhir   materi pembelajaran   sumber pembelajaran   indikator penilaian   bentuk   waktu pembelajaran  pengertian islam   role play peradaban gemilang  bandung aqidah  syari ah  dan akhlaq mizan  prinsip prinsip universalisme islam   dahlan  azis   akidah   dalam taufik abdullah  ensiklopedi tematis dunia islam  jakarta ichtiar baru van hoeve    nasution  harun  islam ditinjau dari berbagai aspeknya  jakarta ui press    rakhmat  jalaluddin  islam dan pluralisme  jakarta serambi    _____  dahulukan akhlak di atas fiqih  bandung mizan    syarifuddin  amir  ushul fiqh  jil  i  jakarta logos wacana ilmu  4 topic sumber ajaran islam al qur an   ceramah interaktif   taufik adnan amal   al qur an   dan hadits   diskusi dalam ensiklopedi tematis dunia sub topics   role play islam akar dan awal  jilid 1  pengertian  sejarah  fungsi  dan jakarta ichtiar baru van hoeve    reading assignment kedudukan al qur an tema tema pokok dan tafsir al   muhammad quraish shihab  qur an membumikan al qur an fungsi pengertian  sejarah  fungsi  dan dan peran wahyu dalam kedudukan al hadis kehidupan masyarakat  signifikansi al qur an dan al hadis   abuddin nata  al qur an dan dalam kehidupan modern hadits dirasah islamiyah i    harun nasution  islam ditinjau dari berbagai aspeknya  jilid session targeted competencies topic   sub topics forms of instruction   material references assessment indicators duration  sesi   kemampuan akhir   materi pembelajaran   sumber pembelajaran   indikator penilaian   bentuk   waktu pembelajaran    ismail raji al faruqi  cultural atlas of islam  atlas budaya islam   bandung mizan    azyumardi azra  historiografi islam kontemporer  jakarta gramedia    ahmad qodri abdillah azizy   hadis dan sunah   dalam ensiklopedi tematis dunia islam akar dan awal  jilid   m m  abu syuhbah  kutubus sittah  surabaya pustaka progressif  5 topic aspek hukum dalam islam   ceramah interaktif   abdillah  masykuri    pertum sub topics   diskusi buhan ilmu fiqh  ushul fiqh  dan pengertian syari ah dan fiqh    role play qawaid fiqhiyyah   dalam sumber sumber hukum islam al mimbar agama   budaya  vol  qur an  al sunnah  dan ijtihad  xvii  no  3  madzhab madzhab hukum dalam   ashshiddieqy  t m  hasbi  islam  pengantar ilmu fiqh  jakarta cv hukum islam dan masalah mulya  kontemporer    ahmad  zainal abidin  ushul fiqh  jakarta bulan bintang  1974   zein  satria effendi muh    usul fikih   dalam ensiklopedi tematis dunia islam ajaran  jakarta ikhtiar baru van houve  2002 session targeted competencies topic   sub topics forms of instruction   material references assessment indicators duration  sesi   kemampuan akhir   materi pembelajaran   sumber pembelajaran   indikator penilaian   bentuk   waktu pembelajaran  6 topic aspek ibadah dalam islam   ceramah interaktif   hasanuddin af   fikih ibadah   sub topics   diskusi dalam ensiklopedi tematik dunia pengertian dan fungsi ritual ibadah  islam ajaran  jakarta ichtiar shalat  zakat  puasa  dan haji  baru van houve  2002   praktek tilawah dan ibadah    ahmad azharudin latif dkk   pengantar fiqh  jakarta psw uin jakarta  2005     harun nasution  islam ditinjau dari berbagai aspeknya  jilid i  jakarta ui press  1985     t m  hasbi ashshiddieqy  pengantar ilmu fiqh  jakarta cv mulya  1967  mid semester examination 7 topic sejarah peradaban islam   seminar diskusi   philip k  hitti  history of the sub topics   aktif debat arabs  london macmillan press  sejarah peradaban islam masa nabi   role play 1970 muhammad dan khulafa al rasyidin   badri yatim  sejarah peradaban masa kejayaan dan kemunduran daulah islam  jakarta rajagrafindo islamiyah masa klasik persada  2006 peradaban islam masa turki usmani    mukti ali  islam dan sekularisme mughal dan shafawi di turki usmani  jakarta kolonialisme barat di dunia islam dan djambatan  1994 munculnya negara islam modern   binnaz toprak  islam and political development in turkey  leiden e j brill  1981   ismail r  al faruqi dan lois lamya al faruqi  atlas budaya menjelajah khazanah dan peradaban gemilang  bandung session targeted competencies topic   sub topics forms of instruction   material references assessment indicators duration  sesi   kemampuan akhir   materi pembelajaran   sumber pembelajaran   indikator penilaian   bentuk   waktu pembelajaran  mizan 8 topic aspek teologi kalam   seminar diskusi   nasution  harun  islam ditinjau sub topic   aktif debat dari berbagai aspeknya  jilid i pengertian teologi kalam   role play dan ii  ui press  jakarta  tema tema pokok dalam teologi   nurdin  m  amin dan fauzi  afifi islam  eds    sejarah pemikiran islam signifikansi teologi islam dalam teologi i  kalam  jilid i dan ii  masyarakat muslim modern jakarta pustaka antara  isu isu teologi islam kontemporer   faruqi  ismail dan faruki  l  lois  lingkungan atlas budaya islam  bandung kemiskinan mizan  jakarta  gender  dll   nasr  seyyed hossein  dan oliver leaman  ensiklopedi tematis filsafat islam  bandung mizan    dahlan  abdul azis   falsafat   dalam ensiklopedi dunia islam  jakarta ichtiar baru    tim penulis iain syarif hidayatullah  ensiklopedi islam indonesia  jakarta djambatan  9 topic aspek politik   seminar diskusi   antony black  pemikiran politik sub topic   aktif debat islam  dari masa nabi hingga masa kini  serambi  2001  good governance  dalam islam reading assignment   john l esposito  islam and politic dinamika politik islam  revised  second edition   kompabilitas islam atas demokrasi syracuse university press dan isu isu kontemporer   pulungan  ma dan dr j suyuthi fiqh session targeted competencies topic   sub topics forms of instruction   material references assessment indicators duration  sesi   kemampuan akhir   materi pembelajaran   sumber pembelajaran   indikator penilaian   bentuk   waktu pembelajaran  siyasah ajaran sejarah dan pemikiran jakarta pt raja grafindo persada    saiful mujani  muslim demokrat islam  budaya demokrasi  dan partisipasi politik di indonesia pasca orde baru  jakarta pt  gramedia pustaka utama 10 topic akhlak dan tasawuf dalam islam   seminar diskusi   affandi mukhtar  akhlak  dalam sub topic   aktif debat ensiklopedi tematik dunia islam  pengertian etika  akhlak dan tasawuf jakarta ichtiar baru van houve  aspek akhlak dalam al qur an dan hadis   asmaraman  pengantar studi ajaran ajaran dalam tasawuf akhlak  jakarta rajagrafindo problem moralitas dan praktek persada  1994 tasawuf dalam kehidupan modern   harun nasution  falsafat dan mistisisme dalam islam  jakarta bulan bintang  1978   kautsar azhari noer  tasawuf  dalam ensiklopedi tematik dunia islam  jakarta ichtiar baru van houve  2002   k  bertens  etika  jakarta gramedia pustaka utama  1997   yunahar ilyas  kuliah akhlak  yogyakarta pustaka pelajar  2001 11 topic science dalam islam   seminar diskusi   al attas  syed muhammad sub topic   aktif debat naquib  islam dan filsafat session targeted competencies topic   sub topics forms of instruction   material references assessment indicators duration  sesi   kemampuan akhir   materi pembelajaran   sumber pembelajaran   indikator penilaian   bentuk   waktu pembelajaran  wacana al qur an tentang sains sains  terjemahan oleh saiful pembagian ilmu pengetahuan dalam muzani dari islam and the islam philosophy of science  kontribusi intelektual muslim dalam bandung mizan  pengembangan sains   baiquni  ahmad  al qur an  ilmu pengetahuan  dan teknologi  jakarta dana bhaktu wakaf    bucaille  maurice  bibel  quran  dan sains modern  terjemahan oleh h m  rasyidi dari la bible la coran et la science  1976   jakarta bulan bintang    harun yahya  pustaka sains populer islami  tatacipta dirgantara  trjm  bandung dzikra    zar  sirajuddin  konsep penciptaan alam dalam pemikiran islam  sains  dan al quran  jakarta pt rajagrafindo persada  12 topic aspek ekonomi dan enterpreneurship   seminar diskusi   tim pusat pengkajian dan   aktif debat pengembangan ekonomi uii dan sub topic   reading assignment bank indonesia  ekonomi islam  pengertian  sejarah  dan prinsip jakarta rajawali  2008 ekonomi islam   adiwarman azwar karim  lembaga lembaga ekonomi islam sejarah pemikiran ekonomi etos kerja dan enterpreneurship islam  cet  ketiga  jakarta raja dalam islam grafindo persada  2004 session targeted competencies topic   sub topics forms of instruction   material references assessment indicators duration  sesi   kemampuan akhir   materi pembelajaran   sumber pembelajaran   indikator penilaian   bentuk   waktu pembelajaran  etika bisnis dalam islam   adiwarman karim  ekonomi penerapan ekonomi islam di makro islami  jakarta the indonesia peluang dan tantangan international institute of islamic thught  2002   irfan abu bakar  bunga bank sama dengan riba  masalah tentang riba dalam al qur an dan al sunnah  jakarta pusat bahasa dan budaya  pbb  uin dan konrad adenaur sifftung  kas   2003   ahmad muhammad al assal dan fathi ahmad abdul karim  sistem  prinsip dan tujuan ekonomi islam  terj  imam saefudin  bandung pustaka setia  13 topic islam di indonesia   seminar diskusi   nurcholish madjid  islam sub topic   aktif debat doktrin dan peradaban  kedatangan islam di indonesia   role play   fachry ali dan bahtiar effendy  kerajaan islam nusantara merambah jalan baru islam  gerakan gerakan islam abad 19 dan   m  abdul mannan  ekonomi 20 di indonesia islam teori dan praktek  gerakan gerakan islam kontemporer   badri yatim  sejarah peradaban islam    hasan asari  menyingkap zaman keemasan islam   azyumardi azra  jaringan ulama  timur tengah dan kepulauan nusantara abad xvii dan xviii  session targeted competencies topic   sub topics forms of instruction   material references assessment indicators duration  sesi   kemampuan akhir   materi pembelajaran   sumber pembelajaran   indikator penilaian   bentuk   waktu pembelajaran  bandung mizan  1998   muhammad hasan al aydrus  penyebaran islam di asia tenggara  jakarta lentera basritama    hasjmi  sejarah masuk dan berkembangnya islam di indonesia  bandung al ma arif  1989 musyrifah sunanto  sejarah peradaban islam indonesia  14 topic realitas masyarakat muslim di   seminar diskusi   ahmad muhammad al assal indonesia   aktif debat dan fathi ahmad abdul karim  sub topic   role play sistem  prinsip dan tujuan realitas sosial budaya ekonomi islam  terj  imam realitas ekonomi saefudin  bandung pustaka realitas politik setia  solusi bagi problem sosial politik   john l esposito  islam and ekonomi dan budaya umat islam di politic  revised  second indonesia edition   syracuse university press   madjid  nurcholish    islam doktrin dan peradaban  jakarta paramadina      noer  deliar  gerakan modern islam di indonesia 1900 1942  jakarta  lp3es    samuel p huntington  the clash of the civilization and the remaking of world order  the session targeted competencies topic   sub topics forms of instruction   material references assessment indicators duration  sesi   kemampuan akhir   materi pembelajaran   sumber pembelajaran   indikator penilaian   bentuk   waktu pembelajaran  free press final examination form rancangan tugas mahasiswa  rtm  f ehb 02 universitas bakrie no form f ehb 02 fakultas ftik tgl form 23 feb 2022 program studi information system revform periode 20211 metode pengajaran metode pembelajaran   ceramah interaktif   studi kasus   seminar diskusi   debat aktif   permainan peran   tugas membaca   kritik film   lain lain,"['membangun', 'membaca', 'menghargai', 'menjelajah']","{'C6', 'C1', 'C5', 'C4', 'C3'}",Hard,0.7024803790494015,0.29751962095059836
UNI104,English for Academic Purposes 1,Error 500 (Server Error)!!1500.That’s an error.There was an error. Please try again later.That’s all we know. Error 500 (Server Error)!!1500.That’s an error.There was an error. Please try again later.That’s all we know.,error server errorthats errorthere error please try laterthats know error server errorthats errorthere error please try laterthats know,"[-2.05128059e-01 -7.23220408e-02  2.11474687e-01  1.88476086e-01
 -2.43905008e-01 -3.00654858e-01 -1.50243059e-01  1.72820017e-01
  2.25722834e-01  1.94906667e-01 -1.02892190e-01 -1.18375361e-01
  2.49621570e-01 -2.05872983e-01  3.70279700e-02  1.69943675e-01
 -1.58100817e-02 -9.75619629e-02  5.82356788e-02  2.25518912e-01
  5.75248338e-02 -2.09145769e-01  1.72602251e-01  2.43471295e-01
  7.51591921e-02  1.30895168e-01 -3.17204259e-02  2.65341610e-01
 -1.92589745e-01 -1.42497376e-01 -7.69231841e-02 -4.10507247e-02
  9.85019654e-03 -8.55297819e-02  5.10153592e-01 -7.81154037e-02
 -1.82094514e-01 -1.12783201e-01 -1.75939068e-01  1.67028084e-01
  1.08351931e-01  7.05612227e-02  5.29969037e-02  5.07115982e-02
 -6.42950982e-02 -5.36167026e-02  1.76043790e-02  1.27968699e-01
  1.91090599e-01  4.84539894e-03 -2.08070040e-01  4.10525143e-01
 -1.00463815e-02 -1.19930305e-01 -1.68662861e-01 -3.68079454e-01
  1.54619943e-02  2.93750137e-01 -9.41128358e-02  2.94972248e-02
  2.20931694e-01 -1.85726121e-01 -2.58053869e-01  1.72925405e-02
 -5.68272918e-02 -5.62131405e-02  1.55282229e-01 -2.02117220e-01
  4.39212546e-02 -4.89622634e-03 -2.86572855e-02 -5.14099486e-02
  1.88366666e-01  2.33609617e-01  1.16843961e-01 -7.47599751e-02
 -1.12748913e-01  1.08127452e-01 -7.31856525e-02 -6.79620132e-02
 -2.89400164e-02 -1.67887062e-02 -1.80198789e-01  7.91612938e-02
  2.20135450e-01  8.71686563e-02  1.93670824e-01  1.72084630e-01
  7.55362436e-02 -1.45265207e-01  4.73090596e-02 -2.50015020e-01
  1.28782481e-01 -1.45583570e-01  2.04060405e-01  8.92606378e-02
 -7.61872903e-02 -1.78231671e-01 -1.63110971e-01 -1.18126146e-01
  2.07866192e-01  1.31143034e-02 -4.75962833e-02 -7.88397938e-02
 -1.91524804e-01 -8.73623341e-02  2.49054506e-01  2.69677430e-01
  1.25762895e-01 -2.30034575e-01  4.29623164e-02  7.61391595e-02
 -2.47769907e-01  1.35328755e-01  3.03720176e-01  1.06579233e-02
 -8.47186893e-02 -2.49567091e-01  3.60630751e-02  4.49352443e-01
  3.85413878e-02 -8.53165463e-02  6.72855824e-02 -6.85530826e-02
 -6.39307722e-02  3.80994044e-02  1.57962546e-01  5.70069142e-02
  1.23588838e-01 -6.71616048e-02 -1.20701559e-01 -2.62801886e-01
 -1.49103189e-02 -6.29811808e-02  1.12630077e-01 -2.10659787e-01
 -1.22308219e-02 -1.14249662e-01  5.44964522e-02 -2.40849197e-01
  8.68379325e-02  1.23438083e-01 -1.26555771e-01 -1.56149134e-01
  1.64588749e-01  1.20727710e-01 -8.18376988e-02  8.21589008e-02
  2.25400984e-01 -3.63100623e-03  2.90173143e-01  4.60612914e-03
  1.71636045e-02  1.95786074e-01 -4.52735461e-02  2.21610978e-01
  2.36264199e-01  3.29795703e-02  5.46955645e-01 -2.00182170e-01
  1.78495169e-01 -5.19779027e-02  1.13186799e-02 -1.20514497e-01
  3.18045318e-01 -1.34286627e-01 -4.84354161e-02 -1.17081162e-02
 -3.38490993e-01  1.98124349e-01  1.29816413e-01 -8.26276839e-02
 -1.78574860e-01 -1.12843476e-01 -1.40024209e-02  1.40372932e-01
  5.65383255e-01  2.15827614e-01 -2.99270988e-01  8.59940201e-02
 -1.25238169e-02  6.94959983e-02 -5.81009239e-02 -1.85899526e-01
 -2.94883121e-02 -2.37967726e-02  6.78072646e-02  1.96162462e-01
 -1.91794783e-02  1.95776060e-01 -1.65059835e-01 -3.27620596e-01
  4.45532084e-01  1.70783564e-01 -8.66125152e-02  5.91781102e-02
  1.23920336e-01 -1.62622616e-01  1.56695709e-01 -3.43091398e-01
  8.49145278e-02  4.28201735e-01 -6.64382651e-02 -7.63790086e-02
 -4.14202623e-05 -1.19212858e-01 -1.14815250e-01 -1.51159212e-01
 -1.74915995e-02 -2.24373102e-01 -5.82743809e-03 -2.19980076e-01
  6.44313917e-02  1.36687487e-01  9.81426910e-02  9.79805887e-02
 -1.11535043e-02  3.36627930e-01  4.95830365e-02  4.72673550e-02
 -2.34645009e-02  2.98656523e-01 -8.50962549e-02 -5.91663457e-02
  8.62974115e-03  2.37904295e-01 -2.22699672e-01 -7.99100026e-02
 -1.40663058e-01 -2.91456245e-02  1.59430411e-02  9.54267383e-02
  2.59087503e-01 -3.51068377e-02  3.91124785e-02  2.63832241e-01
 -1.80654619e-02 -2.02296987e-01 -1.89108431e-01  7.21560121e-02
 -2.04533562e-01 -1.64770797e-01 -9.58578661e-02 -4.91159298e-02
 -2.07216606e-01  6.20748214e-02 -1.30481079e-01  2.32068643e-01
 -4.01593670e-02  1.02030136e-01  5.33238202e-02  1.14162285e-02
 -4.76605713e-01 -2.80051768e-01  1.56511483e-03  1.50181174e-01
  7.64539912e-02  1.03531843e-02  2.77182370e-01 -7.13498294e-02
  2.05037415e-01 -1.88145805e-02  1.05040260e-01 -2.02326521e-01
  1.90008819e-01 -3.05088442e-02 -1.03474632e-01 -1.34237871e-01
 -3.27802479e-01 -7.52923712e-02 -9.81071442e-02 -2.99597502e-01
  3.68618555e-02  2.03750968e-01  2.75450200e-01 -2.39908278e-01
  2.74167448e-01  9.69272852e-02  8.25699568e-02  1.02327488e-01
  1.32060438e-01  1.93372801e-01  2.55352080e-01 -1.91159070e-01
  1.67888240e-03  5.60117625e-02 -2.53827244e-01 -1.73877552e-01
  2.07489744e-01  1.45701021e-01 -1.35120554e-02  6.02707081e-02
  8.99169687e-03 -1.83856726e-01 -2.80646116e-01 -7.98984021e-02
 -3.22236344e-02 -6.14305548e-02 -8.78150091e-02 -1.15347058e-01
 -2.98455536e-01 -2.39576384e-01  2.99999505e-01 -1.55473128e-01
  9.45724994e-02  4.66210693e-01  3.06918472e-02 -2.91045904e-01
  1.47910163e-01 -1.73450232e-01  3.81934822e-01  1.46144286e-01
 -1.89168483e-01  3.64849307e-02  7.71570299e-03 -3.34103227e-01
  1.08700112e-01  1.87107801e-01 -7.99662918e-02 -1.75816238e-01
  3.34129371e-02 -2.19463930e-01 -2.57233381e-01  3.14458817e-01
  4.51429546e-01 -2.87848502e-01 -1.21159017e-01  1.85724393e-01
  3.04659829e-02 -2.52842546e-01  2.07520410e-01 -1.10311389e-01
 -5.21286368e-01 -5.56601994e-02  2.34364085e-02 -5.63571215e-01
 -8.11545700e-02  9.32020023e-02  9.74349305e-02 -4.42396969e-01
  1.20116454e-02 -5.06941341e-02  1.44996837e-01 -2.04082444e-01
  4.12973296e-03  1.20897740e-01  2.91243494e-01  4.11245346e-01
 -1.84051812e-01 -1.83547392e-01 -1.50745094e-01 -6.25526085e-02
 -4.24576253e-02 -1.41570076e-01 -1.30995259e-01  3.39426875e-01
 -2.01930180e-01  2.09725514e-01  9.01264995e-02  1.16744637e-01
  1.33205026e-01 -2.51722991e-01 -1.16063952e-02 -7.33475313e-02
 -1.63788885e-01  1.34672090e-01 -4.18778002e-01  3.03283036e-01
  2.31219068e-01  5.74465282e-02 -9.51821581e-02 -1.14136815e-01
 -1.26952156e-01  4.18780111e-02 -4.94355075e-02 -4.44058068e-02
 -3.82271148e-02 -3.45795870e-01 -4.28583585e-02  1.71823800e-02
  1.79475933e-01  3.25725615e-01 -1.73455909e-01 -1.79320484e-01]",error 500  server error   1500 that s an error there was an error  please try again later that s all we know  error 500  server error   1500 that s an error there was an error  please try again later that s all we know,[],set(),Hard,0.9003962381063616,0.09960376189363883
UNI106,Pendidikan Pancasila dan Kewarganegaraan,"Deskripsi Mata Kuliah Mata kuliah Pendidikan Pancasila dan Kewarganegaraan (ppkn) merupakan salah satu mata kuliah yang akan mengantarkan mahasiswa memantapkan kepribadiannya serta mampu konsisten menerapkan nilai-nilai pancasila dalam kehidupan sehari-hari sehingga menjadi warga negara yang berkarakter dan berwawasan kebangsaan, berkepribadian santun dan berkepribadian tinggi. bermoral, mampu berpikir kritis dan analitis, serta mampu proaktif dalam menyikapi dan menjadi solusi terhadap sejumlah tantangan dan permasalahan yang dihadapi bangsa Indonesia ke depan, khususnya di tingkat global. melalui mata kuliah ini diharapkan mahasiswa dapat membangun landasan pengetahuan yang kuat mengenai pentingnya peranan pancasila dalam kehidupan bernegara, dasar-dasar kewarganegaraan (civic knowledge), keterampilan kewarganegaraan (civic skills), sikap kewarganegaraan (civic disposition) dan etika kewarganegaraan (civicetics) dalam menghargai keberagaman bangsa Indonesia, bersikap demokratis dan menjaga bangunan persatuan dan kesatuan bangsa. Dengan diperolehnya materi dan diskusi yang terstruktur dengan baik, diharapkan mahasiswa mampu memantapkan pemahaman mahasiswa terhadap wawasan sejarah, yuridis, dan kewilayahan negara, serta memberikan wawasan geopolitik dan geostrategis dalam upaya pengembangan segala bidang dalam upaya mendorong peran dan keunggulan Indonesia dalam berpartisipasi. dan mewujudkan perdamaian dunia berdasarkan kemerdekaan. Metode pengajaran/metode pembelajaran di kelas menggunakan kombinasi metode ceramah, studi kasus, interaksi kelas melalui diskusi, proses pembelajaran personal, dan kegiatan di luar kelas yang dilakukan siswa secara berkelompok. untuk membangun suasana pembelajaran yang dinamis dan interaktif di dalam kelas juga digunakan fasilitas multimedia dan jaringan internet. dalam pembelajaran personal fokus kegiatan dilakukan melalui metode refleksi individu terhadap materi perkuliahan yang dikaitkan dengan kegiatan kelompok dalam menyelesaikan proyek individu/kelompok bersama-sama. proyek individu/kelompok disajikan secara bergantian sesuai waktu dan jadwal yang ditentukan. mahasiswa dengan pembelajaran interaktif f ppkr1 diarahkan untuk mampu membangun interaksi langsung antar mereka, mengemukakan pendapat pribadi dan berdiskusi di kelas dalam mengulas realitas nyata yang terjadi dari permasalahan bangsa yang relevan dengan materi perkuliahan setiap minggunya. di akhir proses perkuliahan, setiap mahasiswa mempunyai tugas untuk mengungkapkan pemikiran dan gagasannya tentang masa depan bangsa sebagai cerminan dari ilmu yang diperolehnya selama perkuliahan.",deskripsi mata kuliah mata kuliah pendidikan pancasila kewarganegaraan ppkn salah mata kuliah mengantarkan mahasiswa memantapkan kepribadiannya konsisten menerapkan nilainilai pancasila kehidupan seharihari warga negara berkarakter berwawasan kebangsaan berkepribadian santun berkepribadian bermoral berpikir kriti analitis proaktif menyikapi solusi tantangan permasalahan dihadapi bangsa indonesia tingkat global mata kuliah diharapkan mahasiswa membangun landasan pengetahuan kuat peranan pancasila kehidupan bernegara dasardasar kewarganegaraan civic knowledge keterampilan kewarganegaraan civic skill sikap kewarganegaraan civic disposition etika kewarganegaraan civicetics menghargai keberagaman bangsa indonesia bersikap demokratis menjaga bangunan persatuan kesatuan bangsa diperolehnya materi diskusi terstruktur diharapkan mahasiswa memantapkan pemahaman mahasiswa wawasan sejarah yuridis kewilayahan negara wawasan geopolitik geostrategis upaya pengembangan bidang upaya mendorong peran keunggulan indonesia berpartisipasi mewujudkan perdamaian dunia berdasarkan kemerdekaan metode pengajaranmetode pembelajaran kelas kombinasi metode ceramah studi interaksi kelas diskusi prose pembelajaran personal kegiatan kelas siswa berkelompok membangun suasana pembelajaran dinamis interaktif kelas fasilitas multimedia jaringan internet pembelajaran personal fokus kegiatan metode refleksi individu materi perkuliahan dikaitkan kegiatan kelompok menyelesaikan proyek individukelompok bersamasama proyek individukelompok disajikan bergantian sesuai jadwal ditentukan mahasiswa pembelajaran interaktif f ppkr diarahkan membangun interaksi langsung mengemukakan pendapat pribadi berdiskusi kelas mengulas realitas nyata permasalahan bangsa relevan materi perkuliahan minggunya prose perkuliahan mahasiswa tugas pemikiran gagasannya bangsa cerminan ilmu diperolehnya perkuliahan,"[ 0.19422571  0.13640551 -0.17304577 -0.06879602  0.01640667 -0.21056339
  0.10049949  0.20106484  0.01592887  0.18040502  0.20031655 -0.03827174
  0.08050975  0.14180528  0.1331383   0.02108928 -0.11802134 -0.03089775
  0.21800119 -0.0192287  -0.0398748  -0.048216    0.01581625  0.10734475
 -0.13215479  0.03591387  0.36386108 -0.1310004   0.28701684  0.00936954
 -0.0075132  -0.00439026  0.0850267   0.19282505 -0.32280323  0.3892599
 -0.07918549  0.29228312  0.0537838  -0.09924771  0.07870095 -0.2994411
  0.22696216 -0.0240446   0.15373728 -0.09118368 -0.14056845 -0.01777617
 -0.18626645 -0.20040789 -0.192708   -0.20132789 -0.10421243 -0.15346903
 -0.01363675  0.08542886  0.21980296  0.09454285 -0.08865315 -0.05419845
 -0.13853936  0.10098934 -0.00126054  0.22376953 -0.22970776 -0.00738804
  0.10241701  0.1772291  -0.13726385  0.12267955 -0.24543825  0.11446583
  0.07686341  0.11123762  0.08557489 -0.00209354 -0.23068725  0.07079309
  0.16510773 -0.063288    0.29738146  0.2246118   0.1270334  -0.02326545
  0.11056133  0.05384663 -0.12123484 -0.13915053  0.10850309 -0.05795839
  0.00260887 -0.00568173  0.16901807  0.12058196  0.00164741 -0.18240015
  0.10917936 -0.24176787  0.03218775  0.35997412 -0.11649525  0.11948984
  0.10160716 -0.12728983 -0.11698952  0.07510658 -0.03341994 -0.2836082
  0.02749181  0.16246426 -0.18873207 -0.07216462 -0.30403227 -0.14279754
 -0.04271979  0.09941164  0.06248494  0.16743092 -0.0477987  -0.01995915
 -0.06559227 -0.32548633 -0.00206288 -0.2006746   0.27614897 -0.2104985
  0.1343792   0.12640311  0.0407216   0.17617095  0.04063918  0.29029262
 -0.19050048  0.16148266  0.20642585 -0.207617    0.11495236 -0.08715686
  0.01809864  0.1623437   0.22581063  0.22774813  0.02359462  0.13187586
 -0.15868205  0.04253653  0.00562695  0.26015863  0.33487988  0.12246063
  0.22189856 -0.05566718 -0.01018948 -0.06811628  0.17394751 -0.06394621
  0.1451891  -0.17004718  0.21174142 -0.08939795 -0.2726381   0.04390607
 -0.11105809 -0.06886024  0.01188683 -0.06681755 -0.00218921 -0.27646336
 -0.06022355 -0.09104762  0.202647    0.10538968 -0.02413782  0.15730599
  0.3311972  -0.05158095 -0.09021825  0.13083722 -0.23849334 -0.16620572
  0.03956436 -0.17585006 -0.16234338 -0.08170326 -0.14926657  0.05407948
 -0.03253422 -0.0105383   0.05695332 -0.11671237 -0.12072369 -0.02317839
  0.00608803 -0.3296075  -0.18803853 -0.25042868  0.24873577 -0.2868144
 -0.02731339 -0.08994447 -0.49921286  0.21252972 -0.17546175 -0.07188369
  0.21413748 -0.1499388   0.02066769  0.28260145 -0.05789978  0.20092517
 -0.05309867  0.06020916 -0.09462059  0.03707898  0.225878   -0.07569341
  0.11802614 -0.08939762 -0.03053636  0.08354974  0.15477836 -0.22732605
  0.05167207 -0.26737827  0.01501137 -0.17531385 -0.3760776   0.21494159
  0.19704594 -0.05878944  0.04445492  0.06441972 -0.16475007 -0.02893204
 -0.18949997 -0.07882764  0.21744317  0.07136436 -0.04470318 -0.2599313
 -0.02078127 -0.02715    -0.03936596  0.00628028 -0.12615092  0.11875988
 -0.185766    0.19403522 -0.00118313  0.20005557 -0.10008791 -0.31366783
 -0.21964376  0.07106137  0.21144366  0.18532193 -0.20279396  0.06800849
 -0.16336143  0.0269138  -0.10009732 -0.1292711  -0.04164314  0.4146607
  0.00968265 -0.12653224 -0.2065135  -0.05003193 -0.1717588  -0.05251124
  0.09546122  0.02746624  0.15819243 -0.26170385  0.00710031  0.10950305
  0.04074018 -0.2593692   0.2193701   0.03295798 -0.14933208  0.05750201
  0.1423706  -0.126383   -0.05423165 -0.0703174  -0.04230045  0.12321029
 -0.00771471  0.04333439  0.19270846  0.04306609 -0.03590772 -0.13052832
  0.23630397 -0.10344168 -0.03604961  0.04456139  0.08713767  0.04886346
  0.02881376  0.11445574  0.1435894  -0.03829058 -0.07371441 -0.29036355
 -0.11890782 -0.11470684 -0.02035136 -0.07570671 -0.04228577 -0.38726193
  0.2536985  -0.16464621  0.07070007  0.12417278 -0.09597611 -0.03835677
  0.24480984 -0.29257405  0.0258146  -0.19828041 -0.131607    0.14386654
 -0.38256514  0.04639301  0.09299443 -0.3474921  -0.12380485  0.1108195
 -0.25611874  0.00899001 -0.03141183  0.0119867   0.03757597  0.30110398
  0.14614873  0.35781798  0.01456934  0.01679523  0.16395822 -0.15522993
 -0.06760621 -0.06413421 -0.11278808  0.15501966 -0.14975156 -0.00534189
 -0.08555502 -0.20123455 -0.11627437  0.05685908  0.01938781 -0.34327215
  0.15319921  0.00339291 -0.07537469 -0.13187005  0.18659288  0.27541047
 -0.17821673  0.03477722  0.21834128  0.00847308  0.03901565  0.13415945
 -0.15606795  0.24012673 -0.03017577  0.07950976 -0.16504568 -0.00450784
  0.17177649 -0.12057296  0.0434464   0.06136903  0.13210872  0.0274875
  0.00349073  0.15348263  0.20286705  0.3804959  -0.28980565  0.05221268]",deskripsi mata kuliah mata kuliah pendidikan pancasila dan kewarganegaraan  ppkn  merupakan salah satu mata kuliah yang akan mengantarkan mahasiswa memantapkan kepribadiannya serta mampu konsisten menerapkan nilai nilai pancasila dalam kehidupan sehari hari sehingga menjadi warga negara yang berkarakter dan berwawasan kebangsaan  berkepribadian santun dan berkepribadian tinggi  bermoral  mampu berpikir kritis dan analitis  serta mampu proaktif dalam menyikapi dan menjadi solusi terhadap sejumlah tantangan dan permasalahan yang dihadapi bangsa indonesia ke depan  khususnya di tingkat global  melalui mata kuliah ini diharapkan mahasiswa dapat membangun landasan pengetahuan yang kuat mengenai pentingnya peranan pancasila dalam kehidupan bernegara  dasar dasar kewarganegaraan  civic knowledge   keterampilan kewarganegaraan  civic skills   sikap kewarganegaraan  civic disposition  dan etika kewarganegaraan  civicetics  dalam menghargai keberagaman bangsa indonesia  bersikap demokratis dan menjaga bangunan persatuan dan kesatuan bangsa  dengan diperolehnya materi dan diskusi yang terstruktur dengan baik  diharapkan mahasiswa mampu memantapkan pemahaman mahasiswa terhadap wawasan sejarah  yuridis  dan kewilayahan negara  serta memberikan wawasan geopolitik dan geostrategis dalam upaya pengembangan segala bidang dalam upaya mendorong peran dan keunggulan indonesia dalam berpartisipasi  dan mewujudkan perdamaian dunia berdasarkan kemerdekaan  metode pengajaran metode pembelajaran di kelas menggunakan kombinasi metode ceramah  studi kasus  interaksi kelas melalui diskusi  proses pembelajaran personal  dan kegiatan di luar kelas yang dilakukan siswa secara berkelompok  untuk membangun suasana pembelajaran yang dinamis dan interaktif di dalam kelas juga digunakan fasilitas multimedia dan jaringan internet  dalam pembelajaran personal fokus kegiatan dilakukan melalui metode refleksi individu terhadap materi perkuliahan yang dikaitkan dengan kegiatan kelompok dalam menyelesaikan proyek individu kelompok bersama sama  proyek individu kelompok disajikan secara bergantian sesuai waktu dan jadwal yang ditentukan  mahasiswa dengan pembelajaran interaktif f ppkr1 diarahkan untuk mampu membangun interaksi langsung antar mereka  mengemukakan pendapat pribadi dan berdiskusi di kelas dalam mengulas realitas nyata yang terjadi dari permasalahan bangsa yang relevan dengan materi perkuliahan setiap minggunya  di akhir proses perkuliahan  setiap mahasiswa mempunyai tugas untuk mengungkapkan pemikiran dan gagasannya tentang masa depan bangsa sebagai cerminan dari ilmu yang diperolehnya selama perkuliahan,"['menghargai', 'menerapkan', 'mengemukakan', 'mengungkapkan', 'membangun', 'menggunakan']","{'C5', 'C2', 'C6', 'C3'}",Hard,0.6065372769988335,0.3934627230011663
UNI204,English AP2,"deskripsi kursus bahasa inggris untuk tujuan akademik 2 dirancang untuk tingkat universitas, latihan terbimbing diperlukan untuk mengembangkan pola kalimat bahasa inggris. pendekatan pendidikan ini bersifat praktis, menekankan bahwa keterampilan menulis sangat penting untuk kemajuan karir dan menulis adalah bagian penting dari banyak pekerjaan. metode pengajaran /metode pembelajaran mata kuliah ini akan dilaksanakan dengan metode pengajaran umum (gt) yang dikombinasikan dengan metode “student centered learning” (scl). Tentu saja akan memberikan perhatian lebih pada proses belajar siswa dengan menggunakan banyak diskusi tentang topik dan keterampilan yang kami berikan.",deskripsi kursus bahasa inggris tujuan akademik dirancang tingkat universitas latihan terbimbing mengembangkan pola kalimat bahasa inggris pendekatan pendidikan bersifat praktis menekankan keterampilan menulis kemajuan karir menulis pekerjaan metode pengajaran metode pembelajaran mata kuliah dilaksanakan metode pengajaran gt dikombinasikan metode student centered learning scl perhatian prose belajar siswa diskusi topik keterampilan,"[ 4.50488850e-02 -6.79670200e-02 -6.39286935e-02  1.90200116e-02
 -1.37753859e-01 -1.27159908e-01 -1.76834092e-01  1.23007540e-02
 -3.79837416e-02  1.06938601e-01 -3.73063795e-02  1.87645957e-01
  8.68272875e-03  1.78621754e-01  8.27711672e-02  6.50072517e-03
  3.56417149e-02  2.99715418e-02 -4.58039111e-03 -5.90936095e-02
  1.50616452e-01  9.64124873e-02  2.43204966e-01 -8.72129967e-05
 -2.87407219e-01  3.05724908e-02  4.92560789e-02 -1.20662495e-01
  2.50680774e-01 -6.43567964e-02 -2.42780764e-02  4.66634259e-02
  1.51581645e-01  5.43260910e-02 -1.29080757e-01  2.69705772e-01
  9.02736261e-02  4.85971235e-02 -2.87490245e-02 -1.53064921e-01
 -2.53046155e-02 -1.87142059e-01  4.13886793e-02  7.66627491e-02
  8.09188262e-02 -1.75334327e-02 -5.04442044e-02 -5.82358753e-03
 -1.84267789e-01 -1.67660117e-01 -1.79859191e-01 -2.29841426e-01
 -2.84015954e-01 -1.82777315e-01  3.90632004e-02  8.54261890e-02
  5.96847944e-02  1.75226122e-01 -1.41703829e-01  1.86456829e-01
 -1.08003907e-01 -1.34131880e-02  3.14251445e-02  1.68188930e-01
  4.58499230e-02 -1.13436967e-01  1.04556140e-02  2.36843392e-01
 -3.01144212e-01  1.06521219e-01 -1.95902497e-01 -2.90913340e-02
  1.14190131e-01  4.26262952e-02  2.05093116e-01  1.15991853e-01
 -5.56683652e-02  6.04144484e-02  2.57677585e-01 -1.56632945e-01
  3.55352074e-01 -1.23733953e-01 -1.22297322e-02  1.53184071e-01
 -1.78668816e-02 -9.71986130e-02  4.66718152e-03 -7.02697262e-02
  6.50143623e-03 -2.45537847e-01  4.15416509e-02 -3.43716562e-01
 -4.34172489e-02  7.56752342e-02  3.93159091e-02 -3.44659351e-02
  8.75541121e-02 -1.43058673e-01 -7.89065883e-02  2.57844955e-01
 -9.76190642e-02 -5.46521172e-02  1.50159270e-01 -1.35939643e-01
  8.05988833e-02 -1.12599619e-02  1.34751514e-01 -1.62896484e-01
 -6.56874105e-02 -8.32007378e-02  3.12132575e-02  4.00871830e-03
 -9.74846911e-03  1.86048392e-02 -8.23288858e-02  1.21491579e-02
  1.71287075e-01  3.26387994e-02  1.80232644e-01  1.22240864e-01
  2.53186114e-02  1.36277918e-03  3.51330936e-02 -3.27735573e-01
  7.35537037e-02 -1.78663254e-01 -2.75504049e-02 -1.07391790e-01
  2.18195897e-02 -1.65579692e-01 -5.54871783e-02  1.70445606e-01
 -5.01665287e-02 -9.40844789e-03  7.34576434e-02  5.19984693e-04
  8.93863291e-03 -1.41516060e-01  9.43253860e-02  5.55549189e-02
  1.59469739e-01  2.20703617e-01  5.13002202e-02  3.71458456e-02
  1.50169395e-02  1.00815021e-01 -4.84796278e-02  1.01218835e-01
  7.72291124e-02  1.44631818e-01  1.42642841e-01 -1.20483153e-01
 -3.80172320e-02 -2.58262217e-01  8.87736306e-02 -2.11063564e-01
 -2.45401170e-02 -2.14055285e-01 -1.78545248e-02 -2.64270268e-02
 -2.93786347e-01  2.26646110e-01 -9.20089260e-02 -8.28442946e-02
 -5.72900660e-02 -7.49816373e-02  2.19650313e-01 -3.30787860e-02
  1.88468285e-02  1.43993959e-01  2.85640925e-01 -1.96488984e-02
  1.63925812e-01  1.45066321e-01  9.86166298e-03 -2.19942965e-02
 -5.79932146e-02 -6.71555176e-02  1.07794993e-01 -1.52691916e-01
  2.87735939e-01 -5.25272675e-02  2.31413096e-01  8.41434896e-02
  7.90419951e-02  8.05682391e-02 -7.12187495e-03 -7.67412707e-02
  5.03328443e-02  2.98270822e-01 -4.81595583e-02  1.41320556e-01
 -1.36825331e-02 -8.95888805e-02 -2.05559269e-01 -4.51671109e-02
  3.46961439e-01 -2.47752726e-01 -3.52276146e-01  1.67677850e-01
 -1.64968044e-01  1.92483783e-01 -1.94411308e-01 -4.59466353e-02
  5.41372634e-02 -1.44706577e-01  2.38850981e-01  5.08894958e-02
  1.88317373e-01  5.19557111e-02  8.75057373e-03  8.17431509e-03
 -1.84489624e-03 -7.09983632e-02  1.68098917e-03 -7.97334835e-02
  2.77550705e-02  1.78191394e-01 -1.40901804e-01 -2.41082851e-02
 -1.70389116e-01 -1.12684742e-01  1.18714191e-01 -2.08249167e-01
 -1.82578787e-01  1.99624196e-01 -4.04242903e-01  2.74741560e-01
 -1.08378820e-01  2.50636390e-03  6.68228604e-03 -1.54475152e-01
  1.55605182e-01  4.36188281e-02 -2.68497258e-01 -2.93790311e-01
  6.95174113e-02  3.33150774e-02 -1.58809628e-02 -2.10236892e-01
 -1.52073309e-01  1.35673629e-02  9.48290452e-02  1.72879562e-01
 -5.08697107e-02  6.70070872e-02 -2.38138899e-01 -1.28466532e-01
  5.52449264e-02 -9.93459001e-02 -7.09306300e-02  3.52803357e-02
 -2.06307843e-01 -1.12498552e-01  3.54919434e-02  4.40117605e-02
 -1.34028926e-01 -1.76334113e-01 -3.67737293e-01  2.05446601e-01
  2.26458892e-01 -6.53120829e-03  7.21541839e-03  4.09147471e-01
  4.46548611e-02 -1.12010412e-01 -5.83757497e-02 -1.34785205e-01
 -1.40367329e-01  1.79221660e-01 -1.28467441e-01 -4.34545353e-02
  1.07280454e-02  7.70867839e-02  5.24501354e-02  1.16079450e-01
 -2.13402316e-01 -3.04035783e-01  1.06531993e-01 -1.24222435e-01
  1.23227023e-01 -1.00421228e-01 -8.25249851e-02  1.96215790e-03
 -6.05252460e-02  2.50708535e-02  1.53120488e-01 -8.14959928e-02
  1.12786420e-01  2.33471952e-03  3.49063948e-02 -4.55124266e-02
 -1.36536360e-01 -1.75589189e-01 -7.23158568e-02  1.08577728e-01
 -1.89296424e-01 -1.24042757e-01  5.22573069e-02  8.78832042e-02
  2.53343701e-01  7.83614814e-02 -2.66090900e-01 -8.10365751e-02
  1.17458785e-02 -2.73301005e-01 -4.64777350e-02 -3.44351530e-02
 -5.35114482e-02  6.23659194e-02 -3.10197324e-02 -1.14764377e-01
 -4.10867631e-02 -5.74960187e-02  2.63390560e-02  1.35355294e-02
 -1.19210593e-02 -9.51882377e-02  5.66374995e-02 -2.15130180e-01
 -7.28715658e-02  7.74311181e-03 -4.91568167e-03 -3.28594440e-04
 -7.13034496e-02  9.96859297e-02 -7.40853772e-02  4.67637926e-02
 -7.02489987e-02  3.94210033e-02 -2.84503073e-01  1.12177044e-01
 -5.68608753e-02 -2.13260148e-02  2.66897716e-02  3.03620815e-01
  8.14071894e-02  8.49844292e-02  1.53092667e-01  3.48277427e-02
  4.38619405e-01  8.13286752e-03 -2.23932400e-01  1.08233616e-01
 -2.08812222e-01 -1.39980279e-02  2.08411083e-01  2.02004224e-01
 -2.36740530e-01 -6.32592887e-02 -2.93379780e-02  6.49500564e-02
 -2.21999474e-02 -1.65932998e-01  1.76811680e-01 -1.61583126e-01
  5.05027696e-02 -2.93284957e-03  3.17158401e-01  2.08865151e-01
  2.02185195e-02 -1.66515961e-01  2.50396252e-01  1.46685755e-02
  2.52598524e-01  2.18474582e-01 -1.89403564e-01  8.99170190e-02
 -5.69081642e-02  1.42045438e-01 -5.78849576e-02  1.97419412e-02
  8.38901624e-02 -4.90340516e-02  1.55909747e-01  1.76601797e-01
  2.88340867e-01 -6.49955273e-02 -1.45979539e-01  2.04720974e-01
 -3.10095139e-02  2.84312427e-01 -3.77170108e-02  6.38013799e-03]",deskripsi kursus bahasa inggris untuk tujuan akademik 2 dirancang untuk tingkat universitas  latihan terbimbing diperlukan untuk mengembangkan pola kalimat bahasa inggris  pendekatan pendidikan ini bersifat praktis  menekankan bahwa keterampilan menulis sangat penting untuk kemajuan karir dan menulis adalah bagian penting dari banyak pekerjaan  metode pengajaran  metode pembelajaran mata kuliah ini akan dilaksanakan dengan metode pengajaran umum  gt  yang dikombinasikan dengan metode  student centered learning   scl   tentu saja akan memberikan perhatian lebih pada proses belajar siswa dengan menggunakan banyak diskusi tentang topik dan keterampilan yang kami berikan,"['menulis', 'mengembangkan', 'menggunakan']","{'C2', 'C6', 'C1', 'C3'}",Hard,0.66373896609372,0.3362610339062801
